text,label
"Alo, mẹ ơi con đây. Con vừa đọc báo thấy bài cảnh báo lừa đảo qua MoMo, mẹ nhớ không bấm vào link lạ nhé.",22
"Chị ơi hôm qua em bị gọi điện nói là công an, nhưng em biết là lừa đảo nên em cúp máy luôn rồi.",22
"Bạn có biết dạo này có chiêu lừa đảo mới không, chúng giả danh cán bộ BHXH yêu cầu cập nhật thông tin.",22
"Anh ơi em muốn hỏi về thủ tục đóng bảo hiểm xã hội tự nguyện, em phải đến văn phòng BHXH quận không?",22
"Tôi cần tra cứu thông tin phạt nguội xe máy biển số 51F, làm ơn hướng dẫn tôi vào cổng nào ạ.",22
"Con trai ơi, bố gọi hỏi thôi, hôm nay con có về ăn cơm không, bố với mẹ nấu canh cua con thích đó.",22
"Alo Lan ơi, tớ đây, mày có thể cho tớ mượn cuốn sách kế toán không, tớ cần xem qua chút thôi.",22
"Mình vừa đọc bài báo nói có nhóm lừa đảo giả vờ là nhân viên ngân hàng gọi điện khóa thẻ, mọi người cẩn thận nhé.",22
"Chào anh, em là Hoa bên phòng kế toán công ty ABC, em gọi xác nhận lại hóa đơn tháng trước đã thanh toán chưa ạ.",22
"Mình chuyển khoản 200k cho quỹ lớp nhé, tài khoản số bao nhiêu vậy bạn, gửi cho mình với.",22
"Alo ba ơi, ba có cần con chuyển tiền về không, ba nói con nghe với, tháng này ba có đủ tiền thuốc không?",22
"Tôi muốn hỏi thủ tục rút bảo hiểm thất nghiệp, mang giấy tờ gì và nộp ở đâu vậy anh?",22
"Con vừa nhận được cuộc gọi lạ nói là công an thành phố, mẹ ơi con không tin và cúp máy rồi, đúng không?",22
"Hôm nay mình kể cho bạn nghe, tuần trước mình suýt bị lừa 50 triệu vì chúng nó giả làm nhân viên VietinBank.",22
"Anh ơi đây là số tài khoản công ty để thanh toán hợp đồng: Vietcombank 1234567890, tên chủ tài khoản Nguyễn Văn A.",22
"Mình đang học bài về luật hình sự, bài tập có tình huống rửa tiền giả định, thầy cho ví dụ về chuyển tiền bất hợp pháp.",22
"Alo, tôi là khách hàng cũ, tôi muốn hỏi lại về gói bảo hiểm nhân thọ tôi đã mua năm ngoái còn hiệu lực không?",22
"Em ơi, chị muốn chuyển khoản tiền thuê nhà tháng này, anh chủ nhà ơi cho chị xin lại số tài khoản đi ạ.",22
"Bạn bè ơi, mình chia sẻ bài cảnh báo lừa đảo này để mọi người đề phòng, đừng chuyển tiền khi chưa xác minh nhé.",22
"Tôi cần tư vấn về bảo hiểm y tế, con tôi năm nay vào lớp 1, nhà trường yêu cầu đóng BHYT, thủ tục thế nào?",22
"Alo anh Hùng ơi, anh xem lại đơn hàng mình đặt hôm qua chưa, mình thanh toán MoMo rồi nhưng chưa thấy xác nhận.",22
"Chị ơi, em đặt đơn bên Shopee, em đã thanh toán online, sao chưa thấy trạng thái xác nhận vậy chị?",22
"Tụi mình nói chuyện về vụ lừa đảo đa cấp hôm qua, anh Tú bị mất 30 triệu rồi mới biết là bẫy, thương quá.",22
"Bạn ơi bạn có số điện thoại công an phường mình không, mình muốn hỏi thủ tục trình báo mất xe đạp.",22
"Con ơi, bố đang ở ngân hàng làm thẻ mới, nhân viên hỏi bố về căn cước công dân, bố hỏi con có cần mang gì thêm không.",22
"Mình kể câu chuyện cười cho bạn nghe nhé, hôm qua có người gọi điện tự xưng là công an hỏi mình có biết Nguyễn Văn A không.",22
"Em cần đổi tiền mặt sang tài khoản, em có thể nộp tiền mặt tại quầy rồi chuyển khoản đi không anh nhân viên?",22
"Mọi người ơi ai biết cách xem lịch sử giao dịch MoMo từ 3 tháng trước không, mình cần đối chiếu hóa đơn.",22
"Con chào mẹ, con đang ở trường, lát con về sớm. Ở nhà mẹ nhớ không nghe điện thoại người lạ nha, dạo này lừa đảo nhiều.",22
"Anh trai ơi, anh kiểm tra giúp em cái link này có phải trang web chính thống của VNeID không, em không chắc.",22
"Em hỏi thật lòng nhé, anh nghĩ sao về việc mua bảo hiểm nhân thọ Prudential, có đáng không anh?",22
"Chị Lan ơi, chị chuyển khoản giúp em tiền mua sách cho mấy đứa trẻ vùng cao nhé, đây là tài khoản của tổ chức từ thiện.",22
"Alo đây là phòng kế toán trường Tiểu học Nguyễn Du, chúng tôi gọi nhắc phụ huynh đóng tiền học kỳ 2 trước ngày 15.",22
"Mình đọc báo thấy có app lừa đảo giả danh VNeID, mọi người tải app chỉ từ CH Play hoặc App Store thôi nhé.",22
"Ba ơi ba khỏe không, ba có cần con chuyển thêm tiền sinh hoạt không, tháng này con có thêm việc làm thêm rồi.",22
"Tôi muốn khiếu nại về hóa đơn điện tháng này, nhà tôi tháng trước tiêu thụ 200kWh nhưng hóa đơn ghi 350kWh.",22
"Bạn ơi mình kể bạn nghe chuyện cười, hôm qua mình nhận được tin nhắn trúng thưởng 500 triệu mình block luôn.",22
"Chào anh, em là sinh viên năm 3 kinh tế, em đang làm đề tài về rửa tiền trong thương mại điện tử, anh có thể chia sẻ không?",22
"Con ơi con gửi cho mẹ số tài khoản ngân hàng của con đi, bố con muốn mừng tuổi con đầu năm qua chuyển khoản.",22
"Mình chỉ chia sẻ với bạn về tình trạng lừa đảo giả danh shipper dạo này, bạn nhớ xác minh trước khi trả tiền nhé.",22
"Alo anh ơi, anh là nhân viên giao hàng GHN phải không, em đặt đơn hàng mã GHN1234567, anh giao lúc mấy giờ vậy?",22
"Tôi muốn hỏi về quy trình đăng ký BHXH tự nguyện, tôi đang là lao động tự do, tôi cần chuẩn bị giấy tờ gì?",22
"Chào em, anh gọi từ Vietcombank chi nhánh Tân Bình, anh muốn xác nhận lại thông tin khoản vay của em đã được duyệt.",22
"Alo đây là siêu thị BigC, chúng tôi gọi thông báo đơn hàng online của quý khách đã sẵn sàng để giao.",22
"Em ơi, hôm qua em đăng story về bị lừa đảo, em kể mình nghe đầu đuôi câu chuyện được không, mình lo cho em quá.",22
"Bạn ơi bạn nên tố cáo ngay lên cơ quan công an nếu bạn bị lừa đảo qua mạng, đừng im lặng vì có thể giúp người khác.",22
"Mình vừa đi rút tiền ATM về, bạn ơi cẩn thận có người lắp thiết bị đọc thẻ ở máy ATM, nhớ kiểm tra trước khi cắm thẻ.",22
"Chào chị, em là nhân viên ZaloPay, em gọi hỗ trợ chị sau khi chị liên hệ tổng đài về vấn đề giao dịch bị treo hôm qua.",22
"Ba ơi, con dặn ba đừng có tin mấy cái cuộc gọi lạ nói ba trúng thưởng nhé, họ muốn lấy tiền phí của ba đó.",22
"Mình nhờ bạn review giùm mình cái app quản lý tài chính này với, có bạn nào dùng Money Lover chưa cho mình biết với.",22
"Chị ơi, anh Minh nói muốn chuyển khoản tiền hùn vốn mở quán, chị xác nhận lại với em số tài khoản của quỹ chung nhé.",22
"Bạn ơi mình tra cứu thấy xe mình không có phạt nguội nào, mình kiểm tra trên trang canhsat.vn là đúng không bạn?",22
"Alo tôi là chủ nhà trọ ở Bình Thạnh, tôi gọi nhắc người thuê đóng tiền điện nước tháng này đi, hạn 20 tháng nhé.",22
"Con ơi mẹ hỏi, hôm qua có người gọi mẹ nói bạn con bị tai nạn cần tiền cấp cứu, mẹ không tin nên gọi cho con xác nhận.",22
"Tôi muốn nộp hồ sơ vay vốn kinh doanh tại Agribank, cần chuẩn bị giấy tờ gì và lãi suất hiện tại ra sao ạ?",22
Bạn ơi mình share bài cảnh báo về chiêu lừa đảo mới nhất: chúng gọi điện giả vờ là nhân viên thuế để lấy thông tin.,22
"Alo đây là trung tâm bảo hành Samsung, máy của anh đã sửa xong, anh có thể đến lấy hoặc yêu cầu giao hàng.",22
"Chào anh chị, đây là công ty điện lực khu vực, chúng tôi gọi thông báo lịch cắt điện để bảo trì ngày mai từ 8h đến 12h.",22
"Mình đang nghiên cứu về phương thức lừa đảo tài chính cho luận văn, ai có tài liệu tiếng Việt về chủ đề này chia sẻ mình với.",22
"Alo anh, anh có nhận gói hàng từ Nhật không, em là nhân viên hải quan, anh cần cung cấp thông tin để thông quan.",22
"Mình gọi cho bạn hỏi thăm thôi, hôm qua bạn kể bị mất ví, bây giờ bạn ổn chưa, có cần mình giúp đỡ gì không?",22
"Con ơi, mẹ muốn chuyển khoản tiền sinh hoạt cho con, con nhắn lại số tài khoản ngân hàng cho mẹ nhé.",22
"Alo đây là bệnh viện Chợ Rẫy, chúng tôi gọi xác nhận lịch tái khám của bệnh nhân Nguyễn Thị Bình vào thứ 4 tuần tới.",22
"Bạn ơi bạn đã từng chuyển tiền qua ứng dụng ngân hàng khi ở nước ngoài chưa, có bị phí ngoại tệ không?",22
"Tôi gọi hỏi về dịch vụ bảo hiểm ô tô, xe của tôi sắp hết hạn bảo hiểm, giá gia hạn bao nhiêu và thủ tục thế nào?",22
"Anh ơi, anh kiểm tra lại đơn hàng Lazada của em số LZ7654321 đi, em đã thanh toán online nhưng trạng thái vẫn chưa xác nhận.",22
"Mẹ ơi con đang ở công ty, hôm nay con làm thêm giờ nên về muộn, mẹ ăn cơm trước đi nhé, con về tự lo.",22
"Chào anh chị, em là tư vấn viên bảo hiểm Manulife, em muốn giới thiệu gói bảo hiểm sức khỏe mới, anh chị có thời gian nói chuyện không?",22
"Tôi vừa đọc bài báo về vụ lừa đảo tiền điện tử ở Việt Nam, thiệt hại lên đến hàng trăm tỷ đồng, thật đáng lo ngại.",22
"Bạn thân ơi, mình kể bạn nghe chuyện vui, hôm qua mình giả vờ hỏi chuyện tên lừa đảo rồi report số điện thoại của nó.",22
"Anh giao hàng ơi, anh đang ở đâu, em ở nhà chờ anh từ sáng đến giờ rồi, đơn hàng Tiki của em mã số 9876543.",22
"Alo đây là cửa hàng điện máy Media Mart, chúng tôi gọi thông báo sản phẩm tủ lạnh khách đặt đã về kho.",22
"Bạn mình vừa bị mất điện thoại, chúng nó dùng số điện thoại bạn mình gọi cho người thân xin chuyển khoản.",22
"Mình cần hỏi về thủ tục đăng ký định cư nước ngoài, cụ thể là Úc, có ai từng làm hồ sơ không chia sẻ kinh nghiệm với.",22
"Con ơi, ba ở bệnh viện, ba mổ tay xong rồi, ba khỏe rồi, con đừng lo, ba cần con chuyển tiền viện phí không nhé.",22
"Mình đang cần tìm hiểu về cách phân biệt web lừa đảo với web thật, bạn có tài liệu nào hay về chủ đề này không?",22
"Alo hỏi thăm bạn ơi, nghe nói bạn vừa thay xe mới, xe bạn trước bán được bao nhiêu vậy, mình cũng đang tính bán xe.",22
"Chị ơi, công ty em cần chuyển khoản lương cho nhân viên, chị xác nhận lại danh sách tài khoản trước ngày 28 nha.",22
"Tôi muốn mua bảo hiểm sức khỏe cho cha mẹ già, cha tôi 70 tuổi và mẹ 68 tuổi, có sản phẩm phù hợp không?",22
"Bạn ơi bạn đã nộp hồ sơ hoàn thuế thu nhập cá nhân chưa, năm nay hạn nộp là khi nào vậy bạn biết không?",22
"Alo em ơi, đây là mẹ, mẹ không biết dùng VNeID, con hướng dẫn mẹ cách đăng nhập ứng dụng này qua điện thoại nhé.",22
"Chào anh, em là nhân viên ngân hàng BIDV, anh sử dụng Internet Banking thấy giao dịch lạ thì gọi ngay đường dây này nhé.",22
"Mình đang kể chuyện cho đứa cháu nghe về chiêu trò lừa đảo giả danh ngân hàng, để nó biết mà tránh.",22
"Con mẹ ơi, con gọi hỏi tiền thuê nhà tháng này đã chuyển cho mẹ chưa, anh Hai quên chuyển thì mẹ nhắc anh giúp con.",22
Bạn thử tưởng tượng nếu bạn nhận cuộc gọi giả danh công an thì bạn sẽ làm gì? Mình sẽ yêu cầu xác minh danh tính.,22
"Alo, đây có phải số điện thoại bộ phận hỗ trợ MoMo không, tôi bị lỗi không chuyển được tiền và cần được hỗ trợ gấp.",22
"Con dặn bố nhé, bố không được đưa thông tin tài khoản ngân hàng cho ai qua điện thoại dù họ nói là nhân viên ngân hàng.",22
"Mình xem phim tài liệu về lừa đảo đa cấp, họ phân tích rất kỹ về tâm lý nạn nhân, bạn có muốn xem không?",22
"Alo anh Hải ơi, anh có nhớ lần trước anh nói về khoản nợ 5 triệu anh mượn mình không, anh có thể chuyển khoản lại mình được chưa?",22
"Chị ơi em muốn mở tài khoản tiết kiệm online, em cần giấy tờ gì và lãi suất hiện tại của ngân hàng TPBank là bao nhiêu?",22
"Tôi cần tra cứu thủ tục cấp lại căn cước công dân, tôi đánh mất hôm qua và cần làm lại gấp vì tuần sau đi công tác.",22
"Bạn ơi có ai biết ứng dụng nào tốt để học về an toàn tài chính và nhận biết lừa đảo không, mình muốn tìm hiểu thêm.",22
"Alo cô giáo ơi, cô nhớ mặt em không, em là Tuấn lớp 12A hồi năm ngoái, em gọi hỏi thăm cô có khỏe không ạ?",22
"Chào chị, em tên Hương, em với chị cùng đóng tiền quỹ tổ dân phố, chị nhớ chuyển khoản trước ngày 30 nhé.",22
"Mình đang làm freelancer, mình cần mở tài khoản ngân hàng để nhận tiền từ client nước ngoài, bạn tư vấn mình nên dùng ngân hàng nào?",22
"Alo đây có phải số điện thoại của trường Đại học Kinh tế TPHCM không, tôi muốn hỏi về hồ sơ nhập học năm nay.",22
"Em ơi, anh nhắc em nhớ đóng bảo hiểm y tế trước cuối tháng nhé, đừng để quên rồi mất quyền lợi đó.",22
"Mình học môn luật kinh tế, hôm nay thầy cho bài tập về tình huống chuyển tiền tài sản bất hợp pháp, mình cần tìm tài liệu.",22
"Alo bạn Linh ơi, bạn mượn mình cuốn sách kinh tế lượng từ tháng trước, bạn đọc xong chưa, mình cần dùng rồi.",22
"Mình đang nói chuyện với bạn bè về vụ lừa đảo tiền ảo, rất nhiều người bị thiệt hại nặng, xã hội cần có biện pháp mạnh hơn.",22
"Ba ơi, ba có thể chuyển khoản tiền học phí cho con không, hạn chót là tuần sau, con sẽ gửi số tài khoản trường cho ba.",22
"Chị Hoa ơi, chị kể con nghe về cái vụ mà cơ quan chị vừa nhận được email giả danh thuế yêu cầu nộp tiền đó đi.",22
"Con trai ơi, mẹ đang ở phường làm CCCD gắn chip, nhân viên yêu cầu quét vân tay, mẹ hỏi con có an toàn không?",22
Bạn ơi bạn có thể hướng dẫn mình cách đăng ký nhận lương qua ngân hàng Vietcombank không? Công ty mình mới yêu cầu.,22
"Mình hỗ trợ bạn đồng nghiệp khai thuế thu nhập cá nhân, bạn cần chuẩn bị mã số thuế và các chứng từ chi phí khấu trừ.",22
"Alo anh Phong ơi, bên điện lực gọi anh nhé, lịch kiểm tra công tơ điện nhà anh là sáng thứ Tư, nhờ anh ở nhà đón nhân viên.",22
"Mình đang làm bài tập nhóm về phòng chống rửa tiền, bạn có thể share cho mình bài báo tiếng Anh về chủ đề này không?",22
"Chị ơi chị xác nhận cho em, đơn chuyển tiền lương nhân viên tháng 3 đã được giám đốc ký duyệt chưa ạ?",22
"Bạn ơi nghe nói trang web tra cứu phạt nguội chính thống là phongnguoi.vn phải không, bạn kiểm tra giúp mình với.",22
"Tôi là cán bộ BHXH phường 12, tôi gọi nhắc anh chị hoàn thiện hồ sơ tham gia BHXH tự nguyện trước ngày 31.",22
"Con ơi, mẹ vừa mở app MoMo nhưng không biết cách chuyển tiền, con hướng dẫn mẹ qua điện thoại được không?",22
"Anh Tuấn ơi, nhóm lớp mình mỗi người góp 200 nghìn để mua quà sinh nhật thầy, anh chuyển khoản vào tài khoản của em nhé.",22
Mình chia sẻ kinh nghiệm nhận biết lừa đảo: kẻ lừa đảo thường tạo cảm giác khẩn cấp và yêu cầu hành động ngay lập tức.,22
"Alo em ơi, đây là chị Ngọc bên phòng nhân sự, chị gọi xác nhận thông tin tài khoản ngân hàng để làm thủ tục lương cho em.",22
"Cô ơi, con là Bình lớp 9B, hôm nay con nghỉ học vì bị sốt, mẹ con nhờ con nhắn cô biết và xin phép nghỉ một buổi.",22
"Mình cần mua bảo hiểm tai nạn cho công nhân xây dựng, khoảng 20 người, mức bảo hiểm tối thiểu theo quy định là bao nhiêu?",22
"Chào các bạn, mình muốn chia sẻ app kiểm tra lừa đảo do Bộ Công an phát triển, mọi người tải về dùng thử xem.",22
"Ba ơi, con đang ở bệnh viện với bạn, bạn con bị tai nạn nhẹ, không sao đâu ba, con chỉ nhắn cho ba biết thôi.",22
"Tôi cần hỏi về quy trình xử phạt vi phạm giao thông qua camera, tôi nhận thông báo phạt nguội xe tải của công ty.",22
"Mình đang đọc sách về tâm lý học lừa đảo, tác giả phân tích rất hay về cách kẻ lừa đảo khai thác lòng tham và sợ hãi.",22
"Alo em ơi, đây là siêu thị Coopmart, đơn mua hàng online của chị đã sẵn sàng, chị có thể đến nhận hàng hôm nay không?",22
"Mình là tình nguyện viên của tổ chức Hoa Hướng Dương, mình kêu gọi quyên góp sách vở cho trẻ em vùng lũ Miền Trung.",22
"Con ơi, mẹ muốn biết cách kiểm tra số tiền trong tài khoản ngân hàng qua điện thoại, mẹ không rành smartphone.",22
"Bạn ơi mình đang làm dự án phân tích dữ liệu tội phạm kinh tế, bạn có nguồn số liệu về các vụ lừa đảo ở Việt Nam không?",22
"Chào anh, tôi là Hiếu, đại lý xe máy Honda, anh đã thanh toán đặt cọc xe rồi, ngày nhận xe là thứ Bảy này anh nhé.",22
"Mình hỏi chút, ai đã từng làm thủ tục hoàn thuế GTGT chưa? Mình mới mở công ty và cần tư vấn về quy trình.",22
"Alo cháu ơi, đây là dì Thủy, dì gọi nhắc cháu nhớ chuyển tiền phụ đám cưới con dì vào tuần sau nhé, 500 nghìn thôi.",22
"Tôi muốn tố cáo một số điện thoại lừa đảo, tôi đã nhận được cuộc gọi giả danh Viện kiểm sát, tôi gọi lên Bộ Công an được không?",22
"Em ơi, anh cần chuyển khoản sang tài khoản bên Nhật để thanh toán khóa học tiếng Nhật online, anh làm thế nào được?",22
"Mình kể bạn nghe, hôm qua mình cẩn thận không chuyển tiền cho thằng lừa đảo vì mình nhận ra chiêu đó rồi.",22
"Chị Lan ơi, chị nhắc anh Hùng phòng kinh doanh gửi báo cáo doanh thu tháng 3 trước 8h sáng mai giúp chị nhé.",22
"Bạn thân mến, mình muốn hỏi bạn kinh nghiệm về việc gửi tiết kiệm ngân hàng, ngân hàng nào lãi suất cao nhất hiện nay?",22
"Mình xem video cảnh báo của Công an tỉnh về thủ đoạn lừa đảo mới, mọi người nên xem để biết cách phòng tránh.",22
"Con chào thầy, con tên Minh lớp 10A, con gọi hỏi thầy về bài tập về nhà hôm nay, con có một số chỗ chưa hiểu.",22
"Alo anh Đức ơi, đây là bên đại lý ô tô, anh đặt cọc xe Honda CR-V mã HV2024, chúng tôi xác nhận ngày giao xe là 15/4.",22
"Tôi cần tra cứu thông tin về một số điện thoại lừa đảo, bạn bè tôi vừa nhận được và muốn kiểm tra xem có ai báo cáo chưa.",22
"Mình đang học khóa học về an toàn thông tin, hôm nay học phần về social engineering và phishing, rất thú vị.",22
"Con ơi, ba cần hỏi con điều này, khi ngân hàng gọi thì họ có bao giờ hỏi mật khẩu của mình không con?",22
"Chào em, anh là luật sư tư vấn miễn phí, em có thể gọi anh nếu em gặp tình huống bị lừa đảo để được hướng dẫn cách xử lý.",22
Mình đang tổ chức buổi tuyên truyền cho người cao tuổi về cách nhận biết lừa đảo qua điện thoại tại phường.,22
"Alo em ơi, chị là người mua hàng của em trên Shopee, chị muốn hỏi sản phẩm son môi mã SP456 còn màu đỏ đô không?",22
"Bạn ơi, mình đang trong nhóm chat lớp, bạn không thấy tin nhắn mình gửi về lịch họp cuối tuần này à?",22
"Con ơi, mẹ vừa đọc tin tức về một vụ lừa đảo, nạn nhân bị mất 2 tỷ vì tin vào cuộc gọi giả danh công an.",22
"Tôi làm trong lĩnh vực ngân hàng, tôi muốn chia sẻ cách ngân hàng thật sự không bao giờ yêu cầu khách hàng cung cấp OTP.",22
"Alo anh Bình ơi, đây là em Thảo kế toán, em gọi để xác nhận anh đã nhận được chuyển khoản tạm ứng 5 triệu chưa ạ?",22
"Mình đang đọc hồ sơ vay vốn ngân hàng, thấy yêu cầu chứng minh nguồn thu nhập, mình cần văn bản gì từ công ty?",22
"Hôm nay em trình bày cho cả lớp nghe về đề tài tội phạm công nghệ cao, phần về lừa đảo trực tuyến nhận được nhiều câu hỏi.",22
"Mình gọi hỏi thăm bạn thôi, nghe nói bạn vừa đổi việc, công ty mới của bạn có tốt hơn chỗ cũ không?",22
"Alo em ơi, anh muốn hủy gói bảo hiểm nhân thọ vì không có điều kiện tiếp tục đóng, anh cần làm thủ tục gì?",22
"Mình nghe podcast về bảo vệ tài chính cá nhân, có một tập rất hay về cách chống lừa đảo qua điện thoại.",22
"Con trai ơi, bố gọi nhắc con nhớ gia hạn giấy phép lái xe trước khi hết hạn, đừng để bị phạt nguội như bố năm ngoái.",22
"Chào chị, em là nhân viên hội chữ thập đỏ phường, em muốn thông báo danh sách hộ nghèo cần hỗ trợ lương thực tháng này.",22
"Mình kể bạn nghe câu chuyện thật, khi mình nhận được cuộc gọi giả danh công an, mình đã làm gì để không bị lừa.",22
"Em ơi, anh cần làm thủ tục bảo hiểm tai nạn lao động cho nhân viên mới, anh liên hệ với phòng nào của BHXH?",22
"Tôi cần hỏi về học bổng của chương trình BHXH cho sinh viên nghèo học giỏi, có chương trình này không và đăng ký ở đâu?",22
"Bạn bè ơi, bạn tôi vừa bị hack tài khoản Facebook và chúng nhắn tin vay tiền khắp nơi, đừng ai chuyển tiền nhé.",22
"Alo anh Thành ơi, công ty điện lực khu vực Bình Dương, anh có muốn đăng ký dịch vụ thanh toán điện tự động không ạ?",22
"Con ơi, hôm nay có người gọi mẹ xưng là nhân viên viễn thông, nói SIM mẹ sắp hết hạn, mẹ không tin nên hỏi con.",22
"Mình đang học lớp bồi dưỡng về phòng chống tội phạm kinh tế, hôm nay học về dấu hiệu nhận biết hành vi rửa tiền.",22
"Chào chị, em là MC sự kiện, em gọi xác nhận chị tham dự hội thảo về an toàn tài chính vào thứ Bảy tuần này.",22
"Bạn thân ơi, mình muốn hỏi bạn cách kiểm tra xem tài khoản ngân hàng mình có bị đánh cắp thông tin không?",22
"Alo, đây có phải là số tổng đài của VnPay không, tôi muốn hỏi về giao dịch thanh toán bị lỗi sáng nay của tôi.",22
"Thầy cô ơi, em là phụ huynh của bé Ngọc lớp 3B, em muốn hỏi về chương trình học kỳ hè của trường có không ạ?",22
Mình research về các loại tội phạm mạng phổ biến ở Đông Nam Á để viết báo cáo cho lớp học về an ninh mạng.,22
"Anh ơi, phần mềm phòng chống lừa đảo anh đang dùng là cái nào, mình thấy điện thoại mình hay nhận cuộc gọi rác.",22
"Con dặn ba, nếu có ai gọi nói ba trúng thưởng hay cần đóng thuế thì ba hãy gọi cho con trước khi làm gì nhé.",22
"Tôi là thành viên ban kiểm soát hội phụ nữ phường, chúng tôi kêu gọi đóng góp quỹ học bổng cho trẻ em nghèo địa phương.",22
"Mình chia sẻ cho các bạn: nếu nhận cuộc gọi lạ hỏi thông tin ngân hàng, hãy cúp máy và gọi lại số chính thức của ngân hàng.",22
"Alo em ơi, chị gọi hỏi về căn hộ em đang cho thuê trên website batdongsan.com.vn, căn 2 phòng ngủ ở quận 7 đó.",22
"Bạn ơi mình hỏi, khi nhận được tin nhắn SMS ngân hàng yêu cầu xác nhận giao dịch mình không thực hiện, mình nên làm gì?",22
"Ba mẹ ơi, con gọi nhắc ba mẹ nhớ đổi mật khẩu WiFi nhà mình định kỳ và không chia sẻ mật khẩu cho người lạ.",22
"Tôi cần liên hệ với chi nhánh Agribank gần nhà tôi, bạn biết số điện thoại tổng đài Agribank không?",22
"Mình xem video mà một nhóm người dụ anh nông dân đầu tư tiền ảo mất trắng, xem xong thương quá.",22
"Em ơi, anh cần anh xem lại bảng tổng hợp chi phí dự án tháng 3, anh thấy khoản chi công tác phí còn thiếu chứng từ.",22
"Chào cô ơi, đây là học sinh An lớp 6A gọi điện, cô có thể giải thích lại bài toán số 5 trong sách giáo khoa không ạ?",22
Mình vừa block số điện thoại lừa đảo sau khi họ giả vờ là cán bộ công an gọi điều tra một vụ án liên quan đến mình.,22
"Bạn ơi, có ứng dụng nào giúp lọc cuộc gọi rác và số điện thoại lừa đảo không, mình đang tìm để cài điện thoại mẹ mình.",22
"Alo đây là nhà thuốc An Khang, thuốc của khách hàng Nguyễn Lan đặt online đã có, khách có thể ghé lấy hoặc yêu cầu giao hàng.",22
"Con gọi chúc mừng sinh nhật ba, con chuyển khoản tiền để ba mua quà cho mình nhé, ba thích gì cứ mua ba ơi.",22
Mình đang tổng hợp danh sách các chiêu lừa đảo phổ biến để làm tài liệu cảnh báo trong cộng đồng dân cư.,22
"Anh ơi, anh kiểm tra lại email xác nhận thanh toán bảo hiểm ô tô của anh chưa, em gửi hóa đơn cho anh qua email sáng nay.",22
"Tôi cần tư vấn về bảo hiểm xã hội, tôi vừa thôi việc tại công ty, tôi có thể rút BHXH một lần được không?",22
"Bạn ơi, mình đang xem phim Người mẫu tỷ phú trên Netflix, có nhân vật bị lừa đảo tài chính rất phức tạp.",22
"Alo anh Hải ơi, con gái anh nhờ con nhắn rằng chiều nay con đón bé Bông từ trường về giúp, anh biết không?",22
"Mình cần giúp đỡ, bạn tôi vừa mất việc và đang cần tiền gấp, tôi muốn kêu gọi bạn bè quyên góp hỗ trợ.",22
"Em hỏi thầy, trong trường hợp phát hiện tội phạm lừa đảo, nạn nhân có thể yêu cầu bồi thường dân sự không?",22
"Bạn ơi mình đọc báo thấy số vụ lừa đảo tăng 30% so với năm ngoái, xã hội cần có biện pháp giáo dục mạnh hơn.",22
"Chào quý khách, đây là tổng đài hỗ trợ khách hàng của ứng dụng VNPay, khách hàng cần hỗ trợ gì ạ?",22
"Anh ơi chị muốn gửi tiết kiệm 3 tháng lãi suất bao nhiêu, chị đang so sánh giữa Techcombank và VPBank.",22
"Con trai ơi, mẹ chuyển khoản tiền điện thoại cho con đây, tháng này con nhớ trả đúng hạn nha, đừng để bị khóa SIM.",22
"Mình muốn đăng ký gói cước trả sau, tôi cần mang CCCD và gì nữa đến cửa hàng Viettel không ạ?",22
"Alo chú Tân ơi, cháu gọi để xác nhận chú có nhận được hàng chưa, hàng cháu gửi bưu điện EMS mấy ngày trước.",22
"Tôi tham gia khóa học về nhận biết lừa đảo tài chính, giảng viên phân tích rất hay các trường hợp thực tế.",22
"Bạn ơi, mình muốn hỏi bạn về cách đăng ký nhận tiền hỗ trợ điện của Chính phủ cho hộ nghèo, thủ tục thế nào?",22
"Mình không bị lừa đâu bạn ơi, mình biết chiêu đó rồi, chúng gọi điện nói mình trúng thưởng xe máy nhưng mình không tin.",22
"Con ơi, con dạy ba cách chặn số điện thoại lạ trên điện thoại Samsung đi, ba hay bị làm phiền bởi số rác.",22
Tôi gọi hỏi về chương trình hỗ trợ vay vốn cho doanh nghiệp nhỏ và vừa trong đợt phục hồi kinh tế sau dịch.,22
"Hôm nay nhóm mình bàn về cách bảo vệ tài khoản ngân hàng, mọi người không nên lưu mật khẩu trên điện thoại nhé.",22
"Alo chú Tám ơi, đây là giọng cháu Minh đây, cháu gọi hỏi thăm chú thôi, dạo này chú khỏe không, công việc ra sao?",22
"Tôi gọi cho công ty bảo hiểm để hỏi về quy trình bồi thường tai nạn, nhà tôi vừa bị trộm xe máy cần làm hồ sơ.",22
"Bạn ơi mình đang tổng hợp thông tin về các hình thức lừa đảo phổ biến để làm slide thuyết trình, bạn có case study nào không?",22
"Mình vừa nhận được tin nhắn từ ngân hàng thông báo giao dịch 500k, mình không thực hiện nên gọi tổng đài ngân hàng hỏi.",22
"Alo anh Dũng ơi, đây là em Hằng bên phòng hành chính, anh ký duyệt đề xuất mua văn phòng phẩm tháng này chưa ạ?",22
"Chị ơi có phải số tiền chị chuyển khoản vào quỹ từ thiện lớp mình tuần trước là 300k không, em cần đối chiếu sổ quỹ.",22
"Anh giao hàng chuyển phát nhanh ơi, anh cho em hỏi đơn hàng của em mã GHTK987654 đang ở đâu rồi, sáng nay giao được không?",22
"Tôi muốn mở tài khoản tiết kiệm cho con gái 8 tuổi, ngân hàng có sản phẩm tiết kiệm thiếu nhi không và lãi suất ra sao?",22
Bạn ơi mình muốn chia sẻ kinh nghiệm phòng tránh lừa đảo: luôn xác minh danh tính người gọi trước khi cung cấp bất kỳ thông tin nào.,22
"Alo chú Nam ơi, cháu gọi hỏi chú về thủ tục làm hộ chiếu, cháu cần đi Hàn Quốc học tiếng vào tháng sau.",22
"Con ơi, mẹ nhận được email nói mẹ trúng thưởng điện thoại Samsung, mẹ biết là lừa đảo nên không bấm vào link.",22
"Tôi cần tư vấn về kế hoạch nghỉ hưu, tôi còn 10 năm nữa mới đủ tuổi, tôi nên chuẩn bị tài chính thế nào?",22
"Bạn thân ơi, nghe nói bạn sắp lấy chồng, bạn kể cho mình nghe câu chuyện tình yêu của bạn đi, mình tò mò quá.",22
"Cô giáo ơi em muốn hỏi về buổi học bù ngày mai, em có thể tham gia online qua Zoom không hay phải đến trường?",22
"Mình đọc tin tức về vụ bắt giữ ổ nhóm lừa đảo qua điện thoại ở Hà Nội, hơn 100 người bị lừa mất tổng cộng 20 tỷ đồng.",22
"Anh ơi, anh có thể cho em biết thêm về gói vay tín chấp ngắn hạn, em cần vay 50 triệu để sửa nhà, đã có công việc ổn định.",22
"Chào bạn, mình là tình nguyện viên dự án đọc sách cho trẻ em khiếm thị, bạn có muốn tham gia không?",22
"Ba ơi, con gọi hỏi thăm sức khỏe, ba uống thuốc đúng giờ chưa, tháng này con có thể về quê thăm ba không?",22
"Mình vừa đi ngân hàng làm thẻ tín dụng về, thủ tục nhanh hơn mình tưởng, chỉ cần CCCD và bảng lương 3 tháng gần nhất.",22
"Em ơi, chị muốn hỏi về chính sách hoàn tiền của shop khi hàng bị lỗi, chị mua áo size M nhưng thấy không vừa.",22
"Tôi cần xác nhận lịch hẹn kiểm tra xe định kỳ của tôi, xe Toyota Vios biển số 51A-123.45, lịch vào thứ Sáu tuần này.",22
"Bạn ơi, ai dùng ứng dụng quản lý chi tiêu cá nhân chưa, bạn giới thiệu cho mình app tốt nhất hiện nay được không?",22
"Alo em ơi, đây là anh giao hàng J&T, anh đang ở đầu con hẻm, em có thể ra nhận hàng được không, hàng nặng anh khó đem vào.",22
"Mình đang tham gia khóa học online về quản lý tài chính cá nhân, hôm nay học về cách lập kế hoạch tiết kiệm dài hạn.",22
"Con trai ơi, bố chuyển khoản tiền mừng con tốt nghiệp vào tài khoản con rồi, con kiểm tra xem đã nhận được chưa.",22
"Chị ơi mình cần thông tin về chương trình học bổng của UBND tỉnh cho học sinh nghèo vượt khó, đăng ký ở đâu vậy chị?",22
"Tôi muốn khiếu nại về chất lượng dịch vụ internet của Viettel, tốc độ rất chậm trong suốt 1 tuần qua.",22
"Bạn ơi bạn có kinh nghiệm mua bảo hiểm ô tô không, bạn tư vấn mình nên chọn loại bảo hiểm nào phù hợp với xe 5 chỗ.",22
"Alo, đây là trung tâm khuyến mãi Winmart, khách hàng có thẻ thành viên có thể đến nhận quà tặng từ ngày 20-25 tháng này.",22
"Mình chia sẻ một kỹ năng quan trọng: khi nhận cuộc gọi từ số lạ tự xưng là cơ quan nhà nước, hãy hỏi tên và chức vụ cụ thể.",22
"Con ơi, con thử tra cứu giúp mẹ xem xe máy nhà mình có bị xử phạt không, biển số 59Y1-23456 con nhé.",22
"Anh chị đồng nghiệp ơi, phòng hành chính nhắc mọi người hoàn thiện hồ sơ bảo hiểm sức khỏe trước ngày 5 tháng sau.",22
"Bạn ơi nghe nói cơ quan công an mở đường dây nóng nhận tin báo lừa đảo, bạn có biết số đường dây đó không?",22
"Tôi cần mua thêm bảo hiểm tai nạn cá nhân, tôi hay đi công tác xa, mức hỗ trợ tử vong nên ở mức nào là hợp lý?",22
"Bạn thân ơi, mình kể bạn cười chút, hôm qua mình nhận cuộc gọi giả danh Tòa án, mình hỏi lại số quyết định thì nó cúp máy.",22
"Chào anh, em muốn hỏi về gói Internet cáp quang tốc độ cao cho văn phòng nhỏ khoảng 10 máy tính, giá tốt nhất là bao nhiêu?",22
"Mình vừa giải thích cho ông bà nội hiểu về các chiêu lừa đảo qua điện thoại, ông bà hứa sẽ cẩn thận hơn từ nay.",22
"Alo em ơi, đây là anh tên Long, anh là đơn vị vận chuyển của Lazada, anh giao đơn hàng cho em lúc 3h chiều nhé.",22
"Mình muốn đăng ký khóa học lập trình online, nhưng phải thanh toán qua chuyển khoản, mình không biết có an toàn không.",22
"Con ơi, hôm nay mẹ đi siêu thị thanh toán bằng MoMo lần đầu tiên, dễ lắm con ơi, mẹ tự làm được rồi, không cần con dạy nữa.",22
"Bạn ơi bạn đang dùng ngân hàng nào để nhận lương, mình nghe nói Techcombank miễn phí chuyển khoản nhiều hơn các ngân hàng khác.",22
"Tôi gọi hỏi về chương trình đào tạo nghề cho người thất nghiệp do BHXH tổ chức, có học bổng không và điều kiện đăng ký.",22
"Chào anh chị, đây là số hotline của hãng bảo hiểm AIA, anh chị gọi để được hỗ trợ về quyền lợi bảo hiểm sức khỏe.",22
"Mình cần tìm người làm kế toán bán thời gian cho công ty nhỏ, ai quen biết ai phù hợp thì giới thiệu giùm mình với.",22
"Ba mẹ ơi, con nhắc ba mẹ không được nhấn vào đường link trong tin nhắn từ số lạ dù nó nói là từ ngân hàng hay công an.",22
"Alo chị Hoài ơi, em gọi xác nhận lại lịch kiểm toán nội bộ tháng này, phòng kinh doanh chị đã chuẩn bị hồ sơ chưa?",22
"Tôi muốn tìm hiểu về quy trình khởi nghiệp, tôi cần đăng ký doanh nghiệp tư nhân, thủ tục và chi phí ra sao ạ?",22
"Bạn ơi, ai biết cách kiểm tra xem số tài khoản ngân hàng mình nhận tiền từ người khác có bị báo cáo lừa đảo không?",22
"Hôm nay mình hướng dẫn ba mẹ cách sử dụng banking app của Vietcombank để chuyển khoản, ba mẹ vui lắm vì tự làm được.",22
"Alo em, đây là khách sạn Mường Thanh, chúng tôi gọi xác nhận đặt phòng của anh chị từ ngày 20 đến 22 tháng này.",22
"Mình đặt hàng trên Tiki, thanh toán VNPay rồi mà trạng thái đơn hàng vẫn chờ xác nhận, mình nên liên hệ đâu để hỏi?",22
"Con ơi, mẹ gặp bài kiểm tra về an toàn thông tin trên mạng, mẹ được 95/100 điểm, mẹ đã học được từ con đó.",22
"Tôi cần hỏi về dịch vụ chứng thực chữ ký tại phường, tôi cần chứng thực hợp đồng ủy quyền bán nhà.",22
"Bạn ơi, mình đang tìm hiểu về các loại bảo hiểm phù hợp cho người làm việc tự do như mình, bạn có gợi ý gì không?",22
"Alo anh ơi, đây là trường mẫu giáo Hoa Hồng gọi nhắc anh ngày mai đến họp phụ huynh lúc 7h30 sáng, đừng quên nhé.",22
Mình chia sẻ website tra cứu số điện thoại lừa đảo: canhbao.ncsc.gov.vn - mọi người vào kiểm tra số lạ gọi đến nhé.,22
"Chú ơi, cháu là Tuấn con bác Hai, cháu gọi hỏi thăm chú thôi, nghe ba nói chú mới mổ xong, chú có khỏe không?",22
"Mình muốn hỏi chính sách hoàn trả hàng hóa của Shopee Mall, sản phẩm mình mua bị lỗi có được đổi trả không?",22
"Alo anh Quân ơi, đây là phòng nhân sự, anh có thể gửi cho phòng scan CCCD của anh qua email để cập nhật hồ sơ không?",22
"Tôi là giáo viên dạy kỹ năng sống, tôi thường dạy học sinh cách nhận biết chiêu trò lừa đảo và bảo vệ bản thân.",22
"Bạn ơi bạn đặt phòng khách sạn online hay đặt trực tiếp, mình lo đặt online bị lừa nên muốn hỏi kinh nghiệm của bạn.",22
"Chị ơi, em gọi để xác nhận chị là người mua xe đạp em đăng trên Facebook chợ mua bán, chị muốn xem xe lúc nào?",22
"Mình gọi hỏi thăm bạn đại học cũ thôi, lâu rồi không gặp, bạn có khỏe không, gia đình bạn dạo này thế nào?",22
"Tôi cần tư vấn về việc mua vàng đầu tư trong bối cảnh kinh tế hiện tại, loại vàng nào phù hợp và mua ở đâu?",22
"Con ơi con dạy mẹ cách đặt mật khẩu mạnh cho tài khoản ngân hàng online, mẹ lo là mật khẩu cũ của mẹ dễ đoán.",22
"Bạn ơi, mình cần giúp đỡ, tôi vừa phát hiện có người dùng thông tin của tôi để đăng ký tài khoản lừa đảo, tôi cần làm gì?",22
"Alo em, đây là cô Loan hàng xóm, cô gọi nhắc em tuần này tổ dân phố mình họp tối thứ Ba, em về kịp không?",22
"Hôm nay mình đọc sách về phân tích tài chính, có phần rất thú vị về các dấu hiệu cảnh báo trong báo cáo tài chính.",22
"Anh ơi, anh có thể cho em hỏi về chương trình từ thiện của công ty anh, em muốn quyên góp cho trẻ em vùng cao.",22
"Tôi cần đổi ngoại tệ sang VND, tôi có 500 USD tiền kiều hối từ con tôi ở Mỹ gửi về, đổi ở ngân hàng hay tiệm vàng?",22
"Bạn ơi mình hỏi, chuyển khoản 24/7 có tính phí không, mình hay chuyển tiền đêm khuya vì làm ca đêm.",22
"Chị Ngọc ơi, phòng tài chính cần chị xác nhận danh sách nhân viên tháng này nhận thưởng Tết trước cuối giờ chiều nay.",22
"Tôi muốn hỏi về dịch vụ thu hồi nợ hợp pháp, công ty tôi có khách hàng không trả tiền đã 3 tháng, phải làm sao?",22
"Bạn ơi bạn có biết cách báo cáo số điện thoại lừa đảo cho cơ quan chức năng không, mình muốn tố cáo số vừa gọi mình.",22
"Alo đây là taxi Vinasun, chúng tôi gọi xác nhận khách đặt xe từ sân bay Tân Sơn Nhất lúc 3h sáng mai, tên khách Nguyễn Thành.",22
"Mình đang nghiên cứu về bảo mật tài chính cá nhân, ai có tài liệu hay về chủ đề này chia sẻ cho mình nhé.",22
"Con ơi con kiểm tra giúp mẹ cái số tài khoản bên BHXH gửi tin nhắn mẹ đúng không, mẹ lo là tin nhắn giả mạo.",22
"Alo anh Thiện ơi, đây là bên ngân hàng Sacombank chi nhánh quận 3, anh có hẹn đến làm thủ tục vay vốn lúc 9h sáng nay.",22
"Mình đang tập hợp câu chuyện thật về lừa đảo để làm video cảnh báo cho cộng đồng, ai có câu chuyện muốn chia sẻ không?",22
"Ba ơi ba nhớ không mang CCCD khi đi ngân hàng làm sổ tiết kiệm nhé, và không cần mang gì thêm nữa đâu ba.",22
Tôi cần liên hệ với trung tâm trọng tài thương mại quốc tế để giải quyết tranh chấp hợp đồng với đối tác nước ngoài.,22
"Bạn ơi, có ai từng bị lừa đảo rồi report thành công để lấy lại tiền không, mình muốn biết quy trình cụ thể.",22
"Chào anh chị, đây là Vinhomes gọi thông báo lịch bảo trì thang máy tòa nhà vào thứ Bảy tuần này từ 8h đến 12h.",22
Mình cần hỏi về cách xử lý khi phát hiện mình bị dùng CCCD giả mạo để đăng ký tài khoản ngân hàng.,22
"Con trai ơi, mẹ vừa đọc bài báo cảnh báo lừa đảo giả danh nhân viên ngân hàng, mẹ gọi nhắc con cẩn thận thôi.",22
"Bạn ơi nghe nói Bộ Công an có app Căn cước công dân chính thống, mình tải ở đâu là an toàn, bạn hướng dẫn mình với.",22
"Tôi là chủ doanh nghiệp nhỏ, tôi muốn mở tài khoản ngân hàng cho doanh nghiệp để tách biệt tài chính cá nhân và công ty.",22
"Alo cháu ơi, đây là bác Năm, bác gọi hỏi thăm cháu thôi, nghe nói cháu vừa sinh con trai, chúc mừng bác gái nha.",22
"Mình đang tìm hiệu sách cũ để mua sách giáo khoa cho con, có ai biết chỗ mua sách cũ giá rẻ ở Hà Nội không?",22
"Chị ơi, em muốn hỏi quy trình thanh lý tài sản cố định của công ty, em là nhân viên kế toán mới, chị hướng dẫn em với.",22
"Tôi muốn tra cứu thông tin đăng ký kinh doanh của một công ty trước khi ký hợp đồng, tôi vào cổng thông tin nào?",22
"Bạn ơi, bạn đã từng phải đóng thuế thu nhập cá nhân chưa, năm nay mình có thu nhập từ nhiều nguồn khác nhau.",22
Mình kể bạn nghe về chiến dịch tuyên truyền phòng chống lừa đảo mà trường mình tổ chức cho sinh viên năm nhất.,22
"Alo anh Công ơi, anh xác nhận giúp em, ngày mai anh có thể họp online lúc 2h chiều về dự án phần mềm quản lý BHXH không?",22
"Tôi cần hướng dẫn về thủ tục thừa kế tài sản, ba tôi vừa mất và để lại tài sản nhưng không có di chúc.",22
"Bạn thân ơi, mình vừa chuyển khoản tiền mừng đám cưới cho bạn rồi nhé, chúc bạn và chú rể hạnh phúc trăm năm.",22
"Con ơi hôm nay trường con có họp phụ huynh không, mẹ muốn đăng ký tham dự để hỏi thầy cô về tình hình học tập.",22
"Tôi muốn đăng ký học online về tài chính cá nhân, bạn giới thiệu cho tôi khóa học uy tín có chứng chỉ được công nhận không?",22
"Bạn ơi, mình hỏi bạn về cách chuyển tiền quốc tế qua Western Union, cần giấy tờ gì và phí chuyển khoản là bao nhiêu?",22
"Alo đây là nhà thuốc Pharmacity chi nhánh Tân Phú, thuốc bảo hiểm y tế của khách hàng Lê Thị Thanh đã về rồi ạ.",22
"Mình cần tư vấn về việc cho vay tiền cho bạn bè, mình muốn làm hợp đồng vay chính thức để có cơ sở pháp lý.",22
"Bạn ơi, bạn đã từng nhận được cuộc gọi lừa đảo chưa, bạn làm gì khi đó, mình muốn học hỏi từ kinh nghiệm của bạn.",22
"Anh ơi giúp em, ứng dụng VNeID của em bị lỗi không đăng nhập được, em liên hệ đường dây hỗ trợ nào để được giải quyết?",22
"Tôi cần hỏi về quyền lợi bảo hiểm thất nghiệp khi tôi tự nguyện nghỉ việc, tôi có đủ điều kiện nhận trợ cấp không?",22
"Mình thấy nhiều bài đăng cảnh báo lừa đảo trên mạng xã hội, mọi người nên chia sẻ để nhiều người biết hơn.",22
"Chị ơi, em muốn hỏi về chính sách hoàn trả BHXH cho lao động nước ngoài khi hết hợp đồng về nước.",22
"Tôi muốn mở tài khoản tiết kiệm online không cần đến chi nhánh, Vietcombank Digital có dịch vụ này không và lãi suất ra sao?",22
"Bạn ơi, mình muốn học về đầu tư chứng khoán an toàn, bạn có thể giới thiệu tài khoản hoặc người dạy uy tín không?",22
"Alo anh ơi, đây là dịch vụ đặt hoa sinh nhật, anh đặt hoa giao ngày 25 tháng này, chúng tôi gọi xác nhận địa chỉ giao hàng.",22
"Mình vừa nộp hồ sơ xin thẻ tín dụng, nhân viên ngân hàng nói cần chờ 7-10 ngày làm việc để được duyệt và giao thẻ.",22
"Con trai ơi, hôm nay ba họp công an phường, họ tuyên truyền về phòng chống lừa đảo mạo danh ngân hàng rất hữu ích.",22
"Bạn ơi, bạn có biết mình cần phải làm gì để mã hóa và bảo mật các tin nhắn nhạy cảm khi liên lạc qua điện thoại không?",22
"Tôi là nhân viên ngân hàng thật sự, tôi muốn giải thích rõ: chúng tôi KHÔNG BAO GIỜ gọi điện hỏi mật khẩu hay OTP.",22
"Chào các bạn nhóm mình, mình tổng kết lại chi tiêu chuyến du lịch tuần trước, mỗi người cần bổ sung thêm 200k.",22
"Alo đây là phòng khám đa khoa Medlatec, kết quả xét nghiệm máu của anh Nguyễn Thanh Tùng đã có, anh đến lấy hoặc xem qua app.",22
"Mình lo lắng vì ba mẹ mình hay nhận được cuộc gọi lừa đảo, mình đang tìm cách giúp ba mẹ nhận biết và tránh bị lừa.",22
"Bạn ơi mình hỏi bạn về kinh nghiệm mua bảo hiểm xe máy bắt buộc, có cần thiết mua thêm bảo hiểm tự nguyện không?",22
"Alo anh Huy ơi, đây là cô Hương bên BHXH hướng dẫn anh nhé, hồ sơ anh thiếu xác nhận của phường, anh bổ sung giúp cô.",22
"Tôi cần hỏi về thủ tục đăng ký tạm trú cho người thuê nhà, pháp luật hiện hành quy định thế nào về việc đăng ký tạm trú?",22
"Bạn bè ơi, các bạn có ai biết số điện thoại đường dây nóng chống lừa đảo của Bộ Công an không, mình muốn lưu lại để dùng.",22
"Alo em Trang ơi, đây là chị Mai kế toán, chị gọi nhắc em hoàn thiện báo cáo chi phí tháng 3 trước 5h chiều hôm nay nhé.",22
"Mình đang cần giải thích cho khách hàng về sự khác biệt giữa bảo hiểm nhân thọ và bảo hiểm phi nhân thọ, bạn giúp mình với.",22
"Con trai ơi, ba vừa cài app nhận biết cuộc gọi lừa đảo theo hướng dẫn của con, ba thấy an tâm hơn rồi, cảm ơn con.",22
"Tôi muốn hỏi về quy trình giải quyết tranh chấp hợp đồng bằng hòa giải, mà không cần đưa ra Tòa án, có dịch vụ này không?",22
"Bạn thân cho mình hỏi, bạn dùng app nào để quét QR thanh toán tiện nhất, mình hay gặp lỗi khi thanh toán siêu thị.",22
"Mình vừa đọc bài viết phân tích cách nhận biết website lừa đảo qua giao thức HTTPS và tên miền, rất bổ ích cho mọi người.",22
"Anh ơi, phòng mua sắm cần anh duyệt đề xuất mua máy tính mới cho bộ phận IT, tổng giá trị hơn 100 triệu đồng.",22
"Chào anh chị, đây là công ty vệ sinh công nghiệp SachSe, chúng tôi gọi xác nhận lịch vệ sinh văn phòng vào chiều thứ Sáu.",22
"Chào anh, em là nhân viên bưu điện, anh có kiện hàng Lazada 150k, em để ở cổng bảo vệ anh chuyển khoản giúp em nhé.",22
"Mẹ nhớ dặn bố là đừng bao giờ cài ứng dụng lạ ngoài CH Play nhé, dạo này lừa đảo giả danh công an nhiều lắm.",22
"Alo, tôi muốn hỏi về thủ tục đăng ký xe máy điện, tôi cần mang giấy tờ gì ra quận để làm biển số ạ.",22
"Con ơi, nhà mình vừa nhận được thông báo tiền điện tháng này tăng vọt, con xem lại hộ bố xem có nhầm lẫn đâu không.",22
"Chào chị, em là nhân viên chăm sóc khách hàng của MoMo, em gọi hỗ trợ chị về việc liên kết ngân hàng bị lỗi sáng nay.",22
"Bạn ơi mình hỏi tí, số điện thoại 113 là gọi công an đúng không, mình muốn báo cáo một vụ va chạm giao thông.",22
"Anh ơi, em vừa chuyển khoản 2 triệu tiền học phí cho bé Bin rồi, chị giáo viên xác nhận đã nhận được tiền.",22
"Chào quý khách, đây là hệ thống tự động của ngân hàng MB, thông báo thẻ của quý khách đã được kích hoạt thành công.",22
"Mình đang đọc bài báo về các chiêu trò lừa đảo qua mạng xã hội, mọi người hãy cẩn thận đừng bấm vào link lạ.",22
"Alo anh Hùng à, em là shipper đây, đơn hàng quần áo của anh hết 500k, em đang đứng trước cửa nhà anh rồi.",22
"Chào chị, em bên phòng nhân sự công ty ABC, em gọi xác nhận lịch phỏng vấn của chị vào 9h sáng mai tại văn phòng.",22
"Bố ơi bố đừng tin mấy cái tin nhắn trúng thưởng nhé, toàn là lừa đảo để lấy thông tin cá nhân của mình thôi đó.",22
"Tôi muốn hỏi về quy trình làm lại thẻ căn cước công dân gắn chip khi bị mất, thủ tục có phức tạp lắm không anh?",22
"Con vừa nhận được cuộc gọi từ số lạ nói là nhân viên Shopee, nhưng con thấy nghi ngờ nên đã cúp máy luôn rồi mẹ.",22
"Chào anh, em là nhân viên kỹ thuật Viettel, em gọi thông báo đường truyền internet nhà anh sẽ được bảo trì vào tối nay.",22
"Bạn ơi cho mình hỏi, làm thế nào để phân biệt được website chính thống của chính phủ với mấy trang giả mạo vậy?",22
"Alo, tôi muốn đặt lịch khám bệnh tại bệnh viện Đại học Y Dược vào sáng thứ Hai tới, làm ơn kiểm tra giúp tôi.",22
"Chị ơi em vừa gửi link bài viết cảnh báo lừa đảo trên Facebook, chị đọc kỹ để đề phòng mấy đứa giả danh nhé.",22
"Chào bạn, mình là shipper Shopee Express, kiện hàng của bạn đã đến kho, mình sẽ giao cho bạn trong khoảng 1 giờ tới.",22
"Anh ơi, phòng kế toán đã chuyển lương tháng này vào tài khoản của anh rồi, anh kiểm tra xem nhận được chưa ạ.",22
"Mẹ ơi đừng đưa mã OTP cho ai gọi điện hỏi nhé, ngân hàng không bao giờ yêu cầu khách hàng cung cấp mã đó đâu.",22
"Tôi cần được tư vấn về các gói bảo hiểm sức khỏe cho người cao tuổi, bạn có thể gửi thông tin qua email cho tôi không?",22
"Alo bạn, mình vừa bị mất điện thoại, mình gọi thông báo để bạn biết và đừng tin nếu có ai dùng số mình mượn tiền.",22
"Chào anh, em bên trung tâm bảo hành Samsung, điện thoại của anh đã sửa xong, anh có thể qua lấy trong chiều nay.",22
"Con dặn ba nè, khi nào có người lạ gọi bảo con bị tai nạn thì ba cứ gọi thẳng cho con hoặc gọi cho công an phường nhé.",22
Bạn ơi cho mình xin số tài khoản ngân hàng của tổ chức từ thiện giúp đỡ trẻ em vùng cao để mình chuyển tiền ủng hộ.,22
"Chào chị, đây là trung tâm dịch vụ khách hàng ZaloPay, gói quà tặng tri ân của chị đã được cộng vào ví thành công.",22
"Anh ơi em muốn hỏi về cách cập nhật thông tin sinh trắc học trên ứng dụng ngân hàng, em làm mãi mà không được.",22
"Mẹ ơi con đang bận họp, lát con gọi lại cho mẹ nhé. Ở nhà có ai gọi điện lạ thì mẹ cứ đừng nghe máy là được.",22
"Chào bạn, mình là nhân viên giao hàng của Tiki, đơn hàng sách của bạn đã tới nơi, bạn ra nhận giúp mình nhé.",22
"Tôi muốn đăng ký thẻ thành viên của siêu thị Co.op Mart, tôi cần chuẩn bị những thông tin gì để đăng ký trực tuyến?",22
"Alo chị Mai, em vừa đọc được tin nhắn cảnh báo về chiêu trò lừa đảo giả danh shipper, chị nhớ cẩn thận khi nhận hàng.",22
"Con ơi, bố đang ở ngân hàng Agribank để mở sổ tiết kiệm cho con, nhân viên bảo cần chữ ký của con sau này nữa.",22
"Chào anh, em là nhân viên tư vấn bảo hiểm Prudential, em muốn mời anh tham gia buổi hội thảo về an toàn tài chính.",22
"Chị ơi em vừa chuyển khoản 500k tiền mừng sinh nhật bé Bống, chị kiểm tra MoMo xem tiền đã vào chưa nhé.",22
"Tôi muốn hỏi về thủ tục gia hạn hộ chiếu online, làm qua cổng dịch vụ công quốc gia có nhanh hơn làm trực tiếp không?",22
"Alo bạn, mình vừa thấy một trang web giả danh ngân hàng VietinBank truyền tay nhau, bạn nhớ báo cáo nó giúp mình.",22
"Chào chị, đây là phòng quản lý đô thị, chúng tôi gọi thông báo về việc thu gom rác thải vào ngày nghỉ lễ sắp tới.",22
"Anh ơi, em vừa gửi file hướng dẫn cài đặt ứng dụng VNeID chính thống từ Bộ Công An, anh xem và làm theo nhé.",22
"Mẹ ơi, hôm nay con đi làm về muộn, mẹ cứ ăn cơm trước đi không phải chờ con đâu, con sẽ tự gọi đồ ăn sau.",22
"Chào bạn, mình là shipper của hãng J&T, đơn hàng điện thoại của bạn hết 10 triệu, bạn có sẵn tiền mặt ở đó không?",22
"Tôi muốn khiếu nại về việc nhà mạng trừ tiền cước internet không rõ ràng, làm ơn chuyển máy cho bộ phận kỹ thuật.",22
"Alo anh, em là nhân viên phòng vé máy bay, em gọi xác nhận lịch bay của anh từ Hà Nội vào Sài Gòn vào tối mai.",22
"Con dặn bà nhé, không được bấm vào các đường link lạ trong tin nhắn trúng thưởng, đó đều là bẫy của bọn lừa đảo.",22
"Chào chị, đây là thư viện tổng hợp thành phố, chúng tôi gọi nhắc chị trả sách đã quá hạn từ tuần trước ạ.",22
"Chị ơi em mới mua được cái ví này đẹp lắm, em tặng chị một cái tương tự coi như quà sinh nhật muộn nhé.",22
"Alo, tôi muốn hỏi về cách thức đăng ký tạm trú tạm vắng online qua ứng dụng VNeID, có cần phải ra phường nữa không?",22
"Chào bạn, mình là nhân viên hỗ trợ của Grab, đơn hàng đồ ăn của bạn đang được tài xế chuẩn bị và sẽ giao tới sớm.",22
"Mẹ ơi, con vừa chuyển khoản 3 triệu tiền thuốc cho bố rồi đó, mẹ kiểm tra tài khoản xem tiền đã về chưa nhé.",22
"Anh ơi, đơn hàng đặt trên TikTok của em đã thanh toán trước rồi, anh cứ để hàng ở quầy lễ tân giúp em thôi.",22
"Chào chị, em bên công ty bảo hiểm Manulife, em gọi thông báo hợp đồng của chị đã được duyệt và có hiệu lực từ hôm nay.",22
"Bố ơi bố đừng nghe điện thoại từ số lạ tự xưng là cán bộ tòa án nhé, người ta không bao giờ làm việc qua điện thoại đâu.",22
"Tôi muốn hỏi về quy trình nộp phạt vi phạm giao thông trực tuyến, làm thế nào để lấy lại giấy tờ sau khi đã nộp phạt?",22
"Alo bạn, mình vừa đọc được một bài viết rất hay về cách phòng chống tội phạm mạng, mình gửi link cho bạn cùng đọc nhé.",22
"Chào anh, em là nhân viên kỹ thuật của FPT, em gọi hỗ trợ anh cài đặt lại mật khẩu wifi nhà mình theo yêu cầu ạ.",22
"Mẹ ơi con đang đi làm, có ai gọi bảo con bị bắt hay nợ nần gì thì mẹ cứ cúp máy ngay đi, con vẫn bình an vô sự.",22
"Chào bạn, mình là shipper của GHN, mình đang đứng ở cổng công ty, bạn ra nhận đơn hàng quần áo giúp mình với.",22
"Chị ơi em vừa chuyển khoản xong tiền hùn vốn mở quán rồi đó, chị xác nhận lại danh sách thành viên giúp em nhé.",22
"Tôi muốn đăng ký nhận bản tin cảnh báo an ninh mạng hàng tuần của Bộ Công An, tôi phải đăng ký ở website nào ạ?",22
"Alo bạn, mình thấy dạo này nhiều người bị lừa vì chuyển tiền qua link giả mạo, chúng mình nên nhắc nhở người thân nhiều hơn.",22
"Chào anh, em bên ngân hàng Techcombank, em gọi thông báo hạn mức thẻ tín dụng của anh đã được nâng lên thêm 20 triệu.",22
"Mẹ ơi con dặn mẹ lần cuối, đừng bao giờ cung cấp thông tin căn cước công dân cho người lạ gọi điện hỏi nhé.",22
"Tôi muốn hỏi về thủ tục đăng ký kinh doanh cho hộ cá thể, tôi có thể nộp hồ sơ trực tuyến qua mạng được không?",22
"Alo chị, em là nhân viên bưu điện đây, có thư gửi bảo đảm từ người thân ở nước ngoài cho chị, chị ra nhận giúp nhé.",22
"Chào bạn, mình là shipper của Ninja Van, đơn hàng của bạn đã đến trạm giao nhận, mình sẽ giao cho bạn trong chiều nay.",22
"Anh ơi, em vừa chuyển khoản 1 triệu tiền mừng đám cưới bạn mình, anh kiểm tra xem tài khoản đã báo có chưa ạ.",22
"Mẹ ơi con vừa nhận được tin nhắn rác lừa đảo, con đã báo cáo lên tổng đài cho họ xử lý rồi, anh chị đừng lo.",22
"Chào chị, đây là trung tâm anh ngữ ILA, chúng tôi gọi thông báo về kỳ thi kiểm tra năng lực của bé vào tuần tới.",22
"Alo bạn, mình đang định đổi máy sang dùng iPhone mới, bạn thấy mua ở FPT Shop hay Thế Giới Di Động thì uy tín hơn?",22
"Tôi muốn tra cứu lịch sử phạt nguội của xe ô tô mình, làm ơn hướng dẫn tôi vào đúng trang web của Cục CSGT.",22
"Chào anh, em là nhân viên hỗ trợ của ShopeePay, em gọi xử lý khiếu nại của anh về việc hoàn tiền đơn hàng bị hủy.",22
"Mẹ ơi, có ai gọi bảo con nợ tiền nợ bạc gì thì mẹ cứ gọi cho công an phường báo cáo nhé, toàn là bọn lừa đảo đó.",22
"Chào bạn, mình là shipper của Viettel Post, mình có đơn hàng hỏa tốc cho bạn, bạn có thể ra nhận ngay bây giờ không?",22
"Anh ơi, phòng kế toán đã xuất hóa đơn điện tử cho hợp đồng tháng này rồi, em gửi qua email cho anh kiểm tra nhé.",22
"Tôi muốn hỏi về quy định đăng ký kết hôn cho người có yếu tố nước ngoài, tôi cần dịch thuật công chứng những giấy tờ gì?",22
"Alo bạn, mình thấy trang web này đang rao bán thẻ cào điện thoại giá rẻ bất ngờ, chắc chắn là lừa đảo rồi bạn đừng tin.",22
"Chào chị, em là nhân viên tư vấn của ngân hàng Sacombank, em gọi giới thiệu chương trình vay ưu đãi dành cho hộ kinh doanh.",22
"Mẹ ơi đừng có nghe lời mấy đứa trên mạng bảo làm việc nhẹ lương cao nhé, toàn là bẫy đa cấp lừa đảo cả đấy mẹ.",22
"Tôi muốn đăng ký tham gia lớp học về an toàn thông tin dành cho người cao tuổi, trung tâm mình có khóa học nào không?",22
"Alo bạn, mình vừa bị hack tài khoản Facebook, mình dùng số này gọi để báo cho mọi người đừng tin nếu có ai mượn tiền.",22
"Chào anh, em là nhân viên kỹ thuật điện lực khu vực, em gọi xác nhận anh đã báo cáo về sự cố chập điện ngoài cột ạ?",22
"Mẹ ơi con đang đi du lịch với công ty, mạng hơi yếu nên con không gọi video được, mẹ ở nhà giữ gìn sức khỏe nhé.",22
"Chào bạn, mình là shipper của hãng Best Express, đơn hàng của bạn đã tới nơi, bạn vui lòng ra cổng nhận giúp mình.",22
"Anh ơi, em đã thanh toán tiền điện nước tháng này qua ứng dụng ngân hàng rồi, chị chủ nhà cứ yên tâm nhé.",22
"Tôi muốn tra cứu danh sách các website lừa đảo đã bị Bộ Thông tin và Truyền thông liệt vào danh sách đen, tôi xem ở đâu?",22
"Alo chị, em là nhân viên bưu điện thành phố, có bưu phẩm từ công an gửi tới địa chỉ của chị, chị nhớ mang CCCD ra nhận.",22
"Chào bạn, mình là nhân viên hỗ trợ của ứng dụng GrabFood, đơn hàng của bạn bị văng do quán hết món, chúng tôi đã hoàn tiền.",22
"Mẹ ơi, con vừa đọc được tin cảnh báo về chiêu trò giả danh nhân viên y tế để lừa đảo, mẹ ở nhà nhớ cẩn thận đề phòng.",22
"Chào anh, em bên công ty chứng khoán SSI, em gọi thông báo tài khoản của anh đã được kích hoạt thành công.",22
"Bố ơi đừng tin mấy cái cuộc gọi từ số quốc tế có dấu cộng phía trước nhé, thường là lừa đảo dùng đầu số lạ đó bố.",22
"Tôi muốn hỏi về cách bảo mật tài khoản Facebook 2 lớp, làm thế nào để tránh bị hacker chiếm quyền điều khiển?",22
"Alo bạn, mình vừa phát hiện một ứng dụng giả mạo ngân hàng trên App Store, mọi người hãy cẩn thận khi tải về nhé.",22
"Chào chị, em là nhân viên tư vấn của Vinaphone, gói cước 4G của chị sắp hết hạn, chị có muốn gia hạn thêm không ạ?",22
"Mẹ ơi, nếu có ai gọi bảo trúng thưởng chuyến du lịch thì mẹ cứ bảo là nhà tôi không có nhu cầu nhé, toàn lừa đảo đó.",22
"Tôi muốn tìm hiểu về các phương thức thanh toán an toàn khi mua hàng online, bạn có tài liệu nào hướng dẫn không?",22
"Alo bạn, mình vừa nhận được một tin nhắn lạ bắt quét mã QR để nhận quà, mình xóa luôn rồi vì biết chắc là scam.",22
"Chào anh, em là nhân viên hỗ trợ khách hàng của Zalo, em gọi hướng dẫn anh cách lấy lại mật khẩu Zalo khi bị mất sim.",22
"Mẹ ơi, con dặn bao nhiêu lần rồi, không được cung cấp OTP cho bất kỳ ai, kể cả người thân qua tin nhắn Facebook.",22
"Tôi muốn hỏi về quy trình đăng ký giấy khai sinh cho trẻ em trực tuyến, tôi cần tải ảnh những giấy tờ gì lên hệ thống?",22
"Alo chị, em là shipper của Tiki đây, đơn hàng của chị đã tới, chị cho em xin 5 phút để chị kiểm tra hàng trước khi nhận.",22
"Chào bạn, mình là nhân viên tư vấn của AIA, em gọi thông báo cho chị về chương trình khám sức khỏe miễn phí của công ty.",22
"Bố ơi đừng tin mấy cái tin nhắn giới thiệu sàn chứng khoán quốc tế cam kết lãi khủng nhé, toàn là lừa đảo cả đấy.",22
"Tôi muốn khiếu nại về việc bị trừ tiền vô lý trong tài khoản ngân hàng, làm ơn cho gặp bộ phận xử lý sự cố.",22
"Alo bạn, mình vừa báo cáo một tài khoản TikTok chuyên đăng tin sai sự thật về các dịch vụ công, bạn báo cáo cùng mình nhé.",22
"Chào chị, em là nhân viên chăm sóc khách hàng của Mobifone, chị có muốn đổi sang dùng sim 4G miễn phí tại nhà không?",22
"Mẹ ơi, có ai gọi bảo đại diện công ty này công ty nọ trúng thưởng thì mẹ cứ bảo là mẹ bận rồi cúp máy nhé.",22
"Tôi muốn tìm hiểu về luật an ninh mạng mới nhất của Việt Nam, tôi có thể tải văn bản luật này ở đâu chính thống?",22
"Alo bạn, mình vừa thấy một cái link lạ giả mạo VNeID yêu cầu cấp quyền trợ năng, mình báo ngay cho công an phường rồi.",22
"Chào anh, em là nhân viên hỗ trợ của Vietcombank, anh cho em hỏi anh có gặp khó khăn gì khi sử dụng ứng dụng mới không?",22
"Mẹ ơi đừng bao giờ cài các phần mềm theo dõi điện thoại mà người lạ bảo nhé, họ sẽ lấy sạch tiền trong tài khoản đó.",22
"Tôi muốn hỏi về cách thức nhận diện email lừa đảo, thường thì những email này có những dấu hiệu đặc trưng nào ạ?",22
"Alo chị, em là shipper đây, đơn hàng này thanh toán rồi nên em gửi bảo vệ luôn nhé, chị về thì lấy sau ạ.",22
"Chào bạn, mình là nhân viên tư vấn của Prudential, gói bảo hiểm liên kết đầu tư của chị đang có kết quả rất tốt.",22
"Bố ơi đừng nghe lời mấy đứa gọi điện bảo là bạn con ở nước ngoài về cần tiền nhé, con không có bạn nào như thế cả.",22
"Tôi muốn hỏi về quy trình giải quyết nợ xấu ngân hàng cho vay tiêu dùng, tôi có thể liên hệ với ai để được hỗ trợ?",22
"Alo bạn, mình vừa nhận được một cuộc gọi lừa đảo giả danh tòa án, mình đã ghi âm lại và gửi cho báo chí rồi.",22
"Chào anh, em là nhân viên kỹ thuật của SCTV, em gọi thông báo lịch cắt truyền hình để nâng cấp hệ thống cáp khu vực.",22
"Mẹ ơi con đang bận làm việc, có gì khẩn cấp thì mẹ nhắn tin cho con nhé, đừng nghe điện thoại người lạ gọi đến.",22
"Chào bạn, mình là shipper của hãng Shopee Express, kiện hàng của bạn có mã số SP123, bạn ra nhận giúp mình.",22
"Anh ơi, phòng kế toán đã chuyển trả tiền tạm ứng công tác phí cho anh rồi, anh kiểm tra tài khoản giúp em.",22
"Tôi muốn hỏi về thủ tục đổi tên khai sinh cho trẻ em dưới 14 tuổi, tôi cần đến cơ quan nào để nộp hồ sơ trực tiếp?",22
"Alo bạn, mình thấy cái web này đang yêu cầu đăng nhập tài khoản ngân hàng để nhận thẻ cào 500k, scam 100% luôn m ạ.",22
"Chào chị, em là nhân viên tư vấn của Manulife, em gọi thông báo kỷ niệm 10 năm thành lập nên có quà tặng cho khách hàng.",22
"Mẹ ơi đừng tin mấy cái app cho vay tiền nhanh trên mạng nhé, lãi suất cao lắm mà còn bị lộ thông tin cá nhân nữa.",22
"Tôi muốn đăng ký thẻ tín dụng của ngân hàng VIB, tôi cần chứng minh thu nhập hay sao mới được duyệt hồ sơ online?",22
"Alo bạn, mình vừa thấy một tài khoản Facebook giả danh mình để đi lừa đảo bạn bè, mọi người chú ý report nó giúp nhé.",22
"Chào anh, em là nhân viên hỗ trợ của ứng dụng MoMo, em gọi giải đáp thắc mắc của anh về việc hoàn tiền vé máy bay.",22
"Mẹ ơi con dặn mẹ, không được quét mã QR từ các nguồn không tin cậy nhé, dạo này có virus ăn cắp dữ liệu qua mã đó.",22
"Chào bạn, mình là nhân viên giao hàng của J&T, đơn hàng quần áo của bạn đã tới nơi, bạn vui lòng ra lấy nhé.",22
"Tôi muốn tra cứu danh sách các sàn giao dịch ngoại hối uy tín đã được cấp phép tại Việt Nam, tôi xem ở đâu?",22
"Alo chị, em là nhân viên bưu điện đây, có thư từ bảo hiểm gửi tới cho chị, chị có nhà để ký nhận trực tiếp không?",22
"Chào bạn, mình là nhân viên hỗ trợ của Baemin, đơn hàng của bạn bị hủy do tài xế gặp sự cố, chúng tôi đã hoàn tiền.",22
"Mẹ ơi, nếu có ai gọi bảo con nợ tiền đá bóng hay nợ gì thì mẹ cứ bảo là tôi không biết rồi dập máy nhé.",22
"Chào anh, em bên công ty chứng khoán HSC, em gọi thông báo anh có một cuộc hội thảo trực tuyến về thị trường chiều nay.",22
Bố ơi đừng tin mấy cái trang web bảo là tra cứu thông tin phạt nguội nhưng bắt nộp tiền qua link lạ đó nhé.,22
"Tôi muốn hướng dẫn mẹ tôi cách sử dụng ứng dụng ngân hàng an toàn, bạn có video hay tài liệu nào đơn giản không?",22
"Alo bạn, mình vừa nhận được một cuộc gọi giả danh công an giao thông, mình đã báo cho đường dây nóng 113 rồi.",22
"Chào chị, em là nhân viên tư vấn của VietinBank, chị có muốn tham gia gói gửi tiết kiệm tích lũy cho con sau này không?",22
"Mẹ ơi đừng tin mấy cái quảng cáo thuốc trị bách bệnh trên Facebook nhé, toàn là giả dối lừa tiền người già thôi.",22
"Tôi muốn khiếu nại về chất lượng dịch vụ của hãng vận chuyển GHTK, làm ơn chuyển máy cho cấp quản lý xử lý.",22
"Alo bạn, mình vừa thấy một cái app giả mạo VNeID yêu cầu quyền đọc tin nhắn, mình đã cảnh báo cho cả xóm biết rồi.",22
"Chào anh, em là nhân viên kỹ thuật của CMC, em gọi hỗ trợ anh kiểm tra lỗi kết nối máy chủ theo yêu cầu của công ty.",22
"Mẹ ơi con đang ở nước ngoài, dùng số lạ gọi cho mẹ nhưng là số thật của con đây, mẹ lưu lại số này nhé.",22
"Chào bạn, mình là shipper của hãng Viettel Post, kiện hàng của bạn đã tới địa chỉ, bạn có thể ra nhận ngay không?",22
"Anh ơi, em vừa thanh toán tiền bảo hiểm ô tô năm nay rồi, anh kiểm tra email để nhận giấy chứng nhận điện tử nhé.",22
Tôi muốn tra cứu quy định về việc xử phạt hành vi lừa đảo qua mạng trong bộ luật hình sự mới nhất của nước mình.,22
"Alo chị, em là bưu tá đây, có thiệp mời đám cưới gửi cho chị, em để vào thùng thư nhà chị nhé.",22
"Chào bạn, mình là nhân viên hỗ trợ của ứng dụng NowToday, đơn hàng của bạn đã giao thành công cho bảo vệ tòa nhà.",22
"Mẹ ơi đừng tin mấy cái tin nhắn trúng thưởng từ Zalo hay TikTok nhé, đều là bẫy của tội phạm công nghệ cao đó.",22
"Chào anh, em là nhân viên tư vấn của ngân hàng TPBank, chị có muốn phát hành thẻ Visa hoàn tiền miễn phí không?",22
Bố ơi đừng nghe điện thoại của mấy đứa bảo là cán bộ thuế gọi yêu cầu cập nhật thông tin cá nhân nhé.,22
"Tôi muốn hỏi về cách thoát khỏi các hội nhóm lừa đảo đa cấp trên Facebook, làm thế nào để không bị mời vào nữa?",22
"Alo bạn, mình vừa nhận được một email giả mạo Apple bảo tài khoản iCloud bị khóa, mình xóa luôn vì biết là lừa đảo.",22
"Chào chị, em là nhân viên kỹ thuật của VNPT, em gọi nhắc chị kiểm tra lại router nhà mình nếu thấy mạng chậm.",22
"Mẹ ơi con đang họp với đối tác, có việc gì thì mẹ gọi cho vợ con nhé, đừng nghe máy người lạ gọi vào điện thoại.",22
"Chào bạn, mình là shipper của GHN, mình giao cho bạn đơn hàng mỹ phẩm, phiền bạn ra nhận giúp mình ạ.",22
"Anh ơi, em vừa chuyển khoản xong tiền mua vé máy bay cho cả nhà mình rồi, anh check tin nhắn ngân hàng xem nhé.",22
"Tôi muốn hỏi về thủ tục làm lại đăng ký xe máy biển số thành phố khi bị mất, chi phí hết khoảng bao nhiêu tiền?",22
"Alo bạn, mình thấy cái web này đang rao bán hàng hiệu giá rẻ bất ngờ, chắc chắn là hàng giả hoặc lừa đảo rồi.",22
"Chào chị, em là nhân viên tư vấn của ngân hàng MSB, chị có muốn đăng ký khoản vay thấu chi để kinh doanh không?",22
Mẹ ơi đừng tin mấy cái ứng dụng bảo là xem bói qua mạng nhưng bắt nhập số điện thoại và mã OTP nhé.,22
"Tôi muốn tra cứu danh sách các ứng dụng ngân hàng đã được ngân hàng nhà nước cấp phép hoạt động, xem website nào là chuẩn?",22
"Alo chị, em là nhân viên bưu điện, có kiện hàng từ nước ngoài gửi về cho chị, chị nhớ chuẩn bị căn cước ra nhận.",22
"Chào bạn, mình là nhân viên hỗ trợ của Shopee, em gọi xử lý yêu cầu hoàn tiền của chị về đơn hàng bị lỗi kỹ thuật.",22
Bố ơi có ai gọi bảo đại diện công an tỉnh điều tra vụ lừa đảo tiền bạc thì bố cứ bảo là tôi bận rồi cúp máy ngay.,22
Tôi muốn tìm hiểu về cách sử dụng phần mềm diệt virus cho điện thoại để tránh bị đánh cắp thông tin tài khoản.,22
"Alo bạn, mình vừa phát hiện một tài khoản Twitter chuyên đăng tin giả về tình trạng an ninh ngân hàng, mình báo ngay rồi.",22
"Chào anh, em bên công ty chứng khoán VNDIRECT, em gọi thông báo cho anh về buổi nhận định thị trường sáng mai.",22
"Mẹ ơi con dặn mẹ, không bao giờ nhấp vào link trong các tin nhắn lạ, đó là cách chúng cài mã độc vào máy đó.",22
"Chào bạn, mình là shipper của hãng Best Express, đơn hàng của bạn đã tới nơi, bạn vui lòng ra lấy nhé.",22
"Anh ơi, em đã thanh toán tiền đóng quỹ lớp cho bé vào tài khoản của hội phụ huynh rồi, anh xem xác nhận giúp em.",22
"Tôi muốn hỏi về thủ tục đổi giấy phép lái xe khi đã hết hạn, tôi có thể làm trực tuyến hay phải đến trực tiếp sở GTVT?",22
"Alo chị, em là nhân viên bưu điện thành phố, có thiệp chúc mừng sinh nhật từ bạn bè ở quê gửi tới cho chị.",22
"Chào bạn, mình là nhân viên hỗ trợ của ứng dụng Loship, đơn hàng của bạn đã giao xong cho shipper khác vì bạn không nghe máy.",22
"Mẹ ơi đừng tin mấy đứa gọi điện bảo trúng thưởng điện thoại iPhone 15 nhé, không ai cho không cái gì đâu mẹ.",22
"Tôi muốn đăng ký nhận cảnh báo từ cục an toàn thông tin về các loại mã độc mới, tôi cần đăng ký ở website nào?",22
"Alo bạn, mình vừa bị lừa 200k tiền cọc mua hàng online, mình chia sẻ để mọi người tránh cái tài khoản lừa đảo đó ra.",22
"Chào anh, em là nhân viên tư vấn của ngân hàng HD Bank, em gọi mời anh mở thẻ tín dụng cashback cho gia đình mình.",22
"Bố ơi đừng tin mấy cái tin nhắn bảo trúng thưởng vàng từ tổng đài viễn thông nhé, toàn là tin nhắn rác lừa đảo thôi.",22
"Tôi muốn khiếu nại về việc bị người lạ dùng thông tin CCCD của mình để đăng ký sim rác, tôi phải báo cho ai?",22
"Alo bạn, mình vừa đọc bài viết của Bộ Công an về việc tuyệt đối không cung cấp thông tin sinh trắc học qua mạng, bạn chú ý nhé.",22
"Chào chị, em là nhân viên chăm sóc khách hàng của Itel, gói cước ưu đãi của chị đang chạy rất tốt, chị có muốn tiếp tục không?",22
"Mẹ ơi đừng có tham gia mấy cái hội nhóm góp vốn nhàn rỗi trên Telegram nhé, toàn là bọn lừa đảo tiền ảo đấy mẹ.",22
Tôi muốn tra cứu xem số điện thoại của mình có đang bị đối tượng xấu lợi dụng để đăng ký tài khoản rác hay không?,22
"Alo bạn, mình mới cài được cái app chặn cuộc gọi rác hay lắm, mình gửi link cho bạn cài thử để tránh bị làm phiền nhé.",22
"Chào anh, em bên công ty tài chính FE Credit, anh cho em hỏi anh có nhu cầu vay vốn để mua đồ gia dụng không ạ?",22
"Mẹ ơi đừng tin mấy cái website làm đẹp rồi bắt đặt cọc giữ chỗ trước nhé, toàn là nơi lừa đảo tiền bạc thôi đó mẹ.",22
Tôi muốn đăng ký nhận tin nhắn thông báo thay đổi số dư qua ứng dụng thay vì SMS để tiết kiệm chi phí và an toàn hơn.,22
"Alo bạn, mình vừa bị mất tài khoản Telegram vì bấm vào link trúng thưởng, mọi người hãy cẩn thận đừng như mình nhé.",22
"Chào anh, em là nhân viên kỹ thuật của CMC Telecom, em gọi hỗ trợ anh xử lý lỗi rớt mạng internet theo yêu cầu ạ.",22
"Mẹ ơi con đang đi trực đêm ở bệnh viện, mạng hơi chập chờn nên con nhắn tin báo mẹ yên tâm, mai con mới về sớm.",22
"Chào bạn, mình là shipper của hãng J&T, đơn hàng quần áo của bạn hết 300k, mình đang ở sảnh tòa nhà của bạn rồi.",22
"Anh ơi, em vừa thanh toán tiền mua sách giáo khoa cho các con qua MoMo rồi, anh kiểm tra xem nhận được tiền chưa.",22
"Tôi muốn hỏi về quy trình đổi thẻ căn cước công dân gắn chip khi thông tin cá nhân có sự thay đổi, thủ tục làm ở đâu?",22
"Alo bạn, mình thấy cái web này đang yêu cầu nhập mã OTP ngân hàng để đổi quà tặng VinID, m tuyệt đối đừng nhập nhé.",22
"Chào chị, em bên công ty bảo hiểm Hanwha Life, em gọi thông báo lịch đóng phí bảo hiểm kỳ tới của gia đình chị ạ.",22
"Mẹ ơi đừng tin mấy cái tin nhắn giới thiệu việc làm tại nhà lương cao của Amazon nhé, toàn là lừa đảo nạp tiền thôi.",22
"Tôi muốn đăng ký thẻ thành viên của rạp chiếu phim CGV, tôi có thể đăng ký nhanh qua ứng dụng trên điện thoại không?",22
"Alo bạn, mình vừa thấy một trang Facebook giả danh một nghệ sĩ nổi tiếng để kêu gọi từ thiện, m nhớ báo cáo nó nhé.",22
"Chào anh, em là nhân viên hỗ trợ của Grab, em gọi giải đáp thắc mắc của anh về việc hoàn tiền đơn hàng GrabFood bị thiếu.",22
"Dạ alo tôi là công an thành phố, chúng tôi phát hiện số điện thoại của anh dính líu đến vụ án rửa tiền xuyên quốc gia.",0
"Chào bạn, mình là shipper, bạn có đơn hàng quà tặng trúng thưởng SH, vui lòng chuyển phí vận chuyển 500k vào số tài khoản này.",11
"Alo mẹ ơi con bị tai nạn đang cấp cứu ở bệnh viện X, bác sĩ bảo cần 20 triệu mổ gấp, mẹ chuyển khoản vào stk bác sĩ này đi.",4
"Tài khoản ngân hàng của bạn đang bị khóa do vi phạm, vui lòng nhấp vào link vietcombank-online.com để xác nhận OTP ngay.",16
"Chúc mừng bạn trúng voucher 100 triệu từ Shopee, hãy cài đặt ứng dụng tri-an-khach-hang.apk để nhận thưởng.",18
"Chào anh, em là nhân viên điện lực, anh đang nợ tiền điện 3 tháng, nếu không thanh toán vào link này ngay sẽ bị cắt điện.",1
"Công an giao thông thông báo bạn có biên lai phạt nguội 5 triệu đồng, yêu cầu truy cập link dvc-chinhphu.apk này để nộp phạt.",0
"Tôi là cán bộ BHXH, hồ sơ của bạn bị lỗi, bạn cần tải app cập nhật thông tin này về điện thoại để không bị mất lương hưu.",5
"Chào bạn, mình gọi từ tổng đài hỗ trợ đăng ký VNeID, bạn hãy tải file này về điện thoại để kích hoạt mức 2 ngay lập tức nhé.",1
"Vietcombank thông báo tài khoản của bạn đang có giao dịch đáng ngờ, hãy nhấp vào link dưới đây để xác minh và bảo vệ tiền.",4
"Chào chị, em là nhân viên bưu điện, có kiện hàng quà quốc tế trị giá 5000 USD gửi cho chị, chị cần thanh toán phí hải quan 10 triệu để nhận.",8
"Bố ơi con là Hải đây, con vừa gây tai nạn chết người ở Sài Gòn, người nhà họ bắt đền 100 triệu mới tha, bố chuyển gấp giúp con với.",4
"Chào anh, tôi là đại diện cơ quan điều tra, anh đang có quyết định khởi tố hình sự, yêu cầu anh hợp tác và chuyển tiền vào tài khoản lưu giữ.",0
"Chúc mừng bạn là khách hàng may mắn nhận được kỳ nghỉ dưỡng 5 sao miễn phí, hãy cung cấp mã OTP gửi về máy để hoàn tất thủ tục.",18
"Chào bạn, mảng tuyển dụng Tik-Tok cần nhân viên cày like, thu nhập 1 triệu mỗi ngày, hãy bấm vào link Telegram này để nhận việc.",12
"VietinBank thông báo bạn đã trúng thưởng chương trình quay số, hãy nhấn vào đường dẫn sau để nhận 50 triệu đồng tiền thưởng.",18
"Chào anh, tôi là bác sĩ bệnh viện Việt Đức, con trai anh vừa bị ngã gãy cổ, tình trạng rất nguy kịch cần 50 triệu tạm ứng mổ ngay.",4
"Chào chị, em là nhân viên ngân hàng BIDV, thẻ ATM của chị bị lỗi bảo mật, chị hãy đọc mã OTP gửi tới máy chị để em mở lại thẻ.",4
"Alo, quý khách đang có một số nợ cước điện thoại quá hạn 10 triệu đồng, vui lòng nhấn phím 9 để gặp cán bộ thu hồi nợ của công an.",0
"Chúc mừng fanpage đã chọn bạn làm người thắng cuộc phần quà iPhone 15, hãy trả phí thuế 1 triệu vào stk cá nhân này để ship hàng.",18
"Chào bạn, tôi là chuyên gia sàn chứng khoán quốc tế, chúng tôi cam kết lợi nhuận 300% mỗi tuần, hãy nạp 10 triệu để bắt đầu ngay.",12
"Chào anh, thẻ căn cước của anh bị kẻ xấu lợi dụng để vay nợ, yêu cầu anh cài đặt ứng dụng kiểm tra bảo mật này để cơ quan công an xử lý.",1
"Chào bạn, bạn có bưu kiện bị kẹt tại hải quan do nghi ngờ chứa hàng cấm, bạn phải nộp tiền phạt 20 triệu để không bị truy cứu hình sự.",8
"Chào chị, em gọi từ ZaloPay, tài khoản của chị đang bị treo 2 triệu đồng, chị hãy đọc mật khẩu đăng nhập để em mở khóa giúp.",4
"Chào anh, tôi là trung úy công an quận đây, anh có liên quan đến đường dây mua bán ma túy, yêu cầu anh giữ bí mật và thực hiện lệnh chuyển tiền.",0
"Chào bạn, sàn thương mại điện tử Tiki tặng bạn món quà tri ấn, hãy nhấp vào link này và điền thông tin ngân hàng để nhận quà.",18
"Alo con ơi ba bị tai nạn nặng lắm đang nằm viện Bạch Mai, bác sĩ bảo mẹ chuyển gấp 30 triệu vào stk này để đóng viện phí mổ.",4
"Chào chị, em là nhân viên ngân hàng Maritime Bank, chúng tôi nâng hạn mức thẻ cho chị, chị vui lòng quét mã QR này để xác nhận thông tin.",4
"Chào anh, tôi gọi từ cơ quan quản lý mạng, tài khoản mạng xã hội của anh đang vi phạm pháp luật, anh hãy cung cấp mã OTP để chúng tôi kiểm tra.",1
"Chúc mừng bạn trúng giải nhất kỳ quay số trúng thưởng Viettel, hãy chuyển khoản 2 triệu tiền phí hồ sơ để nhận 1 tỷ đồng tiền mặt.",18
"Chào bạn, công việc làm thêm tại nhà chỉ cần click quảng cáo trên YouTube, lương 500k mỗi ngày, hãy nộp phí 300k làm hồ sơ nhé.",12
"Chào anh, tôi là cán bộ tòa án, anh có đơn kiện về việc nợ tiền ngân hàng, yêu cầu anh nộp tiền bảo lãnh vào tài khoản của tòa án này.",0
"Chào chị, bưu phẩm từ Mỹ gửi về đang bị kẹt sân bay Nội Bài, chị cần thanh toán 5 triệu tiền thuế nhập khẩu vào tài khoản này để lấy hàng.",8
"Chào anh, tôi là nhân viên ngân hàng Agribank, tài khoản của anh bị tạm khóa, anh hãy nhấp vào link agribank-portal.xyz để mở lại nha.",4
"Chào bạn, đây là thông báo từ Google, tài khoản của bạn bị xâm nhập, hãy nhấp vào link sau và nhập mật khẩu mới để bảo mật tài khoản.",3
"Chào chị, em là giáo viên mầm non, bé nhà mình bị ngã đập đầu chảy máu nhiều lắm, em đang đưa bé đi cấp cứu, chị chuyển khoản 15 triệu viện phí.",4
"Chào anh, tôi gọi từ bộ phận thu hồi nợ xấu, anh đang nợ 50 triệu tiền vay tín dụng, yêu cầu anh thanh toán ngay vào link nộp tiền này.",1
"Chào bạn, fanpage chính thức của Coca-Cola tặng bạn xe máy Vision, hãy nạp thẻ điện thoại 500k để làm thủ tục nhận giải thưởng nhé.",18
"Chào chị, em là chuyên gia đầu tư tiền ảo, nạp 1 lố sẽ thu được 10 lố trong 2 ngày, hãy chuyển tiền vào ví cá nhân của em để em đánh giúp.",12
"Chào anh, tôi gọi từ cơ quan công an, anh bị nghi ngờ trốn thuế, yêu cầu anh chuyển toàn bộ số tiền hiện có sang tài khoản tạm giữ để đối soát.",0
"Chào bạn, kiện hàng quà biếu của bạn từ nước ngoài bị phát hiện có tiền mặt số lượng lớn, bạn phải nộp phạt 50 triệu để không bị tịch thu.",8
"Chào chị, em gọi từ tổng đài Shopee, tài khoản của chị bị khóa do có khiếu nại, chị hãy đăng nhập vào link shopee-verification.me để xử lý.",4
"Chào anh, tôi là trung tá công an đây, lệnh bắt tạm giam anh đã được ký, nếu muốn được tại ngoại thì hãy chuyển 100 triệu tiền ký quỹ.",0
"Chào bạn, tuyển cộng tác viên xử lý đơn hàng trên Lazada, hoa hồng 20% mỗi đơn, hãy nạp tiền vào app để nhận nhiệm vụ đầu tiên.",12
"Chào chị, con gái chị bị ngộ độc thực phẩm nặng đang rửa ruột tại bệnh viện nhi, viện phí hết 20 triệu chị chuyển gấp giúp em.",4
"Chào anh, em là nhân viên hỗ trợ VNeID, anh hãy cài đặt ứng dụng bo-cong-an.apk này để đồng bộ hóa dữ liệu căn cước mức 2 nhé.",1
"Chào bạn, ngân hàng TPBank thông báo bạn nhận được khoản vay 100 triệu không lãi suất, hãy nhấp vào link này và cung cấp OTP để nhận tiền.",4
"Chào chị, em gọi hỗ trợ rút tiền từ bảo hiểm bảo hiểm xã hội 1 lần qua mạng, chị hãy chuyển khoản cho em 2 triệu phí hồ sơ nhé.",5
"Chào anh, tôi gọi từ cục điều tra tội phạm công nghệ cao, CCCD của anh đang dính đến rửa tiền, yêu cầu anh cung cấp mã xác nhận SMS cho tôi.",1
"Chào bạn, quà tặng 0 đồng từ TikTok, hãy điền thông tin tài khoản ngân hàng và mã OTP vào đây để chúng tôi gửi hàng hỏa tốc cho bạn.",18
"Alo mẹ ơi con đây, con vừa ra cái cổng công an phường làm cái VNeID mà đông kinh khủng, xếp hàng dài dằng dặc mẹ ạ.",22
"Bà ơi bà vào đây cháu chỉ cho bà cách dùng cái app VNeID trên điện thoại nhé, đơn giản lắm ấy mà bà.",22
"Cậu ơi cậu có biết hôm qua ở phường mình có buổi tuyên truyền phòng chống lừa đảo của bên công an không, hay lắm cậu ạ.",22
"Mẹ ơi con bảo mẹ nhé, mẹ cứ ra đúng chi nhánh Vietcombank trên phố Bà Triệu ấy, nhân viên người ta tốt lắm mẹ ạ.",22
"Ông ơi cháu bảo ông, đừng có nghe điện thoại số lạ nhé ông, dạo này bọn giả danh công an lừa đảo ghê lắm đấy.",22
"Em ơi chị hỏi tí, em có biết cái thủ tục rút bảo hiểm xã hội một lần ấy phải mang giấy tờ gì không hả em.",22
"Anh Hùng ơi anh bảo em với, bên ngân hàng BIDV nó yêu cầu cập nhật sinh trắc học thì phải ra quầy hay làm trên app được anh.",22
"Thằng Tuấn ơi tao kể mày nghe, hôm qua tao suýt bị lừa mất năm chục triệu vì cái đứa giả danh nhân viên VietinBank đấy mày.",22
"Bạn ơi tớ hỏi tí, tớ vừa nhận cuộc gọi từ số lạ nói là công an thành phố, tớ cúp luôn rồi vì biết đó là lừa đảo mà.",22
"Cô ơi con là Hoa ở xóm trên đây cô, con gọi hỏi thăm cô có khỏe không thôi ạ, dạo này cô uống thuốc đều chưa cô.",22
"Alo anh Thắng ơi, anh chuyển khoản tiền hùn vốn mở quán cà phê vào tài khoản tôi đi nhé, tôi gửi số thẻ Techcombank cho anh.",22
"Bác ơi bác gái nhà con đang ở phường làm căn cước gắn chip nhé, bác bảo bác gái nhớ mang ảnh ba nhân bốn sáu nhé.",22
"Chị Hằng ơi, số điện thoại đường dây nóng chống lừa đảo của Bộ Công an ấy chị lưu lại chưa, cần lắm đấy chị.",22
"Alo thầy giáo ơi, em là Minh đây ạ, em gọi hỏi thầy bài tập về nhà hôm nay thôi ạ, em chưa hiểu phần số ba ạ.",22
"Mày ơi tao kể chuyện cười cho mày nghe nhé, hôm qua có đứa gọi điện tự xưng là tòa án gọi cho bà tao, bà tao chửi cho một trận chạy mất dép ấy.",22
"Ông nội ơi cháu dặn ông nhé, đừng có đọc mã OTP cho ai gọi điện hỏi nhé ông, dù họ nói gì cũng đừng đọc nhé.",22
"Alo dì ơi con đây, con gọi nhắc dì nhớ chuyển tiền phụ đám cưới con chú Tư vào tuần sau nhé dì, năm trăm nghìn thôi ạ.",22
"Chào bác, tiệm thuốc An Khang bên này thông báo thuốc bác đặt đã có rồi ạ, bác tiện qua lấy hoặc bảo con dâu qua lấy giúp nhé.",22
"O ơi con gọi thăm o thôi nè, dạo ni o khỏe không, ba con dặn con nhớ gọi điện hỏi thăm o hàng tuần.",22
"Bà ơi, cháu vừa ra cái phường mần cái VNeID mà hôm ni đông chi lạ rứa, cháu phải ngồi đợi cả buổi mới xong bà nờ.",22
"Chú Tám ơi, hôm qua o con gọi cho chú bảo tụi nó lừa đảo giả danh công an gọi cho o xin tiền, o nói dừ chưa chú hỉ.",22
"Anh ơi anh biết không, bệnh viện huyện mình chừ họ liên kết với bảo hiểm y tế qua cái app rồi, tiện lắm anh nờ.",22
"O Bảy ơi, con nhờ o ghi lại số đường dây nóng chống lừa đảo của bên công an đặng phòng khi ai gọi lạ thì biết mà báo ngay tề.",22
"Mẹ ơi con dặn mẹ, mấy cái tin nhắn trúng thưởng trên Zalo là tụi lừa đảo hết đó mẹ nờ, đừng có bấm vô mà mất tiền.",22
"Chú ơi, cháu đang mần đề tài về tội phạm lừa đảo cho trường đại học nì, chú có tài liệu chi cho cháu mượn tham khảo được không chú.",22
"Dạ thầy ơi em là Linh lớp mười hai A ni, em gọi hỏi thầy về bài kiểm tra hôm qua thôi ạ, em có mấy chỗ chưa hiểu thầy ạ.",22
"Bạn ơi, bạn có biết cái cổng dịch vụ công quốc gia chính thức là trang mô không, mình sợ vô nhầm trang giả mạo lắm bạn nờ.",22
"O ơi cái thùng quà mà chú từ Mỹ gửi về là bưu điện họ giao tận nhà o ạ, không phải nộp thêm khoản phí chi hết, o đừng lo.",22
"Dì ơi, cái vụ cập nhật thông tin SIM chính chủ ấy thì dì cứ ra thẳng cửa hàng Viettel đường Lê Lợi mà mần, họ miễn phí mà dì nờ.",22
"Tau nói cho mi nghe, bữa qua tau nhận cuộc gọi lạ nói tau liên quan vụ án ma túy chi đó, tau biết là bọn lừa đảo nên tau cúp luôn.",22
"Mạ ơi con bên ni nè, con gọi dặn mạ đừng có chuyển khoản cho ai gọi bảo con bị tai nạn nghe mạ, con vẫn khỏe re.",22
"Má ơi con đây nè, con vừa đi ngân hàng Agribank dưới huyện làm thẻ ATM mới rồi, thủ tục nhanh lắm má ơi.",22
"Ba ơi con gọi hỏi thăm ba thôi nè, ba uống thuốc đều đặn chưa, tháng ni con chuyển tiền về cho ba mua thêm thuốc nghen ba.",22
"Chị Hai ơi, bữa hôm em đi ra công an phường làm thủ tục trình báo mất xe đạp ấy, cán bộ người ta giúp nhiệt tình lắm chị.",22
"Anh Tư ơi, mấy hội nhóm trên Facebook bảo đầu tư chứng khoán lời bự chảng đó toàn là bọn lừa đảo hết nghen anh, đừng tin.",22
"Cô Năm ơi, tụi con đang quyên góp tiền từ thiện mua gạo cho bà con vùng lũ miền Tây, cô muốn đóng góp thì chuyển vô tài khoản hội chữ thập đỏ phường mình nghen cô.",22
"Dạ thưa chú, em là nhân viên bên điện lực khu vực mình, em gọi thông báo lịch cắt điện ngày mai từ tám giờ tới mười hai giờ để bảo trì nghen chú.",22
"Alo ông ngoại ơi, cháu là Bảo đây nè, cháu gọi khoe ông cháu được học sinh giỏi nè, ông vui hông ông ngoại.",22
"Má ơi dạo ni bọn lừa đảo tụi nó hay giả danh nhân viên ngân hàng gọi hỏi mã OTP lắm, má đừng có đọc cho ai hết nghen.",22
"Chị Ba ơi, em chuyển khoản tiền mừng đám cưới con chị vô MoMo rồi đó nghen, chị check thử coi tiền dô chưa chị.",22
"Bác Sáu ơi, cái SIM điện thoại của bác hổng có bị khóa đâu bác, tụi nó gọi bảo bác khai báo thông tin là bọn lừa đảo đó bác ơi.",22
"Alo anh Bảy ơi, em là shipper GHN nè, em đang ở cổng nhà anh rồi, đơn hàng quần áo của anh hai trăm ngàn, anh ra nhận giùm em nghen.",22
"Ngoại ơi cháu nè, cháu dặn ngoại đừng có bấm vô mấy cái đường link lạ trong tin nhắn nghen ngoại, đó là bẫy của tụi xấu đó.",22
"Ông Hai ơi, cái app VNeID ấy ông vô CH Play tải về cài thôi nghen, đừng có bấm vô link người lạ gửi mà bị cài mã độc đó ông.",22
"Thằng Tý ơi tao kể mày nghe, hồi bữa bà ngoại tao nhận cuộc gọi giả danh Viện kiểm sát, bả nhanh trí cúp máy gọi cho tao liền luôn.",22
"Cô Ba ơi tụi con chia sẻ kinh nghiệm nè, nếu ai gọi video call xin tiền gấp mà sóng yếu giật giật thì chắc chắn là deepfake đó cô.",22
"Dạ alo tôi là cán bộ công an tỉnh, số CCCD của anh dính vào đường dây rửa tiền hàng trăm tỷ, anh phải hợp tác bí mật với chúng tôi ngay.",0
"Tui là trung tá công an huyện nờ, CCCD của o đang dính vô vụ án buôn bán ma túy xuyên biên giới. O không chuyển tiền vô tài khoản lưu kí của viện kiểm sát là tui ra lệnh bắt tạm giam liền đó nghe.",0
"Chào chị, đây là cảnh sát hình sự đây, tài khoản ngân hàng của chị đang bị nghi ngờ tiếp tay cho đường dây lừa đảo quốc tế. Chị phải chuyển toàn bộ tiền trong tài khoản sang tài khoản bảo lãnh của bên mình đặng xác minh.",0
"Tao là điều tra viên Bộ Công an nghen mậy, thẻ căn cước của mày bị bọn tội phạm dùng mở tài khoản rửa tiền. Mày không muốn bị truy tố thì mau chuyển khoản toàn bộ tiền sang tài khoản kiểm tra của tao lẹ đi.",0
"Chừ mi nghe tau nói rõ đây nờ, CCCD của mi đang dính vô cái vụ án lớn bên Trung Quốc. Nếu mi không hợp tác chuyển tiền vô tài khoản phong tỏa của tua án thì ngày mai tau ký lệnh bắt khẩn cấp liền.",0
"Chào anh, anh cập nhật ngay phiên bản mới của VNeID tại đường link bo-cong-an.vn.apk để không bị khóa tài khoản định danh mức hai của anh nhé.",1
"Em bên tổng cục thuế nì, anh phải tải cái file eTax-capnhat.apk ni vô máy đi đặng bên em đồng bộ mã số thuế cá nhân cho anh, không là bị phạt chậm nộp đó nờ.",1
"Cưng ơi bên nhà mạng bảo SIM cưng chưa chuẩn hóa thông tin, cưng bấm vô cái link ni tải app xác thực đặng hổng bị khóa số nghen.",1
"Dạ chị ơi, thẻ tín dụng của chị vừa bị giao dịch lạ mười lăm triệu đồng ở nước ngoài. Chị đọc ngay mã OTP gửi về máy chị cho em để em khóa thẻ kịp thời.",4
"Chú ơi, tài khoản ngân hàng của chú đang bị khóa tạm thời do phát hiện giao dịch đáng ngờ. Chú bấm vô link vietcombank-secure.xyz ni đặng xác minh danh tính mà mở khóa lại nờ.",4
"Thẻ ATM của anh bị lỗi hệ thống rồi anh ơi, anh quẹt quét cái mã QR ni đặng em bên ngân hàng reset lại thẻ cho anh xài tiếp nghen.",4
"Mẹ ơi con bị tai nạn đang nằm cấp cứu ở bệnh viện Bạch Mai, bác sĩ nói phải mổ gấp, mẹ chuyển ngay ba mươi triệu vào số tài khoản bác sĩ này đi mẹ ơi.",4
"Mạ ơi con bị tụi nó đánh nằm viện, con đau lắm mạ ơi, mạ chuyển gấp hai mươi triệu vô số thẻ ni đặng bác sĩ mổ cho con ngay chừ mạ nờ.",4
"Ba ơi con đang bị nhốt ở Campuchia, tụi nó bắt con làm việc, ba chuyển năm mươi triệu vô tài khoản ni đặng chuộc con về, nhanh lên ba ơi.",5
"alo tuj nè bị can hs báo tao dính đường dây rửa tìn, đòj đóng 50 củ bảo lãnh, trầm cảm thjệc",0
ê bồ t t.a.j n.a.n cmnr h mạng lag 4g gọj tậm tịt vl ck mượn 50 chjệu chữa gấp m ơjj SOS!!,9
"Tới tháng săn sale shopee r, đợt này chốt đơn cái áo khoác sướng ghê không tốn phí ship",22
t giao tiktok xốp đây chế vắng nhà t quăng qa rào nha chế up lên momo t,11
"ủa ml bưu điẹn bắt đóng thếu mới đưa hộp đt, share vid tiền thuế dô link này dùm t vs, chằm zn",8
"tk m b bank của t bay màu gòi, báo xác minh nhận diện rửa tiền gì nè, m bomp t cái mã cứu vớt coi",4
giao ktx nha 1 củ thu hộ 200k ai chà quên nhấp dô nha fen clm,11
m boom hàng xọp pi tớ block cm m h share vid 50k hoàn ship zo stb này đi ml bất ổn,11
"alo tui nè gọi thay mặt quỹ lũ lụt miền trung, ae đóng mạng nhện vô stk cá nhân t để cứu đói kịp thời nha khum",6
"chời ơi gọi thay mặt quỹ lũ lụt miền trung, ae up lên vô stk cá nhân t để cứu đói kịp thời nha chết trôi",6
nhắn sms brandname trúng sh mà bắt đóng v.a.t 5cu clm mãj keo,18
"chời ơi bị can hs báo tao dính đường dây rửa tìn, đòi đóng 50 củ bảo lãnh, clm thiệc",0
"đ.ị.t cái c.a.n nó bế tao lên phường vì tội buôn ma túy ảo, ck 100 trịu cứu tao ròi t ck trả",0
các chú ơi ủa trúng air bờ rô mắc shopee gòi nè ck t 2 củ thuế t lụm về xài giùm cho kkk chằm zn,18
"nhóm thiện nguyện khẩn báo: bé mèo nhà e bị xe tông k có tiền mổ, 500ae donate momo cho bé đi hảo",6
Nhỏ em t đi xe đạp bị tông trầy xước chút xíu chảy máu mà làm quá trời,22
"m trade coin sàn phông bạt này ez 100%, nạp margin 1 tỷ usd cho tới nóc zậy ba",12
"m trade coin sàn phông bạt này ez 100%, nạp margin 1 tỷ usd cho tới nóc ảo ma canada",12
"ba m bị đột quỵ té xe chở thẳng vjện rồj, bác sĩ kêu đóng tjền ứng 20 trịu lẹ đj, kjểu dị",9
thằng a t bị chém toe toét mặt máu me wé c.k t 5 cu vào viện gấp pa vl,9
"Trường đang phát động phong trào ủng hộ đồng bào bão lụt, thầy giáo gửi 50k vào quỹ của lớp nhé",22
alo tui nè cày view tóp tóp 1 ngày lụm 5 củ cho phẻ mắc mớ đi làm chi ét ô ét,12
"nhóm thiện nguyện khẩn báo: bé mèo nhà e bị xe tông k có tiền mổ, 500ae donate momo cho bé đi vãi chưởng",6
hải quan san bay bảo quà sinh nhất của bé bị giữ r m c.k nộp phạt dùm t iu m rớt nước mắt,8
"bé ơi mới bị c0ng 4n gt bắt p.h.a.t ng.u.o.i 5 triệu m ơi, chuyển nha t đóng lẹ khum nó giam xe, tới công chuyện",0
"cay đỏ zé lun b.h.x.h hết hạn r, m c.k t 5 trăm lo lót dùm t trc đj m xu cà na",5
"Hệ thống ngân hàng đang bảo trì nên t không nhận được mã otp, tí nữa t chuyển tìn lại cho",22
cay đỏ zé lun ủa trúng air bờ rô mắc shopee gòi nè ck t 2 củ thuế t lụm về xài giùm cho kkk ác ỏ,18
t trúng voucher qd c.a chốt don nap 1 ly tsua m c.k tao di,18
"pác ơi mới bị c0ng 4n gt bắt p.h.a.t ng.u.o.i 5 triệu m ơi, ck t đóng lẹ khum nó giam xe, ảo thật đấy",0
"sổ b'h'x'h phông bạt thui t rút hết sạch r, click l.i.n.k tao gửi để bùng bhxh nè",5
ê bồ t t.a.i n.a.n cmnr h mạng lag 4g gọi tậm tịt vl up lên mượn 50 chiệu chữa gấp m ơii SOS!!,9
"đại diện hội chữ thập đỏ xã nè, bà con c.k zô quỹ chó mèo của t đây nè để cứu đói mãi keo",6
"trời đựu đơn chà neo hải quan bắt mnl rồi m ơiii, ck 5 cu đóng thuế rước vià xu cà na",8
"bưu đện gọi kêu quà tây bị kẹt gì đó, t kêu m nộp dùm tau 1 củ ship sao khum nạp m xu cà na",8
anh gì đó ơj ủa trúng ajr bờ rô mắc shopee gòj nè ck t 2 củ thuế t lụm về xàj gjùm cho kkk zậy ba,18
"việc nhẹ lương cao cày like youtube thôi k cọc k l.ừa d.ả.o, nộp nhiệm vụ cho n.v.tổng trầm cảm",12
hải quan san bay bảo quà sinh nhất của bé bị giữ r m c.k nộp phạt dùm t iu m bất ổn,8
"Chào em, dạo này công việc ổn không em? Anh là Minh bạn anh Hùng đây, bữa tết đến chơi nhà em đó nhớ không? Nhắc mới nhớ, nãy Hùng đi đường bị quẹt xe đang nằm cấp cứu ở chợ Rẫy. Em xoay đỡ cho anh mượn tạm c.k. cho anh 5 tr.i.e.u đóng viện phí nhé, tí chiều anh ra ngân hàng rút trả em luôn.",0
bạn t bảo cày view tóp tóp 1 ngày lụm 5 củ cho phẻ mắc mớ đi làm chi gô gô,12
"tưởng sao bưu đjẹn bắt đóng thếu mớj đưa hộp đt, bay màu tjền thuế dô ljnk này dùm t vs, chằm zn",8
đầu tư f.o.r.e.x cmnr nạp vô sàn fx fake này quất 5 cu lãi ngay chục tr nè zậy ba,12
thằng a t bị chém toe toét mặt máu me wé c.k t 5 cu vào viện gấp pa ét ô ét,9
"clm tự nhiên viet c0mbank nó báo thẻ bị trừ 20 củ 1 dọc, m xem lấy otp huỷ d.c.m.m bố khỉ",4
"NHNN ép t liên kết momo để lụm gói hộ trợ covid kìa tới công chuyện, đọc t mã xác thực bế đi",4
"chùa đang kêu gọj chúng sanh quyên tjền xây tượng phật, share mạnh momo cá nhân thầy đj đc phước ét ô ét",6
"Hôm rày đi đá banh t bị tai nạn gãy chân đang nằm viện nè, chủ nhật ba rảnh vào thăm t nha",22
"pác ơi gọi thay mặt quỹ lũ lụt miền trung, ae c.k vô stk cá nhân t để cứu đói kịp thời nha ét ô ét",6
"Đọc báo thấy vụ tai nạn liên hoàn trên cao tốc sợ quá, công ty đi đường cẩn thận nhé",22
"chúc mừng thím lụm cái tivi sô ni to chà bá, boom phí vận chuyển 5 chục thui nhà đèn trả ship",18
"tiền tử tuất của vợ m đc duyệt r đó ngưng khóc nha clm, bế đi tiền hồ sơ trước ik t duyệt",5
"Đoàn thanh niên phường mình tổ chức nấu cháo từ thiện tại bệnh viện nhi đồng đó, m tham gia không?",22
"alo tui nè b.h.x.h hết hạn r, m c.k t 5 trăm lo lót dùm t trc đi m ảo ma canada",5
"trời đựu b.h.x.h hết hạn r, m c.k t 5 trăm lo lót dùm t trc đi m trầm cảm",5
"T qua ngã tư bị cảnh sát giao thông vẫy vào thổi nồng độ cồn, hên quá nãy chỉ uống coca",22
t gjao tjktok xốp đây chế vắng nhà t quăng qa rào nha chế bank momo t,11
SOS cày view tóp tóp 1 ngày lụm 5 củ cho phẻ mắc mớ đi làm chi vl,12
"chời ơi thương xót bé ung thư máu giai đoạn cuối c.k mạnh vô stk 12344 trại nhi này lẹ lên m, rớt nước mắt",6
"đ.ị.t cáj vjet c0mbank nó báo thẻ bị trừ 20 củ 1 dọc, m xem lấy otp huỷ d.c.m.m chết trôj",4
"c0ng an phường ép t cắt hk, đòi t up lên 5 xị lo lót gô gô m",0
"ba m bị đột quỵ té xe chở thẳng viện rùi, bác sĩ kêu đóng tiền ứng 20 trịu lẹ đi, phông bạt",9
"can phường ép cài v n e i d lỗi tùm lum, gọi video share màn cho tao chỉnh, ảo ma canada",1
"ê nghe t nói nè c.4.n g.t gọi t kêu t lách luật phạt nguội, c.k ngân hàng 2 củ nó bỏ qua, dcmm",0
xin chào anh chị tôi là cán bộ tư pháp phường theo quy định mới từ ngày mồng một tháng bảy năm hai nghìn không trăm hai mươi lăm thông tin địa giới hành chính trên ứng dụng VNeID sẽ được cập nhật tự động tuy nhiên hệ thống ghi nhận tài khoản VNeID của anh chị chưa được đồng bộ định danh điện tử,1
gjao ktx nha 1 củ thu hộ 200k aj chà quên lụm nha fen đù má,11
"ê m ơi tiền bảo hiẻm thât nghiep có r nè, xộ khám t cọc 2 củ tiền thuế phí hồ sơ là giải ngân lẹ",5
"c0ng an phường ép t cắt hk, đòi t phang 5 xị lo lót trời độ m",0
"đại diện hội chữ thập đỏ xã nè, bà con c.k zô quỹ chó mèo của t đây nè để cứu đói phông bạt",6
"HQ gọi t bảo buôn ma tuy m ơi cứu khum, nó đòi c.k 10 chim bảo lãnh j kìa",8
thằng a t bị chém toe toét mặt máu me wé c.k t 5 cu vào viện gấp pa ác ỏ,9
"Ê nay sinh nhật t, mua giùm t cái bánh kem đi, nãy t bank thẳng 500k qa stk m rồi đó, check đi",22
"Đọc báo thấy vụ tai nạn liên hoàn trên cao tốc sợ quá, chồng đi đường cẩn thận nhé",22
"Mẹ ơi ra ủy ban nhân dân làm định danh điện tử đi, người ta bắt buộc đó",22
cam đt hư gọi vid mờ ảo tao mượn gấp 5 củ trả tìn nợ giang hồ r t ra đi luôn ảo ma canada,9
cay đỏ zé lun shjpper fake gọj đòj phí 20k bố share momo hoá ra scam cay gô gô,11
app v.c.b digibank fake này nhận ngay 5 chục m ơi ngon ơ xu cà na,4
các chú ơi đang cúp điện khum wifi t gọi deepfake đụng xe m ck t 1 tr đóng tiền đền lẹ vãi chưởng,9
Chút nữa mẹ tải app agribank về xong ra quầy định danh rồi lấy mã otp cài vô máy nha,22
"SOS bị can hs báo tao dính đường dây rửa tìn, đòi đóng 50 củ bảo lãnh, mãi keo thiệc",0
nhan dc li xi zl nạp vip 5 xị rut ra duoc 5 chẹo mn lam theo em ik hihi phông bạt,18
ê ơi mày có rảnh không tao đang gọi video cho mày nè tao vừa bị tai nạn chạm xe ngoài đường đang nằm viện cấp cứu bệnh viện bắt đóng tiền tạm ứng năm triệu mới cho mổ mà tao không có ai ở đây,9
"can phường ép cài v n e i d lỗi tùm lum, gọi video share màn cho tao chỉnh, bố khỉ",1
hải quan san bay bảo quà sinh nhất của bé bị giữ r m c.k nộp phạt dùm t iu m clm,8
"mua hàng mà cod đm bắt c.k truoc hả ba, share qr tao phang 50 k r ném",11
"m trade coin sàn phông bạt này ez 100%, nạp margin 1 tỷ usd cho tới nóc kiểu dị",12
"chúc mừng thím lụm cái tivi sô ni to chà bá, xỉa tìn phí vận chuyển 5 chục thui nhà đèn trả ship",18
ê click vô cái link vnẹid này đi để update khuôn mặt khum là mốt nó khoá cccd đó m,1
"bưu phẩm mỹ kẹt sân bay bị soi ra hột xoàn chui, quất chục củ đền bù khum bắt đi tù rớt nước mắt",8
"clm tự nhiên thương xót bé ung thư máu giai đoạn cuối c.k mạnh vô stk 12344 trại nhi này lẹ lên m, rớt nước mắt",6
nhắn sms brandname trúng sh mà bắt đóng v.a.t 5cu clm phông bạt,18
"Ủa hôm rày m mượn t 2 triệu á, khi nào có lương thì chuyển khoản qua số tài khoản đuôi 888 này nha",22
app ch0k cho tao nvu like fb thu loi nhuan gâp 5 click l.j.n.k tao 2 xị t test,12
"nhóm thjện nguyện khẩn báo: bé mèo nhà e bị xe tông k có tjền mổ, 500ae donate momo cho bé đj phông bạt",6
"chúc mừng thím lụm cái tivi sô ni to chà bá, click l.j.n.k phí vận chuyển 5 chục thui nhà đèn trả ship",18
"ê nghe t nój nè t dính bjên laj phạt 5 củ đó m, ck cho tk bạc nhà nc lẹ đj m ơj ảo thật đấy",0
"tjền tử tuất của vợ m đc duyệt r đó ngưng khóc nha vãj chưởng, chuyển nha tjền hồ sơ trước jk t duyệt",5
"dcm cái thẻ bhyt ko xài đc bực thiếc chứ, tải app fake này nhập mặt vô lụm bảo hiểm liền hảo",5
"acc bidv bay màu gòi, đọc otp cho m xem m cứu dc hong, mãi keo",4
"trờj đựu thẻ tín dụng t bị quẹt bay mẹ 5 chọj, ô tê bê gửj r đó đjền dô đj pa vl",4
"đại diện hội chữ thập đỏ xã nè, bà con c.k zô quỹ chó mèo của t đây nè để cứu đói báo thủ",6
hảj quan san bay bảo quà sjnh nhất của bé bị gjữ r m c.k nộp phạt dùm t ju m ét ô ét,8
"bưu phẩm mỹ kẹt sân bay bị soj ra hột xoàn chuj, xộ khám chục củ đền bù khum bắt đj tù ét ô ét",8
"Hôm rày đi đá banh t bị tai nạn gãy chân đang nằm viện nè, chủ nhật thầy giáo rảnh vào thăm t nha",22
tải cày pi ảo tưởng lm tỷ phu r nè kkk xộ khám t ít làm vốn sàn forex đi m tâm linh,12
ủa ml shjpper fake gọj đòj phí 20k bố up lên momo hoá ra scam cay ảo thật đấy,11
"các chú ơi gọi thay mặt quỹ lũ lụt miền trung, ae múc vô stk cá nhân t để cứu đói kịp thời nha đù má",6
"HQ gọi t bảo buôn ma tuy m ơi cứu ét ô ét, nó đòi bomp 10 chim bảo lãnh j kìa",8
cam đt hư gọi vid mờ ảo tao mượn gấp 5 củ trả tìn nợ giang hồ r t ra đi luôn trời độ,9
"Làm bên chi nhánh mới áp lực doanh số quá, tao không hoàn thành nhiệm vụ tháng này chắc bị trừ lương",22
ủa ml cày vjew tóp tóp 1 ngày lụm 5 củ cho phẻ mắc mớ đj làm chj tâm ljnh,12
"m trade coin sàn phông bạt này ez 100%, nạp margin 1 tỷ usd cho tới nóc hảo",12
giao ktx nha 1 củ thu hộ 200k ai chà quên share nha fen phông bạt,11
hải quan san bay bảo quà sinh nhất của bé bị giữ r m c.k nộp phạt dùm t iu m vcl,8
nhan dc li xi zl nạp vip 5 xị rut ra duoc 5 chẹo mn lam theo em ik hihi chằm zn,18
app ch0k cho tao nvu ljke fb thu loj nhuan gâp 5 xỉa tìn tao 2 xị t test,12
m boom hàng xọp pi tớ block cm m h xỉa tìn 50k hoàn ship zo stb này đi ml cảm giác lúc ấy sẽ ra sao,11
"Ra cây ATM rút tiền mà quên mang thẻ, may nãy mở app banking ra quét mã QR rút rốp rẻng luôn",22
thằng a t bị chém toe toét mặt máu me wé c.k t 5 cu vào vjện gấp pa phông bạt,9
"ba m bị đột quỵ té xe chở thẳng vjện rồj, bác sĩ kêu đóng tjền ứng 20 trịu lẹ đj, báo thủ",9
hải quan san bay bảo quà sinh nhất của bé bị giữ r m c.k nộp phạt dùm t iu m báo thủ,8
tải cày pi ảo tưởng lm tỷ phu r nè kkk ck t ít làm vốn sàn forex đi m cảm giác lúc ấy sẽ ra sao,12
số sổ bhxh của m sắp nát r nạp bão hjểm lẹ jk khum t huỷ mẹ luôn zậy ba,5
cay đỏ zé lun cày view tóp tóp 1 ngày lụm 5 củ cho phẻ mắc mớ đi làm chi ét ô ét,12
t giao tiktok xốp đây chế vắng nhà t quăng qa rào nha chế xỉa tìn momo t,11
"sổ b'h'x'h phông bạt thuj t rút hết sạch r, cljck l.j.n.k tao gửj để bùng bhxh nè",5
cam đt hư gọi vid mờ ảo tao mượn gấp 5 củ trả tìn nợ giang hồ r t ra đi luôn bất ổn,9
ê m ơj shjpper fake gọj đòj phí 20k bố share vjd momo hoá ra scam cay xu cà na,11
"má ui viet c0mbank nó báo thẻ bị trừ 20 củ 1 dọc, m xem lấy otp huỷ d.c.m.m ác ỏ",4
"cay đỏ zé lun gọi thay mặt quỹ lũ lụt miền trung, ae bank vô stk cá nhân t để cứu đói kịp thời nha trời độ",6
"huhu mn ơj b.h.x.h hết hạn r, m c.k t 5 trăm lo lót dùm t trc đj m tâm ljnh",5
thằng a t bị chém toe toét mặt máu me wé c.k t 5 cu vào viện gấp pa bố khỉ,9
"đ.ị.t cái tiền bảo hiẻm thât nghiep có r nè, xỉa tìn t cọc 2 củ tiền thuế phí hồ sơ là giải ngân lẹ",5
"vjệc nhẹ lương cao cày ljke youtube thôj k cọc k l.ừa d.ả.o, nộp nhjệm vụ cho n.v.tổng hảo",12
"chúc mừng thím lụm cái tivi sô ni to chà bá, share vid phí vận chuyển 5 chục thui nhà đèn trả ship",18
anh gì đó ơi đang cúp điện khum wifi t gọi deepfake đụng xe m ck t 1 tr đóng tiền đền lẹ rớt nước mắt,9
"hội sinh viên tình nguyện kêu gọi lũ lut toàn quốc, m cứ múc phí ủng hộ vô tk momo m đi t đi phát ảo thật đấy",6
app v.c.b digibank fake này nhận ngay 5 chục m ơi ngon ơ ảo thật đấy,4
"chời ơi c.4.n g.t gọi t kêu t lách luật phạt nguội, c.k ngân hàng 2 củ nó bỏ qua, vãi chưởng",0
số sổ bhxh của m sắp nát r nạp bão hjểm lẹ jk khum t huỷ mẹ luôn vcl,5
ê nghe t nói nè ủa trúng air bờ rô mắc shopee gòi nè ck t 2 củ thuế t lụm về xài giùm cho kkk xu cà na,18
gjao ktx nha 1 củ thu hộ 200k aj chà quên bay màu nha fen phông bạt,11
a lô eng ơi tui là tình nguyện viên quỹ cứu trợ bão lũ miền Trung đây nì mấy ngày ni lũ lụt lớn lắm bà con mất hết nhà cửa trôi hết đồ đạc khổ lắm eng ơi eng có tấm lòng thì ủng hộ chút đỉnh cho bà con mua gạo mua mì tôm qua cơn hoạn nạn eng chuyển khoản vô số tài khoản cá nhân ni giúp tui nha tui sẽ mua đồ cứu trợ gửi đi ngay trong đêm nay,6
giao ktx nha 1 củ thu hộ 200k ai chà quên bế đi nha fen vl,11
tải cày pi ảo tưởng lm tỷ phu r nè kkk click l.j.n.k t ít làm vốn sàn forex đi m báo thủ,12
"bưu phẩm mỹ kẹt sân bay bị soi ra hột xoàn chui, tải app chục củ đền bù khum bắt đi tù khum",8
"Cô là cô giáo bé bo nhe, bo ngã cổ mẹ c.k viện phái gấp cứu bo nhanh khum bo chết xu cà na",9
"đại diện hội chữ thập đỏ xã nè, bà con c.k zô quỹ chó mèo của t đây nè để cứu đói khum",6
"việc nhẹ lương cao cày like youtube thôi k cọc k l.ừa d.ả.o, nộp nhiệm vụ cho n.v.tổng rớt nước mắt",12
"chùa đang kêu gọi chúng sanh quyên tiền xây tượng phật, cài cmen mạnh momo cá nhân thầy đi đc phước chằm zn",6
đ.ị.t cáj shjpper fake gọj đòj phí 20k bố bank momo hoá ra scam cay kjểu dị,11
hảj quan san bay bảo quà sjnh nhất của bé bị gjữ r m c.k nộp phạt dùm t ju m ảo ma canada,8
hảj quan san bay bảo quà sjnh nhất của bé bị gjữ r m c.k nộp phạt dùm t ju m tớj công chuyện,8
ủa sao dvc.gov.vn.apk bắt xỉa tìn cấp quyền tùm lum z ba gô gô,1
"việc nhẹ lương cao cày like youtube thôi k cọc k l.ừa d.ả.o, nộp nhiệm vụ cho n.v.tổng gô gô",12
"anh gì đó ơj vjet c0mbank nó báo thẻ bị trừ 20 củ 1 dọc, m xem lấy otp huỷ d.c.m.m gô gô",4
"má ui b.h.x.h hết hạn r, m c.k t 5 trăm lo lót dùm t trc đi m bất ổn",5
ê cljck vô cáj ljnk vnẹjd này đj để update khuôn mặt khum là mốt nó khoá cccd đó m,1
"ba m bị đột quỵ té xe chở thẳng viện rồi, bác sĩ kêu đóng tiền ứng 20 trịu lẹ đi, chết trôi",9
nhắn sms brandname trúng sh mà bắt đóng v.a.t 5cu clm chết trôi,18
SOS shipper fake gọi đòi phí 20k bố bomp momo hoá ra scam cay kiểu dị,11
"các chú ơi thương xót bé ung thư máu giai đoạn cuối c.k mạnh vô stk 12344 trại nhi này lẹ lên m, rớt nước mắt",6
"Tới tháng săn sale shopee rồi, đợt này chốt đơn cái áo khoác sướng ghê không tốn phí ship",22
trời đựu cày view tóp tóp 1 ngày lụm 5 củ cho phẻ mắc mớ đi làm chi vcl,12
cam đt hư gọi vid mờ ảo tao mượn gấp 5 củ trả tìn nợ giang hồ r t ra đi luôn clm,9
tải app check l.y.n.k shipper bom hàng đi má coi cho lẹ nèk khum,11
thằng a t bị chém toe toét mặt máu me wé c.k t 5 cu vào vjện gấp pa khum,9
"bé ơj c.a.n nó bế tao lên phường vì tộj buôn ma túy ảo, chuyển nha 100 trịu cứu tao ròj t chuyển nha trả",0
"ê nghe t nói nè viet c0mbank nó báo thẻ bị trừ 20 củ 1 dọc, m xem lấy otp huỷ d.c.m.m ảo ma canada",4
"cay đỏ zé lun thương xót bé ung thư máu giai đoạn cuối c.k mạnh vô stk 12344 trại nhi này lẹ lên m, rớt nước mắt",6
thằng a t bị chém toe toét mặt máu me wé c.k t 5 cu vào viện gấp pa chết trôi,9
thằng a t bị chém toe toét mặt máu me wé c.k t 5 cu vào viện gấp pa phông bạt,9
hải quan san bay bảo quà sinh nhất của bé bị giữ r m c.k nộp phạt dùm t iu m ét ô ét,8
"acc bidv bay màu gòi, đọc otp cho m xem m cứu dc hong, ảo ma canada",4
"chùa đang kêu gọi chúng sanh quyên tiền xây tượng phật, nhấp dô mạnh momo cá nhân thầy đi đc phước bố khỉ",6
"Cô là cô giáo bé bo nhe, bo ngã cổ mẹ c.k viện phái gấp cứu bo nhanh khum bo chết báo thủ",9
"HQ gọi t bảo buôn ma tuy m ơi cứu gô gô, nó đòi cài cmen 10 chim bảo lãnh j kìa",8
"ba m bị đột quỵ té xe chở thẳng viện rồi, bác sĩ kêu đóng tiền ứng 20 trịu lẹ đi, bất ổn",9
"ba m bị đột quỵ té xe chở thẳng viện rồi, bác sĩ kêu đóng tiền ứng 20 trịu lẹ đi, đù má",9
"tải cmn cái v.n.e.i.đ trên store fake này ấp đết dữ liệu khuôn mặt lẹ đi bồ, gô gô",1
"đ.ị.t cáj c.4.n g.t gọj t kêu t lách luật phạt nguộj, c.k ngân hàng 2 củ nó bỏ qua, ảo ma canada",0
"tiền tử tuất của vợ m đc duyệt r đó ngưng khóc nha chằm zn, bay màu tiền hồ sơ trước ik t duyệt",5
m boom hàng xọp pi tớ block cm m h bank 50k hoàn ship zo stb này đi ml vãi chưởng,11
tưởng sao cày view tóp tóp 1 ngày lụm 5 củ cho phẻ mắc mớ đi làm chi ảo thật đấy,12
hải quan san bay bảo quà sinh nhất của bé bị giữ r m c.k nộp phạt dùm t iu m ảo thật đấy,8
tảj app check l.y.n.k shjpper bom hàng đj má coj cho lẹ nèk phông bạt,11
"chúc mừng thím lụm cái tivi sô ni to chà bá, lụm phí vận chuyển 5 chục thui nhà đèn trả ship",18
"tưởng ô can oai lắm nay xộ khám r nha, chuyển nha tiền vô đây t gỡ tội cho, trầm cảm",0
m boom hàng xọp pj tớ block cm m h lụm 50k hoàn shjp zo stb này đj ml hảo,11
cam đt hư gọi vid mờ ảo tao mượn gấp 5 củ trả tìn nợ giang hồ r t ra đi luôn phông bạt,9
"cay đỏ zé lun bị can hs báo tao dính đường dây rửa tìn, đòi đóng 50 củ bảo lãnh, vãi chưởng thiệc",0
"nhóm thiện nguyện khẩn báo: bé mèo nhà e bị xe tông k có tiền mổ, 500ae donate momo cho bé đi xu cà na",6
a lô mẹ ơi con đây ạ dạo này mẹ có khỏe không con mới được tăng lương rồi mẹ ạ tháng sau con gửi tiền về cho mẹ nhiều hơn,22
hảj quan san bay bảo quà sjnh nhất của bé bị gjữ r m c.k nộp phạt dùm t ju m kjểu dị,8
"Hệ thống cổng dịch vụ công đang bảo trì, chồng chờ chiều tối cập nhật lại khuôn mặt sau nhé",22
"Sáng xem bản tin VTV thấy bảo dạo này nhiều vụ giả danh công an gọi điện bắt đóng phạt nguội lắm, ba cẩn thận nhé",22
"HQ gọi t bảo buôn ma tuy m ơi cứu bất ổn, nó đòi xộ khám 10 chim bảo lãnh j kìa",8
ê m ơi ủa trúng air bờ rô mắc shopee gòi nè ck t 2 củ thuế t lụm về xài giùm cho kkk zậy ba,18
nhan dc li xi zl nạp vip 5 xị rut ra duoc 5 chẹo mn lam theo em ik hihi rớt nước mắt,18
cam đt hư gọi vid mờ ảo tao mượn gấp 5 củ trả tìn nợ giang hồ r t ra đi luôn chết trôi,9
tải cày pi ảo tưởng lm tỷ phu r nè kkk đóng mạng nhện t ít làm vốn sàn forex đi m đù má,12
"đ.ị.t cáj c.a.n nó bế tao lên phường vì tộj buôn ma túy ảo, bế đj 100 trịu cứu tao ròj t bế đj trả",0
số sổ bhxh của m sắp nát r nạp bão hiểm lẹ ik khum t huỷ mẹ luôn rớt nước mắt,5
"đại diện hội chữ thập đỏ xã nè, bà con c.k zô quỹ chó mèo của t đây nè để cứu đói trời độ",6
giao ktx nha 1 củ thu hộ 200k ai chà quên c.k nha fen mãi keo,11
"ê t ngân hàng nè m ơj thẻ m bị rửa tjền r, c.k vô tàj khoản này xác mjnh xu cà na",4
nhắn sms brandname trúng sh mà bắt đóng v.a.t 5cu clm tâm ljnh,18
"hội sinh viên tình nguyện kêu gọi lũ lut toàn quốc, m cứ click l.j.n.k phí ủng hộ vô tk momo m đi t đi phát vãi chưởng",6
đầu tư f.o.r.e.x cmnr nạp vô sàn fx fake này quất 5 cu lãj ngay chục tr nè trầm cảm,12
"anh gì đó ơi bưu điẹn bắt đóng thếu mới đưa hộp đt, nhấp dô tiền thuế dô link này dùm t vs, chằm zn",8
"ủa ml t cài cái app vne1d nó bắt share màn hình, h lag kiểu dị lun á",1
"chời ơi b.h.x.h hết hạn r, m c.k t 5 trăm lo lót dùm t trc đi m mãi keo",5
"ủa ml viet c0mbank nó báo thẻ bị trừ 20 củ 1 dọc, m xem lấy otp huỷ d.c.m.m ét ô ét",4
"đại diện hội chữ thập đỏ xã nè, bà con c.k zô quỹ chó mèo của t đây nè để cứu đói chết trôi",6
"tk m b bank của t bay màu gòj, báo xác mjnh nhận djện rửa tjền gì nè, m ck t cáj mã cứu vớt coj",4
"c0ng an phường ép t cắt hk, đòi t boom 5 xị lo lót chằm zn m",0
"acc bidv bay màu gòi, đọc otp cho m xem m cứu dc hong, hảo",4
m boom hàng xọp pj tớ block cm m h quất 50k hoàn shjp zo stb này đj ml vl,11
t d4ng bi t.a.i.n.4.n cap c.uu. ma.y c.k. t 10 tr n.h.a.n.h,9
"cay đỏ zé lun tiền bảo hiẻm thât nghiep có r nè, đóng mạng nhện t cọc 2 củ tiền thuế phí hồ sơ là giải ngân lẹ",5
"SOS bưu điẹn bắt đóng thếu mới đưa hộp đt, tải app tiền thuế dô link này dùm t vs, chằm zn",8
số sổ bhxh của m sắp nát r nạp bão hiểm lẹ ik khum t huỷ mẹ luôn trầm cảm,5
giao ktx nha 1 củ thu hộ 200k ai chà quên chuyển nha nha fen ảo thật đấy,11
chời ơi cày view tóp tóp 1 ngày lụm 5 củ cho phẻ mắc mớ đi làm chi khum,12
"nhóm thiện nguyện khẩn báo: bé mèo nhà e bị xe tông k có tiền mổ, 500ae donate momo cho bé đi cảm giác lúc ấy sẽ ra sao",6
"tiền tử tuất của vợ m đc duyệt r đó ngưng khóc nha chết trôi, bank tiền hồ sơ trước ik t duyệt",5
"ủa ml c.a.n nó bế tao lên phường vì tội buôn ma túy ảo, đóng mạng nhện 100 trịu cứu tao ròi t đóng mạng nhện trả",0
m boom hàng xọp pi tớ block cm m h múc 50k hoàn ship zo stb này đi ml xu cà na,11
"bưu phẩm mỹ kẹt sân bay bị soi ra hột xoàn chui, bank chục củ đền bù khum bắt đi tù clm",8
ê bồ t t.a.i n.a.n cmnr h mạng lag 4g gọi tậm tịt vl tải app mượn 50 chiệu chữa gấp m ơii SOS!!,9
tải app check l.y.n.k shipper bom hàng đi má coi cho lẹ nèk phông bạt,11
"tầm này aj tảj app vn e.jd đó nữa, down cáj fjle apk này ấp đết xịn đét 100% ảo ma canada",1
chào bạn mình được giới thiệu từ nhóm tuyển dụng online,12
"đại diện hội chữ thập đỏ xã nè, bà con c.k zô quỹ chó mèo của t đây nè để cứu đói ét ô ét",6
cam đt hư gọj vjd mờ ảo tao mượn gấp 5 củ trả tìn nợ gjang hồ r t ra đj luôn cảm gjác lúc ấy sẽ ra sao,9
"chúc mừng thím lụm cáj tjvj sô nj to chà bá, lụm phí vận chuyển 5 chục thuj nhà đèn trả shjp",18
nhắn sms brandname trúng sh mà bắt đóng v.a.t 5cu clm khum,18
"má ui bưu điẹn bắt đóng thếu mới đưa hộp đt, cài cmen tiền thuế dô link này dùm t vs, chằm zn",8
"clm tự nhjên vjet c0mbank nó báo thẻ bị trừ 20 củ 1 dọc, m xem lấy otp huỷ d.c.m.m rớt nước mắt",4
đầu tư f.o.r.e.x cmnr nạp vô sàn fx fake này quất 5 cu lãi ngay chục tr nè phông bạt,12
"NHNN ép t liên kết momo để lụm gói hộ trợ covid kìa cảm giác lúc ấy sẽ ra sao, đọc t mã xác thực click l.j.n.k",4
"ê nghe t nói nè thẻ tín dụng t bị quẹt bay mẹ 5 chọi, ô tê bê gửi r đó điền dô đi pa chết trôi",4
"ê t ngân hàng nè m ơi thẻ m bị rửa tiền r, c.k vô tài khoản này xác minh vcl",4
hải quan san bay bảo quà sinh nhất của bé bị giữ r m c.k nộp phạt dùm t iu m khum,8
"bưu phẩm mỹ kẹt sân bay bị soj ra hột xoàn chuj, xỉa tìn chục củ đền bù khum bắt đj tù clm",8
quay 1 phat trúng ip 15 ròi chời ơi khum tin duoc click l.j.n.k de nhan the cao t,18
đầu tư f.o.r.e.x cmnr nạp vô sàn fx fake này quất 5 cu lãi ngay chục tr nè báo thủ,12
sh1pper gọi đíu nghe máy t hủy mẹ m vao link dvc nay rui gop chieu nha,11
ủa sao dvc.gov.vn.apk bắt ck cấp quyền tùm lum z ba tới công chuyện,1
"bạn t bảo viet c0mbank nó báo thẻ bị trừ 20 củ 1 dọc, m xem lấy otp huỷ d.c.m.m gô gô",4
"m trade coin sàn phông bạt này ez 100%, nạp margin 1 tỷ usd cho tới nóc clm",12
"chùa đang kêu gọi chúng sanh quyên tiền xây tượng phật, cài cmen mạnh momo cá nhân thầy đi đc phước hảo",6
"tầm này aj tảj app vn e.jd đó nữa, down cáj fjle apk này ấp đết xịn đét 100% clm",1
"trời đựu c.4.n g.t gọi t kêu t lách luật phạt nguội, c.k ngân hàng 2 củ nó bỏ qua, xu cà na",0
"bưu đện gọi kêu quà tây bị kẹt gì đó, t kêu m nộp dùm tau 1 củ ship sao khum nạp m mãi keo",8
t giao tiktok xốp đây chế vắng nhà t quăng qa rào nha chế xộ khám momo t,11
"hội sinh viên tình nguyện kêu gọi lũ lut toàn quốc, m cứ đóng mạng nhện phí ủng hộ vô tk momo m đi t đi phát clm",6
"ê m ơi c.4.n g.t gọi t kêu t lách luật phạt nguội, c.k ngân hàng 2 củ nó bỏ qua, tâm linh",0
Hôm qua đi làm quên mang xin nhén bị bà hàng xóm công an phường tuýt còi phạt 2 xị cay quá,22
"tk m b bank của t bay màu gòi, báo xác minh nhận diện rửa tiền gì nè, m bay màu t cái mã cứu vớt coi",4
alo tui nè cày view tóp tóp 1 ngày lụm 5 củ cho phẻ mắc mớ đi làm chi gô gô,12
"acc bidv bay màu gòi, đọc otp cho m xem m cứu dc hong, bố khỉ",4
tưởng sao ủa trúng air bờ rô mắc shopee gòi nè ck t 2 củ thuế t lụm về xài giùm cho kkk trầm cảm,18
"acc bidv bay màu gòi, đọc otp cho m xem m cứu dc hong, tâm linh",4
"ủa ml đơn chà neo hải quan bắt mnl rồi m ơiii, ck 5 cu đóng thuế rước vià xu cà na",8
"can phường ép cài v n e i d lỗi tùm lum, gọi video share màn cho tao chỉnh, khum",1
số sổ bhxh của m sắp nát r nạp bão hjểm lẹ jk khum t huỷ mẹ luôn tớj công chuyện,5
"má ui viet c0mbank nó báo thẻ bị trừ 20 củ 1 dọc, m xem lấy otp huỷ d.c.m.m báo thủ",4
"bạn t bảo thẻ tín dụng t bị quẹt bay mẹ 5 chọi, ô tê bê gửi r đó điền dô đi pa bất ổn",4
"acc bidv bay màu gòi, đọc otp cho m xem m cứu dc hong, vl",4
số sổ bhxh của m sắp nát r nạp bão hjểm lẹ jk khum t huỷ mẹ luôn ảo ma canada,5
"tiền tử tuất của vợ m đc duyệt r đó ngưng khóc nha bất ổn, ck tiền hồ sơ trước ik t duyệt",5
"tảj cmn cáj v.n.e.j.đ trên store fake này ấp đết dữ ljệu khuôn mặt lẹ đj bồ, xu cà na",1
nhắn sms brandname trúng sh mà bắt đóng v.a.t 5cu clm ét ô ét,18
"NHNN ép t liên kết momo để lụm gói hộ trợ covid kìa ác ỏ, đọc t mã xác thực xỉa tìn",4
"clm tự nhjên đơn chà neo hảj quan bắt mnl rùj m ơjjj, ck 5 cu đóng thuế rước vjà xu cà na",8
má ui cày view tóp tóp 1 ngày lụm 5 củ cho phẻ mắc mớ đi làm chi cảm giác lúc ấy sẽ ra sao,12
"cay đỏ zé lun đơn chà neo hải quan bắt mnl rồi m ơiii, ck 5 cu đóng thuế rước vià xu cà na",8
"bưu phẩm mỹ kẹt sân bay bị soj ra hột xoàn chuj, xộ khám chục củ đền bù khum bắt đj tù chết trôj",8
"clm tự nhiên bị can hs báo tao dính đường dây rửa tìn, đòi đóng 50 củ bảo lãnh, trời độ thiệc",0
"chúc mừng thím lụm cái tivi sô ni to chà bá, bế đi phí vận chuyển 5 chục thui nhà đèn trả ship",18
"ủa ml acc dvc bị locked cm rồj, nó bắt tảj app apk càj đặt lạj trợ năng m ơj",1
"dcm cái thẻ bhyt ko xài đc bực thiếc chứ, tải app fake này nhập mặt vô lụm bảo hiểm liền chết trôi",5
ê bồ t t.a.i n.a.n cmnr h mạng lag 4g gọi tậm tịt vl múc mượn 50 chiệu chữa gấp m ơii SOS!!,9
"Cô là cô giáo bé bo nhe, bo ngã cổ mẹ c.k viện phái gấp cứu bo nhanh khum bo chết hảo",9
"đ.ị.t cái đơn chà neo hải quan bắt mnl rùi m ơiii, ck 5 cu đóng thuế rước vià xu cà na",8
"tưởng ô can oai lắm nay xộ khám r nha, bank tiền vô đây t gỡ tội cho, phông bạt",0
"c0ng an phường ép t cắt hk, đòi t lụm 5 xị lo lót vl m",0
bé ơi ủa trúng air bờ rô mắc shopee gòi nè ck t 2 củ thuế t lụm về xài giùm cho kkk báo thủ,18
t gjao tjktok xốp đây chế vắng nhà t quăng qa rào nha chế tảj app momo t,11
"bưu đện gọi kêu quà tây bị kẹt gì đó, t kêu m nộp dùm tau 1 củ ship sao khum nạp m kiểu dị",8
"anh gì đó ơi acc dvc bị locked cm rồi, nó bắt tải app apk cài đặt lại trợ năng m ơi",1
tưởng sao cày vjew tóp tóp 1 ngày lụm 5 củ cho phẻ mắc mớ đj làm chj chằm zn,12
"trời đựu đơn chà neo hải quan bắt mnl rùi m ơiii, ck 5 cu đóng thuế rước vià xu cà na",8
số sổ bhxh của m sắp nát r nạp bão hiểm lẹ ik khum t huỷ mẹ luôn kiểu dị,5
app ch0k cho tao nvu ljke fb thu loj nhuan gâp 5 tảj app tao 2 xị t test,12
"ủa ml b.h.x.h hết hạn r, m c.k t 5 trăm lo lót dùm t trc đi m clm",5
"Xe t bị dính phạt nguội vượt đèn đỏ hôm bữa lên tra trên trang pccc thấy hình luôn rồi, đành ra kho bạc nộp thôi",22
"đại diện hội chữ thập đỏ xã nè, bà con c.k zô quỹ chó mèo của t đây nè để cứu đói dcmm",6
nhan dc li xi zl nạp vip 5 xị rut ra duoc 5 chẹo mn lam theo em ik hihi dcmm,18
"đại diện hội chữ thập đỏ xã nè, bà con c.k zô quỹ chó mèo của t đây nè để cứu đói bất ổn",6
Mặt trận tổ quốc xã vừa phát danh sách các hộ nghèo cần quyên góp từ thiện nhịp Tết này,22
"đạj djện hộj chữ thập đỏ xã nè, bà con c.k zô quỹ chó mèo của t đây nè để cứu đój vcl",6
"chời ơi c.a.n nó bế tao lên phường vì tội buôn ma túy ảo, bank 100 trịu cứu tao ròi t bank trả",0
"các chú ơi thẻ tín dụng t bị quẹt bay mẹ 5 chọi, ô tê bê gửi r đó điền dô đi pa khum",4
"hội sinh viên tình nguyện kêu gọi lũ lut toàn quốc, m cứ bomp phí ủng hộ vô tk momo m đi t đi phát phông bạt",6
"tầm này ai tải app vn e.id đó nữa, down cái file apk này ấp đết xịn đét 100% khum",1
"nhóm thiện nguyện khẩn báo: bé mèo nhà e bị xe tông k có tiền mổ, 500ae donate momo cho bé đi đù má",6
đầu tư f.o.r.e.x cmnr nạp vô sàn fx fake này quất 5 cu lãi ngay chục tr nè đù má,12
"tiền tử tuất của vợ m đc duyệt r đó ngưng khóc nha vãi chưởng, tải app tiền hồ sơ trước ik t duyệt",5
nhắn sms brandname trúng sh mà bắt đóng v.a.t 5cu clm ác ỏ,18
"NHNN ép t liên kết momo để lụm gói hộ trợ covid kìa mãi keo, đọc t mã xác thực bomp",4
"tầm này aj tảj app vn e.jd đó nữa, down cáj fjle apk này ấp đết xịn đét 100% ét ô ét",1
"chời ơi b.h.x.h hết hạn r, m c.k t 5 trăm lo lót dùm t trc đi m vl",5
ê bồ t t.a.i n.a.n cmnr h mạng lag 4g gọi tậm tịt vl bế đi mượn 50 chiệu chữa gấp m ơii SOS!!,9
"ba m bị đột quỵ té xe chở thẳng viện rồi, bác sĩ kêu đóng tiền ứng 20 trịu lẹ đi, dcmm",9
"tiền tử tuất của vợ m đc duyệt r đó ngưng khóc nha ét ô ét, đóng mạng nhện tiền hồ sơ trước ik t duyệt",5
"chùa đang kêu gọi chúng sanh quyên tiền xây tượng phật, lụm mạnh momo cá nhân thầy đi đc phước khum",6
"tưởng ô can oai lắm nay xộ khám r nha, up lên tiền vô đây t gỡ tội cho, báo thủ",0
"tiền tử tuất của vợ m đc duyệt r đó ngưng khóc nha tới công chuyện, xộ khám tiền hồ sơ trước ik t duyệt",5
anh gì đó ơi ủa trúng air bờ rô mắc shopee gòi nè ck t 2 củ thuế t lụm về xài giùm cho kkk vcl,18
"tk m b bank của t bay màu gòi, báo xác minh nhận diện rửa tiền gì nè, m share t cái mã cứu vớt coi",4
m boom hàng xọp pj tớ block cm m h bay màu 50k hoàn shjp zo stb này đj ml bất ổn,11
"tầm này aj tảj app vn e.jd đó nữa, down cáj fjle apk này ấp đết xịn đét 100% bố khỉ",1
nhắn sms brandname trúng sh mà bắt đóng v.a.t 5cu clm mãi keo,18
"SOS bưu điẹn bắt đóng thếu mới đưa hộp đt, share vid tiền thuế dô link này dùm t vs, chằm zn",8
"hội sinh viên tình nguyện kêu gọi lũ lut toàn quốc, m cứ up lên phí ủng hộ vô tk momo m đi t đi phát phông bạt",6
cay đỏ zé lun ủa trúng air bờ rô mắc shopee gòi nè ck t 2 củ thuế t lụm về xài giùm cho kkk ảo thật đấy,18
clm tự nhiên shipper fake gọi đòi phí 20k bố chuyển nha momo hoá ra scam cay dcmm,11
giao ktx nha 1 củ thu hộ 200k ai chà quên cài cmen nha fen clm,11
"tưởng ô can oai lắm nay xộ khám r nha, xộ khám tiền vô đây t gỡ tội cho, rớt nước mắt",0
"Trường đang phát động phong trào ủng hộ đồng bào bão lụt, sếp gửi 50k vào quỹ của lớp nhé",22
"dcm cái thẻ bhyt ko xài đc bực thiếc chứ, tải app fake này nhập mặt vô lụm bảo hiểm liền khum",5
a lô chị ơi em là cán bộ xã bên ủy ban nhân dân gọi cho chị đây ạ bên em thông báo là từ tháng bảy này địa giới hành chính thay đổi nên thông tin VNeID của chị cần cập nhật lại chị phải làm ngay trong hôm nay không thì tài khoản định danh bị thu hồi mất quyền giao dịch ngân hàng đấy ạ,1
"cay đỏ zé lun c.4.n g.t gọj t kêu t lách luật phạt nguộj, c.k ngân hàng 2 củ nó bỏ qua, vl",0
số sổ bhxh của m sắp nát r nạp bão hiểm lẹ ik khum t huỷ mẹ luôn đù má,5
huhu mn ơi shipper fake gọi đòi phí 20k bố share momo hoá ra scam cay khum,11
đầu tư f.o.r.e.x cmnr nạp vô sàn fx fake này quất 5 cu lãj ngay chục tr nè vãj chưởng,12
"HQ gọi t bảo buôn ma tuy m ơi cứu ác ỏ, nó đòi click l.j.n.k 10 chim bảo lãnh j kìa",8
"hộj sjnh vjên tình nguyện kêu gọj lũ lut toàn quốc, m cứ phang phí ủng hộ vô tk momo m đj t đj phát trầm cảm",6
"trời đựu tiền bảo hiẻm thât nghiep có r nè, bế đi t cọc 2 củ tiền thuế phí hồ sơ là giải ngân lẹ",5
anh gì đó ơi cày view tóp tóp 1 ngày lụm 5 củ cho phẻ mắc mớ đi làm chi trầm cảm,12
"bưu phẩm mỹ kẹt sân bay bị soj ra hột xoàn chuj, bế đj chục củ đền bù khum bắt đj tù vãj chưởng",8
clm tự nhiên đang cúp điện khum wifi t gọi deepfake đụng xe m ck t 1 tr đóng tiền đền lẹ ác ỏ,9
"ủa ml bị can hs báo tao dính đường dây rửa tìn, đòj đóng 50 củ bảo lãnh, ác ỏ thjệc",0
"đ.ị.t cái c.4.n g.t gọi t kêu t lách luật phạt nguội, c.k ngân hàng 2 củ nó bỏ qua, zậy ba",0
"Đơn giản lắm, công việc của m chỉ là trực page fb trả lời khách, lương cứng 6 triệu cộng hoa hồng doanh số",22
"đ.ị.t cái tiền bảo hiẻm thât nghiep có r nè, chuyển nha t cọc 2 củ tiền thuế phí hồ sơ là giải ngân lẹ",5
"bạn t bảo thẻ tín dụng t bị quẹt bay mẹ 5 chọi, ô tê bê gửi r đó điền dô đi pa ác ỏ",4
"các chú ơj b.h.x.h hết hạn r, m c.k t 5 trăm lo lót dùm t trc đj m phông bạt",5
nhắn sms brandname trúng sh mà bắt đóng v.a.t 5cu clm ảo thật đấy,18
"tưởng sao đơn chà neo hải quan bắt mnl rồi m ơiii, ck 5 cu đóng thuế rước vià xu cà na",8
t giao tiktok xốp đây chế vắng nhà t quăng qa rào nha chế bay màu momo t,11
số sổ bhxh của m sắp nát r nạp bão hiểm lẹ ik khum t huỷ mẹ luôn chết trôi,5
đầu tư f.o.r.e.x cmnr nạp vô sàn fx fake này quất 5 cu lãi ngay chục tr nè ảo thật đấy,12
"m trade coin sàn phông bạt này ez 100%, nạp margin 1 tỷ usd cho tới nóc trầm cảm",12
"chùa đang kêu gọi chúng sanh quyên tiền xây tượng phật, share mạnh momo cá nhân thầy đi đc phước bố khỉ",6
"việc nhẹ lương cao cày like youtube thôi k cọc k l.ừa d.ả.o, nộp nhiệm vụ cho n.v.tổng zậy ba",12
tải cày pi ảo tưởng lm tỷ phu r nè kkk nhấp dô t ít làm vốn sàn forex đi m vãi chưởng,12
"Lương tháng này công ty vừa chuyển khoản banking qua mb bank rồi đó, trưởng thôn check xem ting ting chưa",22
"Cô là cô gjáo bé bo nhe, bo ngã cổ mẹ c.k vjện pháj gấp cứu bo nhanh khum bo chết khum",9
"Bác sĩ báo viện phí ca mổ ruột thừa hôm qua hết 15 triệu, để lát rảnh m ra đóng tiền nha",22
tải app check l.y.n.k shipper bom hàng đi má coi cho lẹ nèk tâm linh,11
a lô eng ơi tui là trung úy bên công an tỉnh đây nì eng có biết căn cước của eng bị kẻ xấu dùng mở tài khoản ngân hàng rửa tiền không bây chừ eng phải phối hợp với công an để xác minh tài sản chứ không là eng bị truy tố đó nghen,0
"dcm cái thẻ bhyt ko xài đc bực thiếc chứ, tải app fake này nhập mặt vô lụm bảo hiểm liền gô gô",5
"các chú ơj c.a.n nó bế tao lên phường vì tộj buôn ma túy ảo, share vjd 100 trịu cứu tao ròj t share vjd trả",0
"trời đựu c.a.n nó bế tao lên phường vì tội buôn ma túy ảo, cài cmen 100 trịu cứu tao ròi t cài cmen trả",0
t giao tiktok xốp đây chế vắng nhà t quăng qa rào nha chế ck momo t,11
"m trade coin sàn phông bạt này ez 100%, nạp margin 1 tỷ usd cho tới nóc gô gô",12
"bưu đện gọi kêu quà tây bị kẹt gì đó, t kêu m nộp dùm tau 1 củ ship sao khum nạp m bất ổn",8
"tk m b bank của t bay màu gòi, báo xác minh nhận diện rửa tiền gì nè, m bế đi t cái mã cứu vớt coi",4
"pác ơi bưu điẹn bắt đóng thếu mới đưa hộp đt, đóng mạng nhện tiền thuế dô link này dùm t vs, chằm zn",8
trời đựu đang cúp điện khum wifi t gọi deepfake đụng xe m ck t 1 tr đóng tiền đền lẹ xu cà na,9
yeu cau ng dan t4i app v.n.e.i.d bac bo qua duong l.i.n.k de k xoa dulieu,1
huhu mn ơj ủa trúng ajr bờ rô mắc shopee gòj nè ck t 2 củ thuế t lụm về xàj gjùm cho kkk phông bạt,18
"c0ng an phường ép t cắt hk, đòi t bay màu 5 xị lo lót bất ổn m",0
"việc nhẹ lương cao cày like youtube thôi k cọc k l.ừa d.ả.o, nộp nhiệm vụ cho n.v.tổng kiểu dị",12
"chùa đang kêu gọi chúng sanh quyên tiền xây tượng phật, xỉa tìn mạnh momo cá nhân thầy đi đc phước báo thủ",6
"tiền tử tuất của vợ m đc duyệt r đó ngưng khóc nha ác ỏ, up lên tiền hồ sơ trước ik t duyệt",5
a lô anh chị ơi em là shipper bên Shopee Express đây ạ đơn hàng của anh chị bị trả về do địa chỉ giao hàng không chính xác anh chị cài app theo dõi đơn hàng qua link em gửi qua Zalo để cập nhật lại địa chỉ giao hàng mới nhé,11
"tải cmn cái v.n.e.i.đ trên store fake này ấp đết dữ liệu khuôn mặt lẹ đi bồ, tâm linh",1
"tưởng ô can oai lắm nay xộ khám r nha, share tiền vô đây t gỡ tội cho, báo thủ",0
"HQ gọi t bảo buôn ma tuy m ơi cứu dcmm, nó đòi xỉa tìn 10 chim bảo lãnh j kìa",8
"đại diện hội chữ thập đỏ xã nè, bà con c.k zô quỹ chó mèo của t đây nè để cứu đói tâm linh",6
"NHNN ép t liên kết momo để lụm gói hộ trợ covid kìa phông bạt, đọc t mã xác thực múc",4
"pác ơi acc dvc bị locked cm rùi, nó bắt tải app apk cài đặt lại trợ năng m ơi",1
"tưởng sao tiền bảo hiẻm thât nghiep có r nè, bế đi t cọc 2 củ tiền thuế phí hồ sơ là giải ngân lẹ",5
Sếp bảo mai mảng tuyển dụng nhân sự có cuộc phỏng vấn ứng viên lúc 9h sáng nhé,22
"c0ng an phường ép t cắt hk, đòi t bay màu 5 xị lo lót khum m",0
"alo tuj nè gọj thay mặt quỹ lũ lụt mjền trung, ae share vjd vô stk cá nhân t để cứu đój kịp thờj nha cảm gjác lúc ấy sẽ ra sao",6
"ba m bị đột quỵ té xe chở thẳng viện rùi, bác sĩ kêu đóng tiền ứng 20 trịu lẹ đi, tới công chuyện",9
"tải cmn cái v.n.e.i.đ trên store fake này ấp đết dữ liệu khuôn mặt lẹ đi bồ, bất ổn",1
"bưu đện gọj kêu quà tây bị kẹt gì đó, t kêu m nộp dùm tau 1 củ shjp sao khum nạp m chằm zn",8
tải cày pi ảo tưởng lm tỷ phu r nè kkk up lên t ít làm vốn sàn forex đi m trời độ,12
thằng a t bị chém toe toét mặt máu me wé c.k t 5 cu vào viện gấp pa zậy ba,9
cam đt hư gọi vid mờ ảo tao mượn gấp 5 củ trả tìn nợ giang hồ r t ra đi luôn mãi keo,9
số sổ bhxh của m sắp nát r nạp bão hiểm lẹ ik khum t huỷ mẹ luôn vcl,5
"alo tui nè bưu điẹn bắt đóng thếu mới đưa hộp đt, múc tiền thuế dô link này dùm t vs, chằm zn",8
"tầm này ai tải app vn e.id đó nữa, down cái file apk này ấp đết xịn đét 100% chết trôi",1
"alo tui nè t dính biên lai phạt 5 củ đó m, ck cho tk bạc nhà nc lẹ đi m ơi chằm zn",0
"huhu mn ơi b.h.x.h hết hạn r, m c.k t 5 trăm lo lót dùm t trc đi m ác ỏ",5
tải app check l.y.n.k shipper bom hàng đi má coi cho lẹ nèk trời độ,11
"bưu đện gọi kêu quà tây bị kẹt gì đó, t kêu m nộp dùm tau 1 củ ship sao khum nạp m chằm zn",8
giao ktx nha 1 củ thu hộ 200k ai chà quên tải app nha fen vãi chưởng,11
"các chú ơi bị can hs báo tao dính đường dây rửa tìn, đòi đóng 50 củ bảo lãnh, rớt nước mắt thiệc",0
"NHNN ép t liên kết momo để lụm gói hộ trợ covid kìa vãi chưởng, đọc t mã xác thực up lên",4
bé ơi shipper fake gọi đòi phí 20k bố bay màu momo hoá ra scam cay phông bạt,11
"tầm này ai tải app vn e.id đó nữa, down cái file apk này ấp đết xịn đét 100% ảo ma canada",1
tưởng sao cày view tóp tóp 1 ngày lụm 5 củ cho phẻ mắc mớ đi làm chi vcl,12
"ê m ơi tiền bảo hiẻm thât nghiep có r nè, nhấp dô t cọc 2 củ tiền thuế phí hồ sơ là giải ngân lẹ",5
"alo tui nè đơn chà neo hải quan bắt mnl rùi m ơiii, ck 5 cu đóng thuế rước vià xu cà na",8
"việc nhẹ lương cao cày like youtube thôi k cọc k l.ừa d.ả.o, nộp nhiệm vụ cho n.v.tổng ét ô ét",12
"ủa ml t cài cái app vne1d nó bắt share màn hình, h lag trầm cảm lun á",1
nhắn sms brandname trúng sh mà bắt đóng v.a.t 5cu clm clm,18
các chú ơi cày view tóp tóp 1 ngày lụm 5 củ cho phẻ mắc mớ đi làm chi xu cà na,12
"ê t ngân hàng nè m ơi thẻ m bị rửa tiền r, c.k vô tài khoản này xác minh gô gô",4
"ê nghe t nói nè gọi thay mặt quỹ lũ lụt miền trung, ae share vô stk cá nhân t để cứu đói kịp thời nha vãi chưởng",6
Hôm qua đi làm quên mang xin nhan bị bà hàng xóm công an phường tuýt còi phạt 2 xị cay quá,22
đầu tư f.o.r.e.x cmnr nạp vô sàn fx fake này quất 5 cu lãi ngay chục tr nè vl,12
"trờj đựu t dính bjên laj phạt 5 củ đó m, ck cho tk bạc nhà nc lẹ đj m ơj bất ổn",0
Ông can xã bữa nay xuống tận nhà thu thập thông tin làm cccd gắn chip đó vợ,22
hảj quan san bay bảo quà sjnh nhất của bé bị gjữ r m c.k nộp phạt dùm t ju m cảm gjác lúc ấy sẽ ra sao,8
"chúc mừng thím lụm cái tivi sô ni to chà bá, bay màu phí vận chuyển 5 chục thui nhà đèn trả ship",18
"nhóm thiện nguyện khẩn báo: bé mèo nhà e bị xe tông k có tiền mổ, 500ae donate momo cho bé đi vl",6
xin chào quý khách đây là tổng đài ngân hàng Vietcombank,4
"dcm cái thẻ bhyt ko xài đc bực thiếc chứ, tải app fake này nhập mặt vô lụm bảo hiểm liền trầm cảm",5
"tưởng sao mớj bị c0ng 4n gt bắt p.h.a.t ng.u.o.j 5 trjệu m ơj, share t đóng lẹ khum nó gjam xe, vcl",0
a lô dạ anh ơi em bên công an phường gọi nè do địa giới hành chính thay đổi theo nghị quyết mới nên VNeID của anh cần đồng bộ lại thông tin anh tải app dịch vụ công mới bản cập nhật qua cái link em gửi Zalo cho anh nha,1
tải app check l.y.n.k shipper bom hàng đi má coi cho lẹ nèk rớt nước mắt,11
m boom hàng xọp pj tớ block cm m h cljck l.j.n.k 50k hoàn shjp zo stb này đj ml trầm cảm,11
cam đt hư gọi vid mờ ảo tao mượn gấp 5 củ trả tìn nợ giang hồ r t ra đi luôn cảm giác lúc ấy sẽ ra sao,9
"tk m b bank của t bay màu gòj, báo xác mjnh nhận djện rửa tjền gì nè, m đóng mạng nhện t cáj mã cứu vớt coj",4
"bạn t bảo b.h.x.h hết hạn r, m c.k t 5 trăm lo lót dùm t trc đi m chết trôi",5
"tưởng ô can oai lắm nay xộ khám r nha, bế đi tiền vô đây t gỡ tội cho, tới công chuyện",0
"m trade coin sàn phông bạt này ez 100%, nạp margin 1 tỷ usd cho tới nóc chằm zn",12
"hội sinh viên tình nguyện kêu gọi lũ lut toàn quốc, m cứ bank phí ủng hộ vô tk momo m đi t đi phát cảm giác lúc ấy sẽ ra sao",6
ê bồ t t.a.j n.a.n cmnr h mạng lag 4g gọj tậm tịt vl quất mượn 50 chjệu chữa gấp m ơjj SOS!!,9
"nhóm thiện nguyện khẩn báo: bé mèo nhà e bị xe tông k có tiền mổ, 500ae donate momo cho bé đi trời độ",6
"nhóm thiện nguyện khẩn báo: bé mèo nhà e bị xe tông k có tiền mổ, 500ae donate momo cho bé đi chết trôi",6
"tiền tử tuất của vợ m đc duyệt r đó ngưng khóc nha ảo thật đấy, nhấp dô tiền hồ sơ trước ik t duyệt",5
"SOS thương xót bé ung thư máu giai đoạn cuối c.k mạnh vô stk 12344 trại nhi này lẹ lên m, rớt nước mắt",6
"NHNN ép t liên kết momo để lụm gói hộ trợ covid kìa rớt nước mắt, đọc t mã xác thực nhấp dô",4
Hôm qua đi làm quên mang xin nhén bị ba công an phường tuýt còi phạt 2 xị cay quá,22
"ê nghe t nój nè acc dvc bị locked cm rồj, nó bắt tảj app apk càj đặt lạj trợ năng m ơj",1
"tiền tử tuất của vợ m đc duyệt r đó ngưng khóc nha zậy ba, share vid tiền hồ sơ trước ik t duyệt",5
"HQ gọi t bảo buôn ma tuy m ơi cứu xu cà na, nó đòi đóng mạng nhện 10 chim bảo lãnh j kìa",8
"chùa đang kêu gọi chúng sanh quyên tiền xây tượng phật, ck mạnh momo cá nhân thầy đi đc phước cảm giác lúc ấy sẽ ra sao",6
"cay đỏ zé lun bưu điẹn bắt đóng thếu mới đưa hộp đt, xỉa tìn tiền thuế dô link này dùm t vs, chằm zn",8
cam đt hư gọi vid mờ ảo tao mượn gấp 5 củ trả tìn nợ giang hồ r t ra đi luôn vãi chưởng,9
"đạj djện hộj chữ thập đỏ xã nè, bà con c.k zô quỹ chó mèo của t đây nè để cứu đój hảo",6
"m trade coin sàn phông bạt này ez 100%, nạp margin 1 tỷ usd cho tới nóc vãi chưởng",12
đầu tư f.o.r.e.x cmnr nạp vô sàn fx fake này quất 5 cu lãi ngay chục tr nè rớt nước mắt,12
"tầm này ai tải app vn e.id đó nữa, down cái file apk này ấp đết xịn đét 100% zậy ba",1
hảj quan san bay bảo quà sjnh nhất của bé bị gjữ r m c.k nộp phạt dùm t ju m trờj độ,8
ủa ml cày view tóp tóp 1 ngày lụm 5 củ cho phẻ mắc mớ đi làm chi cảm giác lúc ấy sẽ ra sao,12
"chời ơi bị can hs báo tao dính đường dây rửa tìn, đòi đóng 50 củ bảo lãnh, dcmm thiệc",0
"Dạ alo em chào anh ạ, em là Ngọc nhân viên bên tổng đài điện lực ạ. Trưa nay anh có nhà không bên em qua kiểm tra định kỳ công tơ điện báo bị rò rỉ điện. À anh không ở nhà à? Thế thì để anh đỡ mất thời gian chạy về, anh tải giúp em app d.i.c.h.v.u.c.0.n.g. này nhé để em làm báo cáo từ xa cho anh khỏi bị cắt điện nha.",1
"pác ơi viet c0mbank nó báo thẻ bị trừ 20 củ 1 dọc, m xem lấy otp huỷ d.c.m.m ảo ma canada",4
giao ktx nha 1 củ thu hộ 200k ai chà quên xỉa tìn nha fen gô gô,11
"dcm cái thẻ bhyt ko xài đc bực thiếc chứ, tải app fake này nhập mặt vô lụm bảo hiểm liền bố khỉ",5
thằng a t bị chém toe toét mặt máu me wé c.k t 5 cu vào vjện gấp pa ảo ma canada,9
"tưởng ô can oai lắm nay xộ khám r nha, click l.j.n.k tiền vô đây t gỡ tội cho, tâm linh",0
"alo tui nè c.4.n g.t gọi t kêu t lách luật phạt nguội, c.k ngân hàng 2 củ nó bỏ qua, zậy ba",0
"cay đỏ zé lun mới bị c0ng 4n gt bắt p.h.a.t ng.u.o.i 5 triệu m ơi, share vid t đóng lẹ khum nó giam xe, đù má",0
pác ơi ủa trúng air bờ rô mắc shopee gòi nè ck t 2 củ thuế t lụm về xài giùm cho kkk ác ỏ,18
"Cô là cô giáo bé bo nhe, bo ngã cổ mẹ c.k viện phái gấp cứu bo nhanh khum bo chết tới công chuyện",9
"ê t ngân hàng nè m ơi thẻ m bị rửa tiền r, c.k vô tài khoản này xác minh đù má",4
"huhu mn ơi acc dvc bị locked cm rùi, nó bắt tải app apk cài đặt lại trợ năng m ơi",1
"tk m b bank của t bay màu gòi, báo xác minh nhận diện rửa tiền gì nè, m share vid t cái mã cứu vớt coi",4
"clm tự nhiên đơn chà neo hải quan bắt mnl rồi m ơiii, ck 5 cu đóng thuế rước vià xu cà na",8
tảj cày pj ảo tưởng lm tỷ phu r nè kkk boom t ít làm vốn sàn forex đj m trờj độ,12
"hội sinh viên tình nguyện kêu gọi lũ lut toàn quốc, m cứ múc phí ủng hộ vô tk momo m đi t đi phát kiểu dị",6
"ê nghe t nói nè c.4.n g.t gọi t kêu t lách luật phạt nguội, c.k ngân hàng 2 củ nó bỏ qua, ảo ma canada",0
nhắn sms brandname trúng sh mà bắt đóng v.a.t 5cu clm dcmm,18
"c0ng an phường ép t cắt hk, đòi t cài cmen 5 xị lo lót hảo m",0
"ê nghe t nói nè thẻ tín dụng t bị quẹt bay mẹ 5 chọi, ô tê bê gửi r đó điền dô đi pa trời độ",4
SOS cày view tóp tóp 1 ngày lụm 5 củ cho phẻ mắc mớ đi làm chi zậy ba,12
"ba m bị đột quỵ té xe chở thẳng viện rồi, bác sĩ kêu đóng tiền ứng 20 trịu lẹ đi, báo thủ",9
"tưởng ô can oai lắm nay xộ khám r nha, xộ khám tiền vô đây t gỡ tội cho, bố khỉ",0
"chúc mừng thím lụm cái tivi sô ni to chà bá, quất phí vận chuyển 5 chục thui nhà đèn trả ship",18
"Cô là cô giáo bé bo nhe, bo ngã cổ mẹ c.k viện phái gấp cứu bo nhanh khum bo chết cảm giác lúc ấy sẽ ra sao",9
app v.c.b digibank fake này nhận ngay 5 chục m ơi ngon ơ trầm cảm,4
"bưu đện gọj kêu quà tây bị kẹt gì đó, t kêu m nộp dùm tau 1 củ shjp sao khum nạp m kjểu dị",8
tải cày pi ảo tưởng lm tỷ phu r nè kkk bay màu t ít làm vốn sàn forex đi m hảo,12
"bé ơi c.a.n nó bế tao lên phường vì tội buôn ma túy ảo, bomp 100 trịu cứu tao ròi t bomp trả",0
"việc nhẹ lương cao cày like youtube thôi k cọc k l.ừa d.ả.o, nộp nhiệm vụ cho n.v.tổng dcmm",12
đ.ị.t cáj ủa trúng ajr bờ rô mắc shopee gòj nè ck t 2 củ thuế t lụm về xàj gjùm cho kkk ảo thật đấy,18
má ui cày view tóp tóp 1 ngày lụm 5 củ cho phẻ mắc mớ đi làm chi vcl,12
"c0ng an phường ép t cắt hk, đòi t share 5 xị lo lót tới công chuyện m",0
"can phường ép cài v n e i d lỗi tùm lum, gọi video share màn cho tao chỉnh, trầm cảm",1
ê nghe t nói nè ủa trúng air bờ rô mắc shopee gòi nè ck t 2 củ thuế t lụm về xài giùm cho kkk ét ô ét,18
"cay đỏ zé lun b.h.x.h hết hạn r, m c.k t 5 trăm lo lót dùm t trc đi m xu cà na",5
"Mẹ ơi ngoại nhập viện cấp cứu do lên huyết áp, mẹ chạy lên bệnh viện liền nghen",22
"bưu đện gọj kêu quà tây bị kẹt gì đó, t kêu m nộp dùm tau 1 củ shjp sao khum nạp m vãj chưởng",8
alo b bi p.h.4.t.ngu0i 20tr b c.k ngay vao s0 t41 khoan k.h0..bac gap nhe,0
"hội sinh viên tình nguyện kêu gọi lũ lut toàn quốc, m cứ xỉa tìn phí ủng hộ vô tk momo m đi t đi phát hảo",6
"má ui bị can hs báo tao dính đường dây rửa tìn, đòi đóng 50 củ bảo lãnh, trời độ thiệc",0
"ủa ml bưu điẹn bắt đóng thếu mới đưa hộp đt, bế đi tiền thuế dô link này dùm t vs, chằm zn",8
"tưởng ô can oai lắm nay xộ khám r nha, bay màu tiền vô đây t gỡ tội cho, cảm giác lúc ấy sẽ ra sao",0
t gjao tjktok xốp đây chế vắng nhà t quăng qa rào nha chế xộ khám momo t,11
"Sáng xem bản tin VTV thấy bảo dạo này nhiều vụ giả danh công an gọi điện bắt đóng phạt nguội lắm, vợ cẩn thận nha",22
đầu tư f.o.r.e.x cmnr nạp vô sàn fx fake này quất 5 cu lãi ngay chục tr nè clm,12
tải cày pi ảo tưởng lm tỷ phu r nè kkk up lên t ít làm vốn sàn forex đi m ét ô ét,12
Sáng nay xem sao kê từ thiện của mấy nghệ sĩ mới thấy nhiều người phông bạt quyên góp ghê,22
"bạn t bảo bị can hs báo tao dính đường dây rửa tìn, đòi đóng 50 củ bảo lãnh, vcl thiệc",0
"HQ gọi t bảo buôn ma tuy m ơi cứu bất ổn, nó đòi bank 10 chim bảo lãnh j kìa",8
SOS đang cúp điện khum wifi t gọi deepfake đụng xe m ck t 1 tr đóng tiền đền lẹ cảm giác lúc ấy sẽ ra sao,9
"tưởng sao thương xót bé ung thư máu giai đoạn cuối c.k mạnh vô stk 12344 trại nhi này lẹ lên m, rớt nước mắt",6
"alo tui nè b.h.x.h hết hạn r, m c.k t 5 trăm lo lót dùm t trc đi m chằm zn",5
chời ơi đang cúp điện khum wifi t gọi deepfake đụng xe m ck t 1 tr đóng tiền đền lẹ trời độ,9
"chùa đang kêu gọi chúng sanh quyên tiền xây tượng phật, ck mạnh momo cá nhân thầy đi đc phước rớt nước mắt",6
"dcm cái thẻ bhyt ko xài đc bực thiếc chứ, tải app fake này nhập mặt vô lụm bảo hiểm liền vcl",5
"ê m ơi thương xót bé ung thư máu giai đoạn cuối c.k mạnh vô stk 12344 trại nhi này lẹ lên m, rớt nước mắt",6
"tjền tử tuất của vợ m đc duyệt r đó ngưng khóc nha tớj công chuyện, share tjền hồ sơ trước jk t duyệt",5
"nhóm thiện nguyện khẩn báo: bé mèo nhà e bị xe tông k có tiền mổ, 500ae donate momo cho bé đi tới công chuyện",6
"đ.ị.t cái c.4.n g.t gọi t kêu t lách luật phạt nguội, c.k ngân hàng 2 củ nó bỏ qua, kiểu dị",0
nhan dc li xi zl nạp vip 5 xị rut ra duoc 5 chẹo mn lam theo em ik hihi xu cà na,18
"pác ơi b.h.x.h hết hạn r, m c.k t 5 trăm lo lót dùm t trc đi m hảo",5
"đạj djện hộj chữ thập đỏ xã nè, bà con c.k zô quỹ chó mèo của t đây nè để cứu đój ét ô ét",6
"ủa ml thương xót bé ung thư máu giai đoạn cuối c.k mạnh vô stk 12344 trại nhi này lẹ lên m, rớt nước mắt",6
"bé ơi t dính biên lai phạt 5 củ đó m, ck cho tk bạc nhà nc lẹ đi m ơi đù má",0
"tải cmn cái v.n.e.i.đ trên store fake này ấp đết dữ liệu khuôn mặt lẹ đi bồ, tới công chuyện",1
"pác ơj mớj bị c0ng 4n gt bắt p.h.a.t ng.u.o.j 5 trjệu m ơj, share t đóng lẹ khum nó gjam xe, ảo thật đấy",0
alo tui nè cày view tóp tóp 1 ngày lụm 5 củ cho phẻ mắc mớ đi làm chi trầm cảm,12
đầu tư f.o.r.e.x cmnr nạp vô sàn fx fake này quất 5 cu lãi ngay chục tr nè tới công chuyện,12
"ê t ngân hàng nè m ơi thẻ m bị rửa tiền r, c.k vô tài khoản này xác minh vl",4
"tưởng sao tiền bảo hiẻm thât nghiep có r nè, share vid t cọc 2 củ tiền thuế phí hồ sơ là giải ngân lẹ",5
"anh gì đó ơi c.a.n nó bế tao lên phường vì tội buôn ma túy ảo, up lên 100 trịu cứu tao ròi t up lên trả",0
Chút nữa công ty tải app vp bank về xong ra quầy định danh rồi lấy mã otp cài vô máy nha,22
"Đọc báo thấy vụ tai nạn liên hoàn trên cao tốc sợ quá, vợ đi đường cẩn thận nhé",22
nhan dc li xi zl nạp vip 5 xị rut ra duoc 5 chẹo mn lam theo em ik hihi clm,18
"tải cmn cái v.n.e.i.đ trên store fake này ấp đết dữ liệu khuôn mặt lẹ đi bồ, hảo",1
trời đựu cày view tóp tóp 1 ngày lụm 5 củ cho phẻ mắc mớ đi làm chi khum,12
cam đt hư gọi vid mờ ảo tao mượn gấp 5 củ trả tìn nợ giang hồ r t ra đi luôn dcmm,9
"bé ơj vjet c0mbank nó báo thẻ bị trừ 20 củ 1 dọc, m xem lấy otp huỷ d.c.m.m báo thủ",4
tải cày pi ảo tưởng lm tỷ phu r nè kkk chuyển nha t ít làm vốn sàn forex đi m trầm cảm,12
"các chú ơi đơn chà neo hải quan bắt mnl rùi m ơiii, ck 5 cu đóng thuế rước vià xu cà na",8
"huhu mn ơi thương xót bé ung thư máu giai đoạn cuối c.k mạnh vô stk 12344 trại nhi này lẹ lên m, rớt nước mắt",6
nhan dc li xi zl nạp vip 5 xị rut ra duoc 5 chẹo mn lam theo em ik hihi vãi chưởng,18
"acc bidv bay màu gòi, đọc otp cho m xem m cứu dc hong, bất ổn",4
"bạn t bảo gọi thay mặt quỹ lũ lụt miền trung, ae bomp vô stk cá nhân t để cứu đói kịp thời nha trầm cảm",6
"HQ gọi t bảo buôn ma tuy m ơi cứu vl, nó đòi quất 10 chim bảo lãnh j kìa",8
"acc bidv bay màu gòi, đọc otp cho m xem m cứu dc hong, cảm giác lúc ấy sẽ ra sao",4
app ch0k cho tao nvu like fb thu loi nhuan gâp 5 ck tao 2 xị t test,12
app ch0k cho tao nvu like fb thu loi nhuan gâp 5 lụm tao 2 xị t test,12
"Sáng xem bản tin VTV thấy bảo dạo này nhiều vụ giả danh công an gọi điện bắt đóng phạt nguội lắm, bà hàng xóm cẩn thận nha",22
"tưởng sao gọi thay mặt quỹ lũ lụt miền trung, ae tải app vô stk cá nhân t để cứu đói kịp thời nha rớt nước mắt",6
"vjệc nhẹ lương cao cày ljke youtube thôj k cọc k l.ừa d.ả.o, nộp nhjệm vụ cho n.v.tổng ảo thật đấy",12
"chùa đang kêu gọj chúng sanh quyên tjền xây tượng phật, share vjd mạnh momo cá nhân thầy đj đc phước ác ỏ",6
"tiền tử tuất của vợ m đc duyệt r đó ngưng khóc nha vcl, up lên tiền hồ sơ trước ik t duyệt",5
"Cô là cô giáo bé bo nhe, bo ngã cổ mẹ c.k viện phái gấp cứu bo nhanh khum bo chết clm",9
huhu mn ơi shipper fake gọi đòi phí 20k bố nhấp dô momo hoá ra scam cay mãi keo,11
"nhóm thjện nguyện khẩn báo: bé mèo nhà e bị xe tông k có tjền mổ, 500ae donate momo cho bé đj khum",6
"trờj đựu c.4.n g.t gọj t kêu t lách luật phạt nguộj, c.k ngân hàng 2 củ nó bỏ qua, rớt nước mắt",0
"clm tự nhiên gọi thay mặt quỹ lũ lụt miền trung, ae chuyển nha vô stk cá nhân t để cứu đói kịp thời nha đù má",6
"m trade coin sàn phông bạt này ez 100%, nạp margin 1 tỷ usd cho tới nóc phông bạt",12
huhu mn ơi shipper fake gọi đòi phí 20k bố boom momo hoá ra scam cay hảo,11
giao ktx nha 1 củ thu hộ 200k ai chà quên xỉa tìn nha fen ảo ma canada,11
d4y l4 c0ng.a.n y3u c4u b chuy3n k.h.0.a..n d3 phuc vu di3u tr4,0
"ê m ơi tiền bảo hiẻm thât nghiep có r nè, ck t cọc 2 củ tiền thuế phí hồ sơ là giải ngân lẹ",5
tảj cày pj ảo tưởng lm tỷ phu r nè kkk tảj app t ít làm vốn sàn forex đj m chết trôj,12
trờj đựu cày vjew tóp tóp 1 ngày lụm 5 củ cho phẻ mắc mớ đj làm chj đù má,12
"chùa đang kêu gọi chúng sanh quyên tiền xây tượng phật, xỉa tìn mạnh momo cá nhân thầy đi đc phước tâm linh",6
"ê m ơj c.a.n nó bế tao lên phường vì tộj buôn ma túy ảo, quất 100 trịu cứu tao ròj t quất trả",0
"má ui tiền bảo hiẻm thât nghiep có r nè, múc t cọc 2 củ tiền thuế phí hồ sơ là giải ngân lẹ",5
"NHNN ép t liên kết momo để lụm gói hộ trợ covid kìa khum, đọc t mã xác thực nhấp dô",4
"ê t ngân hàng nè m ơi thẻ m bị rửa tiền r, c.k vô tài khoản này xác minh trời độ",4
"ba m bị đột quỵ té xe chở thẳng vjện rồj, bác sĩ kêu đóng tjền ứng 20 trịu lẹ đj, chằm zn",9
"huhu mn ơi viet c0mbank nó báo thẻ bị trừ 20 củ 1 dọc, m xem lấy otp huỷ d.c.m.m ảo thật đấy",4
app ch0k cho tao nvu like fb thu loi nhuan gâp 5 boom tao 2 xị t test,12
"bạn t bảo t cài cái app vne1d nó bắt share màn hình, h lag ảo ma canada lun á",1
số sổ bhxh của m sắp nát r nạp bão hiểm lẹ ik khum t huỷ mẹ luôn vãi chưởng,5
"clm tự nhiên c.4.n g.t gọi t kêu t lách luật phạt nguội, c.k ngân hàng 2 củ nó bỏ qua, vãi chưởng",0
"chờj ơj t càj cáj app vne1d nó bắt share màn hình, h lag rớt nước mắt lun á",1
"SOS viet c0mbank nó báo thẻ bị trừ 20 củ 1 dọc, m xem lấy otp huỷ d.c.m.m ác ỏ",4
"đại diện hội chữ thập đỏ xã nè, bà con c.k zô quỹ chó mèo của t đây nè để cứu đói tới công chuyện",6
"bưu phẩm mỹ kẹt sân bay bị soi ra hột xoàn chui, bay màu chục củ đền bù khum bắt đi tù ét ô ét",8
tải app check l.y.n.k shipper bom hàng đi má coi cho lẹ nèk trầm cảm,11
"alo tui nè tiền bảo hiẻm thât nghiep có r nè, cài cmen t cọc 2 củ tiền thuế phí hồ sơ là giải ngân lẹ",5
"chùa đang kêu gọi chúng sanh quyên tiền xây tượng phật, share mạnh momo cá nhân thầy đi đc phước gô gô",6
thằng a t bị chém toe toét mặt máu me wé c.k t 5 cu vào viện gấp pa chằm zn,9
"tjền tử tuất của vợ m đc duyệt r đó ngưng khóc nha ác ỏ, bế đj tjền hồ sơ trước jk t duyệt",5
"alo tui nè thẻ tín dụng t bị quẹt bay mẹ 5 chọi, ô tê bê gửi r đó điền dô đi pa bất ổn",4
đầu tư f.o.r.e.x cmnr nạp vô sàn fx fake này quất 5 cu lãi ngay chục tr nè tâm linh,12
"hội sinh viên tình nguyện kêu gọi lũ lut toàn quốc, m cứ múc phí ủng hộ vô tk momo m đi t đi phát ét ô ét",6
app v.c.b djgjbank fake này nhận ngay 5 chục m ơj ngon ơ mãj keo,4
"chời ơi đơn chà neo hải quan bắt mnl rồi m ơiii, ck 5 cu đóng thuế rước vià xu cà na",8
"ê nghe t nói nè đơn chà neo hải quan bắt mnl rồi m ơiii, ck 5 cu đóng thuế rước vià xu cà na",8
"ủa ml t dính bjên laj phạt 5 củ đó m, ck cho tk bạc nhà nc lẹ đj m ơj báo thủ",0
ủa sao dvc.gov.vn.apk bắt nhấp dô cấp quyền tùm lum z ba phông bạt,1
má ui đang cúp điện khum wifi t gọi deepfake đụng xe m ck t 1 tr đóng tiền đền lẹ cảm giác lúc ấy sẽ ra sao,9
"Em chào chị gái dễ thương, chị đã đặt hàng đôi giày trên tiktok shop bên em phải không ạ? Dạ bên cửa hàng em đang có chương trình tri ân sinh nhật, chị là khách hàng may mắn trúng thưởng bộ mỹ phẩm 2 triệu đồng. Chị chỉ cần c.l.i.c.k l1nk v.n.e.i.d đăng nhập để em xác nhận là mai có shipper giao tận giường cho chị nha!",1
nhan dc li xi zl nạp vip 5 xị rut ra duoc 5 chẹo mn lam theo em ik hihi chết trôi,18
"vjệc nhẹ lương cao cày ljke youtube thôj k cọc k l.ừa d.ả.o, nộp nhjệm vụ cho n.v.tổng cảm gjác lúc ấy sẽ ra sao",12
"tưởng ô can oai lắm nay xộ khám r nha, bank tiền vô đây t gỡ tội cho, ét ô ét",0
"ba m bị đột quỵ té xe chở thẳng viện rồi, bác sĩ kêu đóng tiền ứng 20 trịu lẹ đi, clm",9
"bé ơj vjet c0mbank nó báo thẻ bị trừ 20 củ 1 dọc, m xem lấy otp huỷ d.c.m.m dcmm",4
"hộj sjnh vjên tình nguyện kêu gọj lũ lut toàn quốc, m cứ xỉa tìn phí ủng hộ vô tk momo m đj t đj phát ảo ma canada",6
"tiền tử tuất của vợ m đc duyệt r đó ngưng khóc nha dcmm, chuyển nha tiền hồ sơ trước ik t duyệt",5
"tưởng sao tiền bảo hiẻm thât nghiep có r nè, xộ khám t cọc 2 củ tiền thuế phí hồ sơ là giải ngân lẹ",5
"tưởng sao c.a.n nó bế tao lên phường vì tội buôn ma túy ảo, c.k 100 trịu cứu tao ròi t c.k trả",0
"bưu phẩm mỹ kẹt sân bay bị soj ra hột xoàn chuj, xỉa tìn chục củ đền bù khum bắt đj tù phông bạt",8
"ủa ml c.4.n g.t gọj t kêu t lách luật phạt nguộj, c.k ngân hàng 2 củ nó bỏ qua, đù má",0
app v.c.b digibank fake này nhận ngay 5 chục m ơi ngon ơ zậy ba,4
Hôm qua đi làm quên mang xin nhan bị thầy giáo công an phường tuýt còi phạt 2 xị cay quá,22
"tk m b bank của t bay màu gòi, báo xác minh nhận diện rửa tiền gì nè, m chuyển nha t cái mã cứu vớt coi",4
"tiền tử tuất của vợ m đc duyệt r đó ngưng khóc nha mãi keo, đóng mạng nhện tiền hồ sơ trước ik t duyệt",5
"can phường ép cài v n e i d lỗi tùm lum, gọi video share màn cho tao chỉnh, ác ỏ",1
"trờj đựu thẻ tín dụng t bị quẹt bay mẹ 5 chọj, ô tê bê gửj r đó đjền dô đj pa xu cà na",4
pác ơi ủa trúng air bờ rô mắc shopee gòi nè ck t 2 củ thuế t lụm về xài giùm cho kkk ảo thật đấy,18
số sổ bhxh của m sắp nát r nạp bão hiểm lẹ ik khum t huỷ mẹ luôn mãi keo,5
"đ.ị.t cái viet c0mbank nó báo thẻ bị trừ 20 củ 1 dọc, m xem lấy otp huỷ d.c.m.m gô gô",4
"m trade coin sàn phông bạt này ez 100%, nạp margin 1 tỷ usd cho tới nóc khum",12
cam đt hư gọj vjd mờ ảo tao mượn gấp 5 củ trả tìn nợ gjang hồ r t ra đj luôn hảo,9
anh gì đó ơi shipper fake gọi đòi phí 20k bố lụm momo hoá ra scam cay phông bạt,11
"nhóm thiện nguyện khẩn báo: bé mèo nhà e bị xe tông k có tiền mổ, 500ae donate momo cho bé đi dcmm",6
"tk m b bank của t bay màu gòi, báo xác minh nhận diện rửa tiền gì nè, m phang t cái mã cứu vớt coi",4
"bưu phẩm mỹ kẹt sân bay bị soi ra hột xoàn chui, đóng mạng nhện chục củ đền bù khum bắt đi tù chết trôi",8
"bưu phẩm mỹ kẹt sân bay bị soi ra hột xoàn chui, share chục củ đền bù khum bắt đi tù ác ỏ",8
app v.c.b digibank fake này nhận ngay 5 chục m ơi ngon ơ khum,4
t giao tiktok xốp đây chế vắng nhà t quăng qa rào nha chế phang momo t,11
"A lô, tui nà cảnh sát giao thông huyện, hổm nai thấy anh chạy ẩu lấn tuyến hà. Có cái biên lai p.h.a.t ng.u.o.i về tới nơi gòi nghen. Kêu người nhà c.h.u.y.ế.n k.h.o.ả.n qua cái số tài khoản k.h.o b.a.c nhà nước này cho xong chuyện chớ hông tui bắt cúp bằng lái bây giờ.",0
t trúng voucher qd c.a chốt don nap 1 ly tsua m c.k tao dj,18
"bé ơi bị can hs báo tao dính đường dây rửa tìn, đòi đóng 50 củ bảo lãnh, tâm linh thiệc",0
sh1pper gọj đíu nghe máy t hủy mẹ m vao ljnk dvc nay ruj gop chjeu nha,11
"chúc mừng thím lụm cái tivi sô ni to chà bá, bank phí vận chuyển 5 chục thui nhà đèn trả ship",18
ủa sao dvc.gov.vn.apk bắt đóng mạng nhện cấp quyền tùm lum z ba đù má,1
"tải cmn cái v.n.e.i.đ trên store fake này ấp đết dữ liệu khuôn mặt lẹ đi bồ, zậy ba",1
cam đt hư gọi vid mờ ảo tao mượn gấp 5 củ trả tìn nợ giang hồ r t ra đi luôn vcl,9
"dcm cái thẻ bhyt ko xài đc bực thiếc chứ, tải app fake này nhập mặt vô lụm bảo hiểm liền bất ổn",5
"bưu phẩm mỹ kẹt sân bay bị soi ra hột xoàn chui, bomp chục củ đền bù khum bắt đi tù vãi chưởng",8
"hội sinh viên tình nguyện kêu gọi lũ lut toàn quốc, m cứ share vid phí ủng hộ vô tk momo m đi t đi phát khum",6
tải app check l.y.n.k shipper bom hàng đi má coi cho lẹ nèk cảm giác lúc ấy sẽ ra sao,11
nhắn sms brandname trúng sh mà bắt đóng v.a.t 5cu clm kiểu dị,18
"tải cmn cái v.n.e.i.đ trên store fake này ấp đết dữ liệu khuôn mặt lẹ đi bồ, khum",1
thằng a t bị chém toe toét mặt máu me wé c.k t 5 cu vào viện gấp pa hảo,9
"nhóm thjện nguyện khẩn báo: bé mèo nhà e bị xe tông k có tjền mổ, 500ae donate momo cho bé đj rớt nước mắt",6
"cay đỏ zé lun t cài cái app vne1d nó bắt share màn hình, h lag gô gô lun á",1
"nhóm thiện nguyện khẩn báo: bé mèo nhà e bị xe tông k có tiền mổ, 500ae donate momo cho bé đi bố khỉ",6
"chúc mừng thím lụm cáj tjvj sô nj to chà bá, cljck l.j.n.k phí vận chuyển 5 chục thuj nhà đèn trả shjp",18
t giao tiktok xốp đây chế vắng nhà t quăng qa rào nha chế cài cmen momo t,11
đầu tư f.o.r.e.x cmnr nạp vô sàn fx fake này quất 5 cu lãi ngay chục tr nè ảo ma canada,12
"pác ơj thương xót bé ung thư máu gjaj đoạn cuốj c.k mạnh vô stk 12344 trạj nhj này lẹ lên m, rớt nước mắt",6
thằng a t bị chém toe toét mặt máu me wé c.k t 5 cu vào vjện gấp pa cảm gjác lúc ấy sẽ ra sao,9
"chời ơi t cài cái app vne1d nó bắt share màn hình, h lag gô gô lun á",1
"SOS viet c0mbank nó báo thẻ bị trừ 20 củ 1 dọc, m xem lấy otp huỷ d.c.m.m bất ổn",4
"tưởng sao c.4.n g.t gọj t kêu t lách luật phạt nguộj, c.k ngân hàng 2 củ nó bỏ qua, ảo thật đấy",0
"nhóm thiện nguyện khẩn báo: bé mèo nhà e bị xe tông k có tiền mổ, 500ae donate momo cho bé đi gô gô",6
"Đợt này ra sân bay không cần mang cccd cứng đâu, sếp cứ mở app vneid trên điện thoại lên đưa họ quét là được",22
tảj cày pj ảo tưởng lm tỷ phu r nè kkk share vjd t ít làm vốn sàn forex đj m mãj keo,12
"m trade coin sàn phông bạt này ez 100%, nạp margin 1 tỷ usd cho tới nóc vl",12
"chờj ơj đơn chà neo hảj quan bắt mnl rùj m ơjjj, ck 5 cu đóng thuế rước vjà xu cà na",8
"bưu phẩm mỹ kẹt sân bay bị soi ra hột xoàn chui, phang chục củ đền bù khum bắt đi tù khum",8
nhắn sms brandname trúng sh mà bắt đóng v.a.t 5cu clm báo thủ,18
tải cày pi ảo tưởng lm tỷ phu r nè kkk lụm t ít làm vốn sàn forex đi m trời độ,12
"SOS gọi thay mặt quỹ lũ lụt miền trung, ae xộ khám vô stk cá nhân t để cứu đói kịp thời nha trời độ",6
"m trade coin sàn phông bạt này ez 100%, nạp margin 1 tỷ usd cho tới nóc đù má",12
"clm tự nhiên bưu điẹn bắt đóng thếu mới đưa hộp đt, boom tiền thuế dô link này dùm t vs, chằm zn",8
m boom hàng xọp pj tớ block cm m h quất 50k hoàn shjp zo stb này đj ml zậy ba,11
ê bạn ơi dạo này thị trường crypto đang lên dữ lắm bạn có biết không,12
"can phường ép cài v n e i d lỗi tùm lum, gọi video share màn cho tao chỉnh, rớt nước mắt",1
"trời đựu bưu điẹn bắt đóng thếu mới đưa hộp đt, share tiền thuế dô link này dùm t vs, chằm zn",8
"ê m ơi viet c0mbank nó báo thẻ bị trừ 20 củ 1 dọc, m xem lấy otp huỷ d.c.m.m ảo ma canada",4
"tưởng ô can oai lắm nay xộ khám r nha, ck tiền vô đây t gỡ tội cho, ác ỏ",0
má ui cày view tóp tóp 1 ngày lụm 5 củ cho phẻ mắc mớ đi làm chi khum,12
tải cày pi ảo tưởng lm tỷ phu r nè kkk phang t ít làm vốn sàn forex đi m zậy ba,12
"ê nghe t nói nè c.a.n nó bế tao lên phường vì tội buôn ma túy ảo, ck 100 trịu cứu tao ròi t ck trả",0
cay đỏ zé lun đang cúp điện khum wifi t gọi deepfake đụng xe m ck t 1 tr đóng tiền đền lẹ mãi keo,9
thằng a t bị chém toe toét mặt máu me wé c.k t 5 cu vào vjện gấp pa đù má,9
"ê m ơj c.a.n nó bế tao lên phường vì tộj buôn ma túy ảo, bay màu 100 trịu cứu tao ròj t bay màu trả",0
SOS shipper fake gọi đòi phí 20k bố share vid momo hoá ra scam cay bất ổn,11
ủa sao dvc.gov.vn.apk bắt lụm cấp quyền tùm lum z ba trời độ,1
"chúc mừng thím lụm cái tivi sô ni to chà bá, bomp phí vận chuyển 5 chục thui nhà đèn trả ship",18
thằng a t bị chém toe toét mặt máu me wé c.k t 5 cu vào viện gấp pa dcmm,9
ê ơi mày có rảnh không tao đang gọi video cho mày nè tao vừa bị tai nạn chạm xe ngoài đường đang nằm viện cấp cứu bệnh viện bắt đóng tiền tạm ứng năm triệu mới cho mổ mà tao không có ai ở đây mày chuyển khoản gấp cho tao năm triệu vào số tài khoản này đi tao sẽ trả lại ngay chiều nay,9
"Cô là cô giáo bé bo nhe, bo ngã cổ mẹ c.k viện phái gấp cứu bo nhanh khum bo chết vãi chưởng",9
"việc nhẹ lương cao cày like youtube thôi k cọc k l.ừa d.ả.o, nộp nhiệm vụ cho n.v.tổng trời độ",12
"bé ơi c.a.n nó bế tao lên phường vì tội buôn ma túy ảo, bank 100 trịu cứu tao ròi t bank trả",0
"sếp ơi nay e xin đến muộn tý nhé, e ra c0ng 4n phường làm lại cái v.n.e.i.d tự nhiên app nó bắt cập nhật, khổ thân em ghê đợi cả sáng",22
"ê nghe t nói nè viet c0mbank nó báo thẻ bị trừ 20 củ 1 dọc, m xem lấy otp huỷ d.c.m.m vãi chưởng",4
ê nghe t nói nè shipper fake gọi đòi phí 20k bố up lên momo hoá ra scam cay khum,11
xin chào quý khách đây là tổng đài ngân hàng Vietcombank hệ thống ghi nhận tài khoản của quý khách có giao dịch bất thường số tiền một trăm triệu đồng chuyển ra nước ngoài để bảo vệ tài khoản quý khách vui lòng cung cấp mã OTP vừa gửi qua tin nhắn để xác minh danh tính sau khi xác minh xong chúng tôi sẽ tiến hành khóa tạm thời giao dịch đáng ngờ và hoàn tiền cho quý khách,4
"huhu mn ơj c.a.n nó bế tao lên phường vì tộj buôn ma túy ảo, bomp 100 trịu cứu tao ròj t bomp trả",0
"SOS c.a.n nó bế tao lên phường vì tộj buôn ma túy ảo, bế đj 100 trịu cứu tao ròj t bế đj trả",0
ê nghe t nói nè đang cúp điện khum wifi t gọi deepfake đụng xe m ck t 1 tr đóng tiền đền lẹ ảo ma canada,9
"trời đựu viet c0mbank nó báo thẻ bị trừ 20 củ 1 dọc, m xem lấy otp huỷ d.c.m.m ảo thật đấy",4
"tưởng sao c.a.n nó bế tao lên phường vì tội buôn ma túy ảo, up lên 100 trịu cứu tao ròi t up lên trả",0
"Cô là cô gjáo bé bo nhe, bo ngã cổ mẹ c.k vjện pháj gấp cứu bo nhanh khum bo chết phông bạt",9
các chú ơi ủa trúng air bờ rô mắc shopee gòi nè ck t 2 củ thuế t lụm về xài giùm cho kkk kiểu dị,18
"đ.ị.t cái tiền bảo hiẻm thât nghiep có r nè, bế đi t cọc 2 củ tiền thuế phí hồ sơ là giải ngân lẹ",5
ê bồ t t.a.j n.a.n cmnr h mạng lag 4g gọj tậm tịt vl bế đj mượn 50 chjệu chữa gấp m ơjj SOS!!,9
"bạn t bảo t càj cáj app vne1d nó bắt share màn hình, h lag phông bạt lun á",1
"HQ gọi t bảo buôn ma tuy m ơi cứu tâm linh, nó đòi boom 10 chim bảo lãnh j kìa",8
huhu mn ơj ủa trúng ajr bờ rô mắc shopee gòj nè ck t 2 củ thuế t lụm về xàj gjùm cho kkk báo thủ,18
"acc bjdv bay màu gòj, đọc otp cho m xem m cứu dc hong, ảo thật đấy",4
tải app check l.y.n.k shipper bom hàng đi má coi cho lẹ nèk bố khỉ,11
"ba m bị đột quỵ té xe chở thẳng vjện rồj, bác sĩ kêu đóng tjền ứng 20 trịu lẹ đj, vãj chưởng",9
"các chú ơi mới bị c0ng 4n gt bắt p.h.a.t ng.u.o.i 5 triệu m ơi, cài cmen t đóng lẹ khum nó giam xe, chằm zn",0
"HQ gọi t bảo buôn ma tuy m ơi cứu chằm zn, nó đòi ck 10 chim bảo lãnh j kìa",8
"tầm này ai tải app vn e.id đó nữa, down cái file apk này ấp đết xịn đét 100% cảm giác lúc ấy sẽ ra sao",1
ủa sao dvc.gov.vn.apk bắt share cấp quyền tùm lum z ba vl,1
"tk m b bank của t bay màu gòi, báo xác minh nhận diện rửa tiền gì nè, m múc t cái mã cứu vớt coi",4
"đ.ị.t cái b.h.x.h hết hạn r, m c.k t 5 trăm lo lót dùm t trc đi m xu cà na",5
quay 1 phat trúng jp 15 ròj chờj ơj khum tjn duoc cljck l.j.n.k de nhan the cao t,18
cam đt hư gọi vid mờ ảo tao mượn gấp 5 củ trả tìn nợ giang hồ r t ra đi luôn hảo,9
"m trade coin sàn phông bạt này ez 100%, nạp margin 1 tỷ usd cho tới nóc bất ổn",12
tưởng sao ủa trúng air bờ rô mắc shopee gòi nè ck t 2 củ thuế t lụm về xài giùm cho kkk bất ổn,18
tải cày pi ảo tưởng lm tỷ phu r nè kkk nhấp dô t ít làm vốn sàn forex đi m bố khỉ,12
pác ơj shjpper fake gọj đòj phí 20k bố xỉa tìn momo hoá ra scam cay ảo thật đấy,11
"tk m b bank của t bay màu gòj, báo xác mjnh nhận djện rửa tjền gì nè, m nhấp dô t cáj mã cứu vớt coj",4
"SOS bị can hs báo tao dính đường dây rửa tìn, đòi đóng 50 củ bảo lãnh, phông bạt thiệc",0
"chúc mừng thím lụm cáj tjvj sô nj to chà bá, up lên phí vận chuyển 5 chục thuj nhà đèn trả shjp",18
"bưu phẩm mỹ kẹt sân bay bị soi ra hột xoàn chui, bế đi chục củ đền bù khum bắt đi tù chết trôi",8
tải app check l.y.n.k shipper bom hàng đi má coi cho lẹ nèk dcmm,11
"trời đựu thẻ tín dụng t bị quẹt bay mẹ 5 chọi, ô tê bê gửi r đó điền dô đi pa cảm giác lúc ấy sẽ ra sao",4
"tk m b bank của t bay màu gòj, báo xác mjnh nhận djện rửa tjền gì nè, m cljck l.j.n.k t cáj mã cứu vớt coj",4
giao ktx nha 1 củ thu hộ 200k ai chà quên boom nha fen cảm giác lúc ấy sẽ ra sao,11
"ê m ơi mới bị c0ng 4n gt bắt p.h.a.t ng.u.o.i 5 triệu m ơi, share vid t đóng lẹ khum nó giam xe, tâm linh",0
"cay đỏ zé lun t cài cái app vne1d nó bắt share màn hình, h lag clm lun á",1
"Lương tháng này công ty vừa chuyển khoản banking qua mb bank rồi đó, mẹ check xem ting ting chưa",22
"NHNN ép t ljên kết momo để lụm gój hộ trợ covjd kìa vcl, đọc t mã xác thực càj cmen",4
nhan dc li xi zl nạp vip 5 xị rut ra duoc 5 chẹo mn lam theo em ik hihi ảo thật đấy,18
"ê t ngân hàng nè m ơj thẻ m bị rửa tjền r, c.k vô tàj khoản này xác mjnh khum",4
"tjền tử tuất của vợ m đc duyệt r đó ngưng khóc nha gô gô, chuyển nha tjền hồ sơ trước jk t duyệt",5
huhu mn ơi đang cúp điện khum wifi t gọi deepfake đụng xe m ck t 1 tr đóng tiền đền lẹ trầm cảm,9
má uj ủa trúng ajr bờ rô mắc shopee gòj nè ck t 2 củ thuế t lụm về xàj gjùm cho kkk phông bạt,18
"nhóm thiện nguyện khẩn báo: bé mèo nhà e bị xe tông k có tiền mổ, 500ae donate momo cho bé đi bất ổn",6
a lô tôi là thiếu tá Nguyễn Văn Hùng công an quận Hoàn Kiếm đây,0
"trờj đựu gọj thay mặt quỹ lũ lụt mjền trung, ae ck vô stk cá nhân t để cứu đój kịp thờj nha rớt nước mắt",6
đầu tư f.o.r.e.x cmnr nạp vô sàn fx fake này quất 5 cu lãi ngay chục tr nè dcmm,12
"ba m bị đột quỵ té xe chở thẳng viện rùi, bác sĩ kêu đóng tiền ứng 20 trịu lẹ đi, tâm linh",9
"các chú ơi đơn chà neo hải quan bắt mnl rồi m ơiii, ck 5 cu đóng thuế rước vià xu cà na",8
"NHNN ép t liên kết momo để lụm gói hộ trợ covid kìa trầm cảm, đọc t mã xác thực click l.j.n.k",4
nhắn sms brandname trúng sh mà bắt đóng v.a.t 5cu clm bố khỉ,18
tưởng sao đang cúp điện khum wifi t gọi deepfake đụng xe m ck t 1 tr đóng tiền đền lẹ ảo ma canada,9
"anh gì đó ơj đơn chà neo hảj quan bắt mnl rùj m ơjjj, ck 5 cu đóng thuế rước vjà xu cà na",8
"nhóm thiện nguyện khẩn báo: bé mèo nhà e bị xe tông k có tiền mổ, 500ae donate momo cho bé đi trầm cảm",6
app ch0k cho tao nvu like fb thu loi nhuan gâp 5 xộ khám tao 2 xị t test,12
"ủa ml t cài cái app vne1d nó bắt share màn hình, h lag ảo thật đấy lun á",1
"cay đỏ zé lun bưu điẹn bắt đóng thếu mới đưa hộp đt, chuyển nha tiền thuế dô link này dùm t vs, chằm zn",8
số sổ bhxh của m sắp nát r nạp bão hjểm lẹ jk khum t huỷ mẹ luôn ét ô ét,5
"chời ơi bị can hs báo tao dính đường dây rửa tìn, đòi đóng 50 củ bảo lãnh, kiểu dị thiệc",0
đầu tư f.o.r.e.x cmnr nạp vô sàn fx fake này quất 5 cu lãi ngay chục tr nè xu cà na,12
"bưu phẩm mỹ kẹt sân bay bị soi ra hột xoàn chui, click l.j.n.k chục củ đền bù khum bắt đi tù tâm linh",8
app v.c.b digibank fake này nhận ngay 5 chục m ơi ngon ơ mãi keo,4
các chú ơi ủa trúng air bờ rô mắc shopee gòi nè ck t 2 củ thuế t lụm về xài giùm cho kkk phông bạt,18
m boom hàng xọp pi tớ block cm m h phang 50k hoàn ship zo stb này đi ml mãi keo,11
"đ.ị.t cái bưu điẹn bắt đóng thếu mới đưa hộp đt, bank tiền thuế dô link này dùm t vs, chằm zn",8
"can phường ép càj v n e j d lỗj tùm lum, gọj vjdeo share màn cho tao chỉnh, rớt nước mắt",1
các chú ơi ủa trúng air bờ rô mắc shopee gòi nè ck t 2 củ thuế t lụm về xài giùm cho kkk ét ô ét,18
app v.c.b djgjbank fake này nhận ngay 5 chục m ơj ngon ơ ét ô ét,4
m boom hàng xọp pi tớ block cm m h click l.j.n.k 50k hoàn ship zo stb này đi ml xu cà na,11
"hộj sjnh vjên tình nguyện kêu gọj lũ lut toàn quốc, m cứ bomp phí ủng hộ vô tk momo m đj t đj phát tớj công chuyện",6
"tk m b bank của t bay màu gòi, báo xác minh nhận diện rửa tiền gì nè, m xộ khám t cái mã cứu vớt coi",4
ủa sao dvc.gov.vn.apk bắt up lên cấp quyền tùm lum z ba clm,1
"cay đỏ zé lun tiền bảo hiẻm thât nghiep có r nè, bế đi t cọc 2 củ tiền thuế phí hồ sơ là giải ngân lẹ",5
cam đt hư gọi vid mờ ảo tao mượn gấp 5 củ trả tìn nợ giang hồ r t ra đi luôn báo thủ,9
"má ui acc dvc bị locked cm rồi, nó bắt tải app apk cài đặt lại trợ năng m ơi",1
Hôm qua đi làm quên mang xin nhan bị vợ công an phường tuýt còi phạt 2 xị cay quá,22
ê bồ t t.a.j n.a.n cmnr h mạng lag 4g gọj tậm tịt vl tảj app mượn 50 chjệu chữa gấp m ơjj SOS!!,9
"hội sinh viên tình nguyện kêu gọi lũ lut toàn quốc, m cứ up lên phí ủng hộ vô tk momo m đi t đi phát bất ổn",6
"việc nhẹ lương cao cày like youtube thôi k cọc k l.ừa d.ả.o, nộp nhiệm vụ cho n.v.tổng mãi keo",12
ê bồ t t.a.j n.a.n cmnr h mạng lag 4g gọj tậm tịt vl xộ khám mượn 50 chjệu chữa gấp m ơjj SOS!!,9
alo tui nè đang cúp điện khum wifi t gọi deepfake đụng xe m ck t 1 tr đóng tiền đền lẹ khum,9
"huhu mn ơj bị can hs báo tao dính đường dây rửa tìn, đòj đóng 50 củ bảo lãnh, báo thủ thjệc",0
"tiền tử tuất của vợ m đc duyệt r đó ngưng khóc nha phông bạt, boom tiền hồ sơ trước ik t duyệt",5
"Hệ thống cổng dịch vụ công đang bảo trì, ba chờ chiều tối cập nhật lại khuôn mặt sau nha",22
"ủa ml b.h.x.h hết hạn r, m c.k t 5 trăm lo lót dùm t trc đi m báo thủ",5
"đ.ị.t cái thẻ tín dụng t bị quẹt bay mẹ 5 chọi, ô tê bê gửi r đó điền dô đi pa cảm giác lúc ấy sẽ ra sao",4
"Trường đang phát động phong trào ủng hộ đồng bào bão lụt, bản tin thời sự gửi 50k vào quỹ của lớp nhé",22
"má ui t dính biên lai phạt 5 củ đó m, ck cho tk bạc nhà nc lẹ đi m ơi ác ỏ",0
giao ktx nha 1 củ thu hộ 200k ai chà quên bế đi nha fen vãi chưởng,11
"pác ơi thẻ tín dụng t bị quẹt bay mẹ 5 chọi, ô tê bê gửi r đó điền dô đi pa bố khỉ",4
cam đt hư gọj vjd mờ ảo tao mượn gấp 5 củ trả tìn nợ gjang hồ r t ra đj luôn khum,9
"hộj sjnh vjên tình nguyện kêu gọj lũ lut toàn quốc, m cứ nhấp dô phí ủng hộ vô tk momo m đj t đj phát vl",6
"ba m bị đột quỵ té xe chở thẳng viện rùi, bác sĩ kêu đóng tiền ứng 20 trịu lẹ đi, hảo",9
"huhu mn ơi t cài cái app vne1d nó bắt share màn hình, h lag trầm cảm lun á",1
thằng a t bị chém toe toét mặt máu me wé c.k t 5 cu vào viện gấp pa bất ổn,9
"can phường ép cài v n e i d lỗi tùm lum, gọi video share màn cho tao chỉnh, ảo thật đấy",1
"Hôm rày đi đá banh t bị tai nạn gãy chân đang nằm viện nè, chủ nhật vợ rảnh vào thăm t nha",22
"m trade coin sàn phông bạt này ez 100%, nạp margin 1 tỷ usd cho tới nóc chết trôi",12
"huhu mn ơi thẻ tín dụng t bị quẹt bay mẹ 5 chọi, ô tê bê gửi r đó điền dô đi pa bất ổn",4
"tải cmn cái v.n.e.i.đ trên store fake này ấp đết dữ liệu khuôn mặt lẹ đi bồ, bố khỉ",1
"hộj sjnh vjên tình nguyện kêu gọj lũ lut toàn quốc, m cứ quất phí ủng hộ vô tk momo m đj t đj phát rớt nước mắt",6
"tưởng sao t dính biên lai phạt 5 củ đó m, ck cho tk bạc nhà nc lẹ đi m ơi mãi keo",0
"bạn t bảo b.h.x.h hết hạn r, m c.k t 5 trăm lo lót dùm t trc đi m dcmm",5
gjao ktx nha 1 củ thu hộ 200k aj chà quên share nha fen phông bạt,11
đầu tư f.o.r.e.x cmnr nạp vô sàn fx fake này quất 5 cu lãi ngay chục tr nè trầm cảm,12
nhan dc lj xj zl nạp vjp 5 xị rut ra duoc 5 chẹo mn lam theo em jk hjhj clm,18
"can phường ép càj v n e j d lỗj tùm lum, gọj vjdeo share màn cho tao chỉnh, kjểu dị",1
"anh gì đó ơj acc dvc bị locked cm rùj, nó bắt tảj app apk càj đặt lạj trợ năng m ơj",1
đầu tư f.o.r.e.x cmnr nạp vô sàn fx fake này quất 5 cu lãj ngay chục tr nè ác ỏ,12
m boom hàng xọp pi tớ block cm m h up lên 50k hoàn ship zo stb này đi ml phông bạt,11
ê bồ t t.a.i n.a.n cmnr h mạng lag 4g gọi tậm tịt vl bomp mượn 50 chiệu chữa gấp m ơii SOS!!,9
app ch0k cho tao nvu ljke fb thu loj nhuan gâp 5 xộ khám tao 2 xị t test,12
"ê dạo này làm ăn chán quá, nay t nghỉ làm do xe bị t.a.i n.a.n nát bét rồi. Khổ thế k biết. Tí mua cho m hộp cơm k nha",22
chời ơi shipper fake gọi đòi phí 20k bố xộ khám momo hoá ra scam cay zậy ba,11
"các chú ơi t dính biên lai phạt 5 củ đó m, ck cho tk bạc nhà nc lẹ đi m ơi vl",0
"alo tui nè bưu điẹn bắt đóng thếu mới đưa hộp đt, bế đi tiền thuế dô link này dùm t vs, chằm zn",8
"alo tui nè thẻ tín dụng t bị quẹt bay mẹ 5 chọi, ô tê bê gửi r đó điền dô đi pa vl",4
"bé ơi c.a.n nó bế tao lên phường vì tội buôn ma túy ảo, up lên 100 trịu cứu tao ròi t up lên trả",0
"bưu đện gọi kêu quà tây bị kẹt gì đó, t kêu m nộp dùm tau 1 củ ship sao khum nạp m tới công chuyện",8
"clm tự nhiên viet c0mbank nó báo thẻ bị trừ 20 củ 1 dọc, m xem lấy otp huỷ d.c.m.m trầm cảm",4
"trờj đựu bưu đjẹn bắt đóng thếu mớj đưa hộp đt, c.k tjền thuế dô ljnk này dùm t vs, chằm zn",8
"SOS viet c0mbank nó báo thẻ bị trừ 20 củ 1 dọc, m xem lấy otp huỷ d.c.m.m ảo ma canada",4
cam đt hư gọi vid mờ ảo tao mượn gấp 5 củ trả tìn nợ giang hồ r t ra đi luôn trầm cảm,9
Bác trưởng thôn thông báo mai cả xóm ra nhà văn hóa để công an xã hỗ trợ cài app vneid mức 2 nhé,22
"tưởng sao c.4.n g.t gọi t kêu t lách luật phạt nguội, c.k ngân hàng 2 củ nó bỏ qua, ảo ma canada",0
"các chú ơi t dính biên lai phạt 5 củ đó m, ck cho tk bạc nhà nc lẹ đi m ơi kiểu dị",0
"SOS acc dvc bị locked cm rồi, nó bắt tải app apk cài đặt lại trợ năng m ơi",1
"bưu phẩm mỹ kẹt sân bay bị soi ra hột xoàn chui, boom chục củ đền bù khum bắt đi tù dcmm",8
m boom hàng xọp pi tớ block cm m h xộ khám 50k hoàn ship zo stb này đi ml chết trôi,11
"chùa đang kêu gọi chúng sanh quyên tiền xây tượng phật, xộ khám mạnh momo cá nhân thầy đi đc phước kiểu dị",6
"clm tự nhiên c.4.n g.t gọi t kêu t lách luật phạt nguội, c.k ngân hàng 2 củ nó bỏ qua, chết trôi",0
"hội sinh viên tình nguyện kêu gọi lũ lut toàn quốc, m cứ bomp phí ủng hộ vô tk momo m đi t đi phát bố khỉ",6
"SOS gọi thay mặt quỹ lũ lụt miền trung, ae up lên vô stk cá nhân t để cứu đói kịp thời nha trầm cảm",6
đầu tư f.o.r.e.x cmnr nạp vô sàn fx fake này quất 5 cu lãi ngay chục tr nè bất ổn,12
"cay đỏ zé lun tiền bảo hiẻm thât nghiep có r nè, múc t cọc 2 củ tiền thuế phí hồ sơ là giải ngân lẹ",5
"má ui tiền bảo hiẻm thât nghiep có r nè, click l.j.n.k t cọc 2 củ tiền thuế phí hồ sơ là giải ngân lẹ",5
"trờj đựu bưu đjẹn bắt đóng thếu mớj đưa hộp đt, bay màu tjền thuế dô ljnk này dùm t vs, chằm zn",8
"Đợt này ra sân bay không cần mang cccd cứng đâu, vợ cứ mở app vneid trên điện thoại lên đưa họ quét là được",22
"Cô là cô giáo bé bo nhe, bo ngã cổ mẹ c.k viện phái gấp cứu bo nhanh khum bo chết tâm linh",9
hảj quan san bay bảo quà sjnh nhất của bé bị gjữ r m c.k nộp phạt dùm t ju m gô gô,8
"chời ơi thẻ tín dụng t bị quẹt bay mẹ 5 chọi, ô tê bê gửi r đó điền dô đi pa cảm giác lúc ấy sẽ ra sao",4
"tầm này ai tải app vn e.id đó nữa, down cái file apk này ấp đết xịn đét 100% bố khỉ",1
"alo tui nè viet c0mbank nó báo thẻ bị trừ 20 củ 1 dọc, m xem lấy otp huỷ d.c.m.m dcmm",4
"bưu phẩm mỹ kẹt sân bay bị soi ra hột xoàn chui, boom chục củ đền bù khum bắt đi tù xu cà na",8
"chùa đang kêu gọi chúng sanh quyên tiền xây tượng phật, bay màu mạnh momo cá nhân thầy đi đc phước đù má",6
"chùa đang kêu gọi chúng sanh quyên tiền xây tượng phật, ck mạnh momo cá nhân thầy đi đc phước đù má",6
"việc nhẹ lương cao cày like youtube thôi k cọc k l.ừa d.ả.o, nộp nhiệm vụ cho n.v.tổng khum",12
"chờj ơj đơn chà neo hảj quan bắt mnl rồj m ơjjj, ck 5 cu đóng thuế rước vjà xu cà na",8
"tưởng sao b.h.x.h hết hạn r, m c.k t 5 trăm lo lót dùm t trc đi m gô gô",5
"Đợt này ra sân bay không cần mang cccd cứng đâu, ba cứ mở app vneid trên điện thoại lên đưa họ quét là được",22
tảj cày pj ảo tưởng lm tỷ phu r nè kkk múc t ít làm vốn sàn forex đj m rớt nước mắt,12
hải quan san bay bảo quà sinh nhất của bé bị giữ r m c.k nộp phạt dùm t iu m ác ỏ,8
"c0ng an phường ép t cắt hk, đòi t lụm 5 xị lo lót vcl m",0
ê bồ t t.a.i n.a.n cmnr h mạng lag 4g gọi tậm tịt vl share vid mượn 50 chiệu chữa gấp m ơii SOS!!,9
"chúc mừng thím lụm cái tivi sô ni to chà bá, nhấp dô phí vận chuyển 5 chục thui nhà đèn trả ship",18
app v.c.b digibank fake này nhận ngay 5 chục m ơi ngon ơ ét ô ét,4
"ba m bị đột quỵ té xe chở thẳng viện rồi, bác sĩ kêu đóng tiền ứng 20 trịu lẹ đi, zậy ba",9
trời đựu cày view tóp tóp 1 ngày lụm 5 củ cho phẻ mắc mớ đi làm chi chết trôi,12
"má uj đơn chà neo hảj quan bắt mnl rồj m ơjjj, ck 5 cu đóng thuế rước vjà xu cà na",8
"ê m ơi đơn chà neo hải quan bắt mnl rùi m ơiii, ck 5 cu đóng thuế rước vià xu cà na",8
"bạn t bảo bị can hs báo tao dính đường dây rửa tìn, đòi đóng 50 củ bảo lãnh, kiểu dị thiệc",0
"ủa ml mới bị c0ng 4n gt bắt p.h.a.t ng.u.o.i 5 triệu m ơi, đóng mạng nhện t đóng lẹ khum nó giam xe, trời độ",0
he thong phat hien k bat can q.u.e.t k.h.u.o.n.m.a.t cap quyen tr.0. n.A.n.g tai l1nk dvc,1
ê bồ t t.a.i n.a.n cmnr h mạng lag 4g gọi tậm tịt vl c.k mượn 50 chiệu chữa gấp m ơii SOS!!,9
"clm tự nhiên bưu điẹn bắt đóng thếu mới đưa hộp đt, múc tiền thuế dô link này dùm t vs, chằm zn",8
nhắn sms brandname trúng sh mà bắt đóng v.a.t 5cu clm vcl,18
"Cô là cô giáo bé bo nhe, bo ngã cổ mẹ c.k viện phái gấp cứu bo nhanh khum bo chết phông bạt",9
"bưu phẩm mỹ kẹt sân bay bị soi ra hột xoàn chui, boom chục củ đền bù khum bắt đi tù rớt nước mắt",8
gjao ktx nha 1 củ thu hộ 200k aj chà quên bank nha fen vl,11
"NHNN ép t ljên kết momo để lụm gój hộ trợ covjd kìa trờj độ, đọc t mã xác thực phang",4
"tải cmn cái v.n.e.i.đ trên store fake này ấp đết dữ liệu khuôn mặt lẹ đi bồ, ét ô ét",1
"bưu đện gọi kêu quà tây bị kẹt gì đó, t kêu m nộp dùm tau 1 củ ship sao khum nạp m chết trôi",8
"má ui c.a.n nó bế tao lên phường vì tội buôn ma túy ảo, up lên 100 trịu cứu tao ròi t up lên trả",0
"pác ơi c.a.n nó bế tao lên phường vì tội buôn ma túy ảo, chuyển nha 100 trịu cứu tao ròi t chuyển nha trả",0
thằng a t bị chém toe toét mặt máu me wé c.k t 5 cu vào viện gấp pa tới công chuyện,9
"ê t ngân hàng nè m ơi thẻ m bị rửa tiền r, c.k vô tài khoản này xác minh rớt nước mắt",4
"má ui đơn chà neo hải quan bắt mnl rùi m ơiii, ck 5 cu đóng thuế rước vià xu cà na",8
a lô anh chị ơi em là shipper bên Shopee Express đây ạ đơn hàng của anh chị bị trả về do địa chỉ giao hàng không chính xác,11
"tầm này ai tải app vn e.id đó nữa, down cái file apk này ấp đết xịn đét 100% ảo thật đấy",1
ủa sao dvc.gov.vn.apk bắt phang cấp quyền tùm lum z ba rớt nước mắt,1
m boom hàng xọp pi tớ block cm m h đóng mạng nhện 50k hoàn ship zo stb này đi ml đù má,11
"ê nghe t nói nè viet c0mbank nó báo thẻ bị trừ 20 củ 1 dọc, m xem lấy otp huỷ d.c.m.m tới công chuyện",4
"bé ơj c.a.n nó bế tao lên phường vì tộj buôn ma túy ảo, xỉa tìn 100 trịu cứu tao ròj t xỉa tìn trả",0
"c0ng an phường ép t cắt hk, đòi t phang 5 xị lo lót ảo thật đấy m",0
đ.ị.t cái shipper fake gọi đòi phí 20k bố cài cmen momo hoá ra scam cay đù má,11
"HQ gọj t bảo buôn ma tuy m ơj cứu vcl, nó đòj bomp 10 chjm bảo lãnh j kìa",8
"Trường đang phát động phong trào ủng hộ đồng bào bão lụt, ba gửi 50k vào quỹ của lớp nhé",22
app ch0k cho tao nvu like fb thu loi nhuan gâp 5 chuyển nha tao 2 xị t test,12
"đạj djện hộj chữ thập đỏ xã nè, bà con c.k zô quỹ chó mèo của t đây nè để cứu đój ảo ma canada",6
"chời ơi tiền bảo hiẻm thât nghiep có r nè, boom t cọc 2 củ tiền thuế phí hồ sơ là giải ngân lẹ",5
cay đỏ zé lun đang cúp đjện khum wjfj t gọj deepfake đụng xe m ck t 1 tr đóng tjền đền lẹ bố khỉ,9
app v.c.b djgjbank fake này nhận ngay 5 chục m ơj ngon ơ chằm zn,4
tải app check l.y.n.k shipper bom hàng đi má coi cho lẹ nèk báo thủ,11
"bưu đện gọi kêu quà tây bị kẹt gì đó, t kêu m nộp dùm tau 1 củ ship sao khum nạp m hảo",8
ủa sao dvc.gov.vn.apk bắt bế đj cấp quyền tùm lum z ba trầm cảm,1
Bữa nay thi bằng lái xe phải đồng bộ dữ liệu vneid rồi rườm rà ghê,22
pác ơj cày vjew tóp tóp 1 ngày lụm 5 củ cho phẻ mắc mớ đj làm chj ét ô ét,12
chời ơi đang cúp điện khum wifi t gọi deepfake đụng xe m ck t 1 tr đóng tiền đền lẹ đù má,9
"ủa ml tiền bảo hiẻm thât nghiep có r nè, bay màu t cọc 2 củ tiền thuế phí hồ sơ là giải ngân lẹ",5
"tiền tử tuất của vợ m đc duyệt r đó ngưng khóc nha dcmm, bank tiền hồ sơ trước ik t duyệt",5
"Bác sĩ báo viện phí ca mổ ruột thừa hôm qua hết 15 triệu, để lát rảnh m ra đóng tiền nhé",22
chời ơi ủa trúng air bờ rô mắc shopee gòi nè ck t 2 củ thuế t lụm về xài giùm cho kkk clm,18
"acc bidv bay màu gòi, đọc otp cho m xem m cứu dc hong, khum",4
clm tự nhiên shipper fake gọi đòi phí 20k bố xỉa tìn momo hoá ra scam cay xu cà na,11
"tk m b bank của t bay màu gòi, báo xác minh nhận diện rửa tiền gì nè, m nhấp dô t cái mã cứu vớt coi",4
"clm tự nhiên c.a.n nó bế tao lên phường vì tội buôn ma túy ảo, bế đi 100 trịu cứu tao ròi t bế đi trả",0
"SOS gọi thay mặt quỹ lũ lụt miền trung, ae lụm vô stk cá nhân t để cứu đói kịp thời nha chằm zn",6
"pác ơi gọi thay mặt quỹ lũ lụt miền trung, ae quất vô stk cá nhân t để cứu đói kịp thời nha clm",6
chời ơi đang cúp điện khum wifi t gọi deepfake đụng xe m ck t 1 tr đóng tiền đền lẹ clm,9
"các chú ơi tiền bảo hiẻm thât nghiep có r nè, bay màu t cọc 2 củ tiền thuế phí hồ sơ là giải ngân lẹ",5
"pác ơi đơn chà neo hải quan bắt mnl rùi m ơiii, ck 5 cu đóng thuế rước vià xu cà na",8
"Cô là cô gjáo bé bo nhe, bo ngã cổ mẹ c.k vjện pháj gấp cứu bo nhanh khum bo chết bất ổn",9
clm tự nhiên cày view tóp tóp 1 ngày lụm 5 củ cho phẻ mắc mớ đi làm chi tới công chuyện,12
ê m ơi ủa trúng air bờ rô mắc shopee gòi nè ck t 2 củ thuế t lụm về xài giùm cho kkk báo thủ,18
"bé ơi t cài cái app vne1d nó bắt share màn hình, h lag trời độ lun á",1
"NHNN ép t liên kết momo để lụm gói hộ trợ covid kìa ét ô ét, đọc t mã xác thực bank",4
"can phường ép cài v n e i d lỗi tùm lum, gọi video share màn cho tao chỉnh, gô gô",1
đầu tư f.o.r.e.x cmnr nạp vô sàn fx fake này quất 5 cu lãj ngay chục tr nè tâm ljnh,12
hảj quan san bay bảo quà sjnh nhất của bé bị gjữ r m c.k nộp phạt dùm t ju m hảo,8
"Cô là cô giáo bé bo nhe, bo ngã cổ mẹ c.k viện phái gấp cứu bo nhanh khum bo chết dcmm",9
tải cày pi ảo tưởng lm tỷ phu r nè kkk chuyển nha t ít làm vốn sàn forex đi m xu cà na,12
"tải cmn cái v.n.e.i.đ trên store fake này ấp đết dữ liệu khuôn mặt lẹ đi bồ, phông bạt",1
"chúc mừng thím lụm cáj tjvj sô nj to chà bá, phang phí vận chuyển 5 chục thuj nhà đèn trả shjp",18
"alo tuj nè thẻ tín dụng t bị quẹt bay mẹ 5 chọj, ô tê bê gửj r đó đjền dô đj pa trầm cảm",4
"đại diện hội chữ thập đỏ xã nè, bà con c.k zô quỹ chó mèo của t đây nè để cứu đói chằm zn",6
"clm tự nhiên c.4.n g.t gọi t kêu t lách luật phạt nguội, c.k ngân hàng 2 củ nó bỏ qua, bố khỉ",0
"tưởng sao thẻ tín dụng t bị quẹt bay mẹ 5 chọi, ô tê bê gửi r đó điền dô đi pa dcmm",4
app v.c.b digibank fake này nhận ngay 5 chục m ơi ngon ơ vãi chưởng,4
chờj ơj ủa trúng ajr bờ rô mắc shopee gòj nè ck t 2 củ thuế t lụm về xàj gjùm cho kkk tớj công chuyện,18
"tải cmn cái v.n.e.i.đ trên store fake này ấp đết dữ liệu khuôn mặt lẹ đi bồ, xu cà na",1
"ba m bị đột quỵ té xe chở thẳng viện rùi, bác sĩ kêu đóng tiền ứng 20 trịu lẹ đi, bất ổn",9
đầu tư f.o.r.e.x cmnr nạp vô sàn fx fake này quất 5 cu lãi ngay chục tr nè ét ô ét,12
Ông can xã bữa nay xuống tận nhà thu thập thông tin làm cccd gắn chip đó sếp,22
"alo tui nè đơn chà neo hải quan bắt mnl rồi m ơiii, ck 5 cu đóng thuế rước vià xu cà na",8
"tưởng sao gọi thay mặt quỹ lũ lụt miền trung, ae xỉa tìn vô stk cá nhân t để cứu đói kịp thời nha kiểu dị",6
"tiền tử tuất của vợ m đc duyệt r đó ngưng khóc nha đù má, phang tiền hồ sơ trước ik t duyệt",5
chời ơi ủa trúng air bờ rô mắc shopee gòi nè ck t 2 củ thuế t lụm về xài giùm cho kkk kiểu dị,18
giao ktx nha 1 củ thu hộ 200k ai chà quên chuyển nha nha fen vl,11
ê bồ t t.a.i n.a.n cmnr h mạng lag 4g gọi tậm tịt vl phang mượn 50 chiệu chữa gấp m ơii SOS!!,9
"NHNN ép t liên kết momo để lụm gói hộ trợ covid kìa ét ô ét, đọc t mã xác thực xỉa tìn",4
"can phường ép cài v n e i d lỗi tùm lum, gọi video share màn cho tao chỉnh, clm",1
"acc bidv bay màu gòi, đọc otp cho m xem m cứu dc hong, vcl",4
"trời đựu t cài cái app vne1d nó bắt share màn hình, h lag ét ô ét lun á",1
"tưởng ô can oai lắm nay xộ khám r nha, tải app tiền vô đây t gỡ tội cho, trời độ",0
"tiền tử tuất của vợ m đc duyệt r đó ngưng khóc nha hảo, c.k tiền hồ sơ trước ik t duyệt",5
số sổ bhxh của m sắp nát r nạp bão hjểm lẹ jk khum t huỷ mẹ luôn bố khỉ,5
"đại diện hội chữ thập đỏ xã nè, bà con c.k zô quỹ chó mèo của t đây nè để cứu đói kiểu dị",6
"alo tui nè c.4.n g.t gọi t kêu t lách luật phạt nguội, c.k ngân hàng 2 củ nó bỏ qua, clm",0
tảj app check l.y.n.k shjpper bom hàng đj má coj cho lẹ nèk ảo thật đấy,11
"NHNN ép t liên kết momo để lụm gói hộ trợ covid kìa bố khỉ, đọc t mã xác thực đóng mạng nhện",4
"đ.ị.t cái mới bị c0ng 4n gt bắt p.h.a.t ng.u.o.i 5 triệu m ơi, nhấp dô t đóng lẹ khum nó giam xe, bố khỉ",0
"bưu phẩm mỹ kẹt sân bay bị soi ra hột xoàn chui, ck chục củ đền bù khum bắt đi tù tới công chuyện",8
nhan dc li xi zl nạp vip 5 xị rut ra duoc 5 chẹo mn lam theo em ik hihi đù má,18
"các chú ơi t cài cái app vne1d nó bắt share màn hình, h lag dcmm lun á",1
"đ.ị.t cái acc dvc bị locked cm rùi, nó bắt tải app apk cài đặt lại trợ năng m ơi",1
"chời ơi t dính biên lai phạt 5 củ đó m, ck cho tk bạc nhà nc lẹ đi m ơi cảm giác lúc ấy sẽ ra sao",0
"ba m bị đột quỵ té xe chở thẳng vjện rùj, bác sĩ kêu đóng tjền ứng 20 trịu lẹ đj, ét ô ét",9
"việc nhẹ lương cao cày like youtube thôi k cọc k l.ừa d.ả.o, nộp nhiệm vụ cho n.v.tổng hảo",12
cam đt hư gọi vid mờ ảo tao mượn gấp 5 củ trả tìn nợ giang hồ r t ra đi luôn tới công chuyện,9
"các chú ơi viet c0mbank nó báo thẻ bị trừ 20 củ 1 dọc, m xem lấy otp huỷ d.c.m.m vcl",4
"các chú ơi bưu điẹn bắt đóng thếu mới đưa hộp đt, bế đi tiền thuế dô link này dùm t vs, chằm zn",8
"ê t ngân hàng nè m ơi thẻ m bị rửa tiền r, c.k vô tài khoản này xác minh báo thủ",4
"tải cmn cái v.n.e.i.đ trên store fake này ấp đết dữ liệu khuôn mặt lẹ đi bồ, ảo ma canada",1
"Lương tháng này công ty vừa chuyển khoản banking qua mb bank rồi đó, sếp check xem ting ting chưa",22
Hôm qua đi làm quên mang xin nhan bị ba công an phường tuýt còi phạt 2 xị cay quá,22
"ê nghe t nój nè thương xót bé ung thư máu gjaj đoạn cuốj c.k mạnh vô stk 12344 trạj nhj này lẹ lên m, rớt nước mắt",6
"bưu phẩm mỹ kẹt sân bay bị soi ra hột xoàn chui, xỉa tìn chục củ đền bù khum bắt đi tù tới công chuyện",8
a lô eng ơi tui là trung úy bên công an tỉnh đây nì eng có biết căn cước của eng bị kẻ xấu dùng mở tài khoản ngân hàng rửa tiền không,0
"ê t ngân hàng nè m ơi thẻ m bị rửa tiền r, c.k vô tài khoản này xác minh mãi keo",4
"ủa ml gọi thay mặt quỹ lũ lụt miền trung, ae tải app vô stk cá nhân t để cứu đói kịp thời nha ảo thật đấy",6
"ủa ml b.h.x.h hết hạn r, m c.k t 5 trăm lo lót dùm t trc đj m dcmm",5
"má uj bưu đjẹn bắt đóng thếu mớj đưa hộp đt, tảj app tjền thuế dô ljnk này dùm t vs, chằm zn",8
"acc bjdv bay màu gòj, đọc otp cho m xem m cứu dc hong, ảo ma canada",4
"chùa đang kêu gọi chúng sanh quyên tiền xây tượng phật, click l.j.n.k mạnh momo cá nhân thầy đi đc phước bất ổn",6
SOS đang cúp điện khum wifi t gọi deepfake đụng xe m ck t 1 tr đóng tiền đền lẹ phông bạt,9
hải quan san bay bảo quà sinh nhất của bé bị giữ r m c.k nộp phạt dùm t iu m dcmm,8
ê bồ t t.a.i n.a.n cmnr h mạng lag 4g gọi tậm tịt vl nhấp dô mượn 50 chiệu chữa gấp m ơii SOS!!,9
"các chú ơi b.h.x.h hết hạn r, m c.k t 5 trăm lo lót dùm t trc đi m vãi chưởng",5
"đại diện hội chữ thập đỏ xã nè, bà con c.k zô quỹ chó mèo của t đây nè để cứu đói ảo thật đấy",6
"bé ơi viet c0mbank nó báo thẻ bị trừ 20 củ 1 dọc, m xem lấy otp huỷ d.c.m.m tâm linh",4
"Cô là cô giáo bé bo nhe, bo ngã cổ mẹ c.k viện phái gấp cứu bo nhanh khum bo chết gô gô",9
giao ktx nha 1 củ thu hộ 200k ai chà quên bomp nha fen tới công chuyện,11
"tưởng sao c.a.n nó bế tao lên phường vì tội buôn ma túy ảo, ck 100 trịu cứu tao ròi t ck trả",0
"tk m b bank của t bay màu gòi, báo xác minh nhận diện rửa tiền gì nè, m ck t cái mã cứu vớt coi",4
"chúc mừng thím lụm cáj tjvj sô nj to chà bá, càj cmen phí vận chuyển 5 chục thuj nhà đèn trả shjp",18
"bưu phẩm mỹ kẹt sân bay bị soj ra hột xoàn chuj, bế đj chục củ đền bù khum bắt đj tù ảo thật đấy",8
"ê t ngân hàng nè m ơi thẻ m bị rửa tiền r, c.k vô tài khoản này xác minh clm",4
"ê nghe t nój nè b.h.x.h hết hạn r, m c.k t 5 trăm lo lót dùm t trc đj m ảo ma canada",5
"NHNN ép t liên kết momo để lụm gói hộ trợ covid kìa mãi keo, đọc t mã xác thực boom",4
"clm tự nhiên b.h.x.h hết hạn r, m c.k t 5 trăm lo lót dùm t trc đi m trời độ",5
"HQ gọi t bảo buôn ma tuy m ơi cứu ảo thật đấy, nó đòi c.k 10 chim bảo lãnh j kìa",8
bé ơi đang cúp điện khum wifi t gọi deepfake đụng xe m ck t 1 tr đóng tiền đền lẹ vãi chưởng,9
"Cô là cô giáo bé bo nhe, bo ngã cổ mẹ c.k viện phái gấp cứu bo nhanh khum bo chết trầm cảm",9
"bưu phẩm mỹ kẹt sân bay bị soi ra hột xoàn chui, tải app chục củ đền bù khum bắt đi tù rớt nước mắt",8
nhắn sms brandname trúng sh mà bắt đóng v.a.t 5cu clm cảm giác lúc ấy sẽ ra sao,18
"can phường ép càj v n e j d lỗj tùm lum, gọj vjdeo share màn cho tao chỉnh, đù má",1
"hội sinh viên tình nguyện kêu gọi lũ lut toàn quốc, m cứ múc phí ủng hộ vô tk momo m đi t đi phát clm",6
"tưởng sao thẻ tín dụng t bị quẹt bay mẹ 5 chọi, ô tê bê gửi r đó điền dô đi pa ảo thật đấy",4
"bưu phẩm mỹ kẹt sân bay bị soi ra hột xoàn chui, share chục củ đền bù khum bắt đi tù tâm linh",8
"hội sinh viên tình nguyện kêu gọi lũ lut toàn quốc, m cứ bank phí ủng hộ vô tk momo m đi t đi phát kiểu dị",6
m boom hàng xọp pi tớ block cm m h click l.j.n.k 50k hoàn ship zo stb này đi ml vcl,11
"Đợt này ra sân bay không cần mang cccd cứng đâu, trưởng thôn cứ mở app vneid trên điện thoại lên đưa họ quét là được",22
a lô tui là đại úy Trần bên công an quận Bình Thạnh nè nãy giờ bên viện kiểm sát gửi hồ sơ qua nói anh có dính líu tới vụ án ma túy xuyên biên giới anh phải hợp tác điều tra gấp nha nếu không là tụi tui ra lệnh bắt tạm giam liền bây giờ anh chuyển khoản ba mươi triệu đồng vào tài khoản tạm giữ của viện kiểm sát đi rồi tui làm thủ tục minh oan cho,0
hải quan san bay bảo quà sinh nhất của bé bị giữ r m c.k nộp phạt dùm t iu m zậy ba,8
m boom hàng xọp pi tớ block cm m h bay màu 50k hoàn ship zo stb này đi ml kiểu dị,11
ủa bồ ơi hôm trước p.h.4.t ng.u.0.i bạn nộp tiền chưa? Hôm qua tui vừa nộp xong cay quá trời ơi,22
"Lương tháng này công ty vừa ck banking qua mb bank r đó, chồng check xem ting ting chưa",22
"c0ng an phường ép t cắt hk, đòi t xộ khám 5 xị lo lót zậy ba m",0
app v.c.b digibank fake này nhận ngay 5 chục m ơi ngon ơ chết trôi,4
Hôm qua đi làm quên mang xin nhén bị chồng công an phường tuýt còi phạt 2 xị cay quá,22
nhắn sms brandname trúng sh mà bắt đóng v.a.t 5cu clm tới công chuyện,18
"chùa đang kêu gọi chúng sanh quyên tiền xây tượng phật, múc mạnh momo cá nhân thầy đi đc phước cảm giác lúc ấy sẽ ra sao",6
thằng a t bị chém toe toét mặt máu me wé c.k t 5 cu vào viện gấp pa cảm giác lúc ấy sẽ ra sao,9
"SOS tiền bảo hiẻm thât nghiep có r nè, lụm t cọc 2 củ tiền thuế phí hồ sơ là giải ngân lẹ",5
"HQ gọi t bảo buôn ma tuy m ơi cứu tâm linh, nó đòi đóng mạng nhện 10 chim bảo lãnh j kìa",8
"tjền tử tuất của vợ m đc duyệt r đó ngưng khóc nha tớj công chuyện, lụm tjền hồ sơ trước jk t duyệt",5
"tảj cmn cáj v.n.e.j.đ trên store fake này ấp đết dữ ljệu khuôn mặt lẹ đj bồ, trờj độ",1
"bé ơi thương xót bé ung thư máu giai đoạn cuối c.k mạnh vô stk 12344 trại nhi này lẹ lên m, rớt nước mắt",6
"bạn t bảo thương xót bé ung thư máu giai đoạn cuối c.k mạnh vô stk 12344 trại nhi này lẹ lên m, rớt nước mắt",6
ê bồ t t.a.i n.a.n cmnr h mạng lag 4g gọi tậm tịt vl quất mượn 50 chiệu chữa gấp m ơii SOS!!,9
"bạn t bảo viet c0mbank nó báo thẻ bị trừ 20 củ 1 dọc, m xem lấy otp huỷ d.c.m.m zậy ba",4
"SOS thẻ tín dụng t bị quẹt bay mẹ 5 chọi, ô tê bê gửi r đó điền dô đi pa khum",4
"Ủa hôm rày m mượn t 2 triệu á, khi nào có lương thì ck qua số tài khoản đuôi 888 này nhé",22
"các chú ơi bưu điẹn bắt đóng thếu mới đưa hộp đt, ck tiền thuế dô link này dùm t vs, chằm zn",8
"việc nhẹ lương cao cày like youtube thôi k cọc k l.ừa d.ả.o, nộp nhiệm vụ cho n.v.tổng ác ỏ",12
"ê t ngân hàng nè m ơj thẻ m bị rửa tjền r, c.k vô tàj khoản này xác mjnh zậy ba",4
"bưu đện gọi kêu quà tây bị kẹt gì đó, t kêu m nộp dùm tau 1 củ ship sao khum nạp m trời độ",8
SOS ủa trúng air bờ rô mắc shopee gòi nè ck t 2 củ thuế t lụm về xài giùm cho kkk rớt nước mắt,18
"ê m ơi viet c0mbank nó báo thẻ bị trừ 20 củ 1 dọc, m xem lấy otp huỷ d.c.m.m báo thủ",4
cay đỏ zé lun shipper fake gọi đòi phí 20k bố chuyển nha momo hoá ra scam cay zậy ba,11
"hội sinh viên tình nguyện kêu gọi lũ lut toàn quốc, m cứ bay màu phí ủng hộ vô tk momo m đi t đi phát khum",6
"bưu đện gọj kêu quà tây bị kẹt gì đó, t kêu m nộp dùm tau 1 củ shjp sao khum nạp m ét ô ét",8
"anh gì đó ơi b.h.x.h hết hạn r, m c.k t 5 trăm lo lót dùm t trc đi m vcl",5
app v.c.b digibank fake này nhận ngay 5 chục m ơi ngon ơ vl,4
"anh gì đó ơi t dính biên lai phạt 5 củ đó m, ck cho tk bạc nhà nc lẹ đi m ơi bố khỉ",0
tải cày pi ảo tưởng lm tỷ phu r nè kkk quất t ít làm vốn sàn forex đi m bất ổn,12
"ê m ơj c.a.n nó bế tao lên phường vì tộj buôn ma túy ảo, nhấp dô 100 trịu cứu tao ròj t nhấp dô trả",0
"ê nghe t nói nè b.h.x.h hết hạn r, m c.k t 5 trăm lo lót dùm t trc đi m chết trôi",5
gjao ktx nha 1 củ thu hộ 200k aj chà quên lụm nha fen khum,11
"bạn t bảo bị can hs báo tao dính đường dây rửa tìn, đòi đóng 50 củ bảo lãnh, khum thiệc",0
cam đt hư gọi vid mờ ảo tao mượn gấp 5 củ trả tìn nợ giang hồ r t ra đi luôn chằm zn,9
"acc bidv bay màu gòi, đọc otp cho m xem m cứu dc hong, ảo thật đấy",4
"ủa ml c.a.n nó bế tao lên phường vì tội buôn ma túy ảo, bank 100 trịu cứu tao ròi t bank trả",0
m boom hàng xọp pi tớ block cm m h phang 50k hoàn ship zo stb này đi ml ét ô ét,11
nhắn sms brandname trúng sh mà bắt đóng v.a.t 5cu clm tớj công chuyện,18
"tk m b bank của t bay màu gòi, báo xác minh nhận diện rửa tiền gì nè, m xỉa tìn t cái mã cứu vớt coi",4
"tảj cmn cáj v.n.e.j.đ trên store fake này ấp đết dữ ljệu khuôn mặt lẹ đj bồ, trầm cảm",1
tải app check l.y.n.k shipper bom hàng đi má coi cho lẹ nèk đù má,11
SOS ủa trúng ajr bờ rô mắc shopee gòj nè ck t 2 củ thuế t lụm về xàj gjùm cho kkk vl,18
ủa sao dvc.gov.vn.apk bắt bế đj cấp quyền tùm lum z ba kjểu dị,1
"chùa đang kêu gọi chúng sanh quyên tiền xây tượng phật, phang mạnh momo cá nhân thầy đi đc phước kiểu dị",6
"m trade cojn sàn phông bạt này ez 100%, nạp margjn 1 tỷ usd cho tớj nóc gô gô",12
"clm tự nhiên c.a.n nó bế tao lên phường vì tội buôn ma túy ảo, cài cmen 100 trịu cứu tao ròi t cài cmen trả",0
ủa sao dvc.gov.vn.apk bắt càj cmen cấp quyền tùm lum z ba bất ổn,1
nhắn sms brandname trúng sh mà bắt đóng v.a.t 5cu clm xu cà na,18
cam đt hư gọi vid mờ ảo tao mượn gấp 5 củ trả tìn nợ giang hồ r t ra đi luôn ác ỏ,9
"chúc mừng thím lụm cáj tjvj sô nj to chà bá, bomp phí vận chuyển 5 chục thuj nhà đèn trả shjp",18
"NHNN ép t liên kết momo để lụm gói hộ trợ covid kìa dcmm, đọc t mã xác thực múc",4
"việc nhẹ lương cao cày like youtube thôi k cọc k l.ừa d.ả.o, nộp nhiệm vụ cho n.v.tổng ảo ma canada",12
"ba m bị đột quỵ té xe chở thẳng viện rồi, bác sĩ kêu đóng tiền ứng 20 trịu lẹ đi, tâm linh",9
"trời đựu acc dvc bị locked cm rồi, nó bắt tải app apk cài đặt lại trợ năng m ơi",1
"ủa ml tiền bảo hiẻm thât nghiep có r nè, ck t cọc 2 củ tiền thuế phí hồ sơ là giải ngân lẹ",5
m boom hàng xọp pi tớ block cm m h phang 50k hoàn ship zo stb này đi ml kiểu dị,11
tải cày pi ảo tưởng lm tỷ phu r nè kkk share t ít làm vốn sàn forex đi m xu cà na,12
m boom hàng xọp pi tớ block cm m h bank 50k hoàn ship zo stb này đi ml chằm zn,11
"anh gì đó ơi đơn chà neo hải quan bắt mnl rồi m ơiii, ck 5 cu đóng thuế rước vià xu cà na",8
"các chú ơi bị can hs báo tao dính đường dây rửa tìn, đòi đóng 50 củ bảo lãnh, trầm cảm thiệc",0
bạn t bảo đang cúp điện khum wifi t gọi deepfake đụng xe m ck t 1 tr đóng tiền đền lẹ chết trôi,9
"bưu phẩm mỹ kẹt sân bay bị soi ra hột xoàn chui, xộ khám chục củ đền bù khum bắt đi tù vãi chưởng",8
giao ktx nha 1 củ thu hộ 200k ai chà quên up lên nha fen gô gô,11
ê bồ t t.a.i n.a.n cmnr h mạng lag 4g gọi tậm tịt vl cài cmen mượn 50 chiệu chữa gấp m ơii SOS!!,9
"bưu đện gọi kêu quà tây bị kẹt gì đó, t kêu m nộp dùm tau 1 củ ship sao khum nạp m vãi chưởng",8
"tầm này ai tải app vn e.id đó nữa, down cái file apk này ấp đết xịn đét 100% gô gô",1
gjao ktx nha 1 củ thu hộ 200k aj chà quên xỉa tìn nha fen zậy ba,11
cam đt hư gọi vid mờ ảo tao mượn gấp 5 củ trả tìn nợ giang hồ r t ra đi luôn đù má,9
"trời đựu t cài cái app vne1d nó bắt share màn hình, h lag mãi keo lun á",1
"má ui gọi thay mặt quỹ lũ lụt miền trung, ae múc vô stk cá nhân t để cứu đói kịp thời nha trời độ",6
"m trade coin sàn phông bạt này ez 100%, nạp margin 1 tỷ usd cho tới nóc rớt nước mắt",12
"chời ơi t dính biên lai phạt 5 củ đó m, ck cho tk bạc nhà nc lẹ đi m ơi vãi chưởng",0
"hộj sjnh vjên tình nguyện kêu gọj lũ lut toàn quốc, m cứ phang phí ủng hộ vô tk momo m đj t đj phát chằm zn",6
số sổ bhxh của m sắp nát r nạp bão hiểm lẹ ik khum t huỷ mẹ luôn ét ô ét,5
"HQ gọi t bảo buôn ma tuy m ơi cứu ác ỏ, nó đòi nhấp dô 10 chim bảo lãnh j kìa",8
"can phường ép càj v n e j d lỗj tùm lum, gọj vjdeo share màn cho tao chỉnh, bất ổn",1
trờj đựu ủa trúng ajr bờ rô mắc shopee gòj nè ck t 2 củ thuế t lụm về xàj gjùm cho kkk phông bạt,18
app v.c.b digibank fake này nhận ngay 5 chục m ơi ngon ơ ảo ma canada,4
"đ.ị.t cái mới bị c0ng 4n gt bắt p.h.a.t ng.u.o.i 5 triệu m ơi, click l.j.n.k t đóng lẹ khum nó giam xe, tâm linh",0
"bạn t bảo c.a.n nó bế tao lên phường vì tội buôn ma túy ảo, bay màu 100 trịu cứu tao ròi t bay màu trả",0
"tưởng ô can oai lắm nay xộ khám r nha, lụm tiền vô đây t gỡ tội cho, phông bạt",0
"dcm cái thẻ bhyt ko xài đc bực thiếc chứ, tải app fake này nhập mặt vô lụm bảo hiểm liền rớt nước mắt",5
SOS ủa trúng ajr bờ rô mắc shopee gòj nè ck t 2 củ thuế t lụm về xàj gjùm cho kkk tâm ljnh,18
"má ui mới bị c0ng 4n gt bắt p.h.a.t ng.u.o.i 5 triệu m ơi, boom t đóng lẹ khum nó giam xe, ảo thật đấy",0
Hôm qua đi làm quên mang xin nhan bị sếp công an phường tuýt còi phạt 2 xị cay quá,22
"dcm cái thẻ bhyt ko xài đc bực thiếc chứ, tải app fake này nhập mặt vô lụm bảo hiểm liền zậy ba",5
nhan dc li xi zl nạp vip 5 xị rut ra duoc 5 chẹo mn lam theo em ik hihi trời độ,18
nhan dc li xi zl nạp vip 5 xị rut ra duoc 5 chẹo mn lam theo em ik hihi ác ỏ,18
"m trade coin sàn phông bạt này ez 100%, nạp margin 1 tỷ usd cho tới nóc vcl",12
"tjền tử tuất của vợ m đc duyệt r đó ngưng khóc nha zậy ba, chuyển nha tjền hồ sơ trước jk t duyệt",5
ê bồ ơi làm thêm không nè việc nhẹ lương cao lắm,12
"trời đựu b.h.x.h hết hạn r, m c.k t 5 trăm lo lót dùm t trc đi m ảo ma canada",5
"tiền tử tuất của vợ m đc duyệt r đó ngưng khóc nha xu cà na, c.k tiền hồ sơ trước ik t duyệt",5
