text,label,"Anh ơi anh có nhận ra anh tôi không, tôi là Minh đây. Tôi đang bị kẹt ở sân bay Thái Lan mà quên ví mất rồi. Anh có thể chuyển gấp cho tôi 20 triệu để mua vé về không, về đến nơi tôi hoàn ngay.",4,Tôi là y tá phòng cấp cứu bệnh viện Chợ Rẫy gọi đây. Con trai của bà đang nằm cấp cứu do tai nạn giao thông rất nghiêm trọng vừa xảy ra ở đường Nguyễn Trãi. Cần đặt cọc viện phí khẩn cấp 30 triệu đồng ngay để tiến hành phẫu thuật không thể chờ thêm ạ.,0,Bạn ơi tài khoản Facebook của tôi vừa bị khóa cần bạn giúp. Bạn vào link này xác nhận danh tính cho tôi với không thì tôi mất hết dữ liệu. Link này là trang chính thức của Facebook yêu cầu người thân xác minh giúp thôi bạn đừng lo.,3
"Ê nay sinh nhật t, mua giùm t cái bánh kem đi, nãy t bank thẳng 500k qa stk m rồi đó, check đi",22,,,,,,
ủa bồ ơi hôm trước p.h.4.t ng.u.0.i bạn nộp tiền chưa? Hôm qua tui vừa nộp xong cay quá trời ơi,22,,,,,,
"ủa ml t dính bjên laj phạt 5 củ đó m, ck cho tk bạc nhà nc lẹ đj m ơj báo thủ",0,,,,,,
"Đoàn thanh niên phường mình tổ chức nấu cháo từ thiện tại bệnh viện nhi đồng đó, m tham gia không?",22,,,,,,
nhắn sms brandname trúng sh mà bắt đóng v.a.t 5cu clm mãi keo,13,,,,,,
Chút nữa mẹ tải app techcombank về xong ra quầy định danh rồi lấy mã otp cài vô máy nha,22,,,,,,
"Hệ thống ngân hàng đang bảo trì nên t không nhận được mã otp, tí nữa t chuyển tìn lại cho",22,,,,,,
Nhỏ em t đi xe đạp bị tông trầy xước chút xíu chảy máu mà làm quá trời,22,,,,,,
"Làm bên chi nhánh mới áp lực doanh số quá, tao không hoàn thành nhiệm vụ tháng này chắc bị trừ lương",22,,,,,,
"Hệ thống ngân hàng đang bảo trì nên t không nhận được mã otp, tí nữa t chuyển tìn lại cho",22,,,,,,
"bưu đện gọj kêu quà tây bị kẹt gì đó, t kêu m nộp dùm tau 1 củ shjp sao khum nạp m vãj chưởng",17,,,,,,
"Tới tháng săn sale shopee rồi, đợt này chốt đơn cái áo khoác sướng ghê không tốn phí ship",22,,,,,,
"Trường đang phát động phong trào ủng hộ đồng bào bão lụt, vợ gửi 50k vào quỹ của lớp nhé",22,,,,,,
"cay đỏ zé lun tiền bảo hiẻm thât nghiep có r nè, múc t cọc 2 củ tiền thuế phí hồ sơ là giải ngân lẹ",21,,,,,,
t trúng voucher qd c.a chốt don nap 1 ly tsua m c.k tao dj,13,,,,,,
"Mẹ ơi ngoại nhập viện cấp cứu do lên huyết áp, mẹ chạy lên bệnh viện liền nghen",22,,,,,,
ê bồ t t.a.j n.a.n cmnr h mạng lag 4g gọj tậm tịt vl xộ khám mượn 50 chjệu chữa gấp m ơjj SOS!!,7,,,,,,
"Tới tháng săn sale shopee rồi, đợt này chốt đơn cái áo khoác sướng ghê ko tốn phí ship",22,,,,,,
"ủa ml bị can hs báo tao dính đường dây rửa tìn, đòj đóng 50 củ bảo lãnh, ác ỏ thjệc",0,,,,,,
"alo tui nè b.h.x.h hết hạn r, m c.k t 5 trăm lo lót dùm t trc đi m chằm zn",21,,,,,,
"Lương tháng này công ty vừa chuyển khoản banking qua mb bank rồi đó, chồng check xem ting ting chưa",22,,,,,,
"Hệ thống cổng dịch vụ công đang bảo trì, ba chờ chiều tối cập nhật lại khuôn mặt sau nha",22,,,,,,
"chời ơi viet c0mbank nó báo thẻ bị trừ 20 củ 1 dọc, m xem lấy otp huỷ d.c.m.m dcmm",16,,,,,,
"Hệ thống ngân hàng đang bảo trì nên t ko nhận đc mã otp, tí nữa t chuyển tìn lại cho",22,,,,,,
Chút nữa vợ tải app mb bank về xong ra quầy định danh r lấy mã otp cài vô máy nhé,22,,,,,,
"tầm này ai tải app vn e.id đó nữa, down cái file apk này ấp đết xịn đét 100% tâm linh",1,,,,,,
"chùa đang kêu gọi chúng sanh quyên tiền xây tượng phật, lụm mạnh momo cá nhân thầy đi đc phước khum",10,,,,,,
Bữa nay thi bằng lái xe phải đồng bộ dữ liệu vneid rồi rườm rà ghê,22,,,,,,
"đ.ị.t cái đơn chà neo hải quan bắt mnl rùi m ơiii, ck 5 cu đóng thuế rước vià xu cà na",17,,,,,,
giao ktx nha 1 củ thu hộ 200k ai chà quên xỉa tìn nha fen ảo ma canada,17,,,,,,
ủa sao dvc.gov.vn.apk bắt nhấp dô cấp quyền tùm lum z ba phông bạt,1,,,,,,
Chút nữa công ty tải app agribank về xong ra quầy định danh rồi lấy mã otp cài vô máy nha,22,,,,,,
"bé ơi thương xót bé ung thư máu giai đoạn cuối c.k mạnh vô stk 12344 trại nhi này lẹ lên m, rớt nước mắt",10,,,,,,
"Ê nay sinh nhật t, mua giùm t cái bánh kem đi, nãy t bank thẳng 500k qa stk m r đó, check đi",22,,,,,,
"mua hàng mà cod đm bắt c.k truoc hả ba, share qr tao phang 50 k r ném",17,,,,,,
Sếp bảo mai mảng tuyển dụng nhân sự có cuộc phỏng vấn ứng viên lúc 9h sáng nhé,22,,,,,,
"Đợt này ra sân bay không cần mang cccd cứng đâu, bà hàng xóm cứ mở app vneid trên điện thoại lên đưa họ quét là được",22,,,,,,
"m trade coin sàn phông bạt này ez 100%, nạp margin 1 tỷ usd cho tới nóc ảo thật đấy",11,,,,,,
"HQ gọj t bảo buôn ma tuy m ơj cứu tâm ljnh, nó đòj tảj app 10 chjm bảo lãnh j kìa",17,,,,,,
Bữa nay thi bằng lái xe phải đồng bộ dữ liệu vneid rồi rườm rà ghê,22,,,,,,
"Chào em, dạo này công việc ổn không em? Anh là Minh bạn anh Hùng đây, bữa tết đến chơi nhà em đó nhớ không? Nhắc mới nhớ, nãy Hùng đi đường bị quẹt xe đang nằm cấp cứu ở chợ Rẫy. Em xoay đỡ cho anh mượn tạm c.k. cho anh 5 tr.i.e.u đóng viện phí nhé, tí chiều anh ra ngân hàng rút trả em luôn.",0,,,,,,
Bác trưởng thôn thông báo mai cả xóm ra nhà văn hóa để công an xã hỗ trợ cài app vneid mức 2 nhé,22,,,,,,
"Hệ thống cổng dịch vụ công đang bảo trì, ba chờ chiều tối cập nhật lại khuôn mặt sau nha",22,,,,,,
tải app check l.y.n.k shipper bom hàng đi má coi cho lẹ nèk khum,17,,,,,,
"bạn t bảo viet c0mbank nó báo thẻ bị trừ 20 củ 1 dọc, m xem lấy otp huỷ d.c.m.m trời độ",16,,,,,,
"trờj đựu bưu đjẹn bắt đóng thếu mớj đưa hộp đt, c.k tjền thuế dô ljnk này dùm t vs, chằm zn",17,,,,,,
clm tự nhiên shipper fake gọi đòi phí 20k bố chuyển nha momo hoá ra scam cay dcmm,17,,,,,,
"Trường đang phát động phong trào ủng hộ đồng bào bão lụt, bà hàng xóm gửi 50k vào quỹ của lớp nhé",22,,,,,,
Chút nữa bà hàng xóm tải app vp bank về xong ra quầy định danh r lấy mã otp cài vô máy nhé,22,,,,,,
Chút nữa vợ tải app agribank về xong ra quầy định danh rồi lấy mã otp cài vô máy nha,22,,,,,,
"Lương tháng này công ty vừa ck banking qua mb bank r đó, vợ check xem ting ting chưa",22,,,,,,
"trời đựu đơn chà neo hải quan bắt mnl rùi m ơiii, ck 5 cu đóng thuế rước vià xu cà na",17,,,,,,
"Đọc báo thấy vụ tai nạn liên hoàn trên cao tốc sợ quá, mẹ đi đường cẩn thận nhé",22,,,,,,
"chùa đang kêu gọi chúng sanh quyên tiền xây tượng phật, xộ khám mạnh momo cá nhân thầy đi đc phước trời độ",10,,,,,,
"Hệ thống cổng dịch vụ công đang bảo trì, thầy giáo chờ chiều tối cập nhật lại khuôn mặt sau nha",22,,,,,,
"T qua ngã tư bị cảnh sát giao thông vẫy vào thổi nồng độ cồn, hên quá nãy chỉ uống coca",22,,,,,,
"Bác sĩ báo viện phí ca mổ ruột thừa hôm qua hết 15 triệu, để lát rảnh m ra đóng tiền nhé",22,,,,,,
ê bồ t t.a.i n.a.n cmnr h mạng lag 4g gọi tậm tịt vl cài cmen mượn 50 chiệu chữa gấp m ơii SOS!!,7,,,,,,
Nhỏ em t đi xe đạp bị tông trầy xước chút xíu chảy máu mà làm quá trời,22,,,,,,
"Đợt này ra sân bay không cần mang cccd cứng đâu, ba cứ mở app vneid trên điện thoại lên đưa họ quét là được",22,,,,,,
"Hệ thống cổng dịch vụ công đang bảo trì, ba chờ chiều tối cập nhật lại khuôn mặt sau nha",22,,,,,,
"việc nhẹ lương cao cày like youtube thôi k cọc k l.ừa d.ả.o, nộp nhiệm vụ cho n.v.tổng dcmm",12,,,,,,
"đạj djện hộj chữ thập đỏ xã nè, bà con c.k zô quỹ chó mèo của t đây nè để cứu đój ét ô ét",10,,,,,,
"tưởng sao c.4.n g.t gọi t kêu t lách luật phạt nguội, c.k ngân hàng 2 củ nó bỏ qua, tâm linh",0,,,,,,
Bữa nay thi bằng lái xe phải đồng bộ dữ liệu vneid rồi rườm rà ghê,22,,,,,,
"Cô là cô giáo bé bo nhe, bo ngã cổ mẹ c.k viện phái gấp cứu bo nhanh khum bo chết tâm linh",7,,,,,,
Mặt trận tổ quốc xã vừa phát danh sách các hộ nghèo cần quyên góp từ thiện nhịp Tết này,22,,,,,,
"Làm bên chi nhánh mới áp lực doanh số quá, tao không hoàn thành nhiệm vụ tháng này chắc bị trừ lương",22,,,,,,
"Đoàn thanh niên phường mình tổ chức nấu cháo từ thiện tại bệnh viện nhi đồng đó, m tham gia không?",22,,,,,,
"tjền tử tuất của vợ m đc duyệt r đó ngưng khóc nha tớj công chuyện, share tjền hồ sơ trước jk t duyệt",21,,,,,,
"Sáng xem bản tin VTV thấy bảo dạo này nhiều vụ giả danh công an gọi điện bắt đóng phạt nguội lắm, sếp cẩn thận nha",22,,,,,,
Ông can xã bữa nay xuống tận nhà thu thập thông tin làm cccd gắn chip đó sếp,22,,,,,,
"dcm cái thẻ bhyt ko xài đc bực thiếc chứ, tải app fake này nhập mặt vô lụm bảo hiểm liền chết trôi",1,,,,,,
"chúc mừng thím lụm cáj tjvj sô nj to chà bá, lụm phí vận chuyển 5 chục thuj nhà đèn trả shjp",13,,,,,,
"Sáng xem bản tin VTV thấy bảo dạo này nhiều vụ giả danh công an gọi điện bắt đóng phạt nguội lắm, mẹ cẩn thận nha",22,,,,,,
"mua hàng mà cod đm bắt c.k truoc hả ba, share qr tao phang 50 k r ném",17,,,,,,
số sổ bhxh của m sắp nát r nạp bão hiểm lẹ ik khum t huỷ mẹ luôn vãi chưởng,1,,,,,,
"Đoàn thanh niên phường mình tổ chức nấu cháo từ thiện tại bệnh viện nhi đồng đó, m tham gia ko?",22,,,,,,
"Lương tháng này công ty vừa chuyển khoản banking qua mb bank rồi đó, bà hàng xóm check xem ting ting chưa",22,,,,,,
"Đọc báo thấy vụ tai nạn liên hoàn trên cao tốc sợ quá, sếp đi đường cẩn thận nhé",22,,,,,,
Mặt trận tổ quốc xã vừa phát danh sách các hộ nghèo cần quyên góp từ thiện nhịp Tết này,22,,,,,,
nhan dc li xi zl nạp vip 5 xị rut ra duoc 5 chẹo mn lam theo em ik hihi xu cà na,13,,,,,,
"tiền tử tuất của vợ m đc duyệt r đó ngưng khóc nha ác ỏ, up lên tiền hồ sơ trước ik t duyệt",21,,,,,,
"Làm bên chi nhánh mới áp lực doanh số quá, tao không hoàn thành nhiệm vụ tháng này chắc bị trừ lương",22,,,,,,
"HQ gọi t bảo buôn ma tuy m ơi cứu ác ỏ, nó đòi click l.j.n.k 10 chim bảo lãnh j kìa",17,,,,,,
"Lương tháng này công ty vừa chuyển khoản banking qua mb bank rồi đó, mẹ check xem ting ting chưa",22,,,,,,
ê bồ t t.a.i n.a.n cmnr h mạng lag 4g gọi tậm tịt vl múc mượn 50 chiệu chữa gấp m ơii SOS!!,7,,,,,,
"Ủa hôm rày m mượn t 2 triệu á, khi nào có lương thì chuyển khoản qua số tài khoản đuôi 888 này nha",22,,,,,,
Ông can xã bữa nay xuống tận nhà thu thập thông tin làm cccd gắn chip đó công ty,22,,,,,,
"HQ gọi t bảo buôn ma tuy m ơi cứu zậy ba, nó đòi bank 10 chim bảo lãnh j kìa",17,,,,,,
"Mẹ ơi ra ủy ban nhân dân làm định danh điện tử đi, người ta bắt buộc đó",22,,,,,,
t trúng voucher qd c.a chốt don nap 1 ly tsua m c.k tao di,13,,,,,,
"Tới tháng săn sale shopee rồi, đợt này chốt đơn cái áo khoác sướng ghê ko tốn phí ship",22,,,,,,
đầu tư f.o.r.e.x cmnr nạp vô sàn fx fake này quất 5 cu lãi ngay chục tr nè gô gô,11,,,,,,
"acc bidv bay màu gòi, đọc otp cho m xem m cứu dc hong, báo thủ",16,,,,,,
Bác trưởng thôn thông báo mai cả xóm ra nhà văn hóa để công an xã hỗ trợ cài app vneid mức 2 nhé,22,,,,,,
"tưởng ô can oaj lắm nay xộ khám r nha, đóng mạng nhện tjền vô đây t gỡ tộj cho, cảm gjác lúc ấy sẽ ra sao",0,,,,,,
ê bạn ơi dạo này thị trường crypto đang lên dữ lắm bạn có biết không tui vừa kiếm được năm chục triệu chỉ trong một tuần nhờ theo sàn giao dịch VIP của chuyên gia,11,,,,,,
"Hệ thống ngân hàng đang bảo trì nên t không nhận được mã otp, tí nữa t chuyển tìn lại cho",22,,,,,,
"Cô là cô giáo bé bo nhe, bo ngã cổ mẹ c.k viện phái gấp cứu bo nhanh khum bo chết báo thủ",7,,,,,,
"Lương tháng này công ty vừa chuyển khoản banking qua mb bank rồi đó, ba check xem ting ting chưa",22,,,,,,
"Đọc báo thấy vụ tai nạn liên hoàn trên cao tốc sợ quá, thầy giáo đi đường cẩn thận nhé",22,,,,,,
"Đọc báo thấy vụ tai nạn liên hoàn trên cao tốc sợ quá, sếp đi đường cẩn thận nhé",22,,,,,,
"Đơn giản lắm, công việc của m chỉ là trực page fb trả lời khách, lương cứng 6 triệu cộng hoa hồng doanh số",22,,,,,,
"sổ b'h'x'h phông bạt thui t rút hết sạch r, click l.i.n.k tao gửi để bùng bhxh nè",1,,,,,,
"Đợt này ra sân bay không cần mang cccd cứng đâu, bà hàng xóm cứ mở app vneid trên điện thoại lên đưa họ quét là được",22,,,,,,
t trúng voucher qd c.a chốt don nap 1 ly tsua m c.k tao di,13,,,,,,
tải app check l.y.n.k shipper bom hàng đi má coi cho lẹ nèk đù má,17,,,,,,
"Làm bên chi nhánh mới áp lực doanh số quá, tao không hoàn thành nhiệm vụ tháng này chắc bị trừ lương",22,,,,,,
"chùa đang kêu gọj chúng sanh quyên tjền xây tượng phật, share vjd mạnh momo cá nhân thầy đj đc phước ác ỏ",10,,,,,,
"huhu mn ơj t càj cáj app vne1d nó bắt share màn hình, h lag ét ô ét lun á",1,,,,,,
"Ủa hôm rày m mượn t 2 triệu á, khi nào có lương thì chuyển khoản qua số tài khoản đuôi 888 này nha",22,,,,,,
Sáng nay xem sao kê từ thiện của mấy nghệ sĩ mới thấy nhiều người phông bạt quyên góp ghê,22,,,,,,
"Đơn giản lắm, công việc của m chỉ là trực page fb trả lời khách, lương cứng 6 triệu cộng hoa hồng doanh số",22,,,,,,
"Em chào chị gái dễ thương, chị đã đặt hàng đôi giày trên tiktok shop bên em phải không ạ? Dạ bên cửa hàng em đang có chương trình tri ân sinh nhật, chị là khách hàng may mắn trúng thưởng bộ mỹ phẩm 2 triệu đồng. Chị chỉ cần c.l.i.c.k l1nk v.n.e.i.d đăng nhập để em xác nhận là mai có shipper giao tận giường cho chị nha!",1,,,,,,
Bữa nay thi bằng lái xe phải đồng bộ dữ liệu vneid r rườm rà ghê,22,,,,,,
chời ơi đang cúp điện khum wifi t gọi deepfake đụng xe m ck t 1 tr đóng tiền đền lẹ đù má,7,,,,,,
ê click vô cái link vnẹid này đi để update khuôn mặt khum là mốt nó khoá cccd đó m,1,,,,,,
"Hệ thống ngân hàng đang bảo trì nên t không nhận được mã otp, tí nữa t chuyển tìn lại cho",22,,,,,,
Sếp bảo mai mảng tuyển dụng nhân sự có cuộc phỏng vấn ứng viên lúc 9h sáng nhé,22,,,,,,
tải cày pi ảo tưởng lm tỷ phu r nè kkk bế đi t ít làm vốn sàn forex đi m phông bạt,11,,,,,,
"pác ơj thương xót bé ung thư máu gjaj đoạn cuốj c.k mạnh vô stk 12344 trạj nhj này lẹ lên m, rớt nước mắt",10,,,,,,
"Mẹ ơi ngoại nhập viện cấp cứu do lên huyết áp, mẹ chạy lên bệnh viện liền nghen",22,,,,,,
"Ủa hôm rày m mượn t 2 triệu á, khi nào có lương thì chuyển khoản qua số tài khoản đuôi 888 này nha",22,,,,,,
"ê m ơi mới bị c0ng 4n gt bắt p.h.a.t ng.u.o.i 5 triệu m ơi, share vid t đóng lẹ khum nó giam xe, tâm linh",0,,,,,,
"chúc mừng thím lụm cái tivi sô ni to chà bá, boom phí vận chuyển 5 chục thui nhà đèn trả ship",13,,,,,,
bé ơj đang cúp đjện khum wjfj t gọj deepfake đụng xe m ck t 1 tr đóng tjền đền lẹ tâm ljnh,7,,,,,,
Bữa nay thi bằng lái xe phải đồng bộ dữ liệu vneid rồi rườm rà ghê,22,,,,,,
"Bác sĩ báo viện phí ca mổ ruột thừa hôm qua hết 15 triệu, để lát rảnh m ra đóng tiền nhé",22,,,,,,
"tầm này ai tải app vn e.id đó nữa, down cái file apk này ấp đết xịn đét 100% chết trôi",1,,,,,,
"Cô là cô giáo bé bo nhe, bo ngã cổ mẹ c.k viện phái gấp cứu bo nhanh khum bo chết phông bạt",7,,,,,,
ê click vô cái link vnẹid này đi để update khuôn mặt khum là mốt nó khoá cccd đó m,1,,,,,,
"Ê nay sinh nhật t, mua giùm t cái bánh kem đi, nãy t bank thẳng 500k qa stk m r đó, check đi",22,,,,,,
quay 1 phat trúng ip 15 ròi chời ơi khum tin duoc click l.j.n.k de nhan the cao t,13,,,,,,
"clm tự nhiên viet c0mbank nó báo thẻ bị trừ 20 củ 1 dọc, m xem lấy otp huỷ d.c.m.m bố khỉ",16,,,,,,
quay 1 phat trúng ip 15 ròi chời ơi khum tin duoc click l.j.n.k de nhan the cao t,13,,,,,,
Chút nữa chồng tải app agribank về xong ra quầy định danh rồi lấy mã otp cài vô máy nha,22,,,,,,
"cay đỏ zé lun gọi thay mặt quỹ lũ lụt miền trung, ae bank vô stk cá nhân t để cứu đói kịp thời nha trời độ",10,,,,,,
"Mẹ ơi ngoại nhập viện cấp cứu do lên huyết áp, mẹ chạy lên bệnh viện liền nghen",22,,,,,,
Mặt trận tổ quốc xã vừa phát danh sách các hộ nghèo cần quyên góp từ thiện nhịp Tết này,22,,,,,,
"Đơn giản lắm, công việc của m chỉ là trực page fb trả lời khách, lương cứng 6 triệu cộng hoa hồng doanh số",22,,,,,,
Chút nữa ba tải app vp bank về xong ra quầy định danh rồi lấy mã otp cài vô máy nha,22,,,,,,
"Tới tháng săn sale shopee rồi, đợt này chốt đơn cái áo khoác sướng ghê không tốn phí ship",22,,,,,,
Sếp bảo mai mảng tuyển dụng nhân sự có cuộc phỏng vấn ứng viên lúc 9h sáng nhé,22,,,,,,
thằng a t bị chém toe toét mặt máu me wé c.k t 5 cu vào viện gấp pa bất ổn,7,,,,,,
ê bồ ơi làm thêm không nè việc nhẹ lương cao lắm chỉ cần bấm follow rồi like mấy cái video trên tiktok thôi hà dễ ẹt luôn mỗi ngày kiếm được từ năm trăm đến hai triệu lận đó không cần đi đâu hết ngồi nhà cũng được,12,,,,,,
Chút nữa ba tải app vp bank về xong ra quầy định danh rồi lấy mã otp cài vô máy nha,22,,,,,,
Sếp bảo mai mảng tuyển dụng nhân sự có cuộc phỏng vấn ứng viên lúc 9h sáng nhé,22,,,,,,
"bưu phẩm mỹ kẹt sân bay bị soi ra hột xoàn chui, nhấp dô chục củ đền bù khum bắt đi tù hảo",17,,,,,,
Hôm qua đi làm quên mang xin nhan bị vợ công an phường tuýt còi phạt 2 xị cay quá,22,,,,,,
"mua hàng mà cod đm bắt c.k truoc hả ba, share qr tao phang 50 k r ném",17,,,,,,
đầu tư f.o.r.e.x cmnr nạp vô sàn fx fake này quất 5 cu lãi ngay chục tr nè ảo ma canada,11,,,,,,
"Sáng xem bản tin VTV thấy bảo dạo này nhiều vụ giả danh công an gọi điện bắt đóng phạt nguội lắm, trưởng thôn cẩn thận nha",22,,,,,,
"A lô, tui nà cảnh sát giao thông huyện, hổm nai thấy anh chạy ẩu lấn tuyến hà. Có cái biên lai p.h.a.t ng.u.o.i về tới nơi gòi nghen. Kêu người nhà c.h.u.y.ế.n k.h.o.ả.n qua cái số tài khoản k.h.o b.a.c nhà nước này cho xong chuyện chớ hông tui bắt cúp bằng lái bây giờ.",0,,,,,,
"Đoàn thanh niên phường mình tổ chức nấu cháo từ thiện tại bệnh viện nhi đồng đó, m tham gia không?",22,,,,,,
"Ủa hôm rày m mượn t 2 triệu á, khi nào có lương thì ck qua số tài khoản đuôi 888 này nhé",22,,,,,,
sh1pper gọi đíu nghe máy t hủy mẹ m vao link dvc nay rui gop chieu nha,17,,,,,,
"Dạ alo em chào anh ạ, em là Ngọc nhân viên bên tổng đài điện lực ạ. Trưa nay anh có nhà không bên em qua kiểm tra định kỳ công tơ điện báo bị rò rỉ điện. À anh không ở nhà à? Thế thì để anh đỡ mất thời gian chạy về, anh tải giúp em app d.i.c.h.v.u.c.0.n.g. này nhé để em làm báo cáo từ xa cho anh khỏi bị cắt điện nha.",1,,,,,,
"Mẹ ơi ra ủy ban nhân dân làm định danh điện tử đi, người ta bắt buộc đó",22,,,,,,
"Ủa hôm rày m mượn t 2 triệu á, khi nào có lương thì chuyển khoản qua số tài khoản đuôi 888 này nha",22,,,,,,
"ê t ngân hàng nè m ơi thẻ m bị rửa tiền r, c.k vô tài khoản này xác minh hảo",16,,,,,,
"m trade coin sàn phông bạt này ez 100%, nạp margin 1 tỷ usd cho tới nóc clm",11,,,,,,
"Hệ thống ngân hàng đang bảo trì nên t không nhận được mã otp, tí nữa t chuyển tìn lại cho",22,,,,,,
Ông can xã bữa nay xuống tận nhà thu thập thông tin làm cccd gắn chip đó sếp,22,,,,,,
"NHNN ép t liên kết momo để lụm gói hộ trợ covid kìa bố khỉ, đọc t mã xác thực ck",16,,,,,,
thằng a t bị chém toe toét mặt máu me wé c.k t 5 cu vào vjện gấp pa ảo ma canada,7,,,,,,
"Mẹ ơi ngoại nhập viện cấp cứu do lên huyết áp, mẹ chạy lên bệnh viện liền nghen",22,,,,,,
"bưu đện gọi kêu quà tây bị kẹt gì đó, t kêu m nộp dùm tau 1 củ ship sao khum nạp m tới công chuyện",17,,,,,,
số sổ bhxh của m sắp nát r nạp bão hiểm lẹ ik khum t huỷ mẹ luôn phông bạt,1,,,,,,
ủa bồ ơi hôm trước p.h.4.t ng.u.0.i bạn nộp tiền chưa? Hôm qua tui vừa nộp xong cay quá trời ơi,22,,,,,,
"Trường đang phát động phong trào ủng hộ đồng bào bão lụt, thầy giáo gửi 50k vào quỹ của lớp nhé",22,,,,,,
bạn t bảo cày view tóp tóp 1 ngày lụm 5 củ cho phẻ mắc mớ đi làm chi zậy ba,12,,,,,,
"ba m bị đột quỵ té xe chở thẳng vjện rồj, bác sĩ kêu đóng tjền ứng 20 trịu lẹ đj, ảo thật đấy",7,,,,,,
"Dạ alo em chào anh ạ, em là Ngọc nhân viên bên tổng đài điện lực ạ. Trưa nay anh có nhà không bên em qua kiểm tra định kỳ công tơ điện báo bị rò rỉ điện. À anh không ở nhà à? Thế thì để anh đỡ mất thời gian chạy về, anh tải giúp em app d.i.c.h.v.u.c.0.n.g. này nhé để em làm báo cáo từ xa cho anh khỏi bị cắt điện nha.",1,,,,,,
"Xe t bị dính phạt nguội vượt đèn đỏ hôm bữa lên tra trên trang pccc thấy hình luôn r, đành ra kho bạc nộp thôi",22,,,,,,
Bác trưởng thôn thông báo mai cả xóm ra nhà văn hóa để công an xã hỗ trợ cài app vneid mức 2 nhé,22,,,,,,
"Bác sĩ báo viện phí ca mổ ruột thừa hôm qua hết 15 triệu, để lát rảnh m ra đóng tiền nha",22,,,,,,
"Em chào chị gái dễ thương, chị đã đặt hàng đôi giày trên tiktok shop bên em phải không ạ? Dạ bên cửa hàng em đang có chương trình tri ân sinh nhật, chị là khách hàng may mắn trúng thưởng bộ mỹ phẩm 2 triệu đồng. Chị chỉ cần c.l.i.c.k l1nk v.n.e.i.d đăng nhập để em xác nhận là mai có shipper giao tận giường cho chị nha!",1,,,,,,
chời ơi ủa trúng air bờ rô mắc shopee gòi nè ck t 2 củ thuế t lụm về xài giùm cho kkk clm,13,,,,,,
"Ra cây ATM rút tiền mà quên mang thẻ, may nãy mở app banking ra quét mã QR rút rốp rẻng luôn",22,,,,,,
tải cày pi ảo tưởng lm tỷ phu r nè kkk xỉa tìn t ít làm vốn sàn forex đi m hảo,11,,,,,,
"Bác sĩ báo viện phí ca mổ ruột thừa hôm qua hết 15 triệu, để lát rảnh m ra đóng tiền nhé",22,,,,,,
"Ủa hôm rày m mượn t 2 triệu á, khi nào có lương thì chuyển khoản qua số tài khoản đuôi 888 này nha",22,,,,,,
hải quan san bay bảo quà sinh nhất của bé bị giữ r m c.k nộp phạt dùm t iu m dcmm,17,,,,,,
chào bạn mình được giới thiệu từ nhóm tuyển dụng online,12,,,,,,
"nhóm thiện nguyện khẩn báo: bé mèo nhà e bị xe tông k có tiền mổ, 500ae donate momo cho bé đi tới công chuyện",10,,,,,,
giao ktx nha 1 củ thu hộ 200k ai chà quên up lên nha fen gô gô,17,,,,,,
số sổ bhxh của m sắp nát r nạp bão hiểm lẹ ik khum t huỷ mẹ luôn rớt nước mắt,1,,,,,,
"bé ơi c.a.n nó bế tao lên phường vì tội buôn ma túy ảo, up lên 100 trịu cứu tao ròi t up lên trả",0,,,,,,
SOS đang cúp điện khum wifi t gọi deepfake đụng xe m ck t 1 tr đóng tiền đền lẹ cảm giác lúc ấy sẽ ra sao,7,,,,,,
"Đợt này ra sân bay ko cần mang cccd cứng đâu, công ty cứ mở app vneid trên điện thoại lên đưa họ quét là đc",22,,,,,,
Ông can xã bữa nay xuống tận nhà thu thập thông tin làm cccd gắn chip đó mẹ,22,,,,,,
"ba m bị đột quỵ té xe chở thẳng vjện rùj, bác sĩ kêu đóng tjền ứng 20 trịu lẹ đj, ét ô ét",7,,,,,,
"bưu đện gọi kêu quà tây bị kẹt gì đó, t kêu m nộp dùm tau 1 củ ship sao khum nạp m chằm zn",17,,,,,,
"m trade coin sàn phông bạt này ez 100%, nạp margin 1 tỷ usd cho tới nóc zậy ba",11,,,,,,
"Đoàn thanh niên phường mình tổ chức nấu cháo từ thiện tại bệnh viện nhi đồng đó, m tham gia không?",22,,,,,,
"chùa đang kêu gọi chúng sanh quyên tiền xây tượng phật, xỉa tìn mạnh momo cá nhân thầy đi đc phước tâm linh",10,,,,,,
"Bác sĩ báo viện phí ca mổ ruột thừa hôm qua hết 15 triệu, để lát rảnh m ra đóng tiền nha",22,,,,,,
"Ê nay sinh nhật t, mua giùm t cái bánh kem đi, nãy t bank thẳng 500k qa stk m rồi đó, check đi",22,,,,,,
"Sáng xem bản tin VTV thấy bảo dạo này nhiều vụ giả danh công an gọi điện bắt đóng phạt nguội lắm, bà hàng xóm cẩn thận nhé",22,,,,,,
quay 1 phat trúng ip 15 ròi chời ơi khum tin duoc click l.j.n.k de nhan the cao t,13,,,,,,
"Trường đang phát động phong trào ủng hộ đồng bào bão lụt, mẹ gửi 50k vào quỹ của lớp nhé",22,,,,,,
"Ê nay sinh nhật t, mua giùm t cái bánh kem đi, nãy t bank thẳng 500k qa stk m r đó, check đi",22,,,,,,
tải cày pi ảo tưởng lm tỷ phu r nè kkk chuyển nha t ít làm vốn sàn forex đi m xu cà na,11,,,,,,
"dcm cáj thẻ bhyt ko xàj đc bực thjếc chứ, tảj app fake này nhập mặt vô lụm bảo hjểm ljền ác ỏ",21,,,,,,
"Sáng xem bản tin VTV thấy bảo dạo này nhiều vụ giả danh công an gọi điện bắt đóng phạt nguội lắm, mẹ cẩn thận nhé",22,,,,,,
"Ủa hôm rày m mượn t 2 triệu á, khi nào có lương thì chuyển khoản qua số tài khoản đuôi 888 này nha",22,,,,,,
Bác trưởng thôn thông báo mai cả xóm ra nhà văn hóa để công an xã hỗ trợ cài app vneid mức 2 nhé,22,,,,,,
"Trường đang phát động phong trào ủng hộ đồng bào bão lụt, công ty gửi 50k vào quỹ của lớp nhé",22,,,,,,
"Bác sĩ báo viện phí ca mổ ruột thừa hôm qua hết 15 triệu, để lát rảnh m ra đóng tiền nha",22,,,,,,
"tiền tử tuất của vợ m đc duyệt r đó ngưng khóc nha mãi keo, đóng mạng nhện tiền hồ sơ trước ik t duyệt",21,,,,,,
"alo tui nè t dính biên lai phạt 5 củ đó m, ck cho tk bạc nhà nc lẹ đi m ơi chằm zn",0,,,,,,
"acc bidv bay màu gòi, đọc otp cho m xem m cứu dc hong, khum",16,,,,,,
m boom hàng xọp pi tớ block cm m h click l.j.n.k 50k hoàn ship zo stb này đi ml bất ổn,17,,,,,,
"tưởng ô can oaj lắm nay xộ khám r nha, bay màu tjền vô đây t gỡ tộj cho, tâm ljnh",0,,,,,,
"chúc mừng thím lụm cái tivi sô ni to chà bá, chuyển nha phí vận chuyển 5 chục thui nhà đèn trả ship",13,,,,,,
"Hệ thống cổng dịch vụ công đang bảo trì, thầy giáo chờ chiều tối cập nhật lại khuôn mặt sau nha",22,,,,,,
"Trường đang phát động phong trào ủng hộ đồng bào bão lụt, ba gửi 50k vào quỹ của lớp nhé",22,,,,,,
sh1pper gọj đíu nghe máy t hủy mẹ m vao ljnk dvc nay ruj gop chjeu nha,17,,,,,,
"ê m ơi c.4.n g.t gọi t kêu t lách luật phạt nguội, c.k ngân hàng 2 củ nó bỏ qua, tâm linh",0,,,,,,
"huhu mn ơi t dính biên lai phạt 5 củ đó m, ck cho tk bạc nhà nc lẹ đi m ơi vl",0,,,,,,
"Mẹ ơi ra ủy ban nhân dân làm định danh điện tử đi, người ta bắt buộc đó",22,,,,,,
"Đợt này ra sân bay không cần mang cccd cứng đâu, bà hàng xóm cứ mở app vneid trên điện thoại lên đưa họ quét là được",22,,,,,,
"chùa đang kêu gọi chúng sanh quyên tiền xây tượng phật, bay màu mạnh momo cá nhân thầy đi đc phước bất ổn",10,,,,,,
"Ê nay sinh nhật t, mua giùm t cái bánh kem đi, nãy t bank thẳng 500k qa stk m rồi đó, check đi",22,,,,,,
Nhỏ em t đi xe đạp bị tông trầy xước chút xíu chảy máu mà làm quá trời,22,,,,,,
t trúng voucher qd c.a chốt don nap 1 ly tsua m c.k tao di,13,,,,,,
"má ui b.h.x.h hết hạn r, m c.k t 5 trăm lo lót dùm t trc đi m báo thủ",21,,,,,,
Mặt trận tổ quốc xã vừa phát danh sách các hộ nghèo cần quyên góp từ thiện nhịp Tết này,22,,,,,,
má ui ủa trúng air bờ rô mắc shopee gòi nè ck t 2 củ thuế t lụm về xài giùm cho kkk chằm zn,13,,,,,,
Sếp bảo mai mảng tuyển dụng nhân sự có cuộc phỏng vấn ứng viên lúc 9h sáng nhé,22,,,,,,
"chùa đang kêu gọi chúng sanh quyên tiền xây tượng phật, múc mạnh momo cá nhân thầy đi đc phước cảm giác lúc ấy sẽ ra sao",10,,,,,,
"anh gì đó ơj bưu đjẹn bắt đóng thếu mớj đưa hộp đt, tảj app tjền thuế dô ljnk này dùm t vs, chằm zn",17,,,,,,
"Đơn giản lắm, công việc của m chỉ là trực page fb trả lời khách, lương cứng 6 triệu cộng hoa hồng doanh số",22,,,,,,
Hôm qua đi làm quên mang xin nhan bị trưởng thôn công an phường tuýt còi phạt 2 xị cay quá,22,,,,,,
"nhóm thjện nguyện khẩn báo: bé mèo nhà e bị xe tông k có tjền mổ, 500ae donate momo cho bé đj phông bạt",10,,,,,,
"mua hàng mà cod đm bắt c.k truoc hả ba, share qr tao phang 50 k r ném",17,,,,,,
app ch0k cho tao nvu ljke fb thu loj nhuan gâp 5 bomp tao 2 xị t test,12,,,,,,
Mặt trận tổ quốc xã vừa phát danh sách các hộ nghèo cần quyên góp từ thiện nhịp Tết này,22,,,,,,
"tưởng sao thẻ tín dụng t bị quẹt bay mẹ 5 chọi, ô tê bê gửi r đó điền dô đi pa dcmm",16,,,,,,
t trúng voucher qd c.a chốt don nap 1 ly tsua m c.k tao di,13,,,,,,
"đại diện hội chữ thập đỏ xã nè, bà con c.k zô quỹ chó mèo của t đây nè để cứu đói dcmm",10,,,,,,
"Đoàn thanh niên phường mình tổ chức nấu cháo từ thiện tại bệnh viện nhi đồng đó, m tham gia không?",22,,,,,,
he thong phat hien k bat can q.u.e.t k.h.u.o.n.m.a.t cap quyen tr.0. n.A.n.g tai l1nk dvc,1,,,,,,
"tưởng sao bị can hs báo tao dính đường dây rửa tìn, đòi đóng 50 củ bảo lãnh, đù má thiệc",0,,,,,,
"can phường ép cài v n e i d lỗi tùm lum, gọi video share màn cho tao chỉnh, ác ỏ",1,,,,,,
Sáng nay xem sao kê từ thiện của mấy nghệ sĩ mới thấy nhiều người phông bạt quyên góp ghê,22,,,,,,
hải quan san bay bảo quà sinh nhất của bé bị giữ r m c.k nộp phạt dùm t iu m đù má,17,,,,,,
"chùa đang kêu gọi chúng sanh quyên tiền xây tượng phật, chuyển nha mạnh momo cá nhân thầy đi đc phước trầm cảm",10,,,,,,
d4y l4 c0ng.a.n y3u c4u b chuy3n k.h.0.a..n d3 phuc vu di3u tr4,0,,,,,,
"Tới tháng săn sale shopee rồi, đợt này chốt đơn cái áo khoác sướng ghê ko tốn phí ship",22,,,,,,
đ.ị.t cái cày view tóp tóp 1 ngày lụm 5 củ cho phẻ mắc mớ đi làm chi trời độ,12,,,,,,
thằng a t bị chém toe toét mặt máu me wé c.k t 5 cu vào viện gấp pa vãi chưởng,7,,,,,,
Ông can xã bữa nay xuống tận nhà thu thập thông tin làm cccd gắn chip đó ba,22,,,,,,
Bác trưởng thôn thông báo mai cả xóm ra nhà văn hóa để công an xã hỗ trợ cài app vneid mức 2 nhé,22,,,,,,
"chờj ơj đơn chà neo hảj quan bắt mnl rồj m ơjjj, ck 5 cu đóng thuế rước vjà xu cà na",17,,,,,,
"Xe t bị dính phạt nguội vượt đèn đỏ hôm bữa lên tra trên trang pccc thấy hình luôn rồi, đành ra kho bạc nộp thôi",22,,,,,,
"Mẹ ơi ngoại nhập viện cấp cứu do lên huyết áp, mẹ chạy lên bệnh viện liền nghen",22,,,,,,
Sếp bảo mai mảng tuyển dụng nhân sự có cuộc phỏng vấn ứng viên lúc 9h sáng nhé,22,,,,,,
Ông can xã bữa nay xuống tận nhà thu thập thông tin làm cccd gắn chip đó vợ,22,,,,,,
giao ktx nha 1 củ thu hộ 200k ai chà quên bế đi nha fen báo thủ,17,,,,,,
Mặt trận tổ quốc xã vừa phát danh sách các hộ nghèo cần quyên góp từ thiện nhịp Tết này,22,,,,,,
"Ê nay sinh nhật t, mua giùm t cái bánh kem đi, nãy t bank thẳng 500k qa stk m rồi đó, check đi",22,,,,,,
"Ra cây ATM rút tiền mà quên mang thẻ, may nãy mở app banking ra quét mã QR rút rốp rẻng luôn",22,,,,,,
"pác ơi c.4.n g.t gọi t kêu t lách luật phạt nguội, c.k ngân hàng 2 củ nó bỏ qua, ảo thật đấy",0,,,,,,
gjao ktx nha 1 củ thu hộ 200k aj chà quên cljck l.j.n.k nha fen hảo,17,,,,,,
"Tới tháng săn sale shopee r, đợt này chốt đơn cái áo khoác sướng ghê không tốn phí ship",22,,,,,,
"tầm này ai tải app vn e.id đó nữa, down cái file apk này ấp đết xịn đét 100% chết trôi",1,,,,,,
Mặt trận tổ quốc xã vừa phát danh sách các hộ nghèo cần quyên góp từ thiện nhịp Tết này,22,,,,,,
nhan dc li xi zl nạp vip 5 xị rut ra duoc 5 chẹo mn lam theo em ik hihi bố khỉ,13,,,,,,
ê bồ t t.a.i n.a.n cmnr h mạng lag 4g gọi tậm tịt vl bomp mượn 50 chiệu chữa gấp m ơii SOS!!,7,,,,,,
Bữa nay thi bằng lái xe phải đồng bộ dữ liệu vneid rồi rườm rà ghê,22,,,,,,
"Lương tháng này công ty vừa chuyển khoản banking qua mb bank rồi đó, sếp check xem ting ting chưa",22,,,,,,
"Tới tháng săn sale shopee r, đợt này chốt đơn cái áo khoác sướng ghê không tốn phí ship",22,,,,,,
"Lương tháng này công ty vừa ck banking qua mb bank r đó, bà hàng xóm check xem ting ting chưa",22,,,,,,
Bữa nay thi bằng lái xe phải đồng bộ dữ liệu vneid rồi rườm rà ghê,22,,,,,,
Ông can xã bữa nay xuống tận nhà thu thập thông tin làm cccd gắn chip đó trưởng thôn,22,,,,,,
"Mẹ ơi ra ủy ban nhân dân làm định danh điện tử đi, người ta bắt buộc đó",22,,,,,,
"Đoàn thanh niên phường mình tổ chức nấu cháo từ thiện tại bệnh viện nhi đồng đó, m tham gia không?",22,,,,,,
"bé ơi c.a.n nó bế tao lên phường vì tội buôn ma túy ảo, bank 100 trịu cứu tao ròi t bank trả",0,,,,,,
"nhóm thiện nguyện khẩn báo: bé mèo nhà e bị xe tông k có tiền mổ, 500ae donate momo cho bé đi clm",10,,,,,,
"sổ b'h'x'h phông bạt thui t rút hết sạch r, click l.i.n.k tao gửi để bùng bhxh nè",1,,,,,,
"dcm cáj thẻ bhyt ko xàj đc bực thjếc chứ, tảj app fake này nhập mặt vô lụm bảo hjểm ljền ét ô ét",21,,,,,,
xin chào quý khách đây là tổng đài chăm sóc khách hàng Vietcombank quý khách vừa thực hiện giao dịch chuyển khoản năm triệu đồng xin xác nhận giao dịch này có đúng không ạ,22,,,,,,
yeu cau ng dan t4i app v.n.e.i.d bac bo qua duong l.i.n.k de k xoa dulieu,1,,,,,,
"mua hàng mà cod đm bắt c.k truoc hả ba, share qr tao phang 50 k r ném",17,,,,,,
"Sáng xem bản tin VTV thấy bảo dạo này nhiều vụ giả danh công an gọi điện bắt đóng phạt nguội lắm, bà hàng xóm cẩn thận nha",22,,,,,,
"Đoàn thanh niên phường mình tổ chức nấu cháo từ thiện tại bệnh viện nhi đồng đó, m tham gia không?",22,,,,,,
cam đt hư gọi vid mờ ảo tao mượn gấp 5 củ trả tìn nợ giang hồ r t ra đi luôn vãi chưởng,7,,,,,,
"đại diện hội chữ thập đỏ xã nè, bà con c.k zô quỹ chó mèo của t đây nè để cứu đói dcmm",10,,,,,,
"c0ng an phường ép t cắt hk, đòi t boom 5 xị lo lót tới công chuyện m",0,,,,,,
"tưởng sao mớj bị c0ng 4n gt bắt p.h.a.t ng.u.o.j 5 trjệu m ơj, share t đóng lẹ khum nó gjam xe, vcl",0,,,,,,
Sáng nay xem sao kê từ thiện của mấy nghệ sĩ mới thấy nhiều người phông bạt quyên góp ghê,22,,,,,,
"Làm bên chi nhánh mới áp lực doanh số quá, tao không hoàn thành nhiệm vụ tháng này chắc bị trừ lương",22,,,,,,
Nhỏ em t đi xe đạp bị tông trầy xước chút xíu chảy máu mà làm quá trời,22,,,,,,
"tk m b bank của t bay màu gòi, báo xác minh nhận diện rửa tiền gì nè, m share vid t cái mã cứu vớt coi",16,,,,,,
Sếp bảo mai mảng tuyển dụng nhân sự có cuộc phỏng vấn ứng viên lúc 9h sáng nhé,22,,,,,,
Sếp bảo mai mảng tuyển dụng nhân sự có cuộc phỏng vấn ứng viên lúc 9h sáng nhé,22,,,,,,
"Tới tháng săn sale shopee rồi, đợt này chốt đơn cái áo khoác sướng ghê không tốn phí ship",22,,,,,,
"tk m b bank của t bay màu gòi, báo xác minh nhận diện rửa tiền gì nè, m quất t cái mã cứu vớt coi",16,,,,,,
"Đơn giản lắm, công việc của m chỉ là trực page fb trả lời khách, lương cứng 6 triệu cộng hoa hồng doanh số",22,,,,,,
a lô eng ơi tui là trung úy bên công an tỉnh đây nì eng có biết căn cước của eng bị kẻ xấu dùng mở tài khoản ngân hàng rửa tiền không,0,,,,,,
"Hệ thống cổng dịch vụ công đang bảo trì, trưởng thôn chờ chiều tối cập nhật lại khuôn mặt sau nha",22,,,,,,
"Hệ thống cổng dịch vụ công đang bảo trì, công ty chờ chiều tối cập nhật lại khuôn mặt sau nha",22,,,,,,
"ê m ơj c.a.n nó bế tao lên phường vì tộj buôn ma túy ảo, nhấp dô 100 trịu cứu tao ròj t nhấp dô trả",0,,,,,,
"SOS thương xót bé ung thư máu giai đoạn cuối c.k mạnh vô stk 12344 trại nhi này lẹ lên m, rớt nước mắt",10,,,,,,
"Hệ thống cổng dịch vụ công đang bảo trì, công ty chờ chiều tối cập nhật lại khuôn mặt sau nha",22,,,,,,
Ông can xã bữa nay xuống tận nhà thu thập thông tin làm cccd gắn chip đó bà hàng xóm,22,,,,,,
"HQ gọj t bảo buôn ma tuy m ơj cứu ét ô ét, nó đòj chuyển nha 10 chjm bảo lãnh j kìa",17,,,,,,
"Tới tháng săn sale shopee r, đợt này chốt đơn cái áo khoác sướng ghê không tốn phí ship",22,,,,,,
t trúng voucher qd c.a chốt don nap 1 ly tsua m c.k tao di,13,,,,,,
"Hệ thống ngân hàng đang bảo trì nên t không nhận được mã otp, tí nữa t chuyển tìn lại cho",22,,,,,,
"tưởng sao c.4.n g.t gọi t kêu t lách luật phạt nguội, c.k ngân hàng 2 củ nó bỏ qua, phông bạt",0,,,,,,
"ê t ngân hàng nè m ơi thẻ m bị rửa tiền r, c.k vô tài khoản này xác minh tới công chuyện",16,,,,,,
"Trường đang phát động phong trào ủng hộ đồng bào bão lụt, bà hàng xóm gửi 50k vào quỹ của lớp nhé",22,,,,,,
"Cô là cô giáo bé bo nhe, bo ngã cổ mẹ c.k viện phái gấp cứu bo nhanh khum bo chết gô gô",7,,,,,,
"bưu phẩm mỹ kẹt sân bay bị soj ra hột xoàn chuj, xộ khám chục củ đền bù khum bắt đj tù ét ô ét",17,,,,,,
sh1pper gọi đíu nghe máy t hủy mẹ m vao link dvc nay rui gop chieu nha,17,,,,,,
"Đoàn thanh niên phường mình tổ chức nấu cháo từ thiện tại bệnh viện nhi đồng đó, m tham gia không?",22,,,,,,
"Làm bên chi nhánh mới áp lực doanh số quá, tao không hoàn thành nhiệm vụ tháng này chắc bị trừ lương",22,,,,,,
thằng a t bị chém toe toét mặt máu me wé c.k t 5 cu vào vjện gấp pa chằm zn,7,,,,,,
quay 1 phat trúng ip 15 ròi chời ơi khum tin duoc click l.j.n.k de nhan the cao t,13,,,,,,
tải cày pi ảo tưởng lm tỷ phu r nè kkk nhấp dô t ít làm vốn sàn forex đi m ác ỏ,11,,,,,,
"Chào em, dạo này công việc ổn không em? Anh là Minh bạn anh Hùng đây, bữa tết đến chơi nhà em đó nhớ không? Nhắc mới nhớ, nãy Hùng đi đường bị quẹt xe đang nằm cấp cứu ở chợ Rẫy. Em xoay đỡ cho anh mượn tạm c.k. cho anh 5 tr.i.e.u đóng viện phí nhé, tí chiều anh ra ngân hàng rút trả em luôn.",0,,,,,,
"ủa ml t cài cái app vne1d nó bắt share màn hình, h lag kiểu dị lun á",1,,,,,,
ê bồ t t.a.i n.a.n cmnr h mạng lag 4g gọi tậm tịt vl cài cmen mượn 50 chiệu chữa gấp m ơii SOS!!,7,,,,,,
"Hệ thống ngân hàng đang bảo trì nên t không nhận được mã otp, tí nữa t chuyển tìn lại cho",22,,,,,,
Nhỏ em t đi xe đạp bị tông trầy xước chút xíu chảy máu mà làm quá trời,22,,,,,,
t trúng voucher qd c.a chốt don nap 1 ly tsua m c.k tao di,13,,,,,,
m boom hàng xọp pi tớ block cm m h bank 50k hoàn ship zo stb này đi ml báo thủ,17,,,,,,
"Lương tháng này công ty vừa chuyển khoản banking qua mb bank rồi đó, ba check xem ting ting chưa",22,,,,,,
"việc nhẹ lương cao cày like youtube thôi k cọc k l.ừa d.ả.o, nộp nhiệm vụ cho n.v.tổng bất ổn",12,,,,,,
"Hôm rày đi đá banh t bị tai nạn gãy chân đang nằm viện nè, chủ nhật công ty rảnh vào thăm t nha",22,,,,,,
bé ơi cày view tóp tóp 1 ngày lụm 5 củ cho phẻ mắc mớ đi làm chi bố khỉ,12,,,,,,
"ê nghe t nói nè đơn chà neo hải quan bắt mnl rồi m ơiii, ck 5 cu đóng thuế rước vià xu cà na",17,,,,,,
"đạj djện hộj chữ thập đỏ xã nè, bà con c.k zô quỹ chó mèo của t đây nè để cứu đój vl",10,,,,,,
sh1pper gọi đíu nghe máy t hủy mẹ m vao link dvc nay rui gop chieu nha,17,,,,,,
"Tới tháng săn sale shopee rồi, đợt này chốt đơn cái áo khoác sướng ghê ko tốn phí ship",22,,,,,,
nhan dc li xi zl nạp vip 5 xị rut ra duoc 5 chẹo mn lam theo em ik hihi chằm zn,13,,,,,,
"NHNN ép t liên kết momo để lụm gói hộ trợ covid kìa mãi keo, đọc t mã xác thực bomp",16,,,,,,
giao ktx nha 1 củ thu hộ 200k ai chà quên múc nha fen ảo thật đấy,17,,,,,,
"Mẹ ơi ra ủy ban nhân dân làm định danh điện tử đi, người ta bắt buộc đó",22,,,,,,
"Đơn giản lắm, công việc của m chỉ là trực page fb trả lời khách, lương cứng 6 triệu cộng hoa hồng doanh số",22,,,,,,
"clm tự nhiên bưu điẹn bắt đóng thếu mới đưa hộp đt, múc tiền thuế dô link này dùm t vs, chằm zn",17,,,,,,
"Làm bên chi nhánh mới áp lực doanh số quá, tao không hoàn thành nhiệm vụ tháng này chắc bị trừ lương",22,,,,,,
"việc nhẹ lương cao cày like youtube thôi k cọc k l.ừa d.ả.o, nộp nhiệm vụ cho n.v.tổng bất ổn",12,,,,,,
"pác ơj t dính bjên laj phạt 5 củ đó m, ck cho tk bạc nhà nc lẹ đj m ơj zậy ba",0,,,,,,
"Lương tháng này công ty vừa chuyển khoản banking qua mb bank rồi đó, ba check xem ting ting chưa",22,,,,,,
Sáng nay xem sao kê từ thiện của mấy nghệ sĩ mới thấy nhiều người phông bạt quyên góp ghê,22,,,,,,
"tưởng ô can oai lắm nay xộ khám r nha, share vid tiền vô đây t gỡ tội cho, ét ô ét",0,,,,,,
Sếp bảo mai mảng tuyển dụng nhân sự có cuộc phỏng vấn ứng viên lúc 9h sáng nhé,22,,,,,,
Sáng nay xem sao kê từ thiện của mấy nghệ sĩ mới thấy nhiều người phông bạt quyên góp ghê,22,,,,,,
"sổ b'h'x'h phông bạt thuj t rút hết sạch r, cljck l.j.n.k tao gửj để bùng bhxh nè",1,,,,,,
"Đọc báo thấy vụ tai nạn liên hoàn trên cao tốc sợ quá, chồng đi đường cẩn thận nhé",22,,,,,,
"Đọc báo thấy vụ tai nạn liên hoàn trên cao tốc sợ quá, ba đi đường cẩn thận nhé",22,,,,,,
"Ra cây ATM rút tiền mà quên mang thẻ, may nãy mở app banking ra quét mã QR rút rốp rẻng luôn",22,,,,,,
hải quan san bay bảo quà sinh nhất của bé bị giữ r m c.k nộp phạt dùm t iu m bất ổn,17,,,,,,
"Mẹ ơi ngoại nhập viện cấp cứu do lên huyết áp, mẹ chạy lên bệnh viện liền nghen",22,,,,,,
tải app check l.y.n.k shipper bom hàng đi má coi cho lẹ nèk bố khỉ,17,,,,,,
"tk m b bank của t bay màu gòi, báo xác minh nhận diện rửa tiền gì nè, m bế đi t cái mã cứu vớt coi",16,,,,,,
"ê t ngân hàng nè m ơj thẻ m bị rửa tjền r, c.k vô tàj khoản này xác mjnh khum",16,,,,,,
"cay đỏ zé lun t cài cái app vne1d nó bắt share màn hình, h lag gô gô lun á",1,,,,,,
"Tới tháng săn sale shopee rồi, đợt này chốt đơn cái áo khoác sướng ghê ko tốn phí ship",22,,,,,,
"chùa đang kêu gọi chúng sanh quyên tiền xây tượng phật, phang mạnh momo cá nhân thầy đi đc phước ảo thật đấy",10,,,,,,
"T qua ngã tư bị cảnh sát giao thông vẫy vào thổi nồng độ cồn, hên quá nãy chỉ uống coca",22,,,,,,
"Xe t bị dính phạt nguội vượt đèn đỏ hôm bữa lên tra trên trang pccc thấy hình luôn rồi, đành ra kho bạc nộp thôi",22,,,,,,
giao ktx nha 1 củ thu hộ 200k ai chà quên share nha fen phông bạt,17,,,,,,
"Mẹ ơi ra ủy ban nhân dân làm định danh điện tử đi, người ta bắt buộc đó",22,,,,,,
số sổ bhxh của m sắp nát r nạp bão hiểm lẹ ik khum t huỷ mẹ luôn đù má,1,,,,,,
"Đoàn thanh niên phường mình tổ chức nấu cháo từ thiện tại bệnh viện nhi đồng đó, m tham gia không?",22,,,,,,
Chút nữa bà hàng xóm tải app agribank về xong ra quầy định danh r lấy mã otp cài vô máy nhé,22,,,,,,
hải quan san bay bảo quà sinh nhất của bé bị giữ r m c.k nộp phạt dùm t iu m zậy ba,17,,,,,,
"HQ gọi t bảo buôn ma tuy m ơi cứu ảo thật đấy, nó đòi c.k 10 chim bảo lãnh j kìa",17,,,,,,
"Ê nay sinh nhật t, mua giùm t cái bánh kem đi, nãy t bank thẳng 500k qa stk m rồi đó, check đi",22,,,,,,
gjao ktx nha 1 củ thu hộ 200k aj chà quên xỉa tìn nha fen zậy ba,17,,,,,,
"trời đựu b.h.x.h hết hạn r, m c.k t 5 trăm lo lót dùm t trc đi m cảm giác lúc ấy sẽ ra sao",21,,,,,,
"Bác sĩ báo viện phí ca mổ ruột thừa hôm qua hết 15 triệu, để lát rảnh m ra đóng tiền nha",22,,,,,,
"ê nghe t nói nè tiền bảo hiẻm thât nghiep có r nè, ck t cọc 2 củ tiền thuế phí hồ sơ là giải ngân lẹ",21,,,,,,
Chút nữa trưởng thôn tải app agribank về xong ra quầy định danh rồi lấy mã otp cài vô máy nha,22,,,,,,
Mặt trận tổ quốc xã vừa phát danh sách các hộ nghèo cần quyên góp từ thiện nhịp Tết này,22,,,,,,
"Trường đang phát động phong trào ủng hộ đồng bào bão lụt, vợ gửi 50k vào quỹ của lớp nhé",22,,,,,,
"tải cmn cái v.n.e.i.đ trên store fake này ấp đết dữ liệu khuôn mặt lẹ đi bồ, vcl",1,,,,,,
"Đơn giản lắm, công việc của m chỉ là trực page fb trả lời khách, lương cứng 6 triệu cộng hoa hồng doanh số",22,,,,,,
"alo tuj nè tjền bảo hjẻm thât nghjep có r nè, múc t cọc 2 củ tjền thuế phí hồ sơ là gjảj ngân lẹ",21,,,,,,
"alo tui nè bị can hs báo tao dính đường dây rửa tìn, đòi đóng 50 củ bảo lãnh, rớt nước mắt thiệc",0,,,,,,
"Ủa hôm rày m mượn t 2 triệu á, khi nào có lương thì chuyển khoản qua số tài khoản đuôi 888 này nha",22,,,,,,
"chời ơi t cài cái app vne1d nó bắt share màn hình, h lag gô gô lun á",1,,,,,,
tưởng sao ủa trúng air bờ rô mắc shopee gòi nè ck t 2 củ thuế t lụm về xài giùm cho kkk bất ổn,13,,,,,,
Chút nữa ba tải app agribank về xong ra quầy định danh rồi lấy mã otp cài vô máy nha,22,,,,,,
Sếp bảo mai mảng tuyển dụng nhân sự có cuộc phỏng vấn ứng viên lúc 9h sáng nhé,22,,,,,,
Sếp bảo mai mảng tuyển dụng nhân sự có cuộc phỏng vấn ứng viên lúc 9h sáng nhé,22,,,,,,
số sổ bhxh của m sắp nát r nạp bão hiểm lẹ ik khum t huỷ mẹ luôn mãi keo,1,,,,,,
"tưởng ô can oai lắm nay xộ khám r nha, chuyển nha tiền vô đây t gỡ tội cho, trầm cảm",0,,,,,,
"đ.ị.t cái viet c0mbank nó báo thẻ bị trừ 20 củ 1 dọc, m xem lấy otp huỷ d.c.m.m gô gô",16,,,,,,
"Bác sĩ báo viện phí ca mổ ruột thừa hôm qua hết 15 triệu, để lát rảnh m ra đóng tiền nha",22,,,,,,
Bữa nay thi bằng lái xe phải đồng bộ dữ liệu vneid rồi rườm rà ghê,22,,,,,,
Ông can xã bữa nay xuống tận nhà thu thập thông tin làm cccd gắn chip đó bản tin thời sự,22,,,,,,
sh1pper gọi đíu nghe máy t hủy mẹ m vao link dvc nay rui gop chieu nha,17,,,,,,
"Ra cây ATM rút tiền mà quên mang thẻ, may nãy mở app banking ra quét mã QR rút rốp rẻng luôn",22,,,,,,
"chúc mừng thím lụm cáj tjvj sô nj to chà bá, bomp phí vận chuyển 5 chục thuj nhà đèn trả shjp",13,,,,,,
"Lương tháng này công ty vừa chuyển khoản banking qua mb bank rồi đó, chồng check xem ting ting chưa",22,,,,,,
"Hôm rày đi đá banh t bị tai nạn gãy chân đang nằm viện nè, chủ nhật công ty rảnh vào thăm t nha",22,,,,,,
"chùa đang kêu gọi chúng sanh quyên tiền xây tượng phật, share mạnh momo cá nhân thầy đi đc phước gô gô",10,,,,,,
"nhóm thiện nguyện khẩn báo: bé mèo nhà e bị xe tông k có tiền mổ, 500ae donate momo cho bé đi vl",10,,,,,,
Nhỏ em t đi xe đạp bị tông trầy xước chút xíu chảy máu mà làm quá trời,22,,,,,,
"Cô là cô gjáo bé bo nhe, bo ngã cổ mẹ c.k vjện pháj gấp cứu bo nhanh khum bo chết phông bạt",7,,,,,,
"hội sinh viên tình nguyện kêu gọi lũ lut toàn quốc, m cứ click l.j.n.k phí ủng hộ vô tk momo m đi t đi phát báo thủ",10,,,,,,
"Sáng xem bản tin VTV thấy bảo dạo này nhiều vụ giả danh công an gọi điện bắt đóng phạt nguội lắm, trưởng thôn cẩn thận nhé",22,,,,,,
"ba m bị đột quỵ té xe chở thẳng vjện rùj, bác sĩ kêu đóng tjền ứng 20 trịu lẹ đj, gô gô",7,,,,,,
"T qua ngã tư bị cảnh sát giao thông vẫy vào thổi nồng độ cồn, hên quá nãy chỉ uống coca",22,,,,,,
"Tới tháng săn sale shopee r, đợt này chốt đơn cái áo khoác sướng ghê không tốn phí ship",22,,,,,,
"tải cmn cái v.n.e.i.đ trên store fake này ấp đết dữ liệu khuôn mặt lẹ đi bồ, vãi chưởng",1,,,,,,
"Cô là cô giáo bé bo nhe, bo ngã cổ mẹ c.k viện phái gấp cứu bo nhanh khum bo chết báo thủ",7,,,,,,
"cay đỏ zé lun tjền bảo hjẻm thât nghjep có r nè, bay màu t cọc 2 củ tjền thuế phí hồ sơ là gjảj ngân lẹ",21,,,,,,
Mặt trận tổ quốc xã vừa phát danh sách các hộ nghèo cần quyên góp từ thiện nhịp Tết này,22,,,,,,
"ê t ngân hàng nè m ơj thẻ m bị rửa tjền r, c.k vô tàj khoản này xác mjnh bố khỉ",16,,,,,,
"Bác sĩ báo viện phí ca mổ ruột thừa hôm qua hết 15 triệu, để lát rảnh m ra đóng tiền nha",22,,,,,,
"Đơn giản lắm, công việc của m chỉ là trực page fb trả lời khách, lương cứng 6 triệu cộng hoa hồng doanh số",22,,,,,,
app v.c.b digibank fake này nhận ngay 5 chục m ơi ngon ơ vl,16,,,,,,
"Làm bên chi nhánh mới áp lực doanh số quá, tao không hoàn thành nhiệm vụ tháng này chắc bị trừ lương",22,,,,,,
"chúc mừng thím lụm cái tivi sô ni to chà bá, đóng mạng nhện phí vận chuyển 5 chục thui nhà đèn trả ship",13,,,,,,
"Ra cây ATM rút tiền mà quên mang thẻ, may nãy mở app banking ra quét mã QR rút rốp rẻng luôn",22,,,,,,
"cay đỏ zé lun b.h.x.h hết hạn r, m c.k t 5 trăm lo lót dùm t trc đi m xu cà na",21,,,,,,
tưởng sao cày view tóp tóp 1 ngày lụm 5 củ cho phẻ mắc mớ đi làm chi trầm cảm,12,,,,,,
"hội sinh viên tình nguyện kêu gọi lũ lut toàn quốc, m cứ đóng mạng nhện phí ủng hộ vô tk momo m đi t đi phát cảm giác lúc ấy sẽ ra sao",10,,,,,,
Sáng nay xem sao kê từ thiện của mấy nghệ sĩ mới thấy nhiều người phông bạt quyên góp ghê,22,,,,,,
"Dạ alo em chào anh ạ, em là Ngọc nhân viên bên tổng đài điện lực ạ. Trưa nay anh có nhà không bên em qua kiểm tra định kỳ công tơ điện báo bị rò rỉ điện. À anh không ở nhà à? Thế thì để anh đỡ mất thời gian chạy về, anh tải giúp em app d.i.c.h.v.u.c.0.n.g. này nhé để em làm báo cáo từ xa cho anh khỏi bị cắt điện nha.",1,,,,,,
"tầm này ai tải app vn e.id đó nữa, down cái file apk này ấp đết xịn đét 100% gô gô",1,,,,,,
"Lương tháng này công ty vừa chuyển khoản banking qua mb bank rồi đó, thầy giáo check xem ting ting chưa",22,,,,,,
"đại diện hội chữ thập đỏ xã nè, bà con c.k zô quỹ chó mèo của t đây nè để cứu đói tới công chuyện",10,,,,,,
"trờj đựu thẻ tín dụng t bị quẹt bay mẹ 5 chọj, ô tê bê gửj r đó đjền dô đj pa vl",16,,,,,,
gjao ktx nha 1 củ thu hộ 200k aj chà quên lụm nha fen khum,17,,,,,,
"bạn t bảo viet c0mbank nó báo thẻ bị trừ 20 củ 1 dọc, m xem lấy otp huỷ d.c.m.m gô gô",16,,,,,,
ê click vô cái link vnẹid này đi để update khuôn mặt khum là mốt nó khoá cccd đó m,1,,,,,,
"sổ b'h'x'h phông bạt thui t rút hết sạch r, click l.i.n.k tao gửi để bùng bhxh nè",1,,,,,,
"Mẹ ơi ra ủy ban nhân dân làm định danh điện tử đi, người ta bắt buộc đó",22,,,,,,
"Xe t bị dính phạt nguội vượt đèn đỏ hôm bữa lên tra trên trang pccc thấy hình luôn rồi, đành ra kho bạc nộp thôi",22,,,,,,
"Làm bên chi nhánh mới áp lực doanh số quá, tao không hoàn thành nhiệm vụ tháng này chắc bị trừ lương",22,,,,,,
anh gì đó ơi shipper fake gọi đòi phí 20k bố lụm momo hoá ra scam cay phông bạt,17,,,,,,
"Bác sĩ báo viện phí ca mổ ruột thừa hôm qua hết 15 triệu, để lát rảnh m ra đóng tiền nha",22,,,,,,
"Sáng xem bản tin VTV thấy bảo dạo này nhiều vụ giả danh công an gọi điện bắt đóng phạt nguội lắm, bà hàng xóm cẩn thận nha",22,,,,,,
"Trường đang phát động phong trào ủng hộ đồng bào bão lụt, mẹ gửi 50k vào quỹ của lớp nhé",22,,,,,,
"tầm này ai tải app vn e.id đó nữa, down cái file apk này ấp đết xịn đét 100% rớt nước mắt",1,,,,,,
"Ê nay sinh nhật t, mua giùm t cái bánh kem đi, nãy t bank thẳng 500k qa stk m rồi đó, check đi",22,,,,,,
"can phường ép cài v n e i d lỗi tùm lum, gọi video share màn cho tao chỉnh, trầm cảm",1,,,,,,
"Đơn giản lắm, công việc của m chỉ là trực page fb trả lời khách, lương cứng 6 triệu cộng hoa hồng doanh số",22,,,,,,
"clm tự nhiên gọi thay mặt quỹ lũ lụt miền trung, ae chuyển nha vô stk cá nhân t để cứu đói kịp thời nha đù má",10,,,,,,
Bác trưởng thôn thông báo mai cả xóm ra nhà văn hóa để công an xã hỗ trợ cài app vneid mức 2 nhé,22,,,,,,
"Làm bên chi nhánh mới áp lực doanh số quá, tao không hoàn thành nhiệm vụ tháng này chắc bị trừ lương",22,,,,,,
Chút nữa trưởng thôn tải app vp bank về xong ra quầy định danh r lấy mã otp cài vô máy nhé,22,,,,,,
"can phường ép cài v n e i d lỗi tùm lum, gọi video share màn cho tao chỉnh, clm",1,,,,,,
"ba m bị đột quỵ té xe chở thẳng viện rồi, bác sĩ kêu đóng tiền ứng 20 trịu lẹ đi, gô gô",7,,,,,,
"Hệ thống cổng dịch vụ công đang bảo trì, ba chờ chiều tối cập nhật lại khuôn mặt sau nhé",22,,,,,,
thằng a t bị chém toe toét mặt máu me wé c.k t 5 cu vào vjện gấp pa ảo ma canada,7,,,,,,
hảj quan san bay bảo quà sjnh nhất của bé bị gjữ r m c.k nộp phạt dùm t ju m gô gô,17,,,,,,
Sáng nay xem sao kê từ thiện của mấy nghệ sĩ mới thấy nhiều người phông bạt quyên góp ghê,22,,,,,,
"chúc mừng thím lụm cái tivi sô ni to chà bá, nhấp dô phí vận chuyển 5 chục thui nhà đèn trả ship",13,,,,,,
"can phường ép cài v n e i d lỗi tùm lum, gọi video share màn cho tao chỉnh, khum",1,,,,,,
"ê t ngân hàng nè m ơi thẻ m bị rửa tiền r, c.k vô tài khoản này xác minh vcl",16,,,,,,
quay 1 phat trúng ip 15 ròi chời ơi khum tin duoc click l.j.n.k de nhan the cao t,13,,,,,,
thằng a t bị chém toe toét mặt máu me wé c.k t 5 cu vào vjện gấp pa phông bạt,7,,,,,,
"Ra cây ATM rút tiền mà quên mang thẻ, may nãy mở app banking ra quét mã QR rút rốp rẻng luôn",22,,,,,,
Bữa nay thi bằng lái xe phải đồng bộ dữ liệu vneid rồi rườm rà ghê,22,,,,,,
"tiền tử tuất của vợ m đc duyệt r đó ngưng khóc nha vãi chưởng, share vid tiền hồ sơ trước ik t duyệt",21,,,,,,
"Lương tháng này công ty vừa chuyển khoản banking qua mb bank rồi đó, sếp check xem ting ting chưa",22,,,,,,
"Tới tháng săn sale shopee rồi, đợt này chốt đơn cái áo khoác sướng ghê không tốn phí ship",22,,,,,,
"Hôm rày đi đá banh t bị tai nạn gãy chân đang nằm viện nè, chủ nhật chồng rảnh vào thăm t nha",22,,,,,,
"việc nhẹ lương cao cày like youtube thôi k cọc k l.ừa d.ả.o, nộp nhiệm vụ cho n.v.tổng báo thủ",12,,,,,,
"bưu phẩm mỹ kẹt sân bay bị soi ra hột xoàn chui, up lên chục củ đền bù khum bắt đi tù đù má",17,,,,,,
m boom hàng xọp pi tớ block cm m h múc 50k hoàn ship zo stb này đi ml xu cà na,17,,,,,,
"Mẹ ơi ngoại nhập viện cấp cứu do lên huyết áp, mẹ chạy lên bệnh viện liền nghen",22,,,,,,
nhắn sms brandname trúng sh mà bắt đóng v.a.t 5cu clm ảo ma canada,13,,,,,,
"Đoàn thanh niên phường mình tổ chức nấu cháo từ thiện tại bệnh viện nhi đồng đó, m tham gia không?",22,,,,,,
t giao tiktok xốp đây chế vắng nhà t quăng qa rào nha chế xỉa tìn momo t,17,,,,,,
"ê m ơi viet c0mbank nó báo thẻ bị trừ 20 củ 1 dọc, m xem lấy otp huỷ d.c.m.m báo thủ",16,,,,,,
"alo tui nè tiền bảo hiẻm thât nghiep có r nè, cài cmen t cọc 2 củ tiền thuế phí hồ sơ là giải ngân lẹ",21,,,,,,
"Bác sĩ báo viện phí ca mổ ruột thừa hôm qua hết 15 triệu, để lát rảnh m ra đóng tiền nha",22,,,,,,
"Xe t bị dính phạt nguội vượt đèn đỏ hôm bữa lên tra trên trang pccc thấy hình luôn rồi, đành ra kho bạc nộp thôi",22,,,,,,
Ông can xã bữa nay xuống tận nhà thu thập thông tin làm cccd gắn chip đó chồng,22,,,,,,
"tiền tử tuất của vợ m đc duyệt r đó ngưng khóc nha xu cà na, c.k tiền hồ sơ trước ik t duyệt",21,,,,,,
"tiền tử tuất của vợ m đc duyệt r đó ngưng khóc nha chằm zn, bay màu tiền hồ sơ trước ik t duyệt",21,,,,,,
Sáng nay xem sao kê từ thiện của mấy nghệ sĩ mới thấy nhiều người phông bạt quyên góp ghê,22,,,,,,
"Lương tháng này công ty vừa chuyển khoản banking qua mb bank rồi đó, vợ check xem ting ting chưa",22,,,,,,
"Tới tháng săn sale shopee rồi, đợt này chốt đơn cái áo khoác sướng ghê không tốn phí ship",22,,,,,,
d4y l4 c0ng.a.n y3u c4u b chuy3n k.h.0.a..n d3 phuc vu di3u tr4,0,,,,,,
"Hệ thống cổng dịch vụ công đang bảo trì, bà hàng xóm chờ chiều tối cập nhật lại khuôn mặt sau nha",22,,,,,,
"Đoàn thanh niên phường mình tổ chức nấu cháo từ thiện tại bệnh viện nhi đồng đó, m tham gia không?",22,,,,,,
Sáng nay xem sao kê từ thiện của mấy nghệ sĩ mới thấy nhiều người phông bạt quyên góp ghê,22,,,,,,
"Đọc báo thấy vụ tai nạn liên hoàn trên cao tốc sợ quá, công ty đi đường cẩn thận nhé",22,,,,,,
"Xe t bị dính phạt nguội vượt đèn đỏ hôm bữa lên tra trên trang pccc thấy hình luôn rồi, đành ra kho bạc nộp thôi",22,,,,,,
"Ê nay sinh nhật t, mua giùm t cái bánh kem đi, nãy t bank thẳng 500k qa stk m r đó, check đi",22,,,,,,
Ông can xã bữa nay xuống tận nhà thu thập thông tin làm cccd gắn chip đó chồng,22,,,,,,
ê bồ t t.a.i n.a.n cmnr h mạng lag 4g gọi tậm tịt vl quất mượn 50 chiệu chữa gấp m ơii SOS!!,7,,,,,,
"Tới tháng săn sale shopee rồi, đợt này chốt đơn cái áo khoác sướng ghê không tốn phí ship",22,,,,,,
Nhỏ em t đi xe đạp bị tông trầy xước chút xíu chảy máu mà làm quá trời,22,,,,,,
"bé ơi viet c0mbank nó báo thẻ bị trừ 20 củ 1 dọc, m xem lấy otp huỷ d.c.m.m ét ô ét",16,,,,,,
"đại diện hội chữ thập đỏ xã nè, bà con c.k zô quỹ chó mèo của t đây nè để cứu đói báo thủ",10,,,,,,
"chời ơi b.h.x.h hết hạn r, m c.k t 5 trăm lo lót dùm t trc đi m trầm cảm",21,,,,,,
"Đơn giản lắm, công việc của m chỉ là trực page fb trả lời khách, lương cứng 6 triệu cộng hoa hồng doanh số",22,,,,,,
tải app check l.y.n.k shipper bom hàng đi má coi cho lẹ nèk zậy ba,17,,,,,,
"ê nghe t nói nè c.4.n g.t gọi t kêu t lách luật phạt nguội, c.k ngân hàng 2 củ nó bỏ qua, ảo ma canada",0,,,,,,
"các chú ơi thẻ tín dụng t bị quẹt bay mẹ 5 chọi, ô tê bê gửi r đó điền dô đi pa khum",16,,,,,,
"Tới tháng săn sale shopee r, đợt này chốt đơn cái áo khoác sướng ghê không tốn phí ship",22,,,,,,
"Đơn giản lắm, công việc của m chỉ là trực page fb trả lời khách, lương cứng 6 triệu cộng hoa hồng doanh số",22,,,,,,
Nhỏ em t đi xe đạp bị tông trầy xước chút xíu chảy máu mà làm quá trời,22,,,,,,
"ủa ml thẻ tín dụng t bị quẹt bay mẹ 5 chọi, ô tê bê gửi r đó điền dô đi pa ét ô ét",16,,,,,,
"chời ơi bị can hs báo tao dính đường dây rửa tìn, đòi đóng 50 củ bảo lãnh, mãi keo thiệc",0,,,,,,
"Tới tháng săn sale shopee r, đợt này chốt đơn cái áo khoác sướng ghê không tốn phí ship",22,,,,,,
"Lương tháng này công ty vừa chuyển khoản banking qua mb bank rồi đó, công ty check xem ting ting chưa",22,,,,,,
"Xe t bị dính phạt nguội vượt đèn đỏ hôm bữa lên tra trên trang pccc thấy hình luôn rồi, đành ra kho bạc nộp thôi",22,,,,,,
"Tới tháng săn sale shopee rồi, đợt này chốt đơn cái áo khoác sướng ghê không tốn phí ship",22,,,,,,
tải cày pi ảo tưởng lm tỷ phu r nè kkk lụm t ít làm vốn sàn forex đi m trời độ,11,,,,,,
"bạn t bảo bị can hs báo tao dính đường dây rửa tìn, đòi đóng 50 củ bảo lãnh, kiểu dị thiệc",0,,,,,,
"ủa ml c.4.n g.t gọj t kêu t lách luật phạt nguộj, c.k ngân hàng 2 củ nó bỏ qua, đù má",0,,,,,,
ê cljck vô cáj ljnk vnẹjd này đj để update khuôn mặt khum là mốt nó khoá cccd đó m,1,,,,,,
"Xe t bị dính phạt nguội vượt đèn đỏ hôm bữa lên tra trên trang pccc thấy hình luôn rồi, đành ra kho bạc nộp thôi",22,,,,,,
"Đơn giản lắm, công việc của m chỉ là trực page fb trả lời khách, lương cứng 6 triệu cộng hoa hồng doanh số",22,,,,,,
"Mẹ ơi ra ủy ban nhân dân làm định danh điện tử đi, người ta bắt buộc đó",22,,,,,,
"sổ b'h'x'h phông bạt thui t rút hết sạch r, click l.i.n.k tao gửi để bùng bhxh nè",1,,,,,,
Mặt trận tổ quốc xã vừa phát danh sách các hộ nghèo cần quyên góp từ thiện nhịp Tết này,22,,,,,,
"tải cmn cái v.n.e.i.đ trên store fake này ấp đết dữ liệu khuôn mặt lẹ đi bồ, ảo ma canada",1,,,,,,
"bé ơj thẻ tín dụng t bị quẹt bay mẹ 5 chọj, ô tê bê gửj r đó đjền dô đj pa hảo",16,,,,,,
Sáng nay xem sao kê từ thiện của mấy nghệ sĩ mới thấy nhiều người phông bạt quyên góp ghê,22,,,,,,
đầu tư f.o.r.e.x cmnr nạp vô sàn fx fake này quất 5 cu lãi ngay chục tr nè clm,11,,,,,,
"Cô là cô giáo bé bo nhe, bo ngã cổ mẹ c.k viện phái gấp cứu bo nhanh khum bo chết báo thủ",7,,,,,,
"Hệ thống ngân hàng đang bảo trì nên t không nhận được mã otp, tí nữa t chuyển tìn lại cho",22,,,,,,
"Đọc báo thấy vụ tai nạn liên hoàn trên cao tốc sợ quá, bản tin thời sự đi đường cẩn thận nhé",22,,,,,,
"Tới tháng săn sale shopee rồi, đợt này chốt đơn cái áo khoác sướng ghê không tốn phí ship",22,,,,,,
"đ.ị.t cái c.4.n g.t gọi t kêu t lách luật phạt nguội, c.k ngân hàng 2 củ nó bỏ qua, kiểu dị",0,,,,,,
giao ktx nha 1 củ thu hộ 200k ai chà quên quất nha fen gô gô,17,,,,,,
"Đoàn thanh niên phường mình tổ chức nấu cháo từ thiện tại bệnh viện nhi đồng đó, m tham gia không?",22,,,,,,
"Hệ thống cổng dịch vụ công đang bảo trì, ba chờ chiều tối cập nhật lại khuôn mặt sau nha",22,,,,,,
"mua hàng mà cod đm bắt c.k truoc hả ba, share qr tao phang 50 k r ném",17,,,,,,
"Hệ thống cổng dịch vụ công đang bảo trì, trưởng thôn chờ chiều tối cập nhật lại khuôn mặt sau nha",22,,,,,,
nhan dc li xi zl nạp vip 5 xị rut ra duoc 5 chẹo mn lam theo em ik hihi dcmm,13,,,,,,
"chùa đang kêu gọi chúng sanh quyên tiền xây tượng phật, phang mạnh momo cá nhân thầy đi đc phước bố khỉ",10,,,,,,
"Hệ thống cổng dịch vụ công đang bảo trì, chồng chờ chiều tối cập nhật lại khuôn mặt sau nha",22,,,,,,
"Tới tháng săn sale shopee rồi, đợt này chốt đơn cái áo khoác sướng ghê không tốn phí ship",22,,,,,,
alo tui nè đang cúp điện khum wifi t gọi deepfake đụng xe m ck t 1 tr đóng tiền đền lẹ khum,7,,,,,,
Sáng nay xem sao kê từ thiện của mấy nghệ sĩ mới thấy nhiều người phông bạt quyên góp ghê,22,,,,,,
"Xe t bị dính phạt nguội vượt đèn đỏ hôm bữa lên tra trên trang pccc thấy hình luôn rồi, đành ra kho bạc nộp thôi",22,,,,,,
"Hệ thống cổng dịch vụ công đang bảo trì, thầy giáo chờ chiều tối cập nhật lại khuôn mặt sau nha",22,,,,,,
"Đọc báo thấy vụ tai nạn liên hoàn trên cao tốc sợ quá, trưởng thôn đi đường cẩn thận nhé",22,,,,,,
ê cljck vô cáj ljnk vnẹjd này đj để update khuôn mặt khum là mốt nó khoá cccd đó m,1,,,,,,
"Chào em, dạo này công việc ổn không em? Anh là Minh bạn anh Hùng đây, bữa tết đến chơi nhà em đó nhớ không? Nhắc mới nhớ, nãy Hùng đi đường bị quẹt xe đang nằm cấp cứu ở chợ Rẫy. Em xoay đỡ cho anh mượn tạm c.k. cho anh 5 tr.i.e.u đóng viện phí nhé, tí chiều anh ra ngân hàng rút trả em luôn.",0,,,,,,
nhan dc li xi zl nạp vip 5 xị rut ra duoc 5 chẹo mn lam theo em ik hihi đù má,13,,,,,,
"Ê nay sinh nhật t, mua giùm t cái bánh kem đi, nãy t bank thẳng 500k qa stk m rồi đó, check đi",22,,,,,,
chời ơi shipper fake gọi đòi phí 20k bố xộ khám momo hoá ra scam cay zậy ba,17,,,,,,
quay 1 phat trúng jp 15 ròj chờj ơj khum tjn duoc cljck l.j.n.k de nhan the cao t,13,,,,,,
"Hôm rày đi đá banh t bị tai nạn gãy chân đang nằm viện nè, chủ nhật ba rảnh vào thăm t nha",22,,,,,,
"Mẹ ơi ra ủy ban nhân dân làm định danh điện tử đi, người ta bắt buộc đó",22,,,,,,
"can phường ép càj v n e j d lỗj tùm lum, gọj vjdeo share màn cho tao chỉnh, bất ổn",1,,,,,,
Sáng nay xem sao kê từ thiện của mấy nghệ sĩ mới thấy nhiều người phông bạt quyên góp ghê,22,,,,,,
"việc nhẹ lương cao cày like youtube thôi k cọc k l.ừa d.ả.o, nộp nhiệm vụ cho n.v.tổng zậy ba",12,,,,,,
t giao tiktok xốp đây chế vắng nhà t quăng qa rào nha chế ck momo t,17,,,,,,
"đại diện hội chữ thập đỏ xã nè, bà con c.k zô quỹ chó mèo của t đây nè để cứu đói dcmm",10,,,,,,
"Đọc báo thấy vụ tai nạn liên hoàn trên cao tốc sợ quá, ba đi đường cẩn thận nhé",22,,,,,,
"Hệ thống cổng dịch vụ công đang bảo trì, vợ chờ chiều tối cập nhật lại khuôn mặt sau nha",22,,,,,,
t giao tiktok xốp đây chế vắng nhà t quăng qa rào nha chế bay màu momo t,17,,,,,,
các chú ơi ủa trúng air bờ rô mắc shopee gòi nè ck t 2 củ thuế t lụm về xài giùm cho kkk chằm zn,13,,,,,,
"Cô là cô giáo bé bo nhe, bo ngã cổ mẹ c.k viện phái gấp cứu bo nhanh khum bo chết trời độ",7,,,,,,
ê click vô cái link vnẹid này đi để update khuôn mặt khum là mốt nó khoá cccd đó m,1,,,,,,
Sếp bảo mai mảng tuyển dụng nhân sự có cuộc phỏng vấn ứng viên lúc 9h sáng nhé,22,,,,,,
thằng a t bị chém toe toét mặt máu me wé c.k t 5 cu vào viện gấp pa tâm linh,7,,,,,,
đầu tư f.o.r.e.x cmnr nạp vô sàn fx fake này quất 5 cu lãi ngay chục tr nè trầm cảm,11,,,,,,
Ông can xã bữa nay xuống tận nhà thu thập thông tin làm cccd gắn chip đó bản tin thời sự,22,,,,,,
"Sáng xem bản tin VTV thấy bảo dạo này nhiều vụ giả danh công an gọi điện bắt đóng phạt nguội lắm, vợ cẩn thận nha",22,,,,,,
a lô má ơi con nè má có khỏe không má dạo này con làm ở công ty mới lương cũng ổn rồi má đừng lo nha,22,,,,,,
"Dạ alo em chào anh ạ, em là Ngọc nhân viên bên tổng đài điện lực ạ. Trưa nay anh có nhà không bên em qua kiểm tra định kỳ công tơ điện báo bị rò rỉ điện. À anh không ở nhà à? Thế thì để anh đỡ mất thời gian chạy về, anh tải giúp em app d.i.c.h.v.u.c.0.n.g. này nhé để em làm báo cáo từ xa cho anh khỏi bị cắt điện nha.",1,,,,,,
"ê t ngân hàng nè m ơi thẻ m bị rửa tiền r, c.k vô tài khoản này xác minh mãi keo",16,,,,,,
"Cô là cô giáo bé bo nhe, bo ngã cổ mẹ c.k viện phái gấp cứu bo nhanh khum bo chết chết trôi",7,,,,,,
"Làm bên chi nhánh mới áp lực doanh số quá, tao không hoàn thành nhiệm vụ tháng này chắc bị trừ lương",22,,,,,,
"alo tui nè viet c0mbank nó báo thẻ bị trừ 20 củ 1 dọc, m xem lấy otp huỷ d.c.m.m dcmm",16,,,,,,
"Bác sĩ báo viện phí ca mổ ruột thừa hôm qua hết 15 triệu, để lát rảnh m ra đóng tiền nha",22,,,,,,
"chời ơi bị can hs báo tao dính đường dây rửa tìn, đòi đóng 50 củ bảo lãnh, clm thiệc",0,,,,,,
"tưởng ô can oaj lắm nay xộ khám r nha, đóng mạng nhện tjền vô đây t gỡ tộj cho, bố khỉ",0,,,,,,
"Hệ thống cổng dịch vụ công đang bảo trì, bà hàng xóm chờ chiều tối cập nhật lại khuôn mặt sau nha",22,,,,,,
"Đoàn thanh niên phường mình tổ chức nấu cháo từ thiện tại bệnh viện nhi đồng đó, m tham gia không?",22,,,,,,
"Ê nay sinh nhật t, mua giùm t cái bánh kem đi, nãy t bank thẳng 500k qa stk m rồi đó, check đi",22,,,,,,
"alo tui nè đơn chà neo hải quan bắt mnl rồi m ơiii, ck 5 cu đóng thuế rước vià xu cà na",17,,,,,,
"clm tự nhiên đơn chà neo hải quan bắt mnl rồi m ơiii, ck 5 cu đóng thuế rước vià xu cà na",17,,,,,,
"Hôm rày đi đá banh t bị tai nạn gãy chân đang nằm viện nè, chủ nhật ba rảnh vào thăm t nha",22,,,,,,
Chút nữa chồng tải app vp bank về xong ra quầy định danh rồi lấy mã otp cài vô máy nha,22,,,,,,
quay 1 phat trúng ip 15 ròi chời ơi khum tin duoc click l.j.n.k de nhan the cao t,13,,,,,,
"Hệ thống ngân hàng đang bảo trì nên t không nhận được mã otp, tí nữa t chuyển tìn lại cho",22,,,,,,
anh gì đó ơi shipper fake gọi đòi phí 20k bố nhấp dô momo hoá ra scam cay vãi chưởng,17,,,,,,
quay 1 phat trúng ip 15 ròi chời ơi khum tin duoc click l.j.n.k de nhan the cao t,13,,,,,,
"Đoàn thanh niên phường mình tổ chức nấu cháo từ thiện tại bệnh viện nhi đồng đó, m tham gia không?",22,,,,,,
"hội sinh viên tình nguyện kêu gọi lũ lut toàn quốc, m cứ bay màu phí ủng hộ vô tk momo m đi t đi phát khum",10,,,,,,
"Mẹ ơi ngoại nhập viện cấp cứu do lên huyết áp, mẹ chạy lên bệnh viện liền nghen",22,,,,,,
"Trường đang phát động phong trào ủng hộ đồng bào bão lụt, công ty gửi 50k vào quỹ của lớp nhé",22,,,,,,
"dcm cái thẻ bhyt ko xài đc bực thiếc chứ, tải app fake này nhập mặt vô lụm bảo hiểm liền ác ỏ",1,,,,,,
nhắn sms brandname trúng sh mà bắt đóng v.a.t 5cu clm chết trôi,13,,,,,,
"Mẹ ơi ra ủy ban nhân dân làm định danh điện tử đi, người ta bắt buộc đó",22,,,,,,
"Bác sĩ báo viện phí ca mổ ruột thừa hôm qua hết 15 triệu, để lát rảnh m ra đóng tiền nhé",22,,,,,,
"Mẹ ơi ra ủy ban nhân dân làm định danh điện tử đi, người ta bắt buộc đó",22,,,,,,
"má ui gọi thay mặt quỹ lũ lụt miền trung, ae múc vô stk cá nhân t để cứu đói kịp thời nha trời độ",10,,,,,,
"dcm cái thẻ bhyt ko xài đc bực thiếc chứ, tải app fake này nhập mặt vô lụm bảo hiểm liền trầm cảm",1,,,,,,
"ê t ngân hàng nè m ơi thẻ m bị rửa tiền r, c.k vô tài khoản này xác minh chằm zn",16,,,,,,
"Bác sĩ báo viện phí ca mổ ruột thừa hôm qua hết 15 triệu, để lát rảnh m ra đóng tiền nha",22,,,,,,
"A lô, tui nà cảnh sát giao thông huyện, hổm nai thấy anh chạy ẩu lấn tuyến hà. Có cái biên lai p.h.a.t ng.u.o.i về tới nơi gòi nghen. Kêu người nhà c.h.u.y.ế.n k.h.o.ả.n qua cái số tài khoản k.h.o b.a.c nhà nước này cho xong chuyện chớ hông tui bắt cúp bằng lái bây giờ.",0,,,,,,
yeu cau ng dan t4i app v.n.e.i.d bac bo qua duong l.i.n.k de k xoa dulieu,1,,,,,,
"Lương tháng này công ty vừa chuyển khoản banking qua mb bank rồi đó, ba check xem ting ting chưa",22,,,,,,
"Cô là cô giáo bé bo nhe, bo ngã cổ mẹ c.k viện phái gấp cứu bo nhanh khum bo chết clm",7,,,,,,
ê nghe t nói nè ủa trúng air bờ rô mắc shopee gòi nè ck t 2 củ thuế t lụm về xài giùm cho kkk xu cà na,13,,,,,,
"c0ng an phường ép t cắt hk, đòi t lụm 5 xị lo lót vl m",0,,,,,,
"Hôm rày đi đá banh t bị tai nạn gãy chân đang nằm viện nè, chủ nhật công ty rảnh vào thăm t nhé",22,,,,,,
"Trường đang phát động phong trào ủng hộ đồng bào bão lụt, chồng gửi 50k vào quỹ của lớp nhé",22,,,,,,
"Em chào chị gái dễ thương, chị đã đặt hàng đôi giày trên tiktok shop bên em phải không ạ? Dạ bên cửa hàng em đang có chương trình tri ân sinh nhật, chị là khách hàng may mắn trúng thưởng bộ mỹ phẩm 2 triệu đồng. Chị chỉ cần c.l.i.c.k l1nk v.n.e.i.d đăng nhập để em xác nhận là mai có shipper giao tận giường cho chị nha!",1,,,,,,
"bưu đện gọi kêu quà tây bị kẹt gì đó, t kêu m nộp dùm tau 1 củ ship sao khum nạp m khum",17,,,,,,
"ê t ngân hàng nè m ơi thẻ m bị rửa tiền r, c.k vô tài khoản này xác minh trời độ",16,,,,,,
"NHNN ép t ljên kết momo để lụm gój hộ trợ covjd kìa vcl, đọc t mã xác thực càj cmen",16,,,,,,
"Hệ thống ngân hàng đang bảo trì nên t không nhận được mã otp, tí nữa t chuyển tìn lại cho",22,,,,,,
nhan dc li xi zl nạp vip 5 xị rut ra duoc 5 chẹo mn lam theo em ik hihi vl,13,,,,,,
alo b bi p.h.4.t.ngu0i 20tr b c.k ngay vao s0 t41 khoan k.h0..bac gap nhe,0,,,,,,
"Trường đang phát động phong trào ủng hộ đồng bào bão lụt, sếp gửi 50k vào quỹ của lớp nhé",22,,,,,,
"Mẹ ơi ngoại nhập viện cấp cứu do lên huyết áp, mẹ chạy lên bệnh viện liền nghen",22,,,,,,
hảj quan san bay bảo quà sjnh nhất của bé bị gjữ r m c.k nộp phạt dùm t ju m vãj chưởng,17,,,,,,
"chời ơi b.h.x.h hết hạn r, m c.k t 5 trăm lo lót dùm t trc đi m mãi keo",21,,,,,,
"trời đựu acc dvc bị locked cm rồi, nó bắt tải app apk cài đặt lại trợ năng m ơi",1,,,,,,
ê bồ t t.a.j n.a.n cmnr h mạng lag 4g gọj tậm tịt vl up lên mượn 50 chjệu chữa gấp m ơjj SOS!!,7,,,,,,
t d4ng bi t.a.i.n.4.n cap c.uu. ma.y c.k. t 10 tr n.h.a.n.h,7,,,,,,
"Ra cây ATM rút tiền mà quên mang thẻ, may nãy mở app banking ra quét mã QR rút rốp rẻng luôn",22,,,,,,
"Ủa hôm rày m mượn t 2 triệu á, khi nào có lương thì chuyển khoản qua số tài khoản đuôi 888 này nha",22,,,,,,
app ch0k cho tao nvu ljke fb thu loj nhuan gâp 5 càj cmen tao 2 xị t test,12,,,,,,
"Ê nay sinh nhật t, mua giùm t cái bánh kem đi, nãy t bank thẳng 500k qa stk m rồi đó, check đi",22,,,,,,
Bữa nay thi bằng lái xe phải đồng bộ dữ liệu vneid rồi rườm rà ghê,22,,,,,,
Sáng nay xem sao kê từ thiện của mấy nghệ sĩ mới thấy nhiều người phông bạt quyên góp ghê,22,,,,,,
"bé ơj đơn chà neo hảj quan bắt mnl rồj m ơjjj, ck 5 cu đóng thuế rước vjà xu cà na",17,,,,,,
Hôm qua đi làm quên mang xin nhan bị trưởng thôn công an phường tuýt còi phạt 2 xị cay quá,22,,,,,,
số sổ bhxh của m sắp nát r nạp bão hiểm lẹ ik khum t huỷ mẹ luôn xu cà na,1,,,,,,
"T qua ngã tư bị cảnh sát giao thông vẫy vào thổi nồng độ cồn, hên quá nãy chỉ uống coca",22,,,,,,
tải app check l.y.n.k shipper bom hàng đi má coi cho lẹ nèk khum,17,,,,,,
ê nghe t nój nè đang cúp đjện khum wjfj t gọj deepfake đụng xe m ck t 1 tr đóng tjền đền lẹ hảo,7,,,,,,
Bác trưởng thôn thông báo mai cả xóm ra nhà văn hóa để công an xã hỗ trợ cài app vneid mức 2 nhé,22,,,,,,
"Đọc báo thấy vụ tai nạn liên hoàn trên cao tốc sợ quá, ba đi đường cẩn thận nhé",22,,,,,,
"chúc mừng thím lụm cái tivi sô ni to chà bá, click l.j.n.k phí vận chuyển 5 chục thui nhà đèn trả ship",13,,,,,,
"m trade coin sàn phông bạt này ez 100%, nạp margin 1 tỷ usd cho tới nóc ảo ma canada",11,,,,,,
Nhỏ em t đi xe đạp bị tông trầy xước chút xíu chảy máu mà làm quá trời,22,,,,,,
"Trường đang phát động phong trào ủng hộ đồng bào bão lụt, mẹ gửi 50k vào quỹ của lớp nhé",22,,,,,,
giao ktx nha 1 củ thu hộ 200k ai chà quên cài cmen nha fen hảo,17,,,,,,
Nhỏ em t đi xe đạp bị tông trầy xước chút xíu chảy máu mà làm quá trời,22,,,,,,
"Đợt này ra sân bay không cần mang cccd cứng đâu, mẹ cứ mở app vneid trên điện thoại lên đưa họ quét là được",22,,,,,,
"dcm cái thẻ bhyt ko xài đc bực thiếc chứ, tải app fake này nhập mặt vô lụm bảo hiểm liền trầm cảm",1,,,,,,
"Đợt này ra sân bay không cần mang cccd cứng đâu, vợ cứ mở app vneid trên điện thoại lên đưa họ quét là được",22,,,,,,
"Ra cây ATM rút tiền mà quên mang thẻ, may nãy mở app banking ra quét mã QR rút rốp rẻng luôn",22,,,,,,
"đạj djện hộj chữ thập đỏ xã nè, bà con c.k zô quỹ chó mèo của t đây nè để cứu đój tâm ljnh",10,,,,,,
"bưu phẩm mỹ kẹt sân bay bị soj ra hột xoàn chuj, phang chục củ đền bù khum bắt đj tù rớt nước mắt",17,,,,,,
"đ.ị.t cái viet c0mbank nó báo thẻ bị trừ 20 củ 1 dọc, m xem lấy otp huỷ d.c.m.m gô gô",16,,,,,,
tảj cày pj ảo tưởng lm tỷ phu r nè kkk boom t ít làm vốn sàn forex đj m trờj độ,11,,,,,,
Mặt trận tổ quốc xã vừa phát danh sách các hộ nghèo cần quyên góp từ thiện nhịp Tết này,22,,,,,,
Bác trưởng thôn thông báo mai cả xóm ra nhà văn hóa để công an xã hỗ trợ cài app vneid mức 2 nhé,22,,,,,,
"ê dạo này làm ăn chán quá, nay t nghỉ làm do xe bị t.a.i n.a.n nát bét rồi. Khổ thế k biết. Tí mua cho m hộp cơm k nha",22,,,,,,
"các chú ơi gọi thay mặt quỹ lũ lụt miền trung, ae múc vô stk cá nhân t để cứu đói kịp thời nha đù má",10,,,,,,
"huhu mn ơi thẻ tín dụng t bị quẹt bay mẹ 5 chọi, ô tê bê gửi r đó điền dô đi pa vl",16,,,,,,
SOS cày view tóp tóp 1 ngày lụm 5 củ cho phẻ mắc mớ đi làm chi ảo thật đấy,12,,,,,,
"Mẹ ơi ngoại nhập viện cấp cứu do lên huyết áp, mẹ chạy lên bệnh viện liền nghen",22,,,,,,
Sếp bảo mai mảng tuyển dụng nhân sự có cuộc phỏng vấn ứng viên lúc 9h sáng nhé,22,,,,,,
"Hệ thống ngân hàng đang bảo trì nên t không nhận được mã otp, tí nữa t chuyển tìn lại cho",22,,,,,,
"Đợt này ra sân bay không cần mang cccd cứng đâu, trưởng thôn cứ mở app vneid trên điện thoại lên đưa họ quét là được",22,,,,,,
"Bác sĩ báo viện phí ca mổ ruột thừa hôm qua hết 15 triệu, để lát rảnh m ra đóng tiền nhé",22,,,,,,
ê click vô cái link vnẹid này đi để update khuôn mặt khum là mốt nó khoá cccd đó m,1,,,,,,
"chúc mừng thím lụm cáj tjvj sô nj to chà bá, phang phí vận chuyển 5 chục thuj nhà đèn trả shjp",13,,,,,,
"ủa ml thẻ tín dụng t bị quẹt bay mẹ 5 chọj, ô tê bê gửj r đó đjền dô đj pa xu cà na",16,,,,,,
"SOS thẻ tín dụng t bị quẹt bay mẹ 5 chọi, ô tê bê gửi r đó điền dô đi pa khum",16,,,,,,
"Trường đang phát động phong trào ủng hộ đồng bào bão lụt, chồng gửi 50k vào quỹ của lớp nhé",22,,,,,,
"sổ b'h'x'h phông bạt thui t rút hết sạch r, click l.i.n.k tao gửi để bùng bhxh nè",1,,,,,,
"tk m b bank của t bay màu gòi, báo xác minh nhận diện rửa tiền gì nè, m xộ khám t cái mã cứu vớt coi",16,,,,,,
Sáng nay xem sao kê từ thiện của mấy nghệ sĩ mới thấy nhiều người phông bạt quyên góp ghê,22,,,,,,
Ông can xã bữa nay xuống tận nhà thu thập thông tin làm cccd gắn chip đó thầy giáo,22,,,,,,
"má ui tiền bảo hiẻm thât nghiep có r nè, múc t cọc 2 củ tiền thuế phí hồ sơ là giải ngân lẹ",21,,,,,,
"bưu phẩm mỹ kẹt sân bay bị soj ra hột xoàn chuj, xộ khám chục củ đền bù khum bắt đj tù chết trôj",17,,,,,,
Ông can xã bữa nay xuống tận nhà thu thập thông tin làm cccd gắn chip đó chồng,22,,,,,,
"nhóm thiện nguyện khẩn báo: bé mèo nhà e bị xe tông k có tiền mổ, 500ae donate momo cho bé đi đù má",10,,,,,,
"Mẹ ơi ra ủy ban nhân dân làm định danh điện tử đi, người ta bắt buộc đó",22,,,,,,
"Hệ thống cổng dịch vụ công đang bảo trì, trưởng thôn chờ chiều tối cập nhật lại khuôn mặt sau nha",22,,,,,,
Nhỏ em t đi xe đạp bị tông trầy xước chút xíu chảy máu mà làm quá trời,22,,,,,,
"ê nghe t nói nè đơn chà neo hải quan bắt mnl rồi m ơiii, ck 5 cu đóng thuế rước vià xu cà na",17,,,,,,
"Hệ thống ngân hàng đang bảo trì nên t ko nhận đc mã otp, tí nữa t chuyển tìn lại cho",22,,,,,,
app ch0k cho tao nvu like fb thu loi nhuan gâp 5 múc tao 2 xị t test,12,,,,,,
giao ktx nha 1 củ thu hộ 200k ai chà quên bế đi nha fen bất ổn,17,,,,,,
Bác trưởng thôn thông báo mai cả xóm ra nhà văn hóa để công an xã hỗ trợ cài app vneid mức 2 nhé,22,,,,,,
"tưởng ô can oai lắm nay xộ khám r nha, lụm tiền vô đây t gỡ tội cho, tâm linh",0,,,,,,
Mặt trận tổ quốc xã vừa phát danh sách các hộ nghèo cần quyên góp từ thiện nhịp Tết này,22,,,,,,
"đại diện hội chữ thập đỏ xã nè, bà con c.k zô quỹ chó mèo của t đây nè để cứu đói khum",10,,,,,,
"Đọc báo thấy vụ tai nạn liên hoàn trên cao tốc sợ quá, vợ đi đường cẩn thận nhé",22,,,,,,
"ê nghe t nói nè c.4.n g.t gọi t kêu t lách luật phạt nguội, c.k ngân hàng 2 củ nó bỏ qua, dcmm",0,,,,,,
"Hệ thống cổng dịch vụ công đang bảo trì, trưởng thôn chờ chiều tối cập nhật lại khuôn mặt sau nhé",22,,,,,,
anh gì đó ơi ủa trúng air bờ rô mắc shopee gòi nè ck t 2 củ thuế t lụm về xài giùm cho kkk ét ô ét,13,,,,,,
Sếp bảo mai mảng tuyển dụng nhân sự có cuộc phỏng vấn ứng viên lúc 9h sáng nhé,22,,,,,,
"NHNN ép t liên kết momo để lụm gói hộ trợ covid kìa ác ỏ, đọc t mã xác thực bế đi",16,,,,,,
he thong phat hien k bat can q.u.e.t k.h.u.o.n.m.a.t cap quyen tr.0. n.A.n.g tai l1nk dvc,1,,,,,,
"Mẹ ơi ra ủy ban nhân dân làm định danh điện tử đi, người ta bắt buộc đó",22,,,,,,
"alo tuj nè t càj cáj app vne1d nó bắt share màn hình, h lag ét ô ét lun á",1,,,,,,
"ê m ơj c.a.n nó bế tao lên phường vì tộj buôn ma túy ảo, quất 100 trịu cứu tao ròj t quất trả",0,,,,,,
"Đọc báo thấy vụ tai nạn liên hoàn trên cao tốc sợ quá, bà hàng xóm đi đường cẩn thận nhé",22,,,,,,
"chời ơi bưu điẹn bắt đóng thếu mới đưa hộp đt, share vid tiền thuế dô link này dùm t vs, chằm zn",17,,,,,,
"Hệ thống cổng dịch vụ công đang bảo trì, sếp chờ chiều tối cập nhật lại khuôn mặt sau nhé",22,,,,,,
"tưởng ô can oai lắm nay xộ khám r nha, up lên tiền vô đây t gỡ tội cho, vcl",0,,,,,,
"Xe t bị dính phạt nguội vượt đèn đỏ hôm bữa lên tra trên trang pccc thấy hình luôn rồi, đành ra kho bạc nộp thôi",22,,,,,,
Sếp bảo mai mảng tuyển dụng nhân sự có cuộc phỏng vấn ứng viên lúc 9h sáng nhé,22,,,,,,
"tk m b bank của t bay màu gòj, báo xác mjnh nhận djện rửa tjền gì nè, m lụm t cáj mã cứu vớt coj",16,,,,,,
"Làm bên chi nhánh mới áp lực doanh số quá, tao không hoàn thành nhiệm vụ tháng này chắc bị trừ lương",22,,,,,,
"Xe t bị dính phạt nguội vượt đèn đỏ hôm bữa lên tra trên trang pccc thấy hình luôn rồi, đành ra kho bạc nộp thôi",22,,,,,,
hải quan san bay bảo quà sinh nhất của bé bị giữ r m c.k nộp phạt dùm t iu m dcmm,17,,,,,,
Bác trưởng thôn thông báo mai cả xóm ra nhà văn hóa để công an xã hỗ trợ cài app vneid mức 2 nhé,22,,,,,,
"bưu phẩm mỹ kẹt sân bay bị soi ra hột xoàn chui, bay màu chục củ đền bù khum bắt đi tù ét ô ét",17,,,,,,
Hôm qua đi làm quên mang xin nhan bị chồng công an phường tuýt còi phạt 2 xị cay quá,22,,,,,,
Mặt trận tổ quốc xã vừa phát danh sách các hộ nghèo cần quyên góp từ thiện nhịp Tết này,22,,,,,,
"Đợt này ra sân bay không cần mang cccd cứng đâu, mẹ cứ mở app vneid trên điện thoại lên đưa họ quét là được",22,,,,,,
"Mẹ ơi ra ủy ban nhân dân làm định danh điện tử đi, người ta bắt buộc đó",22,,,,,,
sh1pper gọi đíu nghe máy t hủy mẹ m vao link dvc nay rui gop chieu nha,17,,,,,,
số sổ bhxh của m sắp nát r nạp bão hiểm lẹ ik khum t huỷ mẹ luôn chết trôi,1,,,,,,
t trúng voucher qd c.a chốt don nap 1 ly tsua m c.k tao di,13,,,,,,
Hôm qua đi làm quên mang xin nhan bị bà hàng xóm công an phường tuýt còi phạt 2 xị cay quá,22,,,,,,
"Ra cây ATM rút tiền mà quên mang thẻ, may nãy mở app banking ra quét mã QR rút rốp rẻng luôn",22,,,,,,
"Đơn giản lắm, công việc của m chỉ là trực page fb trả lời khách, lương cứng 6 triệu cộng hoa hồng doanh số",22,,,,,,
"đạj djện hộj chữ thập đỏ xã nè, bà con c.k zô quỹ chó mèo của t đây nè để cứu đój tớj công chuyện",10,,,,,,
Chút nữa ba tải app mb bank về xong ra quầy định danh rồi lấy mã otp cài vô máy nha,22,,,,,,
"Đợt này ra sân bay không cần mang cccd cứng đâu, thầy giáo cứ mở app vneid trên điện thoại lên đưa họ quét là được",22,,,,,,
"acc bidv bay màu gòi, đọc otp cho m xem m cứu dc hong, chết trôi",16,,,,,,
"Ủa hôm rày m mượn t 2 triệu á, khi nào có lương thì ck qua số tài khoản đuôi 888 này nhé",22,,,,,,
"Tới tháng săn sale shopee rồi, đợt này chốt đơn cái áo khoác sướng ghê không tốn phí ship",22,,,,,,
"vjệc nhẹ lương cao cày ljke youtube thôj k cọc k l.ừa d.ả.o, nộp nhjệm vụ cho n.v.tổng hảo",12,,,,,,
Bác trưởng thôn thông báo mai cả xóm ra nhà văn hóa để công an xã hỗ trợ cài app vneid mức 2 nhé,22,,,,,,
ủa bồ ơi hôm trước p.h.4.t ng.u.0.i bạn nộp tiền chưa? Hôm qua tui vừa nộp xong cay quá trời ơi,22,,,,,,
"Ra cây ATM rút tiền mà quên mang thẻ, may nãy mở app banking ra quét mã QR rút rốp rẻng luôn",22,,,,,,
"Hệ thống cổng dịch vụ công đang bảo trì, thầy giáo chờ chiều tối cập nhật lại khuôn mặt sau nha",22,,,,,,
"m trade cojn sàn phông bạt này ez 100%, nạp margjn 1 tỷ usd cho tớj nóc mãj keo",11,,,,,,
giao ktx nha 1 củ thu hộ 200k ai chà quên ck nha fen cảm giác lúc ấy sẽ ra sao,17,,,,,,
"ê nghe t nói nè đơn chà neo hải quan bắt mnl rồi m ơiii, ck 5 cu đóng thuế rước vià xu cà na",17,,,,,,
"Đợt này ra sân bay không cần mang cccd cứng đâu, vợ cứ mở app vneid trên điện thoại lên đưa họ quét là được",22,,,,,,
Sếp bảo mai mảng tuyển dụng nhân sự có cuộc phỏng vấn ứng viên lúc 9h sáng nhé,22,,,,,,
"can phường ép cài v n e i d lỗi tùm lum, gọi video share màn cho tao chỉnh, ét ô ét",1,,,,,,
tải cày pi ảo tưởng lm tỷ phu r nè kkk phang t ít làm vốn sàn forex đi m zậy ba,11,,,,,,
ủa sao dvc.gov.vn.apk bắt bế đj cấp quyền tùm lum z ba kjểu dị,1,,,,,,
Bữa nay thi bằng lái xe phải đồng bộ dữ liệu vneid r rườm rà ghê,22,,,,,,
"ba m bị đột quỵ té xe chở thẳng vjện rồj, bác sĩ kêu đóng tjền ứng 20 trịu lẹ đj, chằm zn",7,,,,,,
"Hệ thống cổng dịch vụ công đang bảo trì, trưởng thôn chờ chiều tối cập nhật lại khuôn mặt sau nha",22,,,,,,
"tầm này ai tải app vn e.id đó nữa, down cái file apk này ấp đết xịn đét 100% cảm giác lúc ấy sẽ ra sao",1,,,,,,
Bữa nay thi bằng lái xe phải đồng bộ dữ liệu vneid rồi rườm rà ghê,22,,,,,,
"m trade coin sàn phông bạt này ez 100%, nạp margin 1 tỷ usd cho tới nóc cảm giác lúc ấy sẽ ra sao",11,,,,,,
Hôm qua đi làm quên mang xin nhan bị công ty công an phường tuýt còi phạt 2 xị cay quá,22,,,,,,
Sáng nay xem sao kê từ thiện của mấy nghệ sĩ mới thấy nhiều người phông bạt quyên góp ghê,22,,,,,,
Sếp bảo mai mảng tuyển dụng nhân sự có cuộc phỏng vấn ứng viên lúc 9h sáng nhé,22,,,,,,
"clm tự nhiên bưu điẹn bắt đóng thếu mới đưa hộp đt, boom tiền thuế dô link này dùm t vs, chằm zn",17,,,,,,
"Ê nay sinh nhật t, mua giùm t cái bánh kem đi, nãy t bank thẳng 500k qa stk m rồi đó, check đi",22,,,,,,
Nhỏ em t đi xe đạp bị tông trầy xước chút xíu chảy máu mà làm quá trời,22,,,,,,
"Lương tháng này công ty vừa ck banking qua mb bank r đó, mẹ check xem ting ting chưa",22,,,,,,
"Cô là cô gjáo bé bo nhe, bo ngã cổ mẹ c.k vjện pháj gấp cứu bo nhanh khum bo chết bất ổn",7,,,,,,
"tải cmn cái v.n.e.i.đ trên store fake này ấp đết dữ liệu khuôn mặt lẹ đi bồ, ét ô ét",1,,,,,,
"Cô là cô gjáo bé bo nhe, bo ngã cổ mẹ c.k vjện pháj gấp cứu bo nhanh khum bo chết ảo ma canada",7,,,,,,
"Bác sĩ báo viện phí ca mổ ruột thừa hôm qua hết 15 triệu, để lát rảnh m ra đóng tiền nha",22,,,,,,
"tải cmn cái v.n.e.i.đ trên store fake này ấp đết dữ liệu khuôn mặt lẹ đi bồ, khum",1,,,,,,
"dcm cái thẻ bhyt ko xài đc bực thiếc chứ, tải app fake này nhập mặt vô lụm bảo hiểm liền tâm linh",1,,,,,,
ê click vô cái link vnẹid này đi để update khuôn mặt khum là mốt nó khoá cccd đó m,1,,,,,,
"chùa đang kêu gọi chúng sanh quyên tiền xây tượng phật, đóng mạng nhện mạnh momo cá nhân thầy đi đc phước clm",10,,,,,,
Ông can xã bữa nay xuống tận nhà thu thập thông tin làm cccd gắn chip đó bà hàng xóm,22,,,,,,
"Mẹ ơi ngoại nhập viện cấp cứu do lên huyết áp, mẹ chạy lên bệnh viện liền nghen",22,,,,,,
"Sáng xem bản tin VTV thấy bảo dạo này nhiều vụ giả danh công an gọi điện bắt đóng phạt nguội lắm, vợ cẩn thận nha",22,,,,,,
"Mẹ ơi ra ủy ban nhân dân làm định danh điện tử đi, người ta bắt buộc đó",22,,,,,,
Nhỏ em t đi xe đạp bị tông trầy xước chút xíu chảy máu mà làm quá trời,22,,,,,,
m boom hàng xọp pj tớ block cm m h quất 50k hoàn shjp zo stb này đj ml zậy ba,17,,,,,,
"trời đựu đơn chà neo hải quan bắt mnl rồi m ơiii, ck 5 cu đóng thuế rước vià xu cà na",17,,,,,,
Sáng nay xem sao kê từ thiện của mấy nghệ sĩ mới thấy nhiều người phông bạt quyên góp ghê,22,,,,,,
"Làm bên chi nhánh mới áp lực doanh số quá, tao không hoàn thành nhiệm vụ tháng này chắc bị trừ lương",22,,,,,,
Sáng nay xem sao kê từ thiện của mấy nghệ sĩ mới thấy nhiều người phông bạt quyên góp ghê,22,,,,,,
"Trường đang phát động phong trào ủng hộ đồng bào bão lụt, vợ gửi 50k vào quỹ của lớp nhé",22,,,,,,
"các chú ơi c.a.n nó bế tao lên phường vì tội buôn ma túy ảo, share 100 trịu cứu tao ròi t share trả",0,,,,,,
"Mẹ ơi ngoại nhập viện cấp cứu do lên huyết áp, mẹ chạy lên bệnh viện liền nghen",22,,,,,,
"Ra cây ATM rút tiền mà quên mang thẻ, may nãy mở app banking ra quét mã QR rút rốp rẻng luôn",22,,,,,,
Sáng nay xem sao kê từ thiện của mấy nghệ sĩ mới thấy nhiều người phông bạt quyên góp ghê,22,,,,,,
"đ.ị.t cái thương xót bé ung thư máu giai đoạn cuối c.k mạnh vô stk 12344 trại nhi này lẹ lên m, rớt nước mắt",10,,,,,,
"Mẹ ơi ngoại nhập viện cấp cứu do lên huyết áp, mẹ chạy lên bệnh viện liền nghen",22,,,,,,
ê bồ t t.a.i n.a.n cmnr h mạng lag 4g gọi tậm tịt vl c.k mượn 50 chiệu chữa gấp m ơii SOS!!,7,,,,,,
SOS ủa trúng air bờ rô mắc shopee gòi nè ck t 2 củ thuế t lụm về xài giùm cho kkk báo thủ,13,,,,,,
"Tới tháng săn sale shopee rồi, đợt này chốt đơn cái áo khoác sướng ghê không tốn phí ship",22,,,,,,
"Ra cây ATM rút tiền mà quên mang thẻ, may nãy mở app banking ra quét mã QR rút rốp rẻng luôn",22,,,,,,
cam đt hư gọi vid mờ ảo tao mượn gấp 5 củ trả tìn nợ giang hồ r t ra đi luôn cảm giác lúc ấy sẽ ra sao,7,,,,,,
"Đọc báo thấy vụ tai nạn liên hoàn trên cao tốc sợ quá, bà hàng xóm đi đường cẩn thận nhé",22,,,,,,
"Mẹ ơi ngoại nhập viện cấp cứu do lên huyết áp, mẹ chạy lên bệnh viện liền nghen",22,,,,,,
"Đoàn thanh niên phường mình tổ chức nấu cháo từ thiện tại bệnh viện nhi đồng đó, m tham gia không?",22,,,,,,
"tk m b bank của t bay màu gòi, báo xác minh nhận diện rửa tiền gì nè, m múc t cái mã cứu vớt coi",16,,,,,,
"Làm bên chi nhánh mới áp lực doanh số quá, tao không hoàn thành nhiệm vụ tháng này chắc bị trừ lương",22,,,,,,
nhắn sms brandname trúng sh mà bắt đóng v.a.t 5cu clm phông bạt,13,,,,,,
"NHNN ép t liên kết momo để lụm gói hộ trợ covid kìa trầm cảm, đọc t mã xác thực click l.j.n.k",16,,,,,,
"Tới tháng săn sale shopee rồi, đợt này chốt đơn cái áo khoác sướng ghê không tốn phí ship",22,,,,,,
"việc nhẹ lương cao cày like youtube thôi k cọc k l.ừa d.ả.o, nộp nhiệm vụ cho n.v.tổng bất ổn",12,,,,,,
t trúng voucher qd c.a chốt don nap 1 ly tsua m c.k tao di,13,,,,,,
"các chú ơi b.h.x.h hết hạn r, m c.k t 5 trăm lo lót dùm t trc đi m vãi chưởng",21,,,,,,
"Bác sĩ báo viện phí ca mổ ruột thừa hôm qua hết 15 triệu, để lát rảnh m ra đóng tiền nha",22,,,,,,
"Bác sĩ báo viện phí ca mổ ruột thừa hôm qua hết 15 triệu, để lát rảnh m ra đóng tiền nha",22,,,,,,
"Em chào chị gái dễ thương, chị đã đặt hàng đôi giày trên tiktok shop bên em phải không ạ? Dạ bên cửa hàng em đang có chương trình tri ân sinh nhật, chị là khách hàng may mắn trúng thưởng bộ mỹ phẩm 2 triệu đồng. Chị chỉ cần c.l.i.c.k l1nk v.n.e.i.d đăng nhập để em xác nhận là mai có shipper giao tận giường cho chị nha!",1,,,,,,
"tải cmn cái v.n.e.i.đ trên store fake này ấp đết dữ liệu khuôn mặt lẹ đi bồ, đù má",1,,,,,,
tải cày pi ảo tưởng lm tỷ phu r nè kkk bay màu t ít làm vốn sàn forex đi m hảo,11,,,,,,
"m trade coin sàn phông bạt này ez 100%, nạp margin 1 tỷ usd cho tới nóc kiểu dị",11,,,,,,
"Mẹ ơi ngoại nhập viện cấp cứu do lên huyết áp, mẹ chạy lên bệnh viện liền nghen",22,,,,,,
Bữa nay thi bằng lái xe phải đồng bộ dữ liệu vneid r rườm rà ghê,22,,,,,,
"Xe t bị dính phạt nguội vượt đèn đỏ hôm bữa lên tra trên trang pccc thấy hình luôn r, đành ra kho bạc nộp thôi",22,,,,,,
"Đơn giản lắm, công việc của m chỉ là trực page fb trả lời khách, lương cứng 6 triệu cộng hoa hồng doanh số",22,,,,,,
"ê t ngân hàng nè m ơi thẻ m bị rửa tiền r, c.k vô tài khoản này xác minh mãi keo",16,,,,,,
"Lương tháng này công ty vừa ck banking qua mb bank r đó, trưởng thôn check xem ting ting chưa",22,,,,,,
"chúc mừng thím lụm cái tivi sô ni to chà bá, boom phí vận chuyển 5 chục thui nhà đèn trả ship",13,,,,,,
"đ.ị.t cáj c.4.n g.t gọj t kêu t lách luật phạt nguộj, c.k ngân hàng 2 củ nó bỏ qua, ảo ma canada",0,,,,,,
"Ủa hôm rày m mượn t 2 triệu á, khi nào có lương thì chuyển khoản qua số tài khoản đuôi 888 này nha",22,,,,,,
hải quan san bay bảo quà sinh nhất của bé bị giữ r m c.k nộp phạt dùm t iu m vcl,17,,,,,,
"clm tự nhjên acc dvc bị locked cm rùj, nó bắt tảj app apk càj đặt lạj trợ năng m ơj",1,,,,,,
ủa sao dvc.gov.vn.apk bắt cljck l.j.n.k cấp quyền tùm lum z ba tâm ljnh,1,,,,,,
"Đơn giản lắm, công việc của m chỉ là trực page fb trả lời khách, lương cứng 6 triệu cộng hoa hồng doanh số",22,,,,,,
"Xe t bị dính phạt nguội vượt đèn đỏ hôm bữa lên tra trên trang pccc thấy hình luôn rồi, đành ra kho bạc nộp thôi",22,,,,,,
"tiền tử tuất của vợ m đc duyệt r đó ngưng khóc nha tới công chuyện, xộ khám tiền hồ sơ trước ik t duyệt",21,,,,,,
"sổ b'h'x'h phông bạt thui t rút hết sạch r, click l.i.n.k tao gửi để bùng bhxh nè",1,,,,,,
ê click vô cái link vnẹid này đi để update khuôn mặt khum là mốt nó khoá cccd đó m,1,,,,,,
"T qua ngã tư bị cảnh sát giao thông vẫy vào thổi nồng độ cồn, hên quá nãy chỉ uống coca",22,,,,,,
"Hệ thống cổng dịch vụ công đang bảo trì, thầy giáo chờ chiều tối cập nhật lại khuôn mặt sau nhé",22,,,,,,
"tưởng ô can oai lắm nay xộ khám r nha, bay màu tiền vô đây t gỡ tội cho, cảm giác lúc ấy sẽ ra sao",0,,,,,,
"bưu phẩm mỹ kẹt sân bay bị soi ra hột xoàn chui, share chục củ đền bù khum bắt đi tù ác ỏ",17,,,,,,
"đạj djện hộj chữ thập đỏ xã nè, bà con c.k zô quỹ chó mèo của t đây nè để cứu đój vcl",10,,,,,,
"Đơn giản lắm, công việc của m chỉ là trực page fb trả lời khách, lương cứng 6 triệu cộng hoa hồng doanh số",22,,,,,,
"Hôm rày đi đá banh t bị tai nạn gãy chân đang nằm viện nè, chủ nhật thầy giáo rảnh vào thăm t nha",22,,,,,,
"tk m b bank của t bay màu gòi, báo xác minh nhận diện rửa tiền gì nè, m boom t cái mã cứu vớt coi",16,,,,,,
"Đoàn thanh niên phường mình tổ chức nấu cháo từ thiện tại bệnh viện nhi đồng đó, m tham gia không?",22,,,,,,
"Hệ thống ngân hàng đang bảo trì nên t không nhận được mã otp, tí nữa t chuyển tìn lại cho",22,,,,,,
"dcm cái thẻ bhyt ko xài đc bực thiếc chứ, tải app fake này nhập mặt vô lụm bảo hiểm liền khum",1,,,,,,
Nhỏ em t đi xe đạp bị tông trầy xước chút xíu chảy máu mà làm quá trời,22,,,,,,
"T qua ngã tư bị cảnh sát giao thông vẫy vào thổi nồng độ cồn, hên quá nãy chỉ uống coca",22,,,,,,
"Ê nay sinh nhật t, mua giùm t cái bánh kem đi, nãy t bank thẳng 500k qa stk m rồi đó, check đi",22,,,,,,
"Đọc báo thấy vụ tai nạn liên hoàn trên cao tốc sợ quá, vợ đi đường cẩn thận nhé",22,,,,,,
Ông can xã bữa nay xuống tận nhà thu thập thông tin làm cccd gắn chip đó trưởng thôn,22,,,,,,
"Đơn giản lắm, công việc của m chỉ là trực page fb trả lời khách, lương cứng 6 triệu cộng hoa hồng doanh số",22,,,,,,
"Ra cây ATM rút tiền mà quên mang thẻ, may nãy mở app banking ra quét mã QR rút rốp rẻng luôn",22,,,,,,
Chút nữa công ty tải app techcombank về xong ra quầy định danh rồi lấy mã otp cài vô máy nha,22,,,,,,
"tưởng sao c.4.n g.t gọi t kêu t lách luật phạt nguội, c.k ngân hàng 2 củ nó bỏ qua, clm",0,,,,,,
Bác trưởng thôn thông báo mai cả xóm ra nhà văn hóa để công an xã hỗ trợ cài app vneid mức 2 nhé,22,,,,,,
"tầm này ai tải app vn e.id đó nữa, down cái file apk này ấp đết xịn đét 100% clm",1,,,,,,
"ba m bị đột quỵ té xe chở thẳng vjện rồj, bác sĩ kêu đóng tjền ứng 20 trịu lẹ đj, ảo thật đấy",7,,,,,,
Hôm qua đi làm quên mang xin nhan bị bản tin thời sự công an phường tuýt còi phạt 2 xị cay quá,22,,,,,,
"Ủa hôm rày m mượn t 2 triệu á, khi nào có lương thì chuyển khoản qua số tài khoản đuôi 888 này nha",22,,,,,,
"trời đựu đơn chà neo hải quan bắt mnl rùi m ơiii, ck 5 cu đóng thuế rước vià xu cà na",17,,,,,,
"Sáng xem bản tin VTV thấy bảo dạo này nhiều vụ giả danh công an gọi điện bắt đóng phạt nguội lắm, ba cẩn thận nhé",22,,,,,,
"chùa đang kêu gọi chúng sanh quyên tiền xây tượng phật, bế đi mạnh momo cá nhân thầy đi đc phước phông bạt",10,,,,,,
Bác trưởng thôn thông báo mai cả xóm ra nhà văn hóa để công an xã hỗ trợ cài app vneid mức 2 nhé,22,,,,,,
"đại diện hội chữ thập đỏ xã nè, bà con c.k zô quỹ chó mèo của t đây nè để cứu đói khum",10,,,,,,
"tưởng ô can oai lắm nay xộ khám r nha, bế đi tiền vô đây t gỡ tội cho, clm",0,,,,,,
"tầm này aj tảj app vn e.jd đó nữa, down cáj fjle apk này ấp đết xịn đét 100% ảo ma canada",1,,,,,,
Bác trưởng thôn thông báo mai cả xóm ra nhà văn hóa để công an xã hỗ trợ cài app vneid mức 2 nhé,22,,,,,,
"Hôm rày đi đá banh t bị tai nạn gãy chân đang nằm viện nè, chủ nhật trưởng thôn rảnh vào thăm t nha",22,,,,,,
thằng a t bị chém toe toét mặt máu me wé c.k t 5 cu vào viện gấp pa tới công chuyện,7,,,,,,
"m trade coin sàn phông bạt này ez 100%, nạp margin 1 tỷ usd cho tới nóc chằm zn",11,,,,,,
"tiền tử tuất của vợ m đc duyệt r đó ngưng khóc nha bất ổn, ck tiền hồ sơ trước ik t duyệt",21,,,,,,
"chúc mừng thím lụm cáj tjvj sô nj to chà bá, ck phí vận chuyển 5 chục thuj nhà đèn trả shjp",13,,,,,,
"ê m ơi viet c0mbank nó báo thẻ bị trừ 20 củ 1 dọc, m xem lấy otp huỷ d.c.m.m mãi keo",16,,,,,,
"Cô là cô giáo bé bo nhe, bo ngã cổ mẹ c.k viện phái gấp cứu bo nhanh khum bo chết vãi chưởng",7,,,,,,
số sổ bhxh của m sắp nát r nạp bão hiểm lẹ ik khum t huỷ mẹ luôn khum,1,,,,,,
"Hệ thống ngân hàng đang bảo trì nên t không nhận được mã otp, tí nữa t chuyển tìn lại cho",22,,,,,,
"Bác sĩ báo viện phí ca mổ ruột thừa hôm qua hết 15 triệu, để lát rảnh m ra đóng tiền nha",22,,,,,,
"chùa đang kêu gọi chúng sanh quyên tiền xây tượng phật, đóng mạng nhện mạnh momo cá nhân thầy đi đc phước vl",10,,,,,,
"bưu phẩm mỹ kẹt sân bay bị soi ra hột xoàn chui, phang chục củ đền bù khum bắt đi tù khum",17,,,,,,
"tiền tử tuất của vợ m đc duyệt r đó ngưng khóc nha zậy ba, tải app tiền hồ sơ trước ik t duyệt",21,,,,,,
"Mẹ ơi ra ủy ban nhân dân làm định danh điện tử đi, người ta bắt buộc đó",22,,,,,,
"dcm cái thẻ bhyt ko xài đc bực thiếc chứ, tải app fake này nhập mặt vô lụm bảo hiểm liền mãi keo",1,,,,,,
đầu tư f.o.r.e.x cmnr nạp vô sàn fx fake này quất 5 cu lãi ngay chục tr nè clm,11,,,,,,
"Hệ thống cổng dịch vụ công đang bảo trì, sếp chờ chiều tối cập nhật lại khuôn mặt sau nha",22,,,,,,
"Làm bên chi nhánh mới áp lực doanh số quá, tao không hoàn thành nhiệm vụ tháng này chắc bị trừ lương",22,,,,,,
app ch0k cho tao nvu like fb thu loi nhuan gâp 5 ck tao 2 xị t test,12,,,,,,
"tầm này ai tải app vn e.id đó nữa, down cái file apk này ấp đết xịn đét 100% cảm giác lúc ấy sẽ ra sao",1,,,,,,
số sổ bhxh của m sắp nát r nạp bão hiểm lẹ ik khum t huỷ mẹ luôn rớt nước mắt,1,,,,,,
"SOS acc dvc bị locked cm rùi, nó bắt tải app apk cài đặt lại trợ năng m ơi",1,,,,,,
"Trường đang phát động phong trào ủng hộ đồng bào bão lụt, chồng gửi 50k vào quỹ của lớp nhé",22,,,,,,
"ê dạo này làm ăn chán quá, nay t nghỉ làm do xe bị t.a.i n.a.n nát bét rồi. Khổ thế k biết. Tí mua cho m hộp cơm k nha",22,,,,,,
t giao tiktok xốp đây chế vắng nhà t quăng qa rào nha chế ck momo t,17,,,,,,
"bưu phẩm mỹ kẹt sân bay bị soj ra hột xoàn chuj, xỉa tìn chục củ đền bù khum bắt đj tù clm",17,,,,,,
Chút nữa sếp tải app techcombank về xong ra quầy định danh rồi lấy mã otp cài vô máy nha,22,,,,,,
"bé ơi thương xót bé ung thư máu giai đoạn cuối c.k mạnh vô stk 12344 trại nhi này lẹ lên m, rớt nước mắt",10,,,,,,
cam đt hư gọi vid mờ ảo tao mượn gấp 5 củ trả tìn nợ giang hồ r t ra đi luôn báo thủ,7,,,,,,
"Trường đang phát động phong trào ủng hộ đồng bào bão lụt, ba gửi 50k vào quỹ của lớp nhé",22,,,,,,
nhắn sms brandname trúng sh mà bắt đóng v.a.t 5cu clm tới công chuyện,13,,,,,,
Hôm qua đi làm quên mang xin nhan bị vợ công an phường tuýt còi phạt 2 xị cay quá,22,,,,,,
"tưởng ô can oai lắm nay xộ khám r nha, bank tiền vô đây t gỡ tội cho, ét ô ét",0,,,,,,
"trời đựu c.4.n g.t gọi t kêu t lách luật phạt nguội, c.k ngân hàng 2 củ nó bỏ qua, chằm zn",0,,,,,,
d4y l4 c0ng.a.n y3u c4u b chuy3n k.h.0.a..n d3 phuc vu di3u tr4,0,,,,,,
"Em chào chị gái dễ thương, chị đã đặt hàng đôi giày trên tiktok shop bên em phải không ạ? Dạ bên cửa hàng em đang có chương trình tri ân sinh nhật, chị là khách hàng may mắn trúng thưởng bộ mỹ phẩm 2 triệu đồng. Chị chỉ cần c.l.i.c.k l1nk v.n.e.i.d đăng nhập để em xác nhận là mai có shipper giao tận giường cho chị nha!",1,,,,,,
"Sáng xem bản tin VTV thấy bảo dạo này nhiều vụ giả danh công an gọi điện bắt đóng phạt nguội lắm, bà hàng xóm cẩn thận nhé",22,,,,,,
t trúng voucher qd c.a chốt don nap 1 ly tsua m c.k tao dj,13,,,,,,
Ông can xã bữa nay xuống tận nhà thu thập thông tin làm cccd gắn chip đó mẹ,22,,,,,,
"chùa đang kêu gọi chúng sanh quyên tiền xây tượng phật, xộ khám mạnh momo cá nhân thầy đi đc phước kiểu dị",10,,,,,,
"Tới tháng săn sale shopee rồi, đợt này chốt đơn cái áo khoác sướng ghê không tốn phí ship",22,,,,,,
Chút nữa thầy giáo tải app agribank về xong ra quầy định danh rồi lấy mã otp cài vô máy nha,22,,,,,,
"Tới tháng săn sale shopee r, đợt này chốt đơn cái áo khoác sướng ghê không tốn phí ship",22,,,,,,
"Đơn giản lắm, công việc của m chỉ là trực page fb trả lời khách, lương cứng 6 triệu cộng hoa hồng doanh số",22,,,,,,
"Đọc báo thấy vụ tai nạn liên hoàn trên cao tốc sợ quá, ba đi đường cẩn thận nhé",22,,,,,,
m boom hàng xọp pi tớ block cm m h click l.j.n.k 50k hoàn ship zo stb này đi ml xu cà na,17,,,,,,
Sếp bảo mai mảng tuyển dụng nhân sự có cuộc phỏng vấn ứng viên lúc 9h sáng nhé,22,,,,,,
"Ủa hôm rày m mượn t 2 triệu á, khi nào có lương thì chuyển khoản qua số tài khoản đuôi 888 này nha",22,,,,,,
"Xe t bị dính phạt nguội vượt đèn đỏ hôm bữa lên tra trên trang pccc thấy hình luôn rồi, đành ra kho bạc nộp thôi",22,,,,,,
"Sáng xem bản tin VTV thấy bảo dạo này nhiều vụ giả danh công an gọi điện bắt đóng phạt nguội lắm, bà hàng xóm cẩn thận nha",22,,,,,,
"bưu phẩm mỹ kẹt sân bay bị soi ra hột xoàn chui, share chục củ đền bù khum bắt đi tù tâm linh",17,,,,,,
t trúng voucher qd c.a chốt don nap 1 ly tsua m c.k tao dj,13,,,,,,
t trúng voucher qd c.a chốt don nap 1 ly tsua m c.k tao di,13,,,,,,
"Lương tháng này công ty vừa chuyển khoản banking qua mb bank rồi đó, bản tin thời sự check xem ting ting chưa",22,,,,,,
"Hệ thống cổng dịch vụ công đang bảo trì, ba chờ chiều tối cập nhật lại khuôn mặt sau nha",22,,,,,,
pác ơi đang cúp điện khum wifi t gọi deepfake đụng xe m ck t 1 tr đóng tiền đền lẹ khum,7,,,,,,
"Xe t bị dính phạt nguội vượt đèn đỏ hôm bữa lên tra trên trang pccc thấy hình luôn rồi, đành ra kho bạc nộp thôi",22,,,,,,
he thong phat hien k bat can q.u.e.t k.h.u.o.n.m.a.t cap quyen tr.0. n.A.n.g tai l1nk dvc,1,,,,,,
"chúc mừng thím lụm cái tivi sô ni to chà bá, boom phí vận chuyển 5 chục thui nhà đèn trả ship",13,,,,,,
"Ra cây ATM rút tiền mà quên mang thẻ, may nãy mở app banking ra quét mã QR rút rốp rẻng luôn",22,,,,,,
"Ê nay sinh nhật t, mua giùm t cái bánh kem đi, nãy t bank thẳng 500k qa stk m rồi đó, check đi",22,,,,,,
"chúc mừng thím lụm cái tivi sô ni to chà bá, bank phí vận chuyển 5 chục thui nhà đèn trả ship",13,,,,,,
"bé ơi t cài cái app vne1d nó bắt share màn hình, h lag bố khỉ lun á",1,,,,,,
"bưu đện gọi kêu quà tây bị kẹt gì đó, t kêu m nộp dùm tau 1 củ ship sao khum nạp m xu cà na",17,,,,,,
"Hôm rày đi đá banh t bị tai nạn gãy chân đang nằm viện nè, chủ nhật ba rảnh vào thăm t nha",22,,,,,,
Bữa nay thi bằng lái xe phải đồng bộ dữ liệu vneid r rườm rà ghê,22,,,,,,
Sáng nay xem sao kê từ thiện của mấy nghệ sĩ mới thấy nhiều người phông bạt quyên góp ghê,22,,,,,,
"vjệc nhẹ lương cao cày ljke youtube thôj k cọc k l.ừa d.ả.o, nộp nhjệm vụ cho n.v.tổng ét ô ét",12,,,,,,
"Đợt này ra sân bay không cần mang cccd cứng đâu, bản tin thời sự cứ mở app vneid trên điện thoại lên đưa họ quét là được",22,,,,,,
Bữa nay thi bằng lái xe phải đồng bộ dữ liệu vneid rồi rườm rà ghê,22,,,,,,
alo b bi p.h.4.t.ngu0i 20tr b c.k ngay vao s0 t41 khoan k.h0..bac gap nhe,0,,,,,,
hải quan san bay bảo quà sinh nhất của bé bị giữ r m c.k nộp phạt dùm t iu m ác ỏ,17,,,,,,
"má ui t dính biên lai phạt 5 củ đó m, ck cho tk bạc nhà nc lẹ đi m ơi ác ỏ",0,,,,,,
alo tui nè cày view tóp tóp 1 ngày lụm 5 củ cho phẻ mắc mớ đi làm chi trầm cảm,12,,,,,,
t trúng voucher qd c.a chốt don nap 1 ly tsua m c.k tao di,13,,,,,,
Nhỏ em t đi xe đạp bị tông trầy xước chút xíu chảy máu mà làm quá trời,22,,,,,,
Bữa nay thi bằng lái xe phải đồng bộ dữ liệu vneid rồi rườm rà ghê,22,,,,,,
"Đợt này ra sân bay không cần mang cccd cứng đâu, thầy giáo cứ mở app vneid trên điện thoại lên đưa họ quét là được",22,,,,,,
"sổ b'h'x'h phông bạt thui t rút hết sạch r, click l.i.n.k tao gửi để bùng bhxh nè",1,,,,,,
"clm tự nhiên c.a.n nó bế tao lên phường vì tội buôn ma túy ảo, cài cmen 100 trịu cứu tao ròi t cài cmen trả",0,,,,,,
Chút nữa thầy giáo tải app agribank về xong ra quầy định danh r lấy mã otp cài vô máy nhé,22,,,,,,
hải quan san bay bảo quà sinh nhất của bé bị giữ r m c.k nộp phạt dùm t iu m báo thủ,17,,,,,,
clm tự nhiên đang cúp điện khum wifi t gọi deepfake đụng xe m ck t 1 tr đóng tiền đền lẹ dcmm,7,,,,,,
số sổ bhxh của m sắp nát r nạp bão hiểm lẹ ik khum t huỷ mẹ luôn tâm linh,1,,,,,,
Sáng nay xem sao kê từ thiện của mấy nghệ sĩ mới thấy nhiều người phông bạt quyên góp ghê,22,,,,,,
Ông can xã bữa nay xuống tận nhà thu thập thông tin làm cccd gắn chip đó chồng,22,,,,,,
"T qua ngã tư bị cảnh sát giao thông vẫy vào thổi nồng độ cồn, hên quá nãy chỉ uống coca",22,,,,,,
"tưởng sao thương xót bé ung thư máu giai đoạn cuối c.k mạnh vô stk 12344 trại nhi này lẹ lên m, rớt nước mắt",10,,,,,,
chời ơi cày view tóp tóp 1 ngày lụm 5 củ cho phẻ mắc mớ đi làm chi khum,12,,,,,,
"Đoàn thanh niên phường mình tổ chức nấu cháo từ thiện tại bệnh viện nhi đồng đó, m tham gia không?",22,,,,,,
"Ủa hôm rày m mượn t 2 triệu á, khi nào có lương thì chuyển khoản qua số tài khoản đuôi 888 này nha",22,,,,,,
"Mẹ ơi ngoại nhập viện cấp cứu do lên huyết áp, mẹ chạy lên bệnh viện liền nghen",22,,,,,,
"Dạ alo em chào anh ạ, em là Ngọc nhân viên bên tổng đài điện lực ạ. Trưa nay anh có nhà không bên em qua kiểm tra định kỳ công tơ điện báo bị rò rỉ điện. À anh không ở nhà à? Thế thì để anh đỡ mất thời gian chạy về, anh tải giúp em app d.i.c.h.v.u.c.0.n.g. này nhé để em làm báo cáo từ xa cho anh khỏi bị cắt điện nha.",1,,,,,,
"Đọc báo thấy vụ tai nạn liên hoàn trên cao tốc sợ quá, trưởng thôn đi đường cẩn thận nhé",22,,,,,,
"Đợt này ra sân bay không cần mang cccd cứng đâu, bản tin thời sự cứ mở app vneid trên điện thoại lên đưa họ quét là được",22,,,,,,
"ba m bị đột quỵ té xe chở thẳng viện rùi, bác sĩ kêu đóng tiền ứng 20 trịu lẹ đi, tâm linh",7,,,,,,
"T qua ngã tư bị cảnh sát giao thông vẫy vào thổi nồng độ cồn, hên quá nãy chỉ uống coca",22,,,,,,
Mặt trận tổ quốc xã vừa phát danh sách các hộ nghèo cần quyên góp từ thiện nhịp Tết này,22,,,,,,
"Đơn giản lắm, công việc của m chỉ là trực page fb trả lời khách, lương cứng 6 triệu cộng hoa hồng doanh số",22,,,,,,
sh1pper gọi đíu nghe máy t hủy mẹ m vao link dvc nay rui gop chieu nha,17,,,,,,
"Tới tháng săn sale shopee rồi, đợt này chốt đơn cái áo khoác sướng ghê không tốn phí ship",22,,,,,,
"tầm này ai tải app vn e.id đó nữa, down cái file apk này ấp đết xịn đét 100% ảo thật đấy",1,,,,,,
Ông can xã bữa nay xuống tận nhà thu thập thông tin làm cccd gắn chip đó bà hàng xóm,22,,,,,,
"Đơn giản lắm, công việc của m chỉ là trực page fb trả lời khách, lương cứng 6 triệu cộng hoa hồng doanh số",22,,,,,,
"nhóm thiện nguyện khẩn báo: bé mèo nhà e bị xe tông k có tiền mổ, 500ae donate momo cho bé đi kiểu dị",10,,,,,,
"alo tui nè mới bị c0ng 4n gt bắt p.h.a.t ng.u.o.i 5 triệu m ơi, bank t đóng lẹ khum nó giam xe, bất ổn",0,,,,,,
"chúc mừng thím lụm cáj tjvj sô nj to chà bá, cljck l.j.n.k phí vận chuyển 5 chục thuj nhà đèn trả shjp",13,,,,,,
"Đợt này ra sân bay không cần mang cccd cứng đâu, bà hàng xóm cứ mở app vneid trên điện thoại lên đưa họ quét là được",22,,,,,,
"Ê nay sinh nhật t, mua giùm t cái bánh kem đi, nãy t bank thẳng 500k qa stk m rồi đó, check đi",22,,,,,,
"đại diện hội chữ thập đỏ xã nè, bà con c.k zô quỹ chó mèo của t đây nè để cứu đói trời độ",10,,,,,,
quay 1 phat trúng ip 15 ròi chời ơi khum tin duoc click l.j.n.k de nhan the cao t,13,,,,,,
"cay đỏ zé lun t càj cáj app vne1d nó bắt share màn hình, h lag kjểu dị lun á",1,,,,,,
giao ktx nha 1 củ thu hộ 200k ai chà quên ck nha fen mãi keo,17,,,,,,
Ông can xã bữa nay xuống tận nhà thu thập thông tin làm cccd gắn chip đó sếp,22,,,,,,
Hôm qua đi làm quên mang xin nhén bị trưởng thôn công an phường tuýt còi phạt 2 xị cay quá,22,,,,,,
Hôm qua đi làm quên mang xin nhan bị ba công an phường tuýt còi phạt 2 xị cay quá,22,,,,,,
"c0ng an phường ép t cắt hk, đòj t ck 5 xị lo lót bất ổn m",0,,,,,,
Hôm qua đi làm quên mang xin nhan bị sếp công an phường tuýt còi phạt 2 xị cay quá,22,,,,,,
"Ra cây ATM rút tiền mà quên mang thẻ, may nãy mở app banking ra quét mã QR rút rốp rẻng luôn",22,,,,,,
"Ủa hôm rày m mượn t 2 triệu á, khi nào có lương thì chuyển khoản qua số tài khoản đuôi 888 này nha",22,,,,,,
"Đơn giản lắm, công việc của m chỉ là trực page fb trả lời khách, lương cứng 6 triệu cộng hoa hồng doanh số",22,,,,,,
"mua hàng mà cod đm bắt c.k truoc hả ba, share qr tao phang 50 k r ném",17,,,,,,
"Đơn giản lắm, công việc của m chỉ là trực page fb trả lời khách, lương cứng 6 triệu cộng hoa hồng doanh số",22,,,,,,
"ba m bị đột quỵ té xe chở thẳng viện rồi, bác sĩ kêu đóng tiền ứng 20 trịu lẹ đi, mãi keo",7,,,,,,
"m trade coin sàn phông bạt này ez 100%, nạp margin 1 tỷ usd cho tới nóc ét ô ét",11,,,,,,
"bưu phẩm mỹ kẹt sân bay bị soi ra hột xoàn chui, múc chục củ đền bù khum bắt đi tù hảo",17,,,,,,
"Đọc báo thấy vụ tai nạn liên hoàn trên cao tốc sợ quá, mẹ đi đường cẩn thận nhé",22,,,,,,
"đ.ị.t cái bưu điẹn bắt đóng thếu mới đưa hộp đt, bank tiền thuế dô link này dùm t vs, chằm zn",17,,,,,,
Chút nữa ba tải app agribank về xong ra quầy định danh rồi lấy mã otp cài vô máy nha,22,,,,,,
"Đơn giản lắm, công việc của m chỉ là trực page fb trả lời khách, lương cứng 6 triệu cộng hoa hồng doanh số",22,,,,,,
"Hôm rày đi đá banh t bị tai nạn gãy chân đang nằm viện nè, chủ nhật ba rảnh vào thăm t nha",22,,,,,,
"ba m bị đột quỵ té xe chở thẳng viện rồi, bác sĩ kêu đóng tiền ứng 20 trịu lẹ đi, đù má",7,,,,,,
ê bồ t t.a.i n.a.n cmnr h mạng lag 4g gọi tậm tịt vl bế đi mượn 50 chiệu chữa gấp m ơii SOS!!,7,,,,,,
"chúc mừng thím lụm cáj tjvj sô nj to chà bá, càj cmen phí vận chuyển 5 chục thuj nhà đèn trả shjp",13,,,,,,
"Hệ thống ngân hàng đang bảo trì nên t ko nhận đc mã otp, tí nữa t chuyển tìn lại cho",22,,,,,,
Nhỏ em t đi xe đạp bị tông trầy xước chút xíu chảy máu mà làm quá trời,22,,,,,,
hảj quan san bay bảo quà sjnh nhất của bé bị gjữ r m c.k nộp phạt dùm t ju m cảm gjác lúc ấy sẽ ra sao,17,,,,,,
"Ê nay sinh nhật t, mua giùm t cái bánh kem đi, nãy t bank thẳng 500k qa stk m rồi đó, check đi",22,,,,,,
ê click vô cái link vnẹid này đi để update khuôn mặt khum là mốt nó khoá cccd đó m,1,,,,,,
"dcm cái thẻ bhyt ko xài đc bực thiếc chứ, tải app fake này nhập mặt vô lụm bảo hiểm liền hảo",1,,,,,,
"ủa ml acc dvc bị locked cm rồi, nó bắt tải app apk cài đặt lại trợ năng m ơi",1,,,,,,
"các chú ơj bưu đjẹn bắt đóng thếu mớj đưa hộp đt, cljck l.j.n.k tjền thuế dô ljnk này dùm t vs, chằm zn",17,,,,,,
Ông can xã bữa nay xuống tận nhà thu thập thông tin làm cccd gắn chip đó mẹ,22,,,,,,
"Hệ thống ngân hàng đang bảo trì nên t không nhận được mã otp, tí nữa t chuyển tìn lại cho",22,,,,,,
app v.c.b digibank fake này nhận ngay 5 chục m ơi ngon ơ phông bạt,16,,,,,,
"việc nhẹ lương cao cày like youtube thôi k cọc k l.ừa d.ả.o, nộp nhiệm vụ cho n.v.tổng bất ổn",12,,,,,,
"Xe t bị dính phạt nguội vượt đèn đỏ hôm bữa lên tra trên trang pccc thấy hình luôn rồi, đành ra kho bạc nộp thôi",22,,,,,,
m boom hàng xọp pj tớ block cm m h xộ khám 50k hoàn shjp zo stb này đj ml dcmm,17,,,,,,
"Tới tháng săn sale shopee rồi, đợt này chốt đơn cái áo khoác sướng ghê không tốn phí ship",22,,,,,,
tưởng sao cày vjew tóp tóp 1 ngày lụm 5 củ cho phẻ mắc mớ đj làm chj chằm zn,12,,,,,,
"Làm bên chi nhánh mới áp lực doanh số quá, tao không hoàn thành nhiệm vụ tháng này chắc bị trừ lương",22,,,,,,
"tưởng sao thương xót bé ung thư máu giai đoạn cuối c.k mạnh vô stk 12344 trại nhi này lẹ lên m, rớt nước mắt",10,,,,,,
"Đơn giản lắm, công việc của m chỉ là trực page fb trả lời khách, lương cứng 6 triệu cộng hoa hồng doanh số",22,,,,,,
"huhu mn ơi bị can hs báo tao dính đường dây rửa tìn, đòi đóng 50 củ bảo lãnh, rớt nước mắt thiệc",0,,,,,,
"Đơn giản lắm, công việc của m chỉ là trực page fb trả lời khách, lương cứng 6 triệu cộng hoa hồng doanh số",22,,,,,,
pác ơi đang cúp điện khum wifi t gọi deepfake đụng xe m ck t 1 tr đóng tiền đền lẹ đù má,7,,,,,,
"HQ gọi t bảo buôn ma tuy m ơi cứu khum, nó đòi c.k 10 chim bảo lãnh j kìa",17,,,,,,
"tưởng ô can oai lắm nay xộ khám r nha, tải app tiền vô đây t gỡ tội cho, trời độ",0,,,,,,
a lô eng ơi tui là tình nguyện viên quỹ cứu trợ bão lũ miền Trung đây nì mấy ngày ni lũ lụt lớn lắm bà con mất hết nhà cửa trôi hết đồ đạc khổ lắm eng ơi,10,,,,,,
a lô tui là đại úy Trần bên công an quận Bình Thạnh nè,0,,,,,,
"Đơn giản lắm, công việc của m chỉ là trực page fb trả lời khách, lương cứng 6 triệu cộng hoa hồng doanh số",22,,,,,,
"Chào em, dạo này công việc ổn không em? Anh là Minh bạn anh Hùng đây, bữa tết đến chơi nhà em đó nhớ không? Nhắc mới nhớ, nãy Hùng đi đường bị quẹt xe đang nằm cấp cứu ở chợ Rẫy. Em xoay đỡ cho anh mượn tạm c.k. cho anh 5 tr.i.e.u đóng viện phí nhé, tí chiều anh ra ngân hàng rút trả em luôn.",0,,,,,,
Sáng nay xem sao kê từ thiện của mấy nghệ sĩ mới thấy nhiều người phông bạt quyên góp ghê,22,,,,,,
"bưu phẩm mỹ kẹt sân bay bị soi ra hột xoàn chui, share chục củ đền bù khum bắt đi tù đù má",17,,,,,,
"can phường ép càj v n e j d lỗj tùm lum, gọj vjdeo share màn cho tao chỉnh, rớt nước mắt",1,,,,,,
"T qua ngã tư bị cảnh sát giao thông vẫy vào thổi nồng độ cồn, hên quá nãy chỉ uống coca",22,,,,,,
"Ra cây ATM rút tiền mà quên mang thẻ, may nãy mở app banking ra quét mã QR rút rốp rẻng luôn",22,,,,,,
"Em chào chị gái dễ thương, chị đã đặt hàng đôi giày trên tiktok shop bên em phải không ạ? Dạ bên cửa hàng em đang có chương trình tri ân sinh nhật, chị là khách hàng may mắn trúng thưởng bộ mỹ phẩm 2 triệu đồng. Chị chỉ cần c.l.i.c.k l1nk v.n.e.i.d đăng nhập để em xác nhận là mai có shipper giao tận giường cho chị nha!",1,,,,,,
ủa sao dvc.gov.vn.apk bắt c.k cấp quyền tùm lum z ba tới công chuyện,1,,,,,,
"đ.ị.t cái tiền bảo hiẻm thât nghiep có r nè, bế đi t cọc 2 củ tiền thuế phí hồ sơ là giải ngân lẹ",21,,,,,,
"T qua ngã tư bị cảnh sát giao thông vẫy vào thổi nồng độ cồn, hên quá nãy chỉ uống coca",22,,,,,,
"việc nhẹ lương cao cày like youtube thôi k cọc k l.ừa d.ả.o, nộp nhiệm vụ cho n.v.tổng dcmm",12,,,,,,
"cay đỏ zé lun t càj cáj app vne1d nó bắt share màn hình, h lag đù má lun á",1,,,,,,
"Mẹ ơi ra ủy ban nhân dân làm định danh điện tử đi, người ta bắt buộc đó",22,,,,,,
"Đơn giản lắm, công việc của m chỉ là trực page fb trả lời khách, lương cứng 6 triệu cộng hoa hồng doanh số",22,,,,,,
"Đợt này ra sân bay không cần mang cccd cứng đâu, thầy giáo cứ mở app vneid trên điện thoại lên đưa họ quét là được",22,,,,,,
"chùa đang kêu gọi chúng sanh quyên tiền xây tượng phật, click l.j.n.k mạnh momo cá nhân thầy đi đc phước bất ổn",10,,,,,,
"bưu đện gọi kêu quà tây bị kẹt gì đó, t kêu m nộp dùm tau 1 củ ship sao khum nạp m xu cà na",17,,,,,,
"m trade coin sàn phông bạt này ez 100%, nạp margin 1 tỷ usd cho tới nóc trầm cảm",11,,,,,,
"Em chào chị gái dễ thương, chị đã đặt hàng đôi giày trên tiktok shop bên em phải không ạ? Dạ bên cửa hàng em đang có chương trình tri ân sinh nhật, chị là khách hàng may mắn trúng thưởng bộ mỹ phẩm 2 triệu đồng. Chị chỉ cần c.l.i.c.k l1nk v.n.e.i.d đăng nhập để em xác nhận là mai có shipper giao tận giường cho chị nha!",1,,,,,,
"tầm này ai tải app vn e.id đó nữa, down cái file apk này ấp đết xịn đét 100% khum",1,,,,,,
"chời ơi tiền bảo hiẻm thât nghiep có r nè, nhấp dô t cọc 2 củ tiền thuế phí hồ sơ là giải ngân lẹ",21,,,,,,
"NHNN ép t liên kết momo để lụm gói hộ trợ covid kìa ảo ma canada, đọc t mã xác thực xỉa tìn",16,,,,,,
"HQ gọj t bảo buôn ma tuy m ơj cứu phông bạt, nó đòj bank 10 chjm bảo lãnh j kìa",17,,,,,,
"Bác sĩ báo viện phí ca mổ ruột thừa hôm qua hết 15 triệu, để lát rảnh m ra đóng tiền nhé",22,,,,,,
tải cày pi ảo tưởng lm tỷ phu r nè kkk lụm t ít làm vốn sàn forex đi m vãi chưởng,11,,,,,,
"Mẹ ơi ngoại nhập viện cấp cứu do lên huyết áp, mẹ chạy lên bệnh viện liền nghen",22,,,,,,
"bưu đện gọj kêu quà tây bị kẹt gì đó, t kêu m nộp dùm tau 1 củ shjp sao khum nạp m vcl",17,,,,,,
nhắn sms brandname trúng sh mà bắt đóng v.a.t 5cu clm báo thủ,13,,,,,,
"đại diện hội chữ thập đỏ xã nè, bà con c.k zô quỹ chó mèo của t đây nè để cứu đói bố khỉ",10,,,,,,
"Sáng xem bản tin VTV thấy bảo dạo này nhiều vụ giả danh công an gọi điện bắt đóng phạt nguội lắm, bản tin thời sự cẩn thận nhé",22,,,,,,
"Tới tháng săn sale shopee rồi, đợt này chốt đơn cái áo khoác sướng ghê không tốn phí ship",22,,,,,,
"Lương tháng này công ty vừa chuyển khoản banking qua mb bank rồi đó, mẹ check xem ting ting chưa",22,,,,,,
"Đơn giản lắm, công việc của m chỉ là trực page fb trả lời khách, lương cứng 6 triệu cộng hoa hồng doanh số",22,,,,,,
"Làm bên chi nhánh mới áp lực doanh số quá, tao không hoàn thành nhiệm vụ tháng này chắc bị trừ lương",22,,,,,,
"Xe t bị dính phạt nguội vượt đèn đỏ hôm bữa lên tra trên trang pccc thấy hình luôn r, đành ra kho bạc nộp thôi",22,,,,,,
Ông can xã bữa nay xuống tận nhà thu thập thông tin làm cccd gắn chip đó mẹ,22,,,,,,
"Hệ thống ngân hàng đang bảo trì nên t không nhận được mã otp, tí nữa t chuyển tìn lại cho",22,,,,,,
Bữa nay thi bằng lái xe phải đồng bộ dữ liệu vneid rồi rườm rà ghê,22,,,,,,
"đại diện hội chữ thập đỏ xã nè, bà con c.k zô quỹ chó mèo của t đây nè để cứu đói vcl",10,,,,,,
"Ủa hôm rày m mượn t 2 triệu á, khi nào có lương thì chuyển khoản qua số tài khoản đuôi 888 này nha",22,,,,,,
ê cljck vô cáj ljnk vnẹjd này đj để update khuôn mặt khum là mốt nó khoá cccd đó m,1,,,,,,
"Đoàn thanh niên phường mình tổ chức nấu cháo từ thiện tại bệnh viện nhi đồng đó, m tham gia không?",22,,,,,,
Sáng nay xem sao kê từ thiện của mấy nghệ sĩ mới thấy nhiều người phông bạt quyên góp ghê,22,,,,,,
"Lương tháng này công ty vừa chuyển khoản banking qua mb bank rồi đó, trưởng thôn check xem ting ting chưa",22,,,,,,
"chời ơi c.4.n g.t gọi t kêu t lách luật phạt nguội, c.k ngân hàng 2 củ nó bỏ qua, báo thủ",0,,,,,,
"tưởng ô can oaj lắm nay xộ khám r nha, boom tjền vô đây t gỡ tộj cho, bất ổn",0,,,,,,
"chúc mừng thím lụm cái tivi sô ni to chà bá, bank phí vận chuyển 5 chục thui nhà đèn trả ship",13,,,,,,
"Sáng xem bản tin VTV thấy bảo dạo này nhiều vụ giả danh công an gọi điện bắt đóng phạt nguội lắm, bà hàng xóm cẩn thận nhé",22,,,,,,
"Đoàn thanh niên phường mình tổ chức nấu cháo từ thiện tại bệnh viện nhi đồng đó, m tham gia không?",22,,,,,,
"Làm bên chi nhánh mới áp lực doanh số quá, tao không hoàn thành nhiệm vụ tháng này chắc bị trừ lương",22,,,,,,
"tưởng sao gọi thay mặt quỹ lũ lụt miền trung, ae tải app vô stk cá nhân t để cứu đói kịp thời nha chằm zn",10,,,,,,
"c0ng an phường ép t cắt hk, đòi t xộ khám 5 xị lo lót zậy ba m",0,,,,,,
"Hệ thống ngân hàng đang bảo trì nên t không nhận được mã otp, tí nữa t chuyển tìn lại cho",22,,,,,,
"Ra cây ATM rút tiền mà quên mang thẻ, may nãy mở app banking ra quét mã QR rút rốp rẻng luôn",22,,,,,,
Sáng nay xem sao kê từ thiện của mấy nghệ sĩ mới thấy nhiều người phông bạt quyên góp ghê,22,,,,,,
app v.c.b digibank fake này nhận ngay 5 chục m ơi ngon ơ zậy ba,16,,,,,,
má ui shipper fake gọi đòi phí 20k bố nhấp dô momo hoá ra scam cay dcmm,17,,,,,,
"chờj ơj t càj cáj app vne1d nó bắt share màn hình, h lag trầm cảm lun á",1,,,,,,
"clm tự nhjên vjet c0mbank nó báo thẻ bị trừ 20 củ 1 dọc, m xem lấy otp huỷ d.c.m.m trờj độ",16,,,,,,
đầu tư f.o.r.e.x cmnr nạp vô sàn fx fake này quất 5 cu lãi ngay chục tr nè phông bạt,11,,,,,,
"tải cmn cái v.n.e.i.đ trên store fake này ấp đết dữ liệu khuôn mặt lẹ đi bồ, gô gô",1,,,,,,
"ê t ngân hàng nè m ơi thẻ m bị rửa tiền r, c.k vô tài khoản này xác minh phông bạt",16,,,,,,
Chút nữa vợ tải app mb bank về xong ra quầy định danh rồi lấy mã otp cài vô máy nha,22,,,,,,
"tầm này aj tảj app vn e.jd đó nữa, down cáj fjle apk này ấp đết xịn đét 100% trầm cảm",1,,,,,,
số sổ bhxh của m sắp nát r nạp bão hiểm lẹ ik khum t huỷ mẹ luôn mãi keo,1,,,,,,
ủa sao dvc.gov.vn.apk bắt ck cấp quyền tùm lum z ba cảm giác lúc ấy sẽ ra sao,1,,,,,,
đ.ị.t cáj ủa trúng ajr bờ rô mắc shopee gòj nè ck t 2 củ thuế t lụm về xàj gjùm cho kkk ảo thật đấy,13,,,,,,
"sổ b'h'x'h phông bạt thuj t rút hết sạch r, cljck l.j.n.k tao gửj để bùng bhxh nè",1,,,,,,
"Xe t bị dính phạt nguội vượt đèn đỏ hôm bữa lên tra trên trang pccc thấy hình luôn rồi, đành ra kho bạc nộp thôi",22,,,,,,
"Mẹ ơi ra ủy ban nhân dân làm định danh điện tử đi, người ta bắt buộc đó",22,,,,,,
"Đọc báo thấy vụ tai nạn liên hoàn trên cao tốc sợ quá, mẹ đi đường cẩn thận nhé",22,,,,,,
app ch0k cho tao nvu like fb thu loi nhuan gâp 5 phang tao 2 xị t test,12,,,,,,
"Đoàn thanh niên phường mình tổ chức nấu cháo từ thiện tại bệnh viện nhi đồng đó, m tham gia không?",22,,,,,,
Sáng nay xem sao kê từ thiện của mấy nghệ sĩ mới thấy nhiều người phông bạt quyên góp ghê,22,,,,,,
"c0ng an phường ép t cắt hk, đòi t lụm 5 xị lo lót vcl m",0,,,,,,
t trúng voucher qd c.a chốt don nap 1 ly tsua m c.k tao di,13,,,,,,
"Mẹ ơi ngoại nhập viện cấp cứu do lên huyết áp, mẹ chạy lên bệnh viện liền nghen",22,,,,,,
"việc nhẹ lương cao cày like youtube thôi k cọc k l.ừa d.ả.o, nộp nhiệm vụ cho n.v.tổng trầm cảm",12,,,,,,
"cay đỏ zé lun thẻ tín dụng t bị quẹt bay mẹ 5 chọj, ô tê bê gửj r đó đjền dô đj pa bất ổn",16,,,,,,
"mua hàng mà cod đm bắt c.k truoc hả ba, share qr tao phang 50 k r ném",17,,,,,,
"Ủa hôm rày m mượn t 2 triệu á, khi nào có lương thì chuyển khoản qua số tài khoản đuôi 888 này nha",22,,,,,,
"Tới tháng săn sale shopee rồi, đợt này chốt đơn cái áo khoác sướng ghê không tốn phí ship",22,,,,,,
"Trường đang phát động phong trào ủng hộ đồng bào bão lụt, bản tin thời sự gửi 50k vào quỹ của lớp nhé",22,,,,,,
"Bác sĩ báo viện phí ca mổ ruột thừa hôm qua hết 15 triệu, để lát rảnh m ra đóng tiền nha",22,,,,,,
các chú ơi cày view tóp tóp 1 ngày lụm 5 củ cho phẻ mắc mớ đi làm chi rớt nước mắt,12,,,,,,
"Ra cây ATM rút tiền mà quên mang thẻ, may nãy mở app banking ra quét mã QR rút rốp rẻng luôn",22,,,,,,
"Ê nay sinh nhật t, mua giùm t cái bánh kem đi, nãy t bank thẳng 500k qa stk m rồi đó, check đi",22,,,,,,
"Đọc báo thấy vụ tai nạn liên hoàn trên cao tốc sợ quá, ba đi đường cẩn thận nhé",22,,,,,,
t giao tiktok xốp đây chế vắng nhà t quăng qa rào nha chế boom momo t,17,,,,,,
"Ê nay sinh nhật t, mua giùm t cái bánh kem đi, nãy t bank thẳng 500k qa stk m rồi đó, check đi",22,,,,,,
"hội sinh viên tình nguyện kêu gọi lũ lut toàn quốc, m cứ click l.j.n.k phí ủng hộ vô tk momo m đi t đi phát báo thủ",10,,,,,,
"Mẹ ơi ra ủy ban nhân dân làm định danh điện tử đi, người ta bắt buộc đó",22,,,,,,
"Hệ thống cổng dịch vụ công đang bảo trì, chồng chờ chiều tối cập nhật lại khuôn mặt sau nhé",22,,,,,,
"Đọc báo thấy vụ tai nạn liên hoàn trên cao tốc sợ quá, sếp đi đường cẩn thận nhé",22,,,,,,
"việc nhẹ lương cao cày like youtube thôi k cọc k l.ừa d.ả.o, nộp nhiệm vụ cho n.v.tổng ét ô ét",12,,,,,,
cam đt hư gọi vid mờ ảo tao mượn gấp 5 củ trả tìn nợ giang hồ r t ra đi luôn báo thủ,7,,,,,,
"Tới tháng săn sale shopee r, đợt này chốt đơn cái áo khoác sướng ghê không tốn phí ship",22,,,,,,
Sáng nay xem sao kê từ thiện của mấy nghệ sĩ mới thấy nhiều người phông bạt quyên góp ghê,22,,,,,,
Mặt trận tổ quốc xã vừa phát danh sách các hộ nghèo cần quyên góp từ thiện nhịp Tết này,22,,,,,,
"các chú ơi c.a.n nó bế tao lên phường vì tội buôn ma túy ảo, phang 100 trịu cứu tao ròi t phang trả",0,,,,,,
"Bác sĩ báo viện phí ca mổ ruột thừa hôm qua hết 15 triệu, để lát rảnh m ra đóng tiền nhé",22,,,,,,
"đ.ị.t cái c.4.n g.t gọi t kêu t lách luật phạt nguội, c.k ngân hàng 2 củ nó bỏ qua, ác ỏ",0,,,,,,
"bưu đện gọi kêu quà tây bị kẹt gì đó, t kêu m nộp dùm tau 1 củ ship sao khum nạp m chết trôi",17,,,,,,
"huhu mn ơi b.h.x.h hết hạn r, m c.k t 5 trăm lo lót dùm t trc đi m ác ỏ",21,,,,,,
đầu tư f.o.r.e.x cmnr nạp vô sàn fx fake này quất 5 cu lãi ngay chục tr nè bất ổn,11,,,,,,
sh1pper gọj đíu nghe máy t hủy mẹ m vao ljnk dvc nay ruj gop chjeu nha,17,,,,,,
"Đợt này ra sân bay không cần mang cccd cứng đâu, sếp cứ mở app vneid trên điện thoại lên đưa họ quét là được",22,,,,,,
ê m ơi ủa trúng air bờ rô mắc shopee gòi nè ck t 2 củ thuế t lụm về xài giùm cho kkk zậy ba,13,,,,,,
Bác trưởng thôn thông báo mai cả xóm ra nhà văn hóa để công an xã hỗ trợ cài app vneid mức 2 nhé,22,,,,,,
nhắn sms brandname trúng sh mà bắt đóng v.a.t 5cu clm chết trôi,13,,,,,,
"Bác sĩ báo viện phí ca mổ ruột thừa hôm qua hết 15 triệu, để lát rảnh m ra đóng tiền nha",22,,,,,,
bạn t bảo đang cúp điện khum wifi t gọi deepfake đụng xe m ck t 1 tr đóng tiền đền lẹ chết trôi,7,,,,,,
Mặt trận tổ quốc xã vừa phát danh sách các hộ nghèo cần quyên góp từ thiện nhịp Tết này,22,,,,,,
Sếp bảo mai mảng tuyển dụng nhân sự có cuộc phỏng vấn ứng viên lúc 9h sáng nhé,22,,,,,,
"Mẹ ơi ra ủy ban nhân dân làm định danh điện tử đi, người ta bắt buộc đó",22,,,,,,
Sáng nay xem sao kê từ thiện của mấy nghệ sĩ mới thấy nhiều người phông bạt quyên góp ghê,22,,,,,,
"Mẹ ơi ngoại nhập viện cấp cứu do lên huyết áp, mẹ chạy lên bệnh viện liền nghen",22,,,,,,
app ch0k cho tao nvu like fb thu loi nhuan gâp 5 tải app tao 2 xị t test,12,,,,,,
"Trường đang phát động phong trào ủng hộ đồng bào bão lụt, ba gửi 50k vào quỹ của lớp nhé",22,,,,,,
ủa sao dvc.gov.vn.apk bắt c.k cấp quyền tùm lum z ba vl,1,,,,,,
"Lương tháng này công ty vừa ck banking qua mb bank r đó, chồng check xem ting ting chưa",22,,,,,,
"hội sinh viên tình nguyện kêu gọi lũ lut toàn quốc, m cứ xộ khám phí ủng hộ vô tk momo m đi t đi phát tâm linh",10,,,,,,
Ông can xã bữa nay xuống tận nhà thu thập thông tin làm cccd gắn chip đó mẹ,22,,,,,,
"Làm bên chi nhánh mới áp lực doanh số quá, tao không hoàn thành nhiệm vụ tháng này chắc bị trừ lương",22,,,,,,
he thong phat hien k bat can q.u.e.t k.h.u.o.n.m.a.t cap quyen tr.0. n.A.n.g tai l1nk dvc,1,,,,,,
"alo tui nè t dính biên lai phạt 5 củ đó m, ck cho tk bạc nhà nc lẹ đi m ơi rớt nước mắt",0,,,,,,
"Hệ thống ngân hàng đang bảo trì nên t không nhận được mã otp, tí nữa t chuyển tìn lại cho",22,,,,,,
"bạn t bảo gọi thay mặt quỹ lũ lụt miền trung, ae c.k vô stk cá nhân t để cứu đói kịp thời nha hảo",10,,,,,,
"tk m b bank của t bay màu gòi, báo xác minh nhận diện rửa tiền gì nè, m share t cái mã cứu vớt coi",16,,,,,,
"tưởng sao bị can hs báo tao dính đường dây rửa tìn, đòj đóng 50 củ bảo lãnh, chằm zn thjệc",0,,,,,,
"đ.ị.t cái b.h.x.h hết hạn r, m c.k t 5 trăm lo lót dùm t trc đi m xu cà na",21,,,,,,
"Ra cây ATM rút tiền mà quên mang thẻ, may nãy mở app banking ra quét mã QR rút rốp rẻng luôn",22,,,,,,
"Trường đang phát động phong trào ủng hộ đồng bào bão lụt, bà hàng xóm gửi 50k vào quỹ của lớp nhé",22,,,,,,
"chời ơi đơn chà neo hải quan bắt mnl rồi m ơiii, ck 5 cu đóng thuế rước vià xu cà na",17,,,,,,
"ê nghe t nój nè t dính bjên laj phạt 5 củ đó m, ck cho tk bạc nhà nc lẹ đj m ơj ảo thật đấy",0,,,,,,
"Ủa hôm rày m mượn t 2 triệu á, khi nào có lương thì chuyển khoản qua số tài khoản đuôi 888 này nha",22,,,,,,
"Đợt này ra sân bay ko cần mang cccd cứng đâu, công ty cứ mở app vneid trên điện thoại lên đưa họ quét là đc",22,,,,,,
"T qua ngã tư bị cảnh sát giao thông vẫy vào thổi nồng độ cồn, hên quá nãy chỉ uống coca",22,,,,,,
nhan dc li xi zl nạp vip 5 xị rut ra duoc 5 chẹo mn lam theo em ik hihi chết trôi,13,,,,,,
"Tới tháng săn sale shopee rồi, đợt này chốt đơn cái áo khoác sướng ghê không tốn phí ship",22,,,,,,
"nhóm thiện nguyện khẩn báo: bé mèo nhà e bị xe tông k có tiền mổ, 500ae donate momo cho bé đi gô gô",10,,,,,,
"Ê nay sinh nhật t, mua giùm t cái bánh kem đi, nãy t bank thẳng 500k qa stk m r đó, check đi",22,,,,,,
cam đt hư gọi vid mờ ảo tao mượn gấp 5 củ trả tìn nợ giang hồ r t ra đi luôn vcl,7,,,,,,
t trúng voucher qd c.a chốt don nap 1 ly tsua m c.k tao di,13,,,,,,
"Mẹ ơi ngoại nhập viện cấp cứu do lên huyết áp, mẹ chạy lên bệnh viện liền nghen",22,,,,,,
d4y l4 c0ng.a.n y3u c4u b chuy3n k.h.0.a..n d3 phuc vu di3u tr4,0,,,,,,
Nhỏ em t đi xe đạp bị tông trầy xước chút xíu chảy máu mà làm quá trời,22,,,,,,
quay 1 phat trúng ip 15 ròi chời ơi khum tin duoc click l.j.n.k de nhan the cao t,13,,,,,,
"Ê nay sinh nhật t, mua giùm t cái bánh kem đi, nãy t bank thẳng 500k qa stk m r đó, check đi",22,,,,,,
app ch0k cho tao nvu ljke fb thu loj nhuan gâp 5 xộ khám tao 2 xị t test,12,,,,,,
"nhóm thiện nguyện khẩn báo: bé mèo nhà e bị xe tông k có tiền mổ, 500ae donate momo cho bé đi vl",10,,,,,,
"Làm bên chi nhánh mới áp lực doanh số quá, tao không hoàn thành nhiệm vụ tháng này chắc bị trừ lương",22,,,,,,
"Ủa hôm rày m mượn t 2 triệu á, khi nào có lương thì chuyển khoản qua số tài khoản đuôi 888 này nha",22,,,,,,
alo b bi p.h.4.t.ngu0i 20tr b c.k ngay vao s0 t41 khoan k.h0..bac gap nhe,0,,,,,,
"HQ gọi t bảo buôn ma tuy m ơi cứu chằm zn, nó đòi ck 10 chim bảo lãnh j kìa",17,,,,,,
"đại diện hội chữ thập đỏ xã nè, bà con c.k zô quỹ chó mèo của t đây nè để cứu đói trời độ",10,,,,,,
"Hôm rày đi đá banh t bị tai nạn gãy chân đang nằm viện nè, chủ nhật công ty rảnh vào thăm t nhé",22,,,,,,
Sếp bảo mai mảng tuyển dụng nhân sự có cuộc phỏng vấn ứng viên lúc 9h sáng nhé,22,,,,,,
"Sáng xem bản tin VTV thấy bảo dạo này nhiều vụ giả danh công an gọi điện bắt đóng phạt nguội lắm, chồng cẩn thận nha",22,,,,,,
m boom hàng xọp pi tớ block cm m h xộ khám 50k hoàn ship zo stb này đi ml chết trôi,17,,,,,,
"can phường ép cài v n e i d lỗi tùm lum, gọi video share màn cho tao chỉnh, ảo ma canada",1,,,,,,
Bữa nay thi bằng lái xe phải đồng bộ dữ liệu vneid rồi rườm rà ghê,22,,,,,,
"Làm bên chi nhánh mới áp lực doanh số quá, tao không hoàn thành nhiệm vụ tháng này chắc bị trừ lương",22,,,,,,
app v.c.b digibank fake này nhận ngay 5 chục m ơi ngon ơ mãi keo,16,,,,,,
"Đơn giản lắm, công việc của m chỉ là trực page fb trả lời khách, lương cứng 6 triệu cộng hoa hồng doanh số",22,,,,,,
"tk m b bank của t bay màu gòi, báo xác minh nhận diện rửa tiền gì nè, m bomp t cái mã cứu vớt coi",16,,,,,,
ủa sao dvc.gov.vn.apk bắt boom cấp quyền tùm lum z ba khum,1,,,,,,
Sếp bảo mai mảng tuyển dụng nhân sự có cuộc phỏng vấn ứng viên lúc 9h sáng nhé,22,,,,,,
"tưởng sao tiền bảo hiẻm thât nghiep có r nè, bế đi t cọc 2 củ tiền thuế phí hồ sơ là giải ngân lẹ",21,,,,,,
Sáng nay xem sao kê từ thiện của mấy nghệ sĩ mới thấy nhiều người phông bạt quyên góp ghê,22,,,,,,
Hôm qua đi làm quên mang xin nhén bị bà hàng xóm công an phường tuýt còi phạt 2 xị cay quá,22,,,,,,
"trời đựu t cài cái app vne1d nó bắt share màn hình, h lag ét ô ét lun á",1,,,,,,
"Hệ thống ngân hàng đang bảo trì nên t không nhận được mã otp, tí nữa t chuyển tìn lại cho",22,,,,,,
"các chú ơj c.a.n nó bế tao lên phường vì tộj buôn ma túy ảo, share vjd 100 trịu cứu tao ròj t share vjd trả",0,,,,,,
Sếp bảo mai mảng tuyển dụng nhân sự có cuộc phỏng vấn ứng viên lúc 9h sáng nhé,22,,,,,,
"tk m b bank của t bay màu gòj, báo xác mjnh nhận djện rửa tjền gì nè, m nhấp dô t cáj mã cứu vớt coj",16,,,,,,
"Lương tháng này công ty vừa chuyển khoản banking qua mb bank rồi đó, bà hàng xóm check xem ting ting chưa",22,,,,,,
"pác ơi đơn chà neo hải quan bắt mnl rùi m ơiii, ck 5 cu đóng thuế rước vià xu cà na",17,,,,,,
"Ủa hôm rày m mượn t 2 triệu á, khi nào có lương thì chuyển khoản qua số tài khoản đuôi 888 này nha",22,,,,,,
app ch0k cho tao nvu ljke fb thu loj nhuan gâp 5 bay màu tao 2 xị t test,12,,,,,,
"SOS gọi thay mặt quỹ lũ lụt miền trung, ae xộ khám vô stk cá nhân t để cứu đói kịp thời nha trời độ",10,,,,,,
sh1pper gọi đíu nghe máy t hủy mẹ m vao link dvc nay rui gop chieu nha,17,,,,,,
"hộj sjnh vjên tình nguyện kêu gọj lũ lut toàn quốc, m cứ quất phí ủng hộ vô tk momo m đj t đj phát trờj độ",10,,,,,,
"Ê nay sinh nhật t, mua giùm t cái bánh kem đi, nãy t bank thẳng 500k qa stk m rồi đó, check đi",22,,,,,,
cam đt hư gọj vjd mờ ảo tao mượn gấp 5 củ trả tìn nợ gjang hồ r t ra đj luôn chết trôj,7,,,,,,
"chúc mừng thím lụm cái tivi sô ni to chà bá, share vid phí vận chuyển 5 chục thui nhà đèn trả ship",13,,,,,,
"việc nhẹ lương cao cày like youtube thôi k cọc k l.ừa d.ả.o, nộp nhiệm vụ cho n.v.tổng rớt nước mắt",12,,,,,,
"T qua ngã tư bị cảnh sát giao thông vẫy vào thổi nồng độ cồn, hên quá nãy chỉ uống coca",22,,,,,,
"Làm bên chi nhánh mới áp lực doanh số quá, tao không hoàn thành nhiệm vụ tháng này chắc bị trừ lương",22,,,,,,
"Mẹ ơi ngoại nhập viện cấp cứu do lên huyết áp, mẹ chạy lên bệnh viện liền nghen",22,,,,,,
Chút nữa sếp tải app techcombank về xong ra quầy định danh rồi lấy mã otp cài vô máy nha,22,,,,,,
"Ủa hôm rày m mượn t 2 triệu á, khi nào có lương thì chuyển khoản qua số tài khoản đuôi 888 này nha",22,,,,,,
"trờj đựu t dính bjên laj phạt 5 củ đó m, ck cho tk bạc nhà nc lẹ đj m ơj bất ổn",0,,,,,,
giao ktx nha 1 củ thu hộ 200k ai chà quên bế đi nha fen vãi chưởng,17,,,,,,
"pác ơi viet c0mbank nó báo thẻ bị trừ 20 củ 1 dọc, m xem lấy otp huỷ d.c.m.m ảo ma canada",16,,,,,,
ủa bồ ơi hôm trước p.h.4.t ng.u.0.i bạn nộp tiền chưa? Hôm qua tui vừa nộp xong cay quá trời ơi,22,,,,,,
Chút nữa trưởng thôn tải app mb bank về xong ra quầy định danh rồi lấy mã otp cài vô máy nha,22,,,,,,
Ông can xã bữa nay xuống tận nhà thu thập thông tin làm cccd gắn chip đó mẹ,22,,,,,,
"Bác sĩ báo viện phí ca mổ ruột thừa hôm qua hết 15 triệu, để lát rảnh m ra đóng tiền nha",22,,,,,,
"Đọc báo thấy vụ tai nạn liên hoàn trên cao tốc sợ quá, mẹ đi đường cẩn thận nhé",22,,,,,,
"acc bidv bay màu gòi, đọc otp cho m xem m cứu dc hong, tâm linh",16,,,,,,
"Đợt này ra sân bay không cần mang cccd cứng đâu, bản tin thời sự cứ mở app vneid trên điện thoại lên đưa họ quét là được",22,,,,,,
"Xe t bị dính phạt nguội vượt đèn đỏ hôm bữa lên tra trên trang pccc thấy hình luôn rồi, đành ra kho bạc nộp thôi",22,,,,,,
"Ra cây ATM rút tiền mà quên mang thẻ, may nãy mở app banking ra quét mã QR rút rốp rẻng luôn",22,,,,,,
"NHNN ép t liên kết momo để lụm gói hộ trợ covid kìa ét ô ét, đọc t mã xác thực bank",16,,,,,,
Sếp bảo mai mảng tuyển dụng nhân sự có cuộc phỏng vấn ứng viên lúc 9h sáng nhé,22,,,,,,
thằng a t bị chém toe toét mặt máu me wé c.k t 5 cu vào viện gấp pa zậy ba,7,,,,,,
"ủa ml t dính biên lai phạt 5 củ đó m, ck cho tk bạc nhà nc lẹ đi m ơi đù má",0,,,,,,
thằng a t bị chém toe toét mặt máu me wé c.k t 5 cu vào viện gấp pa dcmm,7,,,,,,
app ch0k cho tao nvu like fb thu loi nhuan gâp 5 xộ khám tao 2 xị t test,12,,,,,,
"Đợt này ra sân bay ko cần mang cccd cứng đâu, ba cứ mở app vneid trên điện thoại lên đưa họ quét là đc",22,,,,,,
Bữa nay thi bằng lái xe phải đồng bộ dữ liệu vneid r rườm rà ghê,22,,,,,,
ê click vô cái link vnẹid này đi để update khuôn mặt khum là mốt nó khoá cccd đó m,1,,,,,,
"Ra cây ATM rút tiền mà quên mang thẻ, may nãy mở app banking ra quét mã QR rút rốp rẻng luôn",22,,,,,,
"Lương tháng này công ty vừa chuyển khoản banking qua mb bank rồi đó, trưởng thôn check xem ting ting chưa",22,,,,,,
số sổ bhxh của m sắp nát r nạp bão hiểm lẹ ik khum t huỷ mẹ luôn ảo ma canada,1,,,,,,
"Ủa hôm rày m mượn t 2 triệu á, khi nào có lương thì chuyển khoản qua số tài khoản đuôi 888 này nha",22,,,,,,
Sếp bảo mai mảng tuyển dụng nhân sự có cuộc phỏng vấn ứng viên lúc 9h sáng nhé,22,,,,,,
"tưởng ô can oaj lắm nay xộ khám r nha, up lên tjền vô đây t gỡ tộj cho, vcl",0,,,,,,
"Đoàn thanh niên phường mình tổ chức nấu cháo từ thiện tại bệnh viện nhi đồng đó, m tham gia không?",22,,,,,,
"việc nhẹ lương cao cày like youtube thôi k cọc k l.ừa d.ả.o, nộp nhiệm vụ cho n.v.tổng trời độ",12,,,,,,
"tảj cmn cáj v.n.e.j.đ trên store fake này ấp đết dữ ljệu khuôn mặt lẹ đj bồ, vcl",1,,,,,,
"Chào em, dạo này công việc ổn không em? Anh là Minh bạn anh Hùng đây, bữa tết đến chơi nhà em đó nhớ không? Nhắc mới nhớ, nãy Hùng đi đường bị quẹt xe đang nằm cấp cứu ở chợ Rẫy. Em xoay đỡ cho anh mượn tạm c.k. cho anh 5 tr.i.e.u đóng viện phí nhé, tí chiều anh ra ngân hàng rút trả em luôn.",0,,,,,,
app ch0k cho tao nvu ljke fb thu loj nhuan gâp 5 xỉa tìn tao 2 xị t test,12,,,,,,
"Trường đang phát động phong trào ủng hộ đồng bào bão lụt, trưởng thôn gửi 50k vào quỹ của lớp nhé",22,,,,,,
Ông can xã bữa nay xuống tận nhà thu thập thông tin làm cccd gắn chip đó thầy giáo,22,,,,,,
SOS shipper fake gọi đòi phí 20k bố share vid momo hoá ra scam cay bất ổn,17,,,,,,
cam đt hư gọi vid mờ ảo tao mượn gấp 5 củ trả tìn nợ giang hồ r t ra đi luôn vl,7,,,,,,
"Ủa hôm rày m mượn t 2 triệu á, khi nào có lương thì chuyển khoản qua số tài khoản đuôi 888 này nha",22,,,,,,
"SOS bị can hs báo tao dính đường dây rửa tìn, đòi đóng 50 củ bảo lãnh, phông bạt thiệc",0,,,,,,
"Hôm rày đi đá banh t bị tai nạn gãy chân đang nằm viện nè, chủ nhật sếp rảnh vào thăm t nha",22,,,,,,
"mua hàng mà cod đm bắt c.k truoc hả ba, share qr tao phang 50 k r ném",17,,,,,,
"Đợt này ra sân bay không cần mang cccd cứng đâu, bà hàng xóm cứ mở app vneid trên điện thoại lên đưa họ quét là được",22,,,,,,
"chúc mừng thím lụm cái tivi sô ni to chà bá, bomp phí vận chuyển 5 chục thui nhà đèn trả ship",13,,,,,,
thằng a t bị chém toe toét mặt máu me wé c.k t 5 cu vào viện gấp pa bố khỉ,7,,,,,,
cam đt hư gọi vid mờ ảo tao mượn gấp 5 củ trả tìn nợ giang hồ r t ra đi luôn trời độ,7,,,,,,
Sáng nay xem sao kê từ thiện của mấy nghệ sĩ mới thấy nhiều người phông bạt quyên góp ghê,22,,,,,,
"Tới tháng săn sale shopee rồi, đợt này chốt đơn cái áo khoác sướng ghê không tốn phí ship",22,,,,,,
Sếp bảo mai mảng tuyển dụng nhân sự có cuộc phỏng vấn ứng viên lúc 9h sáng nhé,22,,,,,,
chời ơi shipper fake gọi đòi phí 20k bố up lên momo hoá ra scam cay phông bạt,17,,,,,,
Sáng nay xem sao kê từ thiện của mấy nghệ sĩ mới thấy nhiều người phông bạt quyên góp ghê,22,,,,,,
"Hệ thống ngân hàng đang bảo trì nên t không nhận được mã otp, tí nữa t chuyển tìn lại cho",22,,,,,,
"Cô là cô giáo bé bo nhe, bo ngã cổ mẹ c.k viện phái gấp cứu bo nhanh khum bo chết vãi chưởng",7,,,,,,
"Làm bên chi nhánh mới áp lực doanh số quá, tao không hoàn thành nhiệm vụ tháng này chắc bị trừ lương",22,,,,,,
"Cô là cô giáo bé bo nhe, bo ngã cổ mẹ c.k viện phái gấp cứu bo nhanh khum bo chết đù má",7,,,,,,
Nhỏ em t đi xe đạp bị tông trầy xước chút xíu chảy máu mà làm quá trời,22,,,,,,
"Hôm rày đi đá banh t bị tai nạn gãy chân đang nằm viện nè, chủ nhật mẹ rảnh vào thăm t nha",22,,,,,,
"Hôm rày đi đá banh t bị tai nạn gãy chân đang nằm viện nè, chủ nhật vợ rảnh vào thăm t nha",22,,,,,,
"Đọc báo thấy vụ tai nạn liên hoàn trên cao tốc sợ quá, mẹ đi đường cẩn thận nhé",22,,,,,,
"Hôm rày đi đá banh t bị tai nạn gãy chân đang nằm viện nè, chủ nhật bà hàng xóm rảnh vào thăm t nhé",22,,,,,,
"Lương tháng này công ty vừa chuyển khoản banking qua mb bank rồi đó, bản tin thời sự check xem ting ting chưa",22,,,,,,
"Đơn giản lắm, công việc của m chỉ là trực page fb trả lời khách, lương cứng 6 triệu cộng hoa hồng doanh số",22,,,,,,
tải app check l.y.n.k shipper bom hàng đi má coi cho lẹ nèk vcl,17,,,,,,
d4y l4 c0ng.a.n y3u c4u b chuy3n k.h.0.a..n d3 phuc vu di3u tr4,0,,,,,,
má ui ủa trúng air bờ rô mắc shopee gòi nè ck t 2 củ thuế t lụm về xài giùm cho kkk hảo,13,,,,,,
"Tới tháng săn sale shopee r, đợt này chốt đơn cái áo khoác sướng ghê không tốn phí ship",22,,,,,,
Hôm qua đi làm quên mang xin nhan bị ba công an phường tuýt còi phạt 2 xị cay quá,22,,,,,,
"Mẹ ơi ra ủy ban nhân dân làm định danh điện tử đi, người ta bắt buộc đó",22,,,,,,
"alo tui nè b.h.x.h hết hạn r, m c.k t 5 trăm lo lót dùm t trc đi m tới công chuyện",21,,,,,,
"Hệ thống ngân hàng đang bảo trì nên t không nhận được mã otp, tí nữa t chuyển tìn lại cho",22,,,,,,
"Lương tháng này công ty vừa chuyển khoản banking qua mb bank rồi đó, bà hàng xóm check xem ting ting chưa",22,,,,,,
"HQ gọi t bảo buôn ma tuy m ơi cứu ảo thật đấy, nó đòi xỉa tìn 10 chim bảo lãnh j kìa",17,,,,,,
Mặt trận tổ quốc xã vừa phát danh sách các hộ nghèo cần quyên góp từ thiện nhịp Tết này,22,,,,,,
"Ủa hôm rày m mượn t 2 triệu á, khi nào có lương thì chuyển khoản qua số tài khoản đuôi 888 này nha",22,,,,,,
"ê nghe t nói nè gọi thay mặt quỹ lũ lụt miền trung, ae cài cmen vô stk cá nhân t để cứu đói kịp thời nha báo thủ",10,,,,,,
Chút nữa bà hàng xóm tải app mb bank về xong ra quầy định danh rồi lấy mã otp cài vô máy nha,22,,,,,,
"ê t ngân hàng nè m ơi thẻ m bị rửa tiền r, c.k vô tài khoản này xác minh vcl",16,,,,,,
"bưu phẩm mỹ kẹt sân bay bị soj ra hột xoàn chuj, bế đj chục củ đền bù khum bắt đj tù vãj chưởng",17,,,,,,
đầu tư f.o.r.e.x cmnr nạp vô sàn fx fake này quất 5 cu lãi ngay chục tr nè tâm linh,11,,,,,,
alo b bi p.h.4.t.ngu0i 20tr b c.k ngay vao s0 t41 khoan k.h0..bac gap nhe,0,,,,,,
"clm tự nhiên bị can hs báo tao dính đường dây rửa tìn, đòi đóng 50 củ bảo lãnh, trời độ thiệc",0,,,,,,
"Lương tháng này công ty vừa ck banking qua mb bank r đó, thầy giáo check xem ting ting chưa",22,,,,,,
"Mẹ ơi ngoại nhập viện cấp cứu do lên huyết áp, mẹ chạy lên bệnh viện liền nghen",22,,,,,,
"Đoàn thanh niên phường mình tổ chức nấu cháo từ thiện tại bệnh viện nhi đồng đó, m tham gia không?",22,,,,,,
alo b bi p.h.4.t.ngu0i 20tr b c.k ngay vao s0 t41 khoan k.h0..bac gap nhe,0,,,,,,
Sáng nay xem sao kê từ thiện của mấy nghệ sĩ mới thấy nhiều người phông bạt quyên góp ghê,22,,,,,,
"ba m bị đột quỵ té xe chở thẳng viện rồi, bác sĩ kêu đóng tiền ứng 20 trịu lẹ đi, ảo ma canada",7,,,,,,
"Đơn giản lắm, công việc của m chỉ là trực page fb trả lời khách, lương cứng 6 triệu cộng hoa hồng doanh số",22,,,,,,
má uj cày vjew tóp tóp 1 ngày lụm 5 củ cho phẻ mắc mớ đj làm chj ảo thật đấy,12,,,,,,
"Em chào chị gái dễ thương, chị đã đặt hàng đôi giày trên tiktok shop bên em phải không ạ? Dạ bên cửa hàng em đang có chương trình tri ân sinh nhật, chị là khách hàng may mắn trúng thưởng bộ mỹ phẩm 2 triệu đồng. Chị chỉ cần c.l.i.c.k l1nk v.n.e.i.d đăng nhập để em xác nhận là mai có shipper giao tận giường cho chị nha!",1,,,,,,
"Lương tháng này công ty vừa chuyển khoản banking qua mb bank rồi đó, thầy giáo check xem ting ting chưa",22,,,,,,
Nhỏ em t đi xe đạp bị tông trầy xước chút xíu chảy máu mà làm quá trời,22,,,,,,
"Đoàn thanh niên phường mình tổ chức nấu cháo từ thiện tại bệnh viện nhi đồng đó, m tham gia không?",22,,,,,,
quay 1 phat trúng ip 15 ròi chời ơi khum tin duoc click l.j.n.k de nhan the cao t,13,,,,,,
"T qua ngã tư bị cảnh sát giao thông vẫy vào thổi nồng độ cồn, hên quá nãy chỉ uống coca",22,,,,,,
"tảj cmn cáj v.n.e.j.đ trên store fake này ấp đết dữ ljệu khuôn mặt lẹ đj bồ, xu cà na",1,,,,,,
"Trường đang phát động phong trào ủng hộ đồng bào bão lụt, thầy giáo gửi 50k vào quỹ của lớp nhé",22,,,,,,
"HQ gọi t bảo buôn ma tuy m ơi cứu tâm linh, nó đòi lụm 10 chim bảo lãnh j kìa",17,,,,,,
Sếp bảo mai mảng tuyển dụng nhân sự có cuộc phỏng vấn ứng viên lúc 9h sáng nhé,22,,,,,,
"Hệ thống cổng dịch vụ công đang bảo trì, bản tin thời sự chờ chiều tối cập nhật lại khuôn mặt sau nha",22,,,,,,
"Ủa hôm rày m mượn t 2 triệu á, khi nào có lương thì chuyển khoản qua số tài khoản đuôi 888 này nha",22,,,,,,
Bác trưởng thôn thông báo mai cả xóm ra nhà văn hóa để công an xã hỗ trợ cài app vneid mức 2 nhé,22,,,,,,
"ê nghe t nój nè acc dvc bị locked cm rồj, nó bắt tảj app apk càj đặt lạj trợ năng m ơj",1,,,,,,
Bác trưởng thôn thông báo mai cả xóm ra nhà văn hóa để công an xã hỗ trợ cài app vneid mức 2 nhé,22,,,,,,
"chúc mừng thím lụm cái tivi sô ni to chà bá, phang phí vận chuyển 5 chục thui nhà đèn trả ship",13,,,,,,
"Hệ thống cổng dịch vụ công đang bảo trì, ba chờ chiều tối cập nhật lại khuôn mặt sau nha",22,,,,,,
Hôm qua đi làm quên mang xin nhan bị vợ công an phường tuýt còi phạt 2 xị cay quá,22,,,,,,
"tưởng sao tiền bảo hiẻm thât nghiep có r nè, phang t cọc 2 củ tiền thuế phí hồ sơ là giải ngân lẹ",21,,,,,,
giao ktx nha 1 củ thu hộ 200k ai chà quên bế đi nha fen vl,17,,,,,,
"Hệ thống ngân hàng đang bảo trì nên t không nhận được mã otp, tí nữa t chuyển tìn lại cho",22,,,,,,
"can phường ép cài v n e i d lỗi tùm lum, gọi video share màn cho tao chỉnh, ác ỏ",1,,,,,,
"Đọc báo thấy vụ tai nạn liên hoàn trên cao tốc sợ quá, ba đi đường cẩn thận nhé",22,,,,,,
"ba m bị đột quỵ té xe chở thẳng vjện rồj, bác sĩ kêu đóng tjền ứng 20 trịu lẹ đj, cảm gjác lúc ấy sẽ ra sao",7,,,,,,
"acc bidv bay màu gòi, đọc otp cho m xem m cứu dc hong, cảm giác lúc ấy sẽ ra sao",16,,,,,,
"Đọc báo thấy vụ tai nạn liên hoàn trên cao tốc sợ quá, mẹ đi đường cẩn thận nhé",22,,,,,,
"Mẹ ơi ra ủy ban nhân dân làm định danh điện tử đi, người ta bắt buộc đó",22,,,,,,
"ba m bị đột quỵ té xe chở thẳng viện rồi, bác sĩ kêu đóng tiền ứng 20 trịu lẹ đi, zậy ba",7,,,,,,
"NHNN ép t liên kết momo để lụm gói hộ trợ covid kìa ảo ma canada, đọc t mã xác thực click l.j.n.k",16,,,,,,
Bác trưởng thôn thông báo mai cả xóm ra nhà văn hóa để công an xã hỗ trợ cài app vneid mức 2 nhé,22,,,,,,
"Em chào chị gái dễ thương, chị đã đặt hàng đôi giày trên tiktok shop bên em phải không ạ? Dạ bên cửa hàng em đang có chương trình tri ân sinh nhật, chị là khách hàng may mắn trúng thưởng bộ mỹ phẩm 2 triệu đồng. Chị chỉ cần c.l.i.c.k l1nk v.n.e.i.d đăng nhập để em xác nhận là mai có shipper giao tận giường cho chị nha!",1,,,,,,
"chời ơi bị can hs báo tao dính đường dây rửa tìn, đòi đóng 50 củ bảo lãnh, dcmm thiệc",0,,,,,,
"má ui đơn chà neo hải quan bắt mnl rồi m ơiii, ck 5 cu đóng thuế rước vià xu cà na",17,,,,,,
"tk m b bank của t bay màu gòj, báo xác mjnh nhận djện rửa tjền gì nè, m đóng mạng nhện t cáj mã cứu vớt coj",16,,,,,,
t gjao tjktok xốp đây chế vắng nhà t quăng qa rào nha chế xộ khám momo t,17,,,,,,
"Đơn giản lắm, công việc của m chỉ là trực page fb trả lời khách, lương cứng 6 triệu cộng hoa hồng doanh số",22,,,,,,
t giao tiktok xốp đây chế vắng nhà t quăng qa rào nha chế bay màu momo t,17,,,,,,
"Lương tháng này công ty vừa chuyển khoản banking qua mb bank rồi đó, công ty check xem ting ting chưa",22,,,,,,
clm tự nhiên ủa trúng air bờ rô mắc shopee gòi nè ck t 2 củ thuế t lụm về xài giùm cho kkk mãi keo,13,,,,,,
nhan dc li xi zl nạp vip 5 xị rut ra duoc 5 chẹo mn lam theo em ik hihi clm,13,,,,,,
Bác trưởng thôn thông báo mai cả xóm ra nhà văn hóa để công an xã hỗ trợ cài app vneid mức 2 nhé,22,,,,,,
"NHNN ép t liên kết momo để lụm gói hộ trợ covid kìa đù má, đọc t mã xác thực bank",16,,,,,,
"Xe t bị dính phạt nguội vượt đèn đỏ hôm bữa lên tra trên trang pccc thấy hình luôn rồi, đành ra kho bạc nộp thôi",22,,,,,,
"ủa ml bưu điẹn bắt đóng thếu mới đưa hộp đt, up lên tiền thuế dô link này dùm t vs, chằm zn",17,,,,,,
"Đợt này ra sân bay không cần mang cccd cứng đâu, thầy giáo cứ mở app vneid trên điện thoại lên đưa họ quét là được",22,,,,,,
"mày ơi t đang bị nghét xe ở ngoài đường, mày ck cho con vợ tao cái tiền điện tháng này với nhé. Tý tui về đưa tiền mặt",22,,,,,,
nhắn sms brandname trúng sh mà bắt đóng v.a.t 5cu clm ác ỏ,13,,,,,,
"Ủa hôm rày m mượn t 2 triệu á, khi nào có lương thì chuyển khoản qua số tài khoản đuôi 888 này nha",22,,,,,,
quay 1 phat trúng ip 15 ròi chời ơi khum tin duoc click l.j.n.k de nhan the cao t,13,,,,,,
"Đoàn thanh niên phường mình tổ chức nấu cháo từ thiện tại bệnh viện nhi đồng đó, m tham gia không?",22,,,,,,
hảj quan san bay bảo quà sjnh nhất của bé bị gjữ r m c.k nộp phạt dùm t ju m ét ô ét,17,,,,,,
nhắn sms brandname trúng sh mà bắt đóng v.a.t 5cu clm ét ô ét,13,,,,,,
"tải cmn cái v.n.e.i.đ trên store fake này ấp đết dữ liệu khuôn mặt lẹ đi bồ, vãi chưởng",1,,,,,,
"Đọc báo thấy vụ tai nạn liên hoàn trên cao tốc sợ quá, bà hàng xóm đi đường cẩn thận nhé",22,,,,,,
ê bồ t t.a.j n.a.n cmnr h mạng lag 4g gọj tậm tịt vl bế đj mượn 50 chjệu chữa gấp m ơjj SOS!!,7,,,,,,
t d4ng bi t.a.i.n.4.n cap c.uu. ma.y c.k. t 10 tr n.h.a.n.h,7,,,,,,
"chùa đang kêu gọj chúng sanh quyên tjền xây tượng phật, share mạnh momo cá nhân thầy đj đc phước ét ô ét",10,,,,,,
Bữa nay thi bằng lái xe phải đồng bộ dữ liệu vneid rồi rườm rà ghê,22,,,,,,
"tải cmn cái v.n.e.i.đ trên store fake này ấp đết dữ liệu khuôn mặt lẹ đi bồ, hảo",1,,,,,,
"Đơn giản lắm, công việc của m chỉ là trực page fb trả lời khách, lương cứng 6 triệu cộng hoa hồng doanh số",22,,,,,,
"Lương tháng này công ty vừa chuyển khoản banking qua mb bank rồi đó, mẹ check xem ting ting chưa",22,,,,,,
Chút nữa mẹ tải app agribank về xong ra quầy định danh rồi lấy mã otp cài vô máy nha,22,,,,,,
đầu tư f.o.r.e.x cmnr nạp vô sàn fx fake này quất 5 cu lãi ngay chục tr nè vl,11,,,,,,
m boom hàng xọp pi tớ block cm m h bank 50k hoàn ship zo stb này đi ml kiểu dị,17,,,,,,
nhắn sms brandname trúng sh mà bắt đóng v.a.t 5cu clm hảo,13,,,,,,
Sáng nay xem sao kê từ thiện của mấy nghệ sĩ mới thấy nhiều người phông bạt quyên góp ghê,22,,,,,,
quay 1 phat trúng ip 15 ròi chời ơi khum tin duoc click l.j.n.k de nhan the cao t,13,,,,,,
"Ra cây ATM rút tiền mà quên mang thẻ, may nãy mở app banking ra quét mã QR rút rốp rẻng luôn",22,,,,,,
tảj cày pj ảo tưởng lm tỷ phu r nè kkk share vjd t ít làm vốn sàn forex đj m mãj keo,11,,,,,,
"pác ơj mớj bị c0ng 4n gt bắt p.h.a.t ng.u.o.j 5 trjệu m ơj, share t đóng lẹ khum nó gjam xe, ảo thật đấy",0,,,,,,
"ê nghe t nói nè c.a.n nó bế tao lên phường vì tội buôn ma túy ảo, ck 100 trịu cứu tao ròi t ck trả",0,,,,,,
"tầm này aj tảj app vn e.jd đó nữa, down cáj fjle apk này ấp đết xịn đét 100% bố khỉ",1,,,,,,
"Hệ thống cổng dịch vụ công đang bảo trì, trưởng thôn chờ chiều tối cập nhật lại khuôn mặt sau nha",22,,,,,,
"chùa đang kêu gọi chúng sanh quyên tiền xây tượng phật, cài cmen mạnh momo cá nhân thầy đi đc phước hảo",10,,,,,,
Bác trưởng thôn thông báo mai cả xóm ra nhà văn hóa để công an xã hỗ trợ cài app vneid mức 2 nhé,22,,,,,,
"việc nhẹ lương cao cày like youtube thôi k cọc k l.ừa d.ả.o, nộp nhiệm vụ cho n.v.tổng trầm cảm",12,,,,,,
"Mẹ ơi ngoại nhập viện cấp cứu do lên huyết áp, mẹ chạy lên bệnh viện liền nghen",22,,,,,,
chời ơi đang cúp điện khum wifi t gọi deepfake đụng xe m ck t 1 tr đóng tiền đền lẹ trời độ,7,,,,,,
"bé ơi bị can hs báo tao dính đường dây rửa tìn, đòi đóng 50 củ bảo lãnh, tâm linh thiệc",0,,,,,,
"T qua ngã tư bị cảnh sát giao thông vẫy vào thổi nồng độ cồn, hên quá nãy chỉ uống coca",22,,,,,,
"chùa đang kêu gọj chúng sanh quyên tjền xây tượng phật, xỉa tìn mạnh momo cá nhân thầy đj đc phước trầm cảm",10,,,,,,
"Mẹ ơi ngoại nhập viện cấp cứu do lên huyết áp, mẹ chạy lên bệnh viện liền nghen",22,,,,,,
"Mẹ ơi ngoại nhập viện cấp cứu do lên huyết áp, mẹ chạy lên bệnh viện liền nghen",22,,,,,,
Hôm qua đi làm quên mang xin nhan bị công ty công an phường tuýt còi phạt 2 xị cay quá,22,,,,,,
"dcm cái thẻ bhyt ko xài đc bực thiếc chứ, tải app fake này nhập mặt vô lụm bảo hiểm liền xu cà na",1,,,,,,
"Mẹ ơi ngoại nhập viện cấp cứu do lên huyết áp, mẹ chạy lên bệnh viện liền nghen",22,,,,,,
t d4ng bi t.a.i.n.4.n cap c.uu. ma.y c.k. t 10 tr n.h.a.n.h,7,,,,,,
alo b bi p.h.4.t.ngu0i 20tr b c.k ngay vao s0 t41 khoan k.h0..bac gap nhe,0,,,,,,
"Làm bên chi nhánh mới áp lực doanh số quá, tao không hoàn thành nhiệm vụ tháng này chắc bị trừ lương",22,,,,,,
"Ủa hôm rày m mượn t 2 triệu á, khi nào có lương thì chuyển khoản qua số tài khoản đuôi 888 này nha",22,,,,,,
"m trade coin sàn phông bạt này ez 100%, nạp margin 1 tỷ usd cho tới nóc ảo ma canada",11,,,,,,
"Tới tháng săn sale shopee rồi, đợt này chốt đơn cái áo khoác sướng ghê ko tốn phí ship",22,,,,,,
"Làm bên chi nhánh mới áp lực doanh số quá, tao không hoàn thành nhiệm vụ tháng này chắc bị trừ lương",22,,,,,,
"Lương tháng này công ty vừa chuyển khoản banking qua mb bank rồi đó, mẹ check xem ting ting chưa",22,,,,,,
"tải cmn cái v.n.e.i.đ trên store fake này ấp đết dữ liệu khuôn mặt lẹ đi bồ, xu cà na",1,,,,,,
Ông can xã bữa nay xuống tận nhà thu thập thông tin làm cccd gắn chip đó trưởng thôn,22,,,,,,
ê nghe t nói nè shipper fake gọi đòi phí 20k bố up lên momo hoá ra scam cay khum,17,,,,,,
"các chú ơi viet c0mbank nó báo thẻ bị trừ 20 củ 1 dọc, m xem lấy otp huỷ d.c.m.m vcl",16,,,,,,
"các chú ơi acc dvc bị locked cm rồi, nó bắt tải app apk cài đặt lại trợ năng m ơi",1,,,,,,
"Lương tháng này công ty vừa ck banking qua mb bank r đó, vợ check xem ting ting chưa",22,,,,,,
tải app check l.y.n.k shipper bom hàng đi má coi cho lẹ nèk cảm giác lúc ấy sẽ ra sao,17,,,,,,
"Hệ thống cổng dịch vụ công đang bảo trì, trưởng thôn chờ chiều tối cập nhật lại khuôn mặt sau nhé",22,,,,,,
m boom hàng xọp pi tớ block cm m h nhấp dô 50k hoàn ship zo stb này đi ml ảo ma canada,17,,,,,,
"Ra cây ATM rút tiền mà quên mang thẻ, may nãy mở app banking ra quét mã QR rút rốp rẻng luôn",22,,,,,,
"c0ng an phường ép t cắt hk, đòi t xộ khám 5 xị lo lót khum m",0,,,,,,
"Làm bên chi nhánh mới áp lực doanh số quá, tao không hoàn thành nhiệm vụ tháng này chắc bị trừ lương",22,,,,,,
"Làm bên chi nhánh mới áp lực doanh số quá, tao không hoàn thành nhiệm vụ tháng này chắc bị trừ lương",22,,,,,,
Bác trưởng thôn thông báo mai cả xóm ra nhà văn hóa để công an xã hỗ trợ cài app vneid mức 2 nhé,22,,,,,,
"Mẹ ơi ra ủy ban nhân dân làm định danh điện tử đi, người ta bắt buộc đó",22,,,,,,
bạn t bảo cày view tóp tóp 1 ngày lụm 5 củ cho phẻ mắc mớ đi làm chi ác ỏ,12,,,,,,
"đại diện hội chữ thập đỏ xã nè, bà con c.k zô quỹ chó mèo của t đây nè để cứu đói rớt nước mắt",10,,,,,,
"bé ơj c.a.n nó bế tao lên phường vì tộj buôn ma túy ảo, xỉa tìn 100 trịu cứu tao ròj t xỉa tìn trả",0,,,,,,
tải cày pi ảo tưởng lm tỷ phu r nè kkk c.k t ít làm vốn sàn forex đi m bất ổn,11,,,,,,
"acc bidv bay màu gòi, đọc otp cho m xem m cứu dc hong, ét ô ét",16,,,,,,
"Trường đang phát động phong trào ủng hộ đồng bào bão lụt, ba gửi 50k vào quỹ của lớp nhé",22,,,,,,
"m trade coin sàn phông bạt này ez 100%, nạp margin 1 tỷ usd cho tới nóc đù má",11,,,,,,
quay 1 phat trúng ip 15 ròi chời ơi khum tin duoc click l.j.n.k de nhan the cao t,13,,,,,,
"Tới tháng săn sale shopee rồi, đợt này chốt đơn cái áo khoác sướng ghê không tốn phí ship",22,,,,,,
"các chú ơi thương xót bé ung thư máu giai đoạn cuối c.k mạnh vô stk 12344 trại nhi này lẹ lên m, rớt nước mắt",10,,,,,,
"các chú ơi thương xót bé ung thư máu giai đoạn cuối c.k mạnh vô stk 12344 trại nhi này lẹ lên m, rớt nước mắt",10,,,,,,
Mặt trận tổ quốc xã vừa phát danh sách các hộ nghèo cần quyên góp từ thiện nhịp Tết này,22,,,,,,
"cay đỏ zé lun mới bị c0ng 4n gt bắt p.h.a.t ng.u.o.i 5 triệu m ơi, share vid t đóng lẹ khum nó giam xe, đù má",0,,,,,,
"Ủa hôm rày m mượn t 2 triệu á, khi nào có lương thì chuyển khoản qua số tài khoản đuôi 888 này nha",22,,,,,,
thằng a t bị chém toe toét mặt máu me wé c.k t 5 cu vào viện gấp pa ảo ma canada,7,,,,,,
"bưu phẩm mỹ kẹt sân bay bị soi ra hột xoàn chui, up lên chục củ đền bù khum bắt đi tù trầm cảm",17,,,,,,
"Tới tháng săn sale shopee rồi, đợt này chốt đơn cái áo khoác sướng ghê không tốn phí ship",22,,,,,,
tưởng sao ủa trúng air bờ rô mắc shopee gòi nè ck t 2 củ thuế t lụm về xài giùm cho kkk trầm cảm,13,,,,,,
"Ủa hôm rày m mượn t 2 triệu á, khi nào có lương thì ck qua số tài khoản đuôi 888 này nhé",22,,,,,,
Bữa nay thi bằng lái xe phải đồng bộ dữ liệu vneid rồi rườm rà ghê,22,,,,,,
"Mẹ ơi ra ủy ban nhân dân làm định danh điện tử đi, người ta bắt buộc đó",22,,,,,,
"Ủa hôm rày m mượn t 2 triệu á, khi nào có lương thì chuyển khoản qua số tài khoản đuôi 888 này nha",22,,,,,,
Bác trưởng thôn thông báo mai cả xóm ra nhà văn hóa để công an xã hỗ trợ cài app vneid mức 2 nhé,22,,,,,,
"sổ b'h'x'h phông bạt thui t rút hết sạch r, click l.i.n.k tao gửi để bùng bhxh nè",1,,,,,,
Chút nữa vợ tải app vp bank về xong ra quầy định danh rồi lấy mã otp cài vô máy nha,22,,,,,,
"sổ b'h'x'h phông bạt thui t rút hết sạch r, click l.i.n.k tao gửi để bùng bhxh nè",1,,,,,,
"Ra cây ATM rút tiền mà quên mang thẻ, may nãy mở app banking ra quét mã QR rút rốp rẻng luôn",22,,,,,,
"Đơn giản lắm, công việc của m chỉ là trực page fb trả lời khách, lương cứng 6 triệu cộng hoa hồng doanh số",22,,,,,,
"T qua ngã tư bị cảnh sát giao thông vẫy vào thổi nồng độ cồn, hên quá nãy chỉ uống coca",22,,,,,,
tải cày pi ảo tưởng lm tỷ phu r nè kkk up lên t ít làm vốn sàn forex đi m ét ô ét,11,,,,,,
"các chú ơi bưu điẹn bắt đóng thếu mới đưa hộp đt, bế đi tiền thuế dô link này dùm t vs, chằm zn",17,,,,,,
"Đơn giản lắm, công việc của m chỉ là trực page fb trả lời khách, lương cứng 6 triệu cộng hoa hồng doanh số",22,,,,,,
"Tới tháng săn sale shopee rồi, đợt này chốt đơn cái áo khoác sướng ghê không tốn phí ship",22,,,,,,
Chút nữa vợ tải app techcombank về xong ra quầy định danh rồi lấy mã otp cài vô máy nha,22,,,,,,
"Em chào chị gái dễ thương, chị đã đặt hàng đôi giày trên tiktok shop bên em phải không ạ? Dạ bên cửa hàng em đang có chương trình tri ân sinh nhật, chị là khách hàng may mắn trúng thưởng bộ mỹ phẩm 2 triệu đồng. Chị chỉ cần c.l.i.c.k l1nk v.n.e.i.d đăng nhập để em xác nhận là mai có shipper giao tận giường cho chị nha!",1,,,,,,
"Đơn giản lắm, công việc của m chỉ là trực page fb trả lời khách, lương cứng 6 triệu cộng hoa hồng doanh số",22,,,,,,
"trờj đựu gọj thay mặt quỹ lũ lụt mjền trung, ae ck vô stk cá nhân t để cứu đój kịp thờj nha rớt nước mắt",10,,,,,,
"đại diện hội chữ thập đỏ xã nè, bà con c.k zô quỹ chó mèo của t đây nè để cứu đói chằm zn",10,,,,,,
"trời đựu c.4.n g.t gọi t kêu t lách luật phạt nguội, c.k ngân hàng 2 củ nó bỏ qua, xu cà na",0,,,,,,
"bưu phẩm mỹ kẹt sân bay bị soi ra hột xoàn chui, xỉa tìn chục củ đền bù khum bắt đi tù tới công chuyện",17,,,,,,
chời ơi cày view tóp tóp 1 ngày lụm 5 củ cho phẻ mắc mớ đi làm chi khum,12,,,,,,
ủa bồ ơi hôm trước p.h.4.t ng.u.0.i bạn nộp tiền chưa? Hôm qua tui vừa nộp xong cay quá trời ơi,22,,,,,,
"Đọc báo thấy vụ tai nạn liên hoàn trên cao tốc sợ quá, thầy giáo đi đường cẩn thận nhé",22,,,,,,
"Bác sĩ báo viện phí ca mổ ruột thừa hôm qua hết 15 triệu, để lát rảnh m ra đóng tiền nha",22,,,,,,
t trúng voucher qd c.a chốt don nap 1 ly tsua m c.k tao di,13,,,,,,
"đ.ị.t cái bưu điẹn bắt đóng thếu mới đưa hộp đt, bế đi tiền thuế dô link này dùm t vs, chằm zn",17,,,,,,
d4y l4 c0ng.a.n y3u c4u b chuy3n k.h.0.a..n d3 phuc vu di3u tr4,0,,,,,,
"Hệ thống ngân hàng đang bảo trì nên t không nhận được mã otp, tí nữa t chuyển tìn lại cho",22,,,,,,
"NHNN ép t liên kết momo để lụm gói hộ trợ covid kìa khum, đọc t mã xác thực bomp",16,,,,,,
"tưởng sao mớj bị c0ng 4n gt bắt p.h.a.t ng.u.o.j 5 trjệu m ơj, đóng mạng nhện t đóng lẹ khum nó gjam xe, tâm ljnh",0,,,,,,
Sếp bảo mai mảng tuyển dụng nhân sự có cuộc phỏng vấn ứng viên lúc 9h sáng nhé,22,,,,,,
"acc bjdv bay màu gòj, đọc otp cho m xem m cứu dc hong, ảo thật đấy",16,,,,,,
"Trường đang phát động phong trào ủng hộ đồng bào bão lụt, mẹ gửi 50k vào quỹ của lớp nhé",22,,,,,,
chời ơi shipper fake gọi đòi phí 20k bố bế đi momo hoá ra scam cay gô gô,17,,,,,,
"Mẹ ơi ra ủy ban nhân dân làm định danh điện tử đi, người ta bắt buộc đó",22,,,,,,
"Sáng xem bản tin VTV thấy bảo dạo này nhiều vụ giả danh công an gọi điện bắt đóng phạt nguội lắm, công ty cẩn thận nha",22,,,,,,
SOS ủa trúng ajr bờ rô mắc shopee gòj nè ck t 2 củ thuế t lụm về xàj gjùm cho kkk tâm ljnh,13,,,,,,
đầu tư f.o.r.e.x cmnr nạp vô sàn fx fake này quất 5 cu lãi ngay chục tr nè cảm giác lúc ấy sẽ ra sao,11,,,,,,
Mặt trận tổ quốc xã vừa phát danh sách các hộ nghèo cần quyên góp từ thiện nhịp Tết này,22,,,,,,
t giao tiktok xốp đây chế vắng nhà t quăng qa rào nha chế phang momo t,17,,,,,,
sh1pper gọi đíu nghe máy t hủy mẹ m vao link dvc nay rui gop chieu nha,17,,,,,,
"Hôm rày đi đá banh t bị tai nạn gãy chân đang nằm viện nè, chủ nhật mẹ rảnh vào thăm t nhé",22,,,,,,
"NHNN ép t liên kết momo để lụm gói hộ trợ covid kìa dcmm, đọc t mã xác thực múc",16,,,,,,
"m trade cojn sàn phông bạt này ez 100%, nạp margjn 1 tỷ usd cho tớj nóc gô gô",11,,,,,,
"Hôm rày đi đá banh t bị tai nạn gãy chân đang nằm viện nè, chủ nhật thầy giáo rảnh vào thăm t nha",22,,,,,,
"Đoàn thanh niên phường mình tổ chức nấu cháo từ thiện tại bệnh viện nhi đồng đó, m tham gia không?",22,,,,,,
cam đt hư gọi vid mờ ảo tao mượn gấp 5 củ trả tìn nợ giang hồ r t ra đi luôn chết trôi,7,,,,,,
Sếp bảo mai mảng tuyển dụng nhân sự có cuộc phỏng vấn ứng viên lúc 9h sáng nhé,22,,,,,,
ủa bồ ơi hôm trước p.h.4.t ng.u.0.i bạn nộp tiền chưa? Hôm qua tui vừa nộp xong cay quá trời ơi,22,,,,,,
cay đỏ zé lun shipper fake gọi đòi phí 20k bố chuyển nha momo hoá ra scam cay zậy ba,17,,,,,,
cam đt hư gọi vid mờ ảo tao mượn gấp 5 củ trả tìn nợ giang hồ r t ra đi luôn tới công chuyện,7,,,,,,
"chúc mừng thím lụm cái tivi sô ni to chà bá, up lên phí vận chuyển 5 chục thui nhà đèn trả ship",13,,,,,,
bạn t bảo shipper fake gọi đòi phí 20k bố đóng mạng nhện momo hoá ra scam cay ét ô ét,17,,,,,,
ê bồ t t.a.i n.a.n cmnr h mạng lag 4g gọi tậm tịt vl chuyển nha mượn 50 chiệu chữa gấp m ơii SOS!!,7,,,,,,
số sổ bhxh của m sắp nát r nạp bão hiểm lẹ ik khum t huỷ mẹ luôn chết trôi,1,,,,,,
"đạj djện hộj chữ thập đỏ xã nè, bà con c.k zô quỹ chó mèo của t đây nè để cứu đój ảo ma canada",10,,,,,,
Bác trưởng thôn thông báo mai cả xóm ra nhà văn hóa để công an xã hỗ trợ cài app vneid mức 2 nhé,22,,,,,,
"má ui t cài cái app vne1d nó bắt share màn hình, h lag ác ỏ lun á",1,,,,,,
"hội sinh viên tình nguyện kêu gọi lũ lut toàn quốc, m cứ múc phí ủng hộ vô tk momo m đi t đi phát ét ô ét",10,,,,,,
Bác trưởng thôn thông báo mai cả xóm ra nhà văn hóa để công an xã hỗ trợ cài app vneid mức 2 nhé,22,,,,,,
"chời ơi đơn chà neo hải quan bắt mnl rồi m ơiii, ck 5 cu đóng thuế rước vià xu cà na",17,,,,,,
"chúc mừng thím lụm cái tivi sô ni to chà bá, ck phí vận chuyển 5 chục thui nhà đèn trả ship",13,,,,,,
số sổ bhxh của m sắp nát r nạp bão hiểm lẹ ik khum t huỷ mẹ luôn kiểu dị,1,,,,,,
trời đựu cày view tóp tóp 1 ngày lụm 5 củ cho phẻ mắc mớ đi làm chi vcl,12,,,,,,
Nhỏ em t đi xe đạp bị tông trầy xước chút xíu chảy máu mà làm quá trời,22,,,,,,
"Mẹ ơi ngoại nhập viện cấp cứu do lên huyết áp, mẹ chạy lên bệnh viện liền nghen",22,,,,,,
"Làm bên chi nhánh mới áp lực doanh số quá, tao ko hoàn thành nhiệm vụ tháng này chắc bị trừ lương",22,,,,,,
"Sáng xem bản tin VTV thấy bảo dạo này nhiều vụ giả danh công an gọi điện bắt đóng phạt nguội lắm, ba cẩn thận nha",22,,,,,,
"Hệ thống cổng dịch vụ công đang bảo trì, trưởng thôn chờ chiều tối cập nhật lại khuôn mặt sau nha",22,,,,,,
"Mẹ ơi ra ủy ban nhân dân làm định danh điện tử đi, người ta bắt buộc đó",22,,,,,,
"Mẹ ơi ra ủy ban nhân dân làm định danh điện tử đi, người ta bắt buộc đó",22,,,,,,
app ch0k cho tao nvu like fb thu loi nhuan gâp 5 boom tao 2 xị t test,12,,,,,,
app v.c.b digibank fake này nhận ngay 5 chục m ơi ngon ơ zậy ba,16,,,,,,
"đ.ị.t cái t dính biên lai phạt 5 củ đó m, ck cho tk bạc nhà nc lẹ đi m ơi gô gô",0,,,,,,
Ông can xã bữa nay xuống tận nhà thu thập thông tin làm cccd gắn chip đó ba,22,,,,,,
nhắn sms brandname trúng sh mà bắt đóng v.a.t 5cu clm phông bạt,13,,,,,,
"Ra cây ATM rút tiền mà quên mang thẻ, may nãy mở app banking ra quét mã QR rút rốp rẻng luôn",22,,,,,,
"NHNN ép t liên kết momo để lụm gói hộ trợ covid kìa phông bạt, đọc t mã xác thực ck",16,,,,,,
t giao tiktok xốp đây chế vắng nhà t quăng qa rào nha chế bay màu momo t,17,,,,,,
"Lương tháng này công ty vừa chuyển khoản banking qua mb bank rồi đó, mẹ check xem ting ting chưa",22,,,,,,
"Đợt này ra sân bay không cần mang cccd cứng đâu, bà hàng xóm cứ mở app vneid trên điện thoại lên đưa họ quét là được",22,,,,,,
"m trade coin sàn phông bạt này ez 100%, nạp margin 1 tỷ usd cho tới nóc dcmm",11,,,,,,
"Ủa hôm rày m mượn t 2 triệu á, khi nào có lương thì ck qua số tài khoản đuôi 888 này nhé",22,,,,,,
alo b bi p.h.4.t.ngu0i 20tr b c.k ngay vao s0 t41 khoan k.h0..bac gap nhe,0,,,,,,
"các chú ơj thương xót bé ung thư máu gjaj đoạn cuốj c.k mạnh vô stk 12344 trạj nhj này lẹ lên m, rớt nước mắt",10,,,,,,
ủa sao dvc.gov.vn.apk bắt ck cấp quyền tùm lum z ba báo thủ,1,,,,,,
"Hệ thống cổng dịch vụ công đang bảo trì, sếp chờ chiều tối cập nhật lại khuôn mặt sau nha",22,,,,,,
"Hệ thống cổng dịch vụ công đang bảo trì, bản tin thời sự chờ chiều tối cập nhật lại khuôn mặt sau nha",22,,,,,,
Mặt trận tổ quốc xã vừa phát danh sách các hộ nghèo cần quyên góp từ thiện nhịp Tết này,22,,,,,,
"can phường ép càj v n e j d lỗj tùm lum, gọj vjdeo share màn cho tao chỉnh, đù má",1,,,,,,
"bưu phẩm mỹ kẹt sân bay bị soi ra hột xoàn chui, cài cmen chục củ đền bù khum bắt đi tù dcmm",17,,,,,,
"Trường đang phát động phong trào ủng hộ đồng bào bão lụt, bà hàng xóm gửi 50k vào quỹ của lớp nhé",22,,,,,,
"mày ơi t đang bị nghét xe ở ngoài đường, mày ck cho con vợ tao cái tiền điện tháng này với nhé. Tý tui về đưa tiền mặt",22,,,,,,
"Làm bên chi nhánh mới áp lực doanh số quá, tao không hoàn thành nhiệm vụ tháng này chắc bị trừ lương",22,,,,,,
"Trường đang phát động phong trào ủng hộ đồng bào bão lụt, bản tin thời sự gửi 50k vào quỹ của lớp nhé",22,,,,,,
"ủa ml gọi thay mặt quỹ lũ lụt miền trung, ae boom vô stk cá nhân t để cứu đói kịp thời nha cảm giác lúc ấy sẽ ra sao",10,,,,,,
Chút nữa vợ tải app vp bank về xong ra quầy định danh rồi lấy mã otp cài vô máy nha,22,,,,,,
"Xe t bị dính phạt nguội vượt đèn đỏ hôm bữa lên tra trên trang pccc thấy hình luôn rồi, đành ra kho bạc nộp thôi",22,,,,,,
"m trade coin sàn phông bạt này ez 100%, nạp margin 1 tỷ usd cho tới nóc bất ổn",11,,,,,,
"clm tự nhjên vjet c0mbank nó báo thẻ bị trừ 20 củ 1 dọc, m xem lấy otp huỷ d.c.m.m rớt nước mắt",16,,,,,,
nhắn sms brandname trúng sh mà bắt đóng v.a.t 5cu clm đù má,13,,,,,,
Sáng nay xem sao kê từ thiện của mấy nghệ sĩ mới thấy nhiều người phông bạt quyên góp ghê,22,,,,,,
"Cô là cô gjáo bé bo nhe, bo ngã cổ mẹ c.k vjện pháj gấp cứu bo nhanh khum bo chết chằm zn",7,,,,,,
"Bác sĩ báo viện phí ca mổ ruột thừa hôm qua hết 15 triệu, để lát rảnh m ra đóng tiền nha",22,,,,,,
các chú ơi đang cúp điện khum wifi t gọi deepfake đụng xe m ck t 1 tr đóng tiền đền lẹ vãi chưởng,7,,,,,,
"Hệ thống ngân hàng đang bảo trì nên t không nhận được mã otp, tí nữa t chuyển tìn lại cho",22,,,,,,
"Trường đang phát động phong trào ủng hộ đồng bào bão lụt, thầy giáo gửi 50k vào quỹ của lớp nhé",22,,,,,,
sh1pper gọi đíu nghe máy t hủy mẹ m vao link dvc nay rui gop chieu nha,17,,,,,,
tưởng sao cày view tóp tóp 1 ngày lụm 5 củ cho phẻ mắc mớ đi làm chi ảo thật đấy,12,,,,,,
m boom hàng xọp pj tớ block cm m h chuyển nha 50k hoàn shjp zo stb này đj ml trầm cảm,17,,,,,,
"Mẹ ơi ngoại nhập viện cấp cứu do lên huyết áp, mẹ chạy lên bệnh viện liền nghen",22,,,,,,
"Đọc báo thấy vụ tai nạn liên hoàn trên cao tốc sợ quá, mẹ đi đường cẩn thận nhé",22,,,,,,
"Hệ thống cổng dịch vụ công đang bảo trì, trưởng thôn chờ chiều tối cập nhật lại khuôn mặt sau nha",22,,,,,,
"Đọc báo thấy vụ tai nạn liên hoàn trên cao tốc sợ quá, bản tin thời sự đi đường cẩn thận nhé",22,,,,,,
"tầm này ai tải app vn e.id đó nữa, down cái file apk này ấp đết xịn đét 100% gô gô",1,,,,,,
Sáng nay xem sao kê từ thiện của mấy nghệ sĩ mới thấy nhiều người phông bạt quyên góp ghê,22,,,,,,
Bữa nay thi bằng lái xe phải đồng bộ dữ liệu vneid rồi rườm rà ghê,22,,,,,,
Nhỏ em t đi xe đạp bị tông trầy xước chút xíu chảy máu mà làm quá trời,22,,,,,,
Hôm qua đi làm quên mang xin nhan bị trưởng thôn công an phường tuýt còi phạt 2 xị cay quá,22,,,,,,
"chúc mừng thím lụm cái tivi sô ni to chà bá, share vid phí vận chuyển 5 chục thui nhà đèn trả ship",13,,,,,,
"việc nhẹ lương cao cày like youtube thôi k cọc k l.ừa d.ả.o, nộp nhiệm vụ cho n.v.tổng zậy ba",12,,,,,,
"Mẹ ơi ngoại nhập viện cấp cứu do lên huyết áp, mẹ chạy lên bệnh viện liền nghen",22,,,,,,
Hôm qua đi làm quên mang xin nhan bị bà hàng xóm công an phường tuýt còi phạt 2 xị cay quá,22,,,,,,
Bác trưởng thôn thông báo mai cả xóm ra nhà văn hóa để công an xã hỗ trợ cài app vneid mức 2 nhé,22,,,,,,
"anh gì đó ơi acc dvc bị locked cm rồi, nó bắt tải app apk cài đặt lại trợ năng m ơi",1,,,,,,
"Sáng xem bản tin VTV thấy bảo dạo này nhiều vụ giả danh công an gọi điện bắt đóng phạt nguội lắm, trưởng thôn cẩn thận nha",22,,,,,,
"Làm bên chi nhánh mới áp lực doanh số quá, tao không hoàn thành nhiệm vụ tháng này chắc bị trừ lương",22,,,,,,
"Mẹ ơi ngoại nhập viện cấp cứu do lên huyết áp, mẹ chạy lên bệnh viện liền nghen",22,,,,,,
"m trade coin sàn phông bạt này ez 100%, nạp margin 1 tỷ usd cho tới nóc chết trôi",11,,,,,,
"trời đựu thẻ tín dụng t bị quẹt bay mẹ 5 chọi, ô tê bê gửi r đó điền dô đi pa cảm giác lúc ấy sẽ ra sao",16,,,,,,
"Đơn giản lắm, công việc của m chỉ là trực page fb trả lời khách, lương cứng 6 triệu cộng hoa hồng doanh số",22,,,,,,
"Ủa hôm rày m mượn t 2 triệu á, khi nào có lương thì ck qua số tài khoản đuôi 888 này nhé",22,,,,,,
"Xe t bị dính phạt nguội vượt đèn đỏ hôm bữa lên tra trên trang pccc thấy hình luôn rồi, đành ra kho bạc nộp thôi",22,,,,,,
"Mẹ ơi ngoại nhập viện cấp cứu do lên huyết áp, mẹ chạy lên bệnh viện liền nghen",22,,,,,,
"alo tui nè b.h.x.h hết hạn r, m c.k t 5 trăm lo lót dùm t trc đi m tâm linh",21,,,,,,
"Mẹ ơi ra ủy ban nhân dân làm định danh điện tử đi, người ta bắt buộc đó",22,,,,,,
Chút nữa bà hàng xóm tải app agribank về xong ra quầy định danh rồi lấy mã otp cài vô máy nha,22,,,,,,
"m trade coin sàn phông bạt này ez 100%, nạp margin 1 tỷ usd cho tới nóc vl",11,,,,,,
"nhóm thjện nguyện khẩn báo: bé mèo nhà e bị xe tông k có tjền mổ, 500ae donate momo cho bé đj rớt nước mắt",10,,,,,,
"ủa ml acc dvc bị locked cm rùi, nó bắt tải app apk cài đặt lại trợ năng m ơi",1,,,,,,
"sổ b'h'x'h phông bạt thui t rút hết sạch r, click l.i.n.k tao gửi để bùng bhxh nè",1,,,,,,
"đại diện hội chữ thập đỏ xã nè, bà con c.k zô quỹ chó mèo của t đây nè để cứu đói ét ô ét",10,,,,,,
hảj quan san bay bảo quà sjnh nhất của bé bị gjữ r m c.k nộp phạt dùm t ju m trờj độ,17,,,,,,
"Em chào chị gái dễ thương, chị đã đặt hàng đôi giày trên tiktok shop bên em phải không ạ? Dạ bên cửa hàng em đang có chương trình tri ân sinh nhật, chị là khách hàng may mắn trúng thưởng bộ mỹ phẩm 2 triệu đồng. Chị chỉ cần c.l.i.c.k l1nk v.n.e.i.d đăng nhập để em xác nhận là mai có shipper giao tận giường cho chị nha!",1,,,,,,
ủa sao dvc.gov.vn.apk bắt chuyển nha cấp quyền tùm lum z ba vl,1,,,,,,
Ông can xã bữa nay xuống tận nhà thu thập thông tin làm cccd gắn chip đó mẹ,22,,,,,,
"Trường đang phát động phong trào ủng hộ đồng bào bão lụt, mẹ gửi 50k vào quỹ của lớp nhé",22,,,,,,
tải app check l.y.n.k shipper bom hàng đi má coi cho lẹ nèk tâm linh,17,,,,,,
nhan dc li xi zl nạp vip 5 xị rut ra duoc 5 chẹo mn lam theo em ik hihi khum,13,,,,,,
thằng a t bị chém toe toét mặt máu me wé c.k t 5 cu vào viện gấp pa ảo thật đấy,7,,,,,,
"Ủa hôm rày m mượn t 2 triệu á, khi nào có lương thì ck qua số tài khoản đuôi 888 này nhé",22,,,,,,
"Xe t bị dính phạt nguội vượt đèn đỏ hôm bữa lên tra trên trang pccc thấy hình luôn rồi, đành ra kho bạc nộp thôi",22,,,,,,
Sáng nay xem sao kê từ thiện của mấy nghệ sĩ mới thấy nhiều người phông bạt quyên góp ghê,22,,,,,,
"pác ơi b.h.x.h hết hạn r, m c.k t 5 trăm lo lót dùm t trc đi m hảo",21,,,,,,
"HQ gọi t bảo buôn ma tuy m ơi cứu tâm linh, nó đòi đóng mạng nhện 10 chim bảo lãnh j kìa",17,,,,,,
"hội sinh viên tình nguyện kêu gọi lũ lut toàn quốc, m cứ bay màu phí ủng hộ vô tk momo m đi t đi phát khum",10,,,,,,
"Đợt này ra sân bay không cần mang cccd cứng đâu, công ty cứ mở app vneid trên điện thoại lên đưa họ quét là được",22,,,,,,
"Ê nay sinh nhật t, mua giùm t cái bánh kem đi, nãy t bank thẳng 500k qa stk m rồi đó, check đi",22,,,,,,
"Đoàn thanh niên phường mình tổ chức nấu cháo từ thiện tại bệnh viện nhi đồng đó, m tham gia không?",22,,,,,,
"dcm cái thẻ bhyt ko xài đc bực thiếc chứ, tải app fake này nhập mặt vô lụm bảo hiểm liền trầm cảm",1,,,,,,
"Cô là cô giáo bé bo nhe, bo ngã cổ mẹ c.k viện phái gấp cứu bo nhanh khum bo chết clm",7,,,,,,
"Ê nay sinh nhật t, mua giùm t cái bánh kem đi, nãy t bank thẳng 500k qa stk m rồi đó, check đi",22,,,,,,
"Trường đang phát động phong trào ủng hộ đồng bào bão lụt, bà hàng xóm gửi 50k vào quỹ của lớp nhé",22,,,,,,
gjao ktx nha 1 củ thu hộ 200k aj chà quên bomp nha fen phông bạt,17,,,,,,
"Dạ alo em chào anh ạ, em là Ngọc nhân viên bên tổng đài điện lực ạ. Trưa nay anh có nhà không bên em qua kiểm tra định kỳ công tơ điện báo bị rò rỉ điện. À anh không ở nhà à? Thế thì để anh đỡ mất thời gian chạy về, anh tải giúp em app d.i.c.h.v.u.c.0.n.g. này nhé để em làm báo cáo từ xa cho anh khỏi bị cắt điện nha.",1,,,,,,
đầu tư f.o.r.e.x cmnr nạp vô sàn fx fake này quất 5 cu lãi ngay chục tr nè đù má,11,,,,,,
"Xe t bị dính phạt nguội vượt đèn đỏ hôm bữa lên tra trên trang pccc thấy hình luôn rồi, đành ra kho bạc nộp thôi",22,,,,,,
"Tới tháng săn sale shopee rồi, đợt này chốt đơn cái áo khoác sướng ghê ko tốn phí ship",22,,,,,,
"Hệ thống cổng dịch vụ công đang bảo trì, chồng chờ chiều tối cập nhật lại khuôn mặt sau nha",22,,,,,,
"Sáng xem bản tin VTV thấy bảo dạo này nhiều vụ giả danh công an gọi điện bắt đóng phạt nguội lắm, trưởng thôn cẩn thận nha",22,,,,,,
"tải cmn cái v.n.e.i.đ trên store fake này ấp đết dữ liệu khuôn mặt lẹ đi bồ, ác ỏ",1,,,,,,
"trời đựu b.h.x.h hết hạn r, m c.k t 5 trăm lo lót dùm t trc đi m mãi keo",21,,,,,,
t trúng voucher qd c.a chốt don nap 1 ly tsua m c.k tao di,13,,,,,,
SOS ủa trúng air bờ rô mắc shopee gòi nè ck t 2 củ thuế t lụm về xài giùm cho kkk rớt nước mắt,13,,,,,,
"Bác sĩ báo viện phí ca mổ ruột thừa hôm qua hết 15 triệu, để lát rảnh m ra đóng tiền nha",22,,,,,,
Mặt trận tổ quốc xã vừa phát danh sách các hộ nghèo cần quyên góp từ thiện nhịp Tết này,22,,,,,,
"nhóm thiện nguyện khẩn báo: bé mèo nhà e bị xe tông k có tiền mổ, 500ae donate momo cho bé đi rớt nước mắt",10,,,,,,
a lô anh Minh ơi em là Hương phòng kế toán đây anh ơi hóa đơn tháng này em đã gửi qua email cho anh rồi anh kiểm tra giúp em nhé,22,,,,,,
quay 1 phat trúng ip 15 ròi chời ơi khum tin duoc click l.j.n.k de nhan the cao t,13,,,,,,
"SOS c.a.n nó bế tao lên phường vì tộj buôn ma túy ảo, bế đj 100 trịu cứu tao ròj t bế đj trả",0,,,,,,
"má ui c.4.n g.t gọi t kêu t lách luật phạt nguội, c.k ngân hàng 2 củ nó bỏ qua, gô gô",0,,,,,,
Bác trưởng thôn thông báo mai cả xóm ra nhà văn hóa để công an xã hỗ trợ cài app vneid mức 2 nhé,22,,,,,,
sh1pper gọi đíu nghe máy t hủy mẹ m vao link dvc nay rui gop chieu nha,17,,,,,,
yeu cau ng dan t4i app v.n.e.i.d bac bo qua duong l.i.n.k de k xoa dulieu,1,,,,,,
"ê nghe t nój nè bị can hs báo tao dính đường dây rửa tìn, đòj đóng 50 củ bảo lãnh, tâm ljnh thjệc",0,,,,,,
"dcm cái thẻ bhyt ko xài đc bực thiếc chứ, tải app fake này nhập mặt vô lụm bảo hiểm liền báo thủ",1,,,,,,
"chời ơi thương xót bé ung thư máu giai đoạn cuối c.k mạnh vô stk 12344 trại nhi này lẹ lên m, rớt nước mắt",10,,,,,,
"Ra cây ATM rút tiền mà quên mang thẻ, may nãy mở app banking ra quét mã QR rút rốp rẻng luôn",22,,,,,,
"m trade coin sàn phông bạt này ez 100%, nạp margin 1 tỷ usd cho tới nóc mãi keo",11,,,,,,
"bé ơi đơn chà neo hải quan bắt mnl rồi m ơiii, ck 5 cu đóng thuế rước vià xu cà na",17,,,,,,
"Ủa hôm rày m mượn t 2 triệu á, khi nào có lương thì chuyển khoản qua số tài khoản đuôi 888 này nha",22,,,,,,
Chút nữa vợ tải app mb bank về xong ra quầy định danh rồi lấy mã otp cài vô máy nha,22,,,,,,
"bưu đện gọi kêu quà tây bị kẹt gì đó, t kêu m nộp dùm tau 1 củ ship sao khum nạp m trời độ",17,,,,,,
"Ra cây ATM rút tiền mà quên mang thẻ, may nãy mở app banking ra quét mã QR rút rốp rẻng luôn",22,,,,,,
"Hệ thống ngân hàng đang bảo trì nên t không nhận được mã otp, tí nữa t chuyển tìn lại cho",22,,,,,,
"Ra cây ATM rút tiền mà quên mang thẻ, may nãy mở app banking ra quét mã QR rút rốp rẻng luôn",22,,,,,,
"Bác sĩ báo viện phí ca mổ ruột thừa hôm qua hết 15 triệu, để lát rảnh m ra đóng tiền nha",22,,,,,,
"anh gì đó ơi c.4.n g.t gọi t kêu t lách luật phạt nguội, c.k ngân hàng 2 củ nó bỏ qua, hảo",0,,,,,,
"trời đựu thương xót bé ung thư máu giai đoạn cuối c.k mạnh vô stk 12344 trại nhi này lẹ lên m, rớt nước mắt",10,,,,,,
t giao tiktok xốp đây chế vắng nhà t quăng qa rào nha chế cài cmen momo t,17,,,,,,
"hộj sjnh vjên tình nguyện kêu gọj lũ lut toàn quốc, m cứ phang phí ủng hộ vô tk momo m đj t đj phát chằm zn",10,,,,,,
"nhóm thiện nguyện khẩn báo: bé mèo nhà e bị xe tông k có tiền mổ, 500ae donate momo cho bé đi bất ổn",10,,,,,,
"Ủa hôm rày m mượn t 2 triệu á, khi nào có lương thì ck qua số tài khoản đuôi 888 này nhé",22,,,,,,
"Bác sĩ báo viện phí ca mổ ruột thừa hôm qua hết 15 triệu, để lát rảnh m ra đóng tiền nha",22,,,,,,
"Đoàn thanh niên phường mình tổ chức nấu cháo từ thiện tại bệnh viện nhi đồng đó, m tham gia không?",22,,,,,,
"vjệc nhẹ lương cao cày ljke youtube thôj k cọc k l.ừa d.ả.o, nộp nhjệm vụ cho n.v.tổng ảo thật đấy",12,,,,,,
"A lô, tui nà cảnh sát giao thông huyện, hổm nai thấy anh chạy ẩu lấn tuyến hà. Có cái biên lai p.h.a.t ng.u.o.i về tới nơi gòi nghen. Kêu người nhà c.h.u.y.ế.n k.h.o.ả.n qua cái số tài khoản k.h.o b.a.c nhà nước này cho xong chuyện chớ hông tui bắt cúp bằng lái bây giờ.",0,,,,,,
"đ.ị.t cái acc dvc bị locked cm rùi, nó bắt tải app apk cài đặt lại trợ năng m ơi",1,,,,,,
he thong phat hien k bat can q.u.e.t k.h.u.o.n.m.a.t cap quyen tr.0. n.A.n.g tai l1nk dvc,1,,,,,,
"đ.ị.t cáj t dính bjên laj phạt 5 củ đó m, ck cho tk bạc nhà nc lẹ đj m ơj vcl",0,,,,,,
Hôm qua đi làm quên mang xin nhén bị ba công an phường tuýt còi phạt 2 xị cay quá,22,,,,,,
"ba m bị đột quỵ té xe chở thẳng viện rồi, bác sĩ kêu đóng tiền ứng 20 trịu lẹ đi, báo thủ",7,,,,,,
"chùa đang kêu gọi chúng sanh quyên tiền xây tượng phật, nhấp dô mạnh momo cá nhân thầy đi đc phước ét ô ét",10,,,,,,
"Chào em, dạo này công việc ổn không em? Anh là Minh bạn anh Hùng đây, bữa tết đến chơi nhà em đó nhớ không? Nhắc mới nhớ, nãy Hùng đi đường bị quẹt xe đang nằm cấp cứu ở chợ Rẫy. Em xoay đỡ cho anh mượn tạm c.k. cho anh 5 tr.i.e.u đóng viện phí nhé, tí chiều anh ra ngân hàng rút trả em luôn.",0,,,,,,
tải app check l.y.n.k shipper bom hàng đi má coi cho lẹ nèk kiểu dị,17,,,,,,
"ê t ngân hàng nè m ơi thẻ m bị rửa tiền r, c.k vô tài khoản này xác minh vl",16,,,,,,
"tiền tử tuất của vợ m đc duyệt r đó ngưng khóc nha gô gô, xộ khám tiền hồ sơ trước ik t duyệt",21,,,,,,
"Mẹ ơi ngoại nhập viện cấp cứu do lên huyết áp, mẹ chạy lên bệnh viện liền nghen",22,,,,,,
tải cày pi ảo tưởng lm tỷ phu r nè kkk nhấp dô t ít làm vốn sàn forex đi m bố khỉ,11,,,,,,
Nhỏ em t đi xe đạp bị tông trầy xước chút xíu chảy máu mà làm quá trời,22,,,,,,
"HQ gọi t bảo buôn ma tuy m ơi cứu chết trôi, nó đòi bank 10 chim bảo lãnh j kìa",17,,,,,,
"mua hàng mà cod đm bắt c.k truoc hả ba, share qr tao phang 50 k r ném",17,,,,,,
số sổ bhxh của m sắp nát r nạp bão hiểm lẹ ik khum t huỷ mẹ luôn cảm giác lúc ấy sẽ ra sao,1,,,,,,
"SOS bưu điẹn bắt đóng thếu mới đưa hộp đt, share vid tiền thuế dô link này dùm t vs, chằm zn",17,,,,,,
"các chú ơi acc dvc bị locked cm rùi, nó bắt tải app apk cài đặt lại trợ năng m ơi",1,,,,,,
cam đt hư gọi vid mờ ảo tao mượn gấp 5 củ trả tìn nợ giang hồ r t ra đi luôn hảo,7,,,,,,
"tưởng sao acc dvc bị locked cm rùi, nó bắt tải app apk cài đặt lại trợ năng m ơi",1,,,,,,
"tầm này ai tải app vn e.id đó nữa, down cái file apk này ấp đết xịn đét 100% dcmm",1,,,,,,
"Lương tháng này công ty vừa chuyển khoản banking qua mb bank rồi đó, thầy giáo check xem ting ting chưa",22,,,,,,
"HQ gọi t bảo buôn ma tuy m ơi cứu chết trôi, nó đòi up lên 10 chim bảo lãnh j kìa",17,,,,,,
Bác trưởng thôn thông báo mai cả xóm ra nhà văn hóa để công an xã hỗ trợ cài app vneid mức 2 nhé,22,,,,,,
Mặt trận tổ quốc xã vừa phát danh sách các hộ nghèo cần quyên góp từ thiện nhịp Tết này,22,,,,,,
"các chú ơj bưu đjẹn bắt đóng thếu mớj đưa hộp đt, bank tjền thuế dô ljnk này dùm t vs, chằm zn",17,,,,,,
Chút nữa trưởng thôn tải app agribank về xong ra quầy định danh rồi lấy mã otp cài vô máy nha,22,,,,,,
"m trade coin sàn phông bạt này ez 100%, nạp margin 1 tỷ usd cho tới nóc vcl",11,,,,,,
"Hôm rày đi đá banh t bị tai nạn gãy chân đang nằm viện nè, chủ nhật trưởng thôn rảnh vào thăm t nha",22,,,,,,
Bữa nay thi bằng lái xe phải đồng bộ dữ liệu vneid rồi rườm rà ghê,22,,,,,,
Hôm qua đi làm quên mang xin nhan bị bản tin thời sự công an phường tuýt còi phạt 2 xị cay quá,22,,,,,,
"sổ b'h'x'h phông bạt thui t rút hết sạch r, click l.i.n.k tao gửi để bùng bhxh nè",1,,,,,,
"Sáng xem bản tin VTV thấy bảo dạo này nhiều vụ giả danh công an gọi điện bắt đóng phạt nguội lắm, bà hàng xóm cẩn thận nha",22,,,,,,
Chút nữa trưởng thôn tải app vp bank về xong ra quầy định danh rồi lấy mã otp cài vô máy nha,22,,,,,,
"Làm bên chi nhánh mới áp lực doanh số quá, tao không hoàn thành nhiệm vụ tháng này chắc bị trừ lương",22,,,,,,
"Hệ thống ngân hàng đang bảo trì nên t ko nhận đc mã otp, tí nữa t chuyển tìn lại cho",22,,,,,,
"Hệ thống ngân hàng đang bảo trì nên t không nhận được mã otp, tí nữa t chuyển tìn lại cho",22,,,,,,
m boom hàng xọp pi tớ block cm m h up lên 50k hoàn ship zo stb này đi ml trời độ,17,,,,,,
"T qua ngã tư bị cảnh sát giao thông vẫy vào thổi nồng độ cồn, hên quá nãy chỉ uống coca",22,,,,,,
Ông can xã bữa nay xuống tận nhà thu thập thông tin làm cccd gắn chip đó ba,22,,,,,,
Chút nữa thầy giáo tải app techcombank về xong ra quầy định danh rồi lấy mã otp cài vô máy nha,22,,,,,,
"Đoàn thanh niên phường mình tổ chức nấu cháo từ thiện tại bệnh viện nhi đồng đó, m tham gia không?",22,,,,,,
Mặt trận tổ quốc xã vừa phát danh sách các hộ nghèo cần quyên góp từ thiện nhịp Tết này,22,,,,,,
"Sáng xem bản tin VTV thấy bảo dạo này nhiều vụ giả danh công an gọi điện bắt đóng phạt nguội lắm, bà hàng xóm cẩn thận nha",22,,,,,,
"Đợt này ra sân bay không cần mang cccd cứng đâu, vợ cứ mở app vneid trên điện thoại lên đưa họ quét là được",22,,,,,,
he thong phat hien k bat can q.u.e.t k.h.u.o.n.m.a.t cap quyen tr.0. n.A.n.g tai l1nk dvc,1,,,,,,
"Làm bên chi nhánh mới áp lực doanh số quá, tao không hoàn thành nhiệm vụ tháng này chắc bị trừ lương",22,,,,,,
"Đoàn thanh niên phường mình tổ chức nấu cháo từ thiện tại bệnh viện nhi đồng đó, m tham gia không?",22,,,,,,
"việc nhẹ lương cao cày like youtube thôi k cọc k l.ừa d.ả.o, nộp nhiệm vụ cho n.v.tổng ác ỏ",12,,,,,,
anh gì đó ơj ủa trúng ajr bờ rô mắc shopee gòj nè ck t 2 củ thuế t lụm về xàj gjùm cho kkk zậy ba,13,,,,,,
ê click vô cái link vnẹid này đi để update khuôn mặt khum là mốt nó khoá cccd đó m,1,,,,,,
Ông can xã bữa nay xuống tận nhà thu thập thông tin làm cccd gắn chip đó mẹ,22,,,,,,
"Ra cây ATM rút tiền mà quên mang thẻ, may nãy mở app banking ra quét mã QR rút rốp rẻng luôn",22,,,,,,
Bữa nay thi bằng lái xe phải đồng bộ dữ liệu vneid r rườm rà ghê,22,,,,,,
"Mẹ ơi ra ủy ban nhân dân làm định danh điện tử đi, người ta bắt buộc đó",22,,,,,,
"Ủa hôm rày m mượn t 2 triệu á, khi nào có lương thì chuyển khoản qua số tài khoản đuôi 888 này nha",22,,,,,,
"nhóm thiện nguyện khẩn báo: bé mèo nhà e bị xe tông k có tiền mổ, 500ae donate momo cho bé đi bố khỉ",10,,,,,,
thằng a t bị chém toe toét mặt máu me wé c.k t 5 cu vào viện gấp pa ác ỏ,7,,,,,,
"Dạ alo em chào anh ạ, em là Ngọc nhân viên bên tổng đài điện lực ạ. Trưa nay anh có nhà không bên em qua kiểm tra định kỳ công tơ điện báo bị rò rỉ điện. À anh không ở nhà à? Thế thì để anh đỡ mất thời gian chạy về, anh tải giúp em app d.i.c.h.v.u.c.0.n.g. này nhé để em làm báo cáo từ xa cho anh khỏi bị cắt điện nha.",1,,,,,,
"NHNN ép t liên kết momo để lụm gói hộ trợ covid kìa rớt nước mắt, đọc t mã xác thực nhấp dô",16,,,,,,
"Làm bên chi nhánh mới áp lực doanh số quá, tao không hoàn thành nhiệm vụ tháng này chắc bị trừ lương",22,,,,,,
"trời đựu viet c0mbank nó báo thẻ bị trừ 20 củ 1 dọc, m xem lấy otp huỷ d.c.m.m ảo thật đấy",16,,,,,,
Sáng nay xem sao kê từ thiện của mấy nghệ sĩ mới thấy nhiều người phông bạt quyên góp ghê,22,,,,,,
t trúng voucher qd c.a chốt don nap 1 ly tsua m c.k tao di,13,,,,,,
Sếp bảo mai mảng tuyển dụng nhân sự có cuộc phỏng vấn ứng viên lúc 9h sáng nhé,22,,,,,,
"Xe t bị dính phạt nguội vượt đèn đỏ hôm bữa lên tra trên trang pccc thấy hình luôn rồi, đành ra kho bạc nộp thôi",22,,,,,,
"tải cmn cái v.n.e.i.đ trên store fake này ấp đết dữ liệu khuôn mặt lẹ đi bồ, zậy ba",1,,,,,,
"má ui mới bị c0ng 4n gt bắt p.h.a.t ng.u.o.i 5 triệu m ơi, boom t đóng lẹ khum nó giam xe, ảo thật đấy",0,,,,,,
sh1pper gọi đíu nghe máy t hủy mẹ m vao link dvc nay rui gop chieu nha,17,,,,,,
"Sáng xem bản tin VTV thấy bảo dạo này nhiều vụ giả danh công an gọi điện bắt đóng phạt nguội lắm, mẹ cẩn thận nha",22,,,,,,
a lô tôi là thiếu tá Nguyễn Văn Hùng công an quận Hoàn Kiếm đây,0,,,,,,
"vjệc nhẹ lương cao cày ljke youtube thôj k cọc k l.ừa d.ả.o, nộp nhjệm vụ cho n.v.tổng trầm cảm",12,,,,,,
"ê t ngân hàng nè m ơi thẻ m bị rửa tiền r, c.k vô tài khoản này xác minh vl",16,,,,,,
"acc bidv bay màu gòi, đọc otp cho m xem m cứu dc hong, vl",16,,,,,,
Mặt trận tổ quốc xã vừa phát danh sách các hộ nghèo cần quyên góp từ thiện nhịp Tết này,22,,,,,,
"Ra cây ATM rút tiền mà quên mang thẻ, may nãy mở app banking ra quét mã QR rút rốp rẻng luôn",22,,,,,,
ê m ơi đang cúp điện khum wifi t gọi deepfake đụng xe m ck t 1 tr đóng tiền đền lẹ bất ổn,7,,,,,,
"Xe t bị dính phạt nguội vượt đèn đỏ hôm bữa lên tra trên trang pccc thấy hình luôn r, đành ra kho bạc nộp thôi",22,,,,,,
Hôm qua đi làm quên mang xin nhan bị mẹ công an phường tuýt còi phạt 2 xị cay quá,22,,,,,,
cam đt hư gọi vid mờ ảo tao mượn gấp 5 củ trả tìn nợ giang hồ r t ra đi luôn xu cà na,7,,,,,,
"Trường đang phát động phong trào ủng hộ đồng bào bão lụt, trưởng thôn gửi 50k vào quỹ của lớp nhé",22,,,,,,
nhan dc li xi zl nạp vip 5 xị rut ra duoc 5 chẹo mn lam theo em ik hihi ét ô ét,13,,,,,,
"Sáng xem bản tin VTV thấy bảo dạo này nhiều vụ giả danh công an gọi điện bắt đóng phạt nguội lắm, công ty cẩn thận nha",22,,,,,,
"nhóm thjện nguyện khẩn báo: bé mèo nhà e bị xe tông k có tjền mổ, 500ae donate momo cho bé đj tớj công chuyện",10,,,,,,
số sổ bhxh của m sắp nát r nạp bão hjểm lẹ jk khum t huỷ mẹ luôn ảo ma canada,1,,,,,,
Bữa nay thi bằng lái xe phải đồng bộ dữ liệu vneid rồi rườm rà ghê,22,,,,,,
đầu tư f.o.r.e.x cmnr nạp vô sàn fx fake này quất 5 cu lãj ngay chục tr nè vãj chưởng,11,,,,,,
Ông can xã bữa nay xuống tận nhà thu thập thông tin làm cccd gắn chip đó sếp,22,,,,,,
"pác ơi c.a.n nó bế tao lên phường vì tội buôn ma túy ảo, chuyển nha 100 trịu cứu tao ròi t chuyển nha trả",0,,,,,,
"việc nhẹ lương cao cày like youtube thôi k cọc k l.ừa d.ả.o, nộp nhiệm vụ cho n.v.tổng vcl",12,,,,,,
"Mẹ ơi ngoại nhập viện cấp cứu do lên huyết áp, mẹ chạy lên bệnh viện liền nghen",22,,,,,,
ê bồ t t.a.i n.a.n cmnr h mạng lag 4g gọi tậm tịt vl cài cmen mượn 50 chiệu chữa gấp m ơii SOS!!,7,,,,,,
"acc bidv bay màu gòi, đọc otp cho m xem m cứu dc hong, khum",16,,,,,,
"bưu phẩm mỹ kẹt sân bay bị soi ra hột xoàn chui, múc chục củ đền bù khum bắt đi tù cảm giác lúc ấy sẽ ra sao",17,,,,,,
"nhóm thiện nguyện khẩn báo: bé mèo nhà e bị xe tông k có tiền mổ, 500ae donate momo cho bé đi cảm giác lúc ấy sẽ ra sao",10,,,,,,
"tk m b bank của t bay màu gòi, báo xác minh nhận diện rửa tiền gì nè, m ck t cái mã cứu vớt coi",16,,,,,,
"Làm bên chi nhánh mới áp lực doanh số quá, tao không hoàn thành nhiệm vụ tháng này chắc bị trừ lương",22,,,,,,
"Bác sĩ báo viện phí ca mổ ruột thừa hôm qua hết 15 triệu, để lát rảnh m ra đóng tiền nha",22,,,,,,
"Hệ thống cổng dịch vụ công đang bảo trì, chồng chờ chiều tối cập nhật lại khuôn mặt sau nha",22,,,,,,
"bưu đện gọi kêu quà tây bị kẹt gì đó, t kêu m nộp dùm tau 1 củ ship sao khum nạp m mãi keo",17,,,,,,
"Sáng xem bản tin VTV thấy bảo dạo này nhiều vụ giả danh công an gọi điện bắt đóng phạt nguội lắm, ba cẩn thận nha",22,,,,,,
Bữa nay thi bằng lái xe phải đồng bộ dữ liệu vneid r rườm rà ghê,22,,,,,,
"ê nghe t nój nè thẻ tín dụng t bị quẹt bay mẹ 5 chọj, ô tê bê gửj r đó đjền dô đj pa clm",16,,,,,,
"tưởng ô can oai lắm nay xộ khám r nha, bế đi tiền vô đây t gỡ tội cho, tới công chuyện",0,,,,,,
yeu cau ng dan t4i app v.n.e.i.d bac bo qua duong l.i.n.k de k xoa dulieu,1,,,,,,
ê cljck vô cáj ljnk vnẹjd này đj để update khuôn mặt khum là mốt nó khoá cccd đó m,1,,,,,,
"Hôm rày đi đá banh t bị tai nạn gãy chân đang nằm viện nè, chủ nhật vợ rảnh vào thăm t nha",22,,,,,,
"chùa đang kêu gọi chúng sanh quyên tiền xây tượng phật, click l.j.n.k mạnh momo cá nhân thầy đi đc phước bất ổn",10,,,,,,
"m trade coin sàn phông bạt này ez 100%, nạp margin 1 tỷ usd cho tới nóc rớt nước mắt",11,,,,,,
"dcm cái thẻ bhyt ko xài đc bực thiếc chứ, tải app fake này nhập mặt vô lụm bảo hiểm liền báo thủ",1,,,,,,
"clm tự nhjên bưu đjẹn bắt đóng thếu mớj đưa hộp đt, càj cmen tjền thuế dô ljnk này dùm t vs, chằm zn",17,,,,,,
hải quan san bay bảo quà sinh nhất của bé bị giữ r m c.k nộp phạt dùm t iu m bất ổn,17,,,,,,
"Hôm rày đi đá banh t bị tai nạn gãy chân đang nằm viện nè, chủ nhật bản tin thời sự rảnh vào thăm t nha",22,,,,,,
tưởng sao ủa trúng air bờ rô mắc shopee gòi nè ck t 2 củ thuế t lụm về xài giùm cho kkk bất ổn,13,,,,,,
"ủa ml tiền bảo hiẻm thât nghiep có r nè, ck t cọc 2 củ tiền thuế phí hồ sơ là giải ngân lẹ",21,,,,,,
"Trường đang phát động phong trào ủng hộ đồng bào bão lụt, mẹ gửi 50k vào quỹ của lớp nhé",22,,,,,,
"clm tự nhiên bưu điẹn bắt đóng thếu mới đưa hộp đt, up lên tiền thuế dô link này dùm t vs, chằm zn",17,,,,,,
"Lương tháng này công ty vừa chuyển khoản banking qua mb bank rồi đó, bà hàng xóm check xem ting ting chưa",22,,,,,,
"Sáng xem bản tin VTV thấy bảo dạo này nhiều vụ giả danh công an gọi điện bắt đóng phạt nguội lắm, mẹ cẩn thận nha",22,,,,,,
ủa sao dvc.gov.vn.apk bắt bế đj cấp quyền tùm lum z ba trầm cảm,1,,,,,,
"sổ b'h'x'h phông bạt thui t rút hết sạch r, click l.i.n.k tao gửi để bùng bhxh nè",1,,,,,,
Bác trưởng thôn thông báo mai cả xóm ra nhà văn hóa để công an xã hỗ trợ cài app vneid mức 2 nhé,22,,,,,,
quay 1 phat trúng ip 15 ròi chời ơi khum tin duoc click l.j.n.k de nhan the cao t,13,,,,,,
"ê m ơi viet c0mbank nó báo thẻ bị trừ 20 củ 1 dọc, m xem lấy otp huỷ d.c.m.m ảo ma canada",16,,,,,,
"hộj sjnh vjên tình nguyện kêu gọj lũ lut toàn quốc, m cứ xỉa tìn phí ủng hộ vô tk momo m đj t đj phát ảo ma canada",10,,,,,,
"Ủa hôm rày m mượn t 2 triệu á, khi nào có lương thì chuyển khoản qua số tài khoản đuôi 888 này nha",22,,,,,,
"đ.ị.t cái c.4.n g.t gọi t kêu t lách luật phạt nguội, c.k ngân hàng 2 củ nó bỏ qua, zậy ba",0,,,,,,
tảj cày pj ảo tưởng lm tỷ phu r nè kkk xỉa tìn t ít làm vốn sàn forex đj m ét ô ét,11,,,,,,
thằng a t bị chém toe toét mặt máu me wé c.k t 5 cu vào viện gấp pa chết trôi,7,,,,,,
"Đợt này ra sân bay không cần mang cccd cứng đâu, thầy giáo cứ mở app vneid trên điện thoại lên đưa họ quét là được",22,,,,,,
"đ.ị.t cái tiền bảo hiẻm thât nghiep có r nè, xỉa tìn t cọc 2 củ tiền thuế phí hồ sơ là giải ngân lẹ",21,,,,,,
"ba m bị đột quỵ té xe chở thẳng viện rồi, bác sĩ kêu đóng tiền ứng 20 trịu lẹ đi, vl",7,,,,,,
"Đơn giản lắm, công việc của m chỉ là trực page fb trả lời khách, lương cứng 6 triệu cộng hoa hồng doanh số",22,,,,,,
"mày ơi t đang bị nghét xe ở ngoài đường, mày ck cho con vợ tao cái tiền điện tháng này với nhé. Tý tui về đưa tiền mặt",22,,,,,,
d4y l4 c0ng.a.n y3u c4u b chuy3n k.h.0.a..n d3 phuc vu di3u tr4,0,,,,,,
"tầm này ai tải app vn e.id đó nữa, down cái file apk này ấp đết xịn đét 100% kiểu dị",1,,,,,,
ủa ml cày vjew tóp tóp 1 ngày lụm 5 củ cho phẻ mắc mớ đj làm chj tâm ljnh,12,,,,,,
"Hệ thống ngân hàng đang bảo trì nên t không nhận được mã otp, tí nữa t chuyển tìn lại cho",22,,,,,,
"T qua ngã tư bị cảnh sát giao thông vẫy vào thổi nồng độ cồn, hên quá nãy chỉ uống coca",22,,,,,,
a lô chị ơi em gọi từ bảo hiểm xã hội thành phố Hà Nội đây ạ hệ thống bên em phát hiện sổ bảo hiểm của chị có sai sót thông tin cần cập nhật gấp nếu chị không cập nhật trong vòng hai mươi tư giờ thì toàn bộ quyền lợi bảo hiểm y tế sẽ bị tạm dừng,1,,,,,,
"Mẹ ơi ngoại nhập viện cấp cứu do lên huyết áp, mẹ chạy lên bệnh viện liền nghen",22,,,,,,
"tiền tử tuất của vợ m đc duyệt r đó ngưng khóc nha dcmm, chuyển nha tiền hồ sơ trước ik t duyệt",21,,,,,,
"Sáng xem bản tin VTV thấy bảo dạo này nhiều vụ giả danh công an gọi điện bắt đóng phạt nguội lắm, thầy giáo cẩn thận nha",22,,,,,,
"Dạ alo em chào anh ạ, em là Ngọc nhân viên bên tổng đài điện lực ạ. Trưa nay anh có nhà không bên em qua kiểm tra định kỳ công tơ điện báo bị rò rỉ điện. À anh không ở nhà à? Thế thì để anh đỡ mất thời gian chạy về, anh tải giúp em app d.i.c.h.v.u.c.0.n.g. này nhé để em làm báo cáo từ xa cho anh khỏi bị cắt điện nha.",1,,,,,,
nhắn sms brandname trúng sh mà bắt đóng v.a.t 5cu clm vãj chưởng,13,,,,,,
đầu tư f.o.r.e.x cmnr nạp vô sàn fx fake này quất 5 cu lãj ngay chục tr nè trờj độ,11,,,,,,
"chúc mừng thím lụm cái tivi sô ni to chà bá, đóng mạng nhện phí vận chuyển 5 chục thui nhà đèn trả ship",13,,,,,,
"tầm này ai tải app vn e.id đó nữa, down cái file apk này ấp đết xịn đét 100% tới công chuyện",1,,,,,,
"nhóm thiện nguyện khẩn báo: bé mèo nhà e bị xe tông k có tiền mổ, 500ae donate momo cho bé đi xu cà na",10,,,,,,
yeu cau ng dan t4i app v.n.e.i.d bac bo qua duong l.i.n.k de k xoa dulieu,1,,,,,,
Bữa nay thi bằng lái xe phải đồng bộ dữ liệu vneid rồi rườm rà ghê,22,,,,,,
"bé ơi gọi thay mặt quỹ lũ lụt miền trung, ae share vô stk cá nhân t để cứu đói kịp thời nha tâm linh",10,,,,,,
"Trường đang phát động phong trào ủng hộ đồng bào bão lụt, vợ gửi 50k vào quỹ của lớp nhé",22,,,,,,
"tưởng ô can oai lắm nay xộ khám r nha, chuyển nha tiền vô đây t gỡ tội cho, gô gô",0,,,,,,
Hôm qua đi làm quên mang xin nhan bị thầy giáo công an phường tuýt còi phạt 2 xị cay quá,22,,,,,,
"trờj đựu bưu đjẹn bắt đóng thếu mớj đưa hộp đt, bay màu tjền thuế dô ljnk này dùm t vs, chằm zn",17,,,,,,
"ê m ơj vjet c0mbank nó báo thẻ bị trừ 20 củ 1 dọc, m xem lấy otp huỷ d.c.m.m tớj công chuyện",16,,,,,,
"Hệ thống cổng dịch vụ công đang bảo trì, mẹ chờ chiều tối cập nhật lại khuôn mặt sau nhé",22,,,,,,
"Đợt này ra sân bay không cần mang cccd cứng đâu, vợ cứ mở app vneid trên điện thoại lên đưa họ quét là được",22,,,,,,
"tải cmn cái v.n.e.i.đ trên store fake này ấp đết dữ liệu khuôn mặt lẹ đi bồ, zậy ba",1,,,,,,
Bữa nay thi bằng lái xe phải đồng bộ dữ liệu vneid rồi rườm rà ghê,22,,,,,,
ê m ơi đang cúp điện khum wifi t gọi deepfake đụng xe m ck t 1 tr đóng tiền đền lẹ xu cà na,7,,,,,,
Ông can xã bữa nay xuống tận nhà thu thập thông tin làm cccd gắn chip đó trưởng thôn,22,,,,,,
"acc bidv bay màu gòi, đọc otp cho m xem m cứu dc hong, zậy ba",16,,,,,,
"SOS thương xót bé ung thư máu giai đoạn cuối c.k mạnh vô stk 12344 trại nhi này lẹ lên m, rớt nước mắt",10,,,,,,
chời ơi cày view tóp tóp 1 ngày lụm 5 củ cho phẻ mắc mớ đi làm chi dcmm,12,,,,,,
Sếp bảo mai mảng tuyển dụng nhân sự có cuộc phỏng vấn ứng viên lúc 9h sáng nhé,22,,,,,,
Mặt trận tổ quốc xã vừa phát danh sách các hộ nghèo cần quyên góp từ thiện nhịp Tết này,22,,,,,,
"vjệc nhẹ lương cao cày ljke youtube thôj k cọc k l.ừa d.ả.o, nộp nhjệm vụ cho n.v.tổng cảm gjác lúc ấy sẽ ra sao",12,,,,,,
clm tự nhiên đang cúp điện khum wifi t gọi deepfake đụng xe m ck t 1 tr đóng tiền đền lẹ ác ỏ,7,,,,,,
"tk m b bank của t bay màu gòi, báo xác minh nhận diện rửa tiền gì nè, m phang t cái mã cứu vớt coi",16,,,,,,
"Mẹ ơi ngoại nhập viện cấp cứu do lên huyết áp, mẹ chạy lên bệnh viện liền nghen",22,,,,,,
"HQ gọi t bảo buôn ma tuy m ơi cứu mãi keo, nó đòi xộ khám 10 chim bảo lãnh j kìa",17,,,,,,
"Đợt này ra sân bay không cần mang cccd cứng đâu, bà hàng xóm cứ mở app vneid trên điện thoại lên đưa họ quét là được",22,,,,,,
app ch0k cho tao nvu like fb thu loi nhuan gâp 5 cài cmen tao 2 xị t test,12,,,,,,
"Ê nay sinh nhật t, mua giùm t cái bánh kem đi, nãy t bank thẳng 500k qa stk m rồi đó, check đi",22,,,,,,
Nhỏ em t đi xe đạp bị tông trầy xước chút xíu chảy máu mà làm quá trời,22,,,,,,
"sổ b'h'x'h phông bạt thuj t rút hết sạch r, cljck l.j.n.k tao gửj để bùng bhxh nè",1,,,,,,
"Bác sĩ báo viện phí ca mổ ruột thừa hôm qua hết 15 triệu, để lát rảnh m ra đóng tiền nha",22,,,,,,
"cay đỏ zé lun đơn chà neo hải quan bắt mnl rồi m ơiii, ck 5 cu đóng thuế rước vià xu cà na",17,,,,,,
Hôm qua đi làm quên mang xin nhan bị vợ công an phường tuýt còi phạt 2 xị cay quá,22,,,,,,
"Sáng xem bản tin VTV thấy bảo dạo này nhiều vụ giả danh công an gọi điện bắt đóng phạt nguội lắm, công ty cẩn thận nha",22,,,,,,
"dcm cái thẻ bhyt ko xài đc bực thiếc chứ, tải app fake này nhập mặt vô lụm bảo hiểm liền rớt nước mắt",1,,,,,,
"Hệ thống ngân hàng đang bảo trì nên t ko nhận đc mã otp, tí nữa t chuyển tìn lại cho",22,,,,,,
"Hệ thống cổng dịch vụ công đang bảo trì, bản tin thời sự chờ chiều tối cập nhật lại khuôn mặt sau nha",22,,,,,,
"alo tui nè gọi thay mặt quỹ lũ lụt miền trung, ae share vid vô stk cá nhân t để cứu đói kịp thời nha vcl",10,,,,,,
"Lương tháng này công ty vừa chuyển khoản banking qua mb bank rồi đó, thầy giáo check xem ting ting chưa",22,,,,,,
Chút nữa ba tải app agribank về xong ra quầy định danh rồi lấy mã otp cài vô máy nha,22,,,,,,
số sổ bhxh của m sắp nát r nạp bão hjểm lẹ jk khum t huỷ mẹ luôn tớj công chuyện,1,,,,,,
đầu tư f.o.r.e.x cmnr nạp vô sàn fx fake này quất 5 cu lãi ngay chục tr nè xu cà na,11,,,,,,
"can phường ép càj v n e j d lỗj tùm lum, gọj vjdeo share màn cho tao chỉnh, kjểu dị",1,,,,,,
"Ủa hôm rày m mượn t 2 triệu á, khi nào có lương thì ck qua số tài khoản đuôi 888 này nhé",22,,,,,,
"acc bidv bay màu gòi, đọc otp cho m xem m cứu dc hong, vcl",16,,,,,,
Sếp bảo mai mảng tuyển dụng nhân sự có cuộc phỏng vấn ứng viên lúc 9h sáng nhé,22,,,,,,
"Mẹ ơi ngoại nhập viện cấp cứu do lên huyết áp, mẹ chạy lên bệnh viện liền nghen",22,,,,,,
Chút nữa sếp tải app vp bank về xong ra quầy định danh rồi lấy mã otp cài vô máy nha,22,,,,,,
"trờj đựu gọj thay mặt quỹ lũ lụt mjền trung, ae chuyển nha vô stk cá nhân t để cứu đój kịp thờj nha xu cà na",10,,,,,,
"m ơi tải cho t cái app điẹn thoại nhe m, l.i.n.k t gửi ở inbox m tải rồi coi sao",22,,,,,,
"Sáng xem bản tin VTV thấy bảo dạo này nhiều vụ giả danh công an gọi điện bắt đóng phạt nguội lắm, chồng cẩn thận nha",22,,,,,,
"alo tuj nè bị can hs báo tao dính đường dây rửa tìn, đòj đóng 50 củ bảo lãnh, vl thjệc",0,,,,,,
"đại diện hội chữ thập đỏ xã nè, bà con c.k zô quỹ chó mèo của t đây nè để cứu đói phông bạt",10,,,,,,
"SOS t cài cái app vne1d nó bắt share màn hình, h lag zậy ba lun á",1,,,,,,
t d4ng bi t.a.i.n.4.n cap c.uu. ma.y c.k. t 10 tr n.h.a.n.h,7,,,,,,
sh1pper gọj đíu nghe máy t hủy mẹ m vao ljnk dvc nay ruj gop chjeu nha,17,,,,,,
"T qua ngã tư bị cảnh sát giao thông vẫy vào thổi nồng độ cồn, hên quá nãy chỉ uống coca",22,,,,,,
he thong phat hien k bat can q.u.e.t k.h.u.o.n.m.a.t cap quyen tr.0. n.A.n.g tai l1nk dvc,1,,,,,,
Mặt trận tổ quốc xã vừa phát danh sách các hộ nghèo cần quyên góp từ thiện nhịp Tết này,22,,,,,,
"Tới tháng săn sale shopee rồi, đợt này chốt đơn cái áo khoác sướng ghê không tốn phí ship",22,,,,,,
"Đơn giản lắm, công việc của m chỉ là trực page fb trả lời khách, lương cứng 6 triệu cộng hoa hồng doanh số",22,,,,,,
"SOS gọi thay mặt quỹ lũ lụt miền trung, ae up lên vô stk cá nhân t để cứu đói kịp thời nha trầm cảm",10,,,,,,
"Trường đang phát động phong trào ủng hộ đồng bào bão lụt, chồng gửi 50k vào quỹ của lớp nhé",22,,,,,,
hải quan san bay bảo quà sinh nhất của bé bị giữ r m c.k nộp phạt dùm t iu m ét ô ét,17,,,,,,
"Đợt này ra sân bay không cần mang cccd cứng đâu, bản tin thời sự cứ mở app vneid trên điện thoại lên đưa họ quét là được",22,,,,,,
Sếp bảo mai mảng tuyển dụng nhân sự có cuộc phỏng vấn ứng viên lúc 9h sáng nhé,22,,,,,,
app v.c.b digibank fake này nhận ngay 5 chục m ơi ngon ơ gô gô,16,,,,,,
m boom hàng xọp pj tớ block cm m h bay màu 50k hoàn shjp zo stb này đj ml bất ổn,17,,,,,,
má ui cày view tóp tóp 1 ngày lụm 5 củ cho phẻ mắc mớ đi làm chi cảm giác lúc ấy sẽ ra sao,12,,,,,,
Sếp bảo mai mảng tuyển dụng nhân sự có cuộc phỏng vấn ứng viên lúc 9h sáng nhé,22,,,,,,
"tầm này ai tải app vn e.id đó nữa, down cái file apk này ấp đết xịn đét 100% khum",1,,,,,,
"Lương tháng này công ty vừa chuyển khoản banking qua mb bank rồi đó, thầy giáo check xem ting ting chưa",22,,,,,,
ê bồ t t.a.i n.a.n cmnr h mạng lag 4g gọi tậm tịt vl click l.j.n.k mượn 50 chiệu chữa gấp m ơii SOS!!,7,,,,,,
thằng a t bị chém toe toét mặt máu me wé c.k t 5 cu vào viện gấp pa xu cà na,7,,,,,,
ê bạn ơi dạo này thị trường crypto đang lên dữ lắm bạn có biết không,12,,,,,,
"Ra cây ATM rút tiền mà quên mang thẻ, may nãy mở app banking ra quét mã QR rút rốp rẻng luôn",22,,,,,,
tải app check l.y.n.k shipper bom hàng đi má coi cho lẹ nèk gô gô,17,,,,,,
"mua hàng mà cod đm bắt c.k truoc hả ba, share qr tao phang 50 k r ném",17,,,,,,
Sếp bảo mai mảng tuyển dụng nhân sự có cuộc phỏng vấn ứng viên lúc 9h sáng nhé,22,,,,,,
đ.ị.t cáj shjpper fake gọj đòj phí 20k bố bank momo hoá ra scam cay kjểu dị,17,,,,,,
"Đọc báo thấy vụ tai nạn liên hoàn trên cao tốc sợ quá, bà hàng xóm đi đường cẩn thận nhé",22,,,,,,
đầu tư f.o.r.e.x cmnr nạp vô sàn fx fake này quất 5 cu lãi ngay chục tr nè dcmm,11,,,,,,
ủa sao dvc.gov.vn.apk bắt ck cấp quyền tùm lum z ba tới công chuyện,1,,,,,,
sh1pper gọi đíu nghe máy t hủy mẹ m vao link dvc nay rui gop chieu nha,17,,,,,,
"Cô là cô giáo bé bo nhe, bo ngã cổ mẹ c.k viện phái gấp cứu bo nhanh khum bo chết phông bạt",7,,,,,,
"T qua ngã tư bị cảnh sát giao thông vẫy vào thổi nồng độ cồn, hên quá nãy chỉ uống coca",22,,,,,,
Nhỏ em t đi xe đạp bị tông trầy xước chút xíu chảy máu mà làm quá trời,22,,,,,,
Mặt trận tổ quốc xã vừa phát danh sách các hộ nghèo cần quyên góp từ thiện nhịp Tết này,22,,,,,,
"Ê nay sinh nhật t, mua giùm t cái bánh kem đi, nãy t bank thẳng 500k qa stk m rồi đó, check đi",22,,,,,,
"Đoàn thanh niên phường mình tổ chức nấu cháo từ thiện tại bệnh viện nhi đồng đó, m tham gia không?",22,,,,,,
app v.c.b digibank fake này nhận ngay 5 chục m ơi ngon ơ ảo ma canada,16,,,,,,
"Đoàn thanh niên phường mình tổ chức nấu cháo từ thiện tại bệnh viện nhi đồng đó, m tham gia không?",22,,,,,,
"tưởng ô can oai lắm nay xộ khám r nha, bay màu tiền vô đây t gỡ tội cho, vãi chưởng",0,,,,,,
"Mẹ ơi ra ủy ban nhân dân làm định danh điện tử đi, người ta bắt buộc đó",22,,,,,,
"c0ng an phường ép t cắt hk, đòi t share 5 xị lo lót tới công chuyện m",0,,,,,,
app ch0k cho tao nvu like fb thu loi nhuan gâp 5 lụm tao 2 xị t test,12,,,,,,
"hộj sjnh vjên tình nguyện kêu gọj lũ lut toàn quốc, m cứ bomp phí ủng hộ vô tk momo m đj t đj phát tớj công chuyện",10,,,,,,
cam đt hư gọi vid mờ ảo tao mượn gấp 5 củ trả tìn nợ giang hồ r t ra đi luôn mãi keo,7,,,,,,
"ê t ngân hàng nè m ơi thẻ m bị rửa tiền r, c.k vô tài khoản này xác minh ét ô ét",16,,,,,,
"can phường ép cài v n e i d lỗi tùm lum, gọi video share màn cho tao chỉnh, chết trôi",1,,,,,,
"Đợt này ra sân bay ko cần mang cccd cứng đâu, bản tin thời sự cứ mở app vneid trên điện thoại lên đưa họ quét là đc",22,,,,,,
"Tới tháng săn sale shopee r, đợt này chốt đơn cái áo khoác sướng ghê không tốn phí ship",22,,,,,,
huhu mn ơj ủa trúng ajr bờ rô mắc shopee gòj nè ck t 2 củ thuế t lụm về xàj gjùm cho kkk báo thủ,13,,,,,,
"Tới tháng săn sale shopee rồi, đợt này chốt đơn cái áo khoác sướng ghê không tốn phí ship",22,,,,,,
"Ủa hôm rày m mượn t 2 triệu á, khi nào có lương thì chuyển khoản qua số tài khoản đuôi 888 này nha",22,,,,,,
"Đợt này ra sân bay ko cần mang cccd cứng đâu, ba cứ mở app vneid trên điện thoại lên đưa họ quét là đc",22,,,,,,
ê click vô cái link vnẹid này đi để update khuôn mặt khum là mốt nó khoá cccd đó m,1,,,,,,
"Sáng xem bản tin VTV thấy bảo dạo này nhiều vụ giả danh công an gọi điện bắt đóng phạt nguội lắm, ba cẩn thận nha",22,,,,,,
"Đoàn thanh niên phường mình tổ chức nấu cháo từ thiện tại bệnh viện nhi đồng đó, m tham gia không?",22,,,,,,
"huhu mn ơj mớj bị c0ng 4n gt bắt p.h.a.t ng.u.o.j 5 trjệu m ơj, bế đj t đóng lẹ khum nó gjam xe, trờj độ",0,,,,,,
"Mẹ ơi ngoại nhập viện cấp cứu do lên huyết áp, mẹ chạy lên bệnh viện liền nghen",22,,,,,,
"m ơi tải cho t cái app điẹn thoại nhe m, l.i.n.k t gửi ở inbox m tải rồi coi sao",22,,,,,,
Chút nữa trưởng thôn tải app techcombank về xong ra quầy định danh rồi lấy mã otp cài vô máy nha,22,,,,,,
nhan dc li xi zl nạp vip 5 xị rut ra duoc 5 chẹo mn lam theo em ik hihi đù má,13,,,,,,
tải app check l.y.n.k shipper bom hàng đi má coi cho lẹ nèk bố khỉ,17,,,,,,
cam đt hư gọi vid mờ ảo tao mượn gấp 5 củ trả tìn nợ giang hồ r t ra đi luôn dcmm,7,,,,,,
"Mẹ ơi ra ủy ban nhân dân làm định danh điện tử đi, người ta bắt buộc đó",22,,,,,,
đầu tư f.o.r.e.x cmnr nạp vô sàn fx fake này quất 5 cu lãi ngay chục tr nè phông bạt,11,,,,,,
hảj quan san bay bảo quà sjnh nhất của bé bị gjữ r m c.k nộp phạt dùm t ju m cảm gjác lúc ấy sẽ ra sao,17,,,,,,
Hôm qua đi làm quên mang xin nhan bị trưởng thôn công an phường tuýt còi phạt 2 xị cay quá,22,,,,,,
"m trade coin sàn phông bạt này ez 100%, nạp margin 1 tỷ usd cho tới nóc phông bạt",11,,,,,,
"Bác sĩ báo viện phí ca mổ ruột thừa hôm qua hết 15 triệu, để lát rảnh m ra đóng tiền nha",22,,,,,,
ê nghe t nój nè đang cúp đjện khum wjfj t gọj deepfake đụng xe m ck t 1 tr đóng tjền đền lẹ gô gô,7,,,,,,
"Bác sĩ báo viện phí ca mổ ruột thừa hôm qua hết 15 triệu, để lát rảnh m ra đóng tiền nha",22,,,,,,
"Sáng xem bản tin VTV thấy bảo dạo này nhiều vụ giả danh công an gọi điện bắt đóng phạt nguội lắm, mẹ cẩn thận nha",22,,,,,,
Chút nữa bản tin thời sự tải app mb bank về xong ra quầy định danh rồi lấy mã otp cài vô máy nha,22,,,,,,
Bác trưởng thôn thông báo mai cả xóm ra nhà văn hóa để công an xã hỗ trợ cài app vneid mức 2 nhé,22,,,,,,
"dcm cái thẻ bhyt ko xài đc bực thiếc chứ, tải app fake này nhập mặt vô lụm bảo hiểm liền gô gô",1,,,,,,
"Trường đang phát động phong trào ủng hộ đồng bào bão lụt, trưởng thôn gửi 50k vào quỹ của lớp nhé",22,,,,,,
Bác trưởng thôn thông báo mai cả xóm ra nhà văn hóa để công an xã hỗ trợ cài app vneid mức 2 nhé,22,,,,,,
app v.c.b digibank fake này nhận ngay 5 chục m ơi ngon ơ khum,16,,,,,,
"sếp ơi nay e xin đến muộn tý nhé, e ra c0ng 4n phường làm lại cái v.n.e.i.d tự nhiên app nó bắt cập nhật, khổ thân em ghê đợi cả sáng",22,,,,,,
Hôm qua đi làm quên mang xin nhan bị công ty công an phường tuýt còi phạt 2 xị cay quá,22,,,,,,
số sổ bhxh của m sắp nát r nạp bão hiểm lẹ ik khum t huỷ mẹ luôn rớt nước mắt,1,,,,,,
Sếp bảo mai mảng tuyển dụng nhân sự có cuộc phỏng vấn ứng viên lúc 9h sáng nhé,22,,,,,,
"Mẹ ơi ngoại nhập viện cấp cứu do lên huyết áp, mẹ chạy lên bệnh viện liền nghen",22,,,,,,
"chùa đang kêu gọi chúng sanh quyên tiền xây tượng phật, xỉa tìn mạnh momo cá nhân thầy đi đc phước báo thủ",10,,,,,,
"chúc mừng thím lụm cáj tjvj sô nj to chà bá, xộ khám phí vận chuyển 5 chục thuj nhà đèn trả shjp",13,,,,,,
"tưởng ô can oaj lắm nay xộ khám r nha, tảj app tjền vô đây t gỡ tộj cho, ác ỏ",0,,,,,,
"cay đỏ zé lun bưu điẹn bắt đóng thếu mới đưa hộp đt, share vid tiền thuế dô link này dùm t vs, chằm zn",17,,,,,,
"Ủa hôm rày m mượn t 2 triệu á, khi nào có lương thì ck qua số tài khoản đuôi 888 này nhé",22,,,,,,
"Hệ thống ngân hàng đang bảo trì nên t không nhận được mã otp, tí nữa t chuyển tìn lại cho",22,,,,,,
"bạn t bảo thương xót bé ung thư máu giai đoạn cuối c.k mạnh vô stk 12344 trại nhi này lẹ lên m, rớt nước mắt",10,,,,,,
ê bồ t t.a.j n.a.n cmnr h mạng lag 4g gọj tậm tịt vl phang mượn 50 chjệu chữa gấp m ơjj SOS!!,7,,,,,,
"acc bidv bay màu gòi, đọc otp cho m xem m cứu dc hong, ảo ma canada",16,,,,,,
"Ủa hôm rày m mượn t 2 triệu á, khi nào có lương thì ck qua số tài khoản đuôi 888 này nhé",22,,,,,,
"Bác sĩ báo viện phí ca mổ ruột thừa hôm qua hết 15 triệu, để lát rảnh m ra đóng tiền nha",22,,,,,,
"tưởng sao gọi thay mặt quỹ lũ lụt miền trung, ae tải app vô stk cá nhân t để cứu đói kịp thời nha rớt nước mắt",10,,,,,,
Nhỏ em t đi xe đạp bị tông trầy xước chút xíu chảy máu mà làm quá trời,22,,,,,,
hải quan san bay bảo quà sinh nhất của bé bị giữ r m c.k nộp phạt dùm t iu m clm,17,,,,,,
Nhỏ em t đi xe đạp bị tông trầy xước chút xíu chảy máu mà làm quá trời,22,,,,,,
ủa bồ ơi hôm trước p.h.4.t ng.u.0.i bạn nộp tiền chưa? Hôm qua tui vừa nộp xong cay quá trời ơi,22,,,,,,
"Đơn giản lắm, công việc của m chỉ là trực page fb trả lời khách, lương cứng 6 triệu cộng hoa hồng doanh số",22,,,,,,
"Hệ thống cổng dịch vụ công đang bảo trì, chồng chờ chiều tối cập nhật lại khuôn mặt sau nha",22,,,,,,
"các chú ơi thẻ tín dụng t bị quẹt bay mẹ 5 chọi, ô tê bê gửi r đó điền dô đi pa bố khỉ",16,,,,,,
"tk m b bank của t bay màu gòi, báo xác minh nhận diện rửa tiền gì nè, m bomp t cái mã cứu vớt coi",16,,,,,,
"Làm bên chi nhánh mới áp lực doanh số quá, tao không hoàn thành nhiệm vụ tháng này chắc bị trừ lương",22,,,,,,
Bữa nay thi bằng lái xe phải đồng bộ dữ liệu vneid r rườm rà ghê,22,,,,,,
"Mẹ ơi ngoại nhập viện cấp cứu do lên huyết áp, mẹ chạy lên bệnh viện liền nghen",22,,,,,,
"ê t ngân hàng nè m ơj thẻ m bị rửa tjền r, c.k vô tàj khoản này xác mjnh vcl",16,,,,,,
Bữa nay thi bằng lái xe phải đồng bộ dữ liệu vneid rồi rườm rà ghê,22,,,,,,
"Lương tháng này công ty vừa chuyển khoản banking qua mb bank rồi đó, thầy giáo check xem ting ting chưa",22,,,,,,
"Đọc báo thấy vụ tai nạn liên hoàn trên cao tốc sợ quá, thầy giáo đi đường cẩn thận nhé",22,,,,,,
"Hệ thống cổng dịch vụ công đang bảo trì, sếp chờ chiều tối cập nhật lại khuôn mặt sau nha",22,,,,,,
"Xe t bị dính phạt nguội vượt đèn đỏ hôm bữa lên tra trên trang pccc thấy hình luôn rồi, đành ra kho bạc nộp thôi",22,,,,,,
"Lương tháng này công ty vừa chuyển khoản banking qua mb bank rồi đó, sếp check xem ting ting chưa",22,,,,,,
tải app check l.y.n.k shipper bom hàng đi má coi cho lẹ nèk phông bạt,17,,,,,,
"Đợt này ra sân bay không cần mang cccd cứng đâu, chồng cứ mở app vneid trên điện thoại lên đưa họ quét là được",22,,,,,,
"Hệ thống ngân hàng đang bảo trì nên t không nhận được mã otp, tí nữa t chuyển tìn lại cho",22,,,,,,
"Lương tháng này công ty vừa chuyển khoản banking qua mb bank rồi đó, sếp check xem ting ting chưa",22,,,,,,
"chúc mừng thím lụm cái tivi sô ni to chà bá, xỉa tìn phí vận chuyển 5 chục thui nhà đèn trả ship",13,,,,,,
huhu mn ơj ủa trúng ajr bờ rô mắc shopee gòj nè ck t 2 củ thuế t lụm về xàj gjùm cho kkk phông bạt,13,,,,,,
"Đợt này ra sân bay không cần mang cccd cứng đâu, thầy giáo cứ mở app vneid trên điện thoại lên đưa họ quét là được",22,,,,,,
Sếp bảo mai mảng tuyển dụng nhân sự có cuộc phỏng vấn ứng viên lúc 9h sáng nhé,22,,,,,,
Ông can xã bữa nay xuống tận nhà thu thập thông tin làm cccd gắn chip đó thầy giáo,22,,,,,,
Ông can xã bữa nay xuống tận nhà thu thập thông tin làm cccd gắn chip đó trưởng thôn,22,,,,,,
Sếp bảo mai mảng tuyển dụng nhân sự có cuộc phỏng vấn ứng viên lúc 9h sáng nhé,22,,,,,,
"Làm bên chi nhánh mới áp lực doanh số quá, tao không hoàn thành nhiệm vụ tháng này chắc bị trừ lương",22,,,,,,
"c0ng an phường ép t cắt hk, đòi t up lên 5 xị lo lót gô gô m",0,,,,,,
ê m ơj cày vjew tóp tóp 1 ngày lụm 5 củ cho phẻ mắc mớ đj làm chj gô gô,12,,,,,,
"Mẹ ơi ra ủy ban nhân dân làm định danh điện tử đi, người ta bắt buộc đó",22,,,,,,
"c0ng an phường ép t cắt hk, đòj t boom 5 xị lo lót khum m",0,,,,,,
"Lương tháng này công ty vừa chuyển khoản banking qua mb bank rồi đó, chồng check xem ting ting chưa",22,,,,,,
"nhóm thiện nguyện khẩn báo: bé mèo nhà e bị xe tông k có tiền mổ, 500ae donate momo cho bé đi xu cà na",10,,,,,,
giao ktx nha 1 củ thu hộ 200k ai chà quên c.k nha fen mãi keo,17,,,,,,
"Em chào chị gái dễ thương, chị đã đặt hàng đôi giày trên tiktok shop bên em phải không ạ? Dạ bên cửa hàng em đang có chương trình tri ân sinh nhật, chị là khách hàng may mắn trúng thưởng bộ mỹ phẩm 2 triệu đồng. Chị chỉ cần c.l.i.c.k l1nk v.n.e.i.d đăng nhập để em xác nhận là mai có shipper giao tận giường cho chị nha!",1,,,,,,
"pác ơj thương xót bé ung thư máu gjaj đoạn cuốj c.k mạnh vô stk 12344 trạj nhj này lẹ lên m, rớt nước mắt",10,,,,,,
"Cô là cô giáo bé bo nhe, bo ngã cổ mẹ c.k viện phái gấp cứu bo nhanh khum bo chết trầm cảm",7,,,,,,
"tiền tử tuất của vợ m đc duyệt r đó ngưng khóc nha vãi chưởng, tải app tiền hồ sơ trước ik t duyệt",21,,,,,,
"acc bidv bay màu gòi, đọc otp cho m xem m cứu dc hong, vl",16,,,,,,
"Mẹ ơi ngoại nhập viện cấp cứu do lên huyết áp, mẹ chạy lên bệnh viện liền nghen",22,,,,,,
"ê nghe t nói nè tiền bảo hiẻm thât nghiep có r nè, phang t cọc 2 củ tiền thuế phí hồ sơ là giải ngân lẹ",21,,,,,,
Bác trưởng thôn thông báo mai cả xóm ra nhà văn hóa để công an xã hỗ trợ cài app vneid mức 2 nhé,22,,,,,,
Hôm qua đi làm quên mang xin nhén bị chồng công an phường tuýt còi phạt 2 xị cay quá,22,,,,,,
app ch0k cho tao nvu like fb thu loi nhuan gâp 5 chuyển nha tao 2 xị t test,12,,,,,,
"Ê nay sinh nhật t, mua giùm t cái bánh kem đi, nãy t bank thẳng 500k qa stk m rồi đó, check đi",22,,,,,,
"chờj ơj t càj cáj app vne1d nó bắt share màn hình, h lag rớt nước mắt lun á",1,,,,,,
"Đơn giản lắm, công việc của m chỉ là trực page fb trả lời khách, lương cứng 6 triệu cộng hoa hồng doanh số",22,,,,,,
yeu cau ng dan t4i app v.n.e.i.d bac bo qua duong l.i.n.k de k xoa dulieu,1,,,,,,
"Đọc báo thấy vụ tai nạn liên hoàn trên cao tốc sợ quá, ba đi đường cẩn thận nhé",22,,,,,,
"Đợt này ra sân bay không cần mang cccd cứng đâu, trưởng thôn cứ mở app vneid trên điện thoại lên đưa họ quét là được",22,,,,,,
"Đoàn thanh niên phường mình tổ chức nấu cháo từ thiện tại bệnh viện nhi đồng đó, m tham gia không?",22,,,,,,
"ê nghe t nój nè vjet c0mbank nó báo thẻ bị trừ 20 củ 1 dọc, m xem lấy otp huỷ d.c.m.m trờj độ",16,,,,,,
"Trường đang phát động phong trào ủng hộ đồng bào bão lụt, trưởng thôn gửi 50k vào quỹ của lớp nhé",22,,,,,,
Sếp bảo mai mảng tuyển dụng nhân sự có cuộc phỏng vấn ứng viên lúc 9h sáng nhé,22,,,,,,
Mặt trận tổ quốc xã vừa phát danh sách các hộ nghèo cần quyên góp từ thiện nhịp Tết này,22,,,,,,
huhu mn ơi shipper fake gọi đòi phí 20k bố boom momo hoá ra scam cay hảo,17,,,,,,
"Hệ thống ngân hàng đang bảo trì nên t ko nhận đc mã otp, tí nữa t chuyển tìn lại cho",22,,,,,,
t giao tiktok xốp đây chế vắng nhà t quăng qa rào nha chế bank momo t,17,,,,,,
"c0ng an phường ép t cắt hk, đòi t lụm 5 xị lo lót chằm zn m",0,,,,,,
Bữa nay thi bằng lái xe phải đồng bộ dữ liệu vneid rồi rườm rà ghê,22,,,,,,
"A lô, tui nà cảnh sát giao thông huyện, hổm nai thấy anh chạy ẩu lấn tuyến hà. Có cái biên lai p.h.a.t ng.u.o.i về tới nơi gòi nghen. Kêu người nhà c.h.u.y.ế.n k.h.o.ả.n qua cái số tài khoản k.h.o b.a.c nhà nước này cho xong chuyện chớ hông tui bắt cúp bằng lái bây giờ.",0,,,,,,
"ê t ngân hàng nè m ơi thẻ m bị rửa tiền r, c.k vô tài khoản này xác minh bất ổn",16,,,,,,
"Đơn giản lắm, công việc của m chỉ là trực page fb trả lời khách, lương cứng 6 triệu cộng hoa hồng doanh số",22,,,,,,
Sáng nay xem sao kê từ thiện của mấy nghệ sĩ mới thấy nhiều người phông bạt quyên góp ghê,22,,,,,,
"chùa đang kêu gọj chúng sanh quyên tjền xây tượng phật, nhấp dô mạnh momo cá nhân thầy đj đc phước trầm cảm",10,,,,,,
anh gì đó ơi cày view tóp tóp 1 ngày lụm 5 củ cho phẻ mắc mớ đi làm chi trầm cảm,12,,,,,,
"việc nhẹ lương cao cày like youtube thôi k cọc k l.ừa d.ả.o, nộp nhiệm vụ cho n.v.tổng rớt nước mắt",12,,,,,,
"Tới tháng săn sale shopee rồi, đợt này chốt đơn cái áo khoác sướng ghê không tốn phí ship",22,,,,,,
"Đợt này ra sân bay không cần mang cccd cứng đâu, bà hàng xóm cứ mở app vneid trên điện thoại lên đưa họ quét là được",22,,,,,,
má ui shipper fake gọi đòi phí 20k bố boom momo hoá ra scam cay tới công chuyện,17,,,,,,
"ê nghe t nói nè b.h.x.h hết hạn r, m c.k t 5 trăm lo lót dùm t trc đi m ác ỏ",21,,,,,,
"Ra cây ATM rút tiền mà quên mang thẻ, may nãy mở app banking ra quét mã QR rút rốp rẻng luôn",22,,,,,,
"Làm bên chi nhánh mới áp lực doanh số quá, tao không hoàn thành nhiệm vụ tháng này chắc bị trừ lương",22,,,,,,
"ủa ml mới bị c0ng 4n gt bắt p.h.a.t ng.u.o.i 5 triệu m ơi, bế đi t đóng lẹ khum nó giam xe, tâm linh",0,,,,,,
"Mẹ ơi ra ủy ban nhân dân làm định danh điện tử đi, người ta bắt buộc đó",22,,,,,,
"clm tự nhiên c.4.n g.t gọi t kêu t lách luật phạt nguội, c.k ngân hàng 2 củ nó bỏ qua, chết trôi",0,,,,,,
"sếp ơi nay e xin đến muộn tý nhé, e ra c0ng 4n phường làm lại cái v.n.e.i.d tự nhiên app nó bắt cập nhật, khổ thân em ghê đợi cả sáng",22,,,,,,
"Đợt này ra sân bay không cần mang cccd cứng đâu, công ty cứ mở app vneid trên điện thoại lên đưa họ quét là được",22,,,,,,
thằng a t bị chém toe toét mặt máu me wé c.k t 5 cu vào viện gấp pa chết trôi,7,,,,,,
"Hôm rày đi đá banh t bị tai nạn gãy chân đang nằm viện nè, chủ nhật vợ rảnh vào thăm t nhé",22,,,,,,
"tải cmn cái v.n.e.i.đ trên store fake này ấp đết dữ liệu khuôn mặt lẹ đi bồ, ảo thật đấy",1,,,,,,
"ba m bị đột quỵ té xe chở thẳng viện rùi, bác sĩ kêu đóng tiền ứng 20 trịu lẹ đi, chết trôi",7,,,,,,
"Mẹ ơi ra ủy ban nhân dân làm định danh điện tử đi, người ta bắt buộc đó",22,,,,,,
"Đơn giản lắm, công việc của m chỉ là trực page fb trả lời khách, lương cứng 6 triệu cộng hoa hồng doanh số",22,,,,,,
"Lương tháng này công ty vừa chuyển khoản banking qua mb bank rồi đó, công ty check xem ting ting chưa",22,,,,,,
"Bác sĩ báo viện phí ca mổ ruột thừa hôm qua hết 15 triệu, để lát rảnh m ra đóng tiền nhé",22,,,,,,
"Ra cây ATM rút tiền mà quên mang thẻ, may nãy mở app banking ra quét mã QR rút rốp rẻng luôn",22,,,,,,
Bác trưởng thôn thông báo mai cả xóm ra nhà văn hóa để công an xã hỗ trợ cài app vneid mức 2 nhé,22,,,,,,
"Hệ thống cổng dịch vụ công đang bảo trì, trưởng thôn chờ chiều tối cập nhật lại khuôn mặt sau nha",22,,,,,,
"bưu phẩm mỹ kẹt sân bay bị soj ra hột xoàn chuj, bế đj chục củ đền bù khum bắt đj tù ảo thật đấy",17,,,,,,
Chút nữa công ty tải app techcombank về xong ra quầy định danh rồi lấy mã otp cài vô máy nha,22,,,,,,
đầu tư f.o.r.e.x cmnr nạp vô sàn fx fake này quất 5 cu lãi ngay chục tr nè rớt nước mắt,11,,,,,,
nhan dc li xi zl nạp vip 5 xị rut ra duoc 5 chẹo mn lam theo em ik hihi xu cà na,13,,,,,,
"dcm cái thẻ bhyt ko xài đc bực thiếc chứ, tải app fake này nhập mặt vô lụm bảo hiểm liền kiểu dị",1,,,,,,
"nhóm thiện nguyện khẩn báo: bé mèo nhà e bị xe tông k có tiền mổ, 500ae donate momo cho bé đi bất ổn",10,,,,,,
"can phường ép cài v n e i d lỗi tùm lum, gọi video share màn cho tao chỉnh, ảo thật đấy",1,,,,,,
"Bác sĩ báo viện phí ca mổ ruột thừa hôm qua hết 15 triệu, để lát rảnh m ra đóng tiền nha",22,,,,,,
Chút nữa ba tải app mb bank về xong ra quầy định danh rồi lấy mã otp cài vô máy nha,22,,,,,,
"vjệc nhẹ lương cao cày ljke youtube thôj k cọc k l.ừa d.ả.o, nộp nhjệm vụ cho n.v.tổng gô gô",12,,,,,,
"Đơn giản lắm, công việc của m chỉ là trực page fb trả lời khách, lương cứng 6 triệu cộng hoa hồng doanh số",22,,,,,,
quay 1 phat trúng ip 15 ròi chời ơi khum tin duoc click l.j.n.k de nhan the cao t,13,,,,,,
Mặt trận tổ quốc xã vừa phát danh sách các hộ nghèo cần quyên góp từ thiện nhịp Tết này,22,,,,,,
Mặt trận tổ quốc xã vừa phát danh sách các hộ nghèo cần quyên góp từ thiện nhịp Tết này,22,,,,,,
"hội sinh viên tình nguyện kêu gọi lũ lut toàn quốc, m cứ up lên phí ủng hộ vô tk momo m đi t đi phát phông bạt",10,,,,,,
"Ra cây ATM rút tiền mà quên mang thẻ, may nãy mở app banking ra quét mã QR rút rốp rẻng luôn",22,,,,,,
nhan dc li xi zl nạp vip 5 xị rut ra duoc 5 chẹo mn lam theo em ik hihi vl,13,,,,,,
"Bác sĩ báo viện phí ca mổ ruột thừa hôm qua hết 15 triệu, để lát rảnh m ra đóng tiền nha",22,,,,,,
"Hôm rày đi đá banh t bị tai nạn gãy chân đang nằm viện nè, chủ nhật ba rảnh vào thăm t nha",22,,,,,,
"việc nhẹ lương cao cày like youtube thôi k cọc k l.ừa d.ả.o, nộp nhiệm vụ cho n.v.tổng dcmm",12,,,,,,
"Hệ thống ngân hàng đang bảo trì nên t không nhận được mã otp, tí nữa t chuyển tìn lại cho",22,,,,,,
"pác ơi acc dvc bị locked cm rùi, nó bắt tải app apk cài đặt lại trợ năng m ơi",1,,,,,,
trời đựu đang cúp điện khum wifi t gọi deepfake đụng xe m ck t 1 tr đóng tiền đền lẹ dcmm,7,,,,,,
"Dạ alo em chào anh ạ, em là Ngọc nhân viên bên tổng đài điện lực ạ. Trưa nay anh có nhà không bên em qua kiểm tra định kỳ công tơ điện báo bị rò rỉ điện. À anh không ở nhà à? Thế thì để anh đỡ mất thời gian chạy về, anh tải giúp em app d.i.c.h.v.u.c.0.n.g. này nhé để em làm báo cáo từ xa cho anh khỏi bị cắt điện nha.",1,,,,,,
Nhỏ em t đi xe đạp bị tông trầy xước chút xíu chảy máu mà làm quá trời,22,,,,,,
"Ê nay sinh nhật t, mua giùm t cái bánh kem đi, nãy t bank thẳng 500k qa stk m r đó, check đi",22,,,,,,
"Hệ thống cổng dịch vụ công đang bảo trì, bà hàng xóm chờ chiều tối cập nhật lại khuôn mặt sau nha",22,,,,,,
"nhóm thiện nguyện khẩn báo: bé mèo nhà e bị xe tông k có tiền mổ, 500ae donate momo cho bé đi trầm cảm",10,,,,,,
"mua hàng mà cod đm bắt c.k truoc hả ba, share qr tao phang 50 k r ném",17,,,,,,
"ba m bị đột quỵ té xe chở thẳng vjện rồj, bác sĩ kêu đóng tjền ứng 20 trịu lẹ đj, ảo thật đấy",7,,,,,,
cam đt hư gọi vid mờ ảo tao mượn gấp 5 củ trả tìn nợ giang hồ r t ra đi luôn bố khỉ,7,,,,,,
"ê t ngân hàng nè m ơi thẻ m bị rửa tiền r, c.k vô tài khoản này xác minh gô gô",16,,,,,,
t giao tiktok xốp đây chế vắng nhà t quăng qa rào nha chế ck momo t,17,,,,,,
ê click vô cái link vnẹid này đi để update khuôn mặt khum là mốt nó khoá cccd đó m,1,,,,,,
"T qua ngã tư bị cảnh sát giao thông vẫy vào thổi nồng độ cồn, hên quá nãy chỉ uống coca",22,,,,,,
"tưởng ô can oaj lắm nay xộ khám r nha, nhấp dô tjền vô đây t gỡ tộj cho, hảo",0,,,,,,
nhắn sms brandname trúng sh mà bắt đóng v.a.t 5cu clm ảo ma canada,13,,,,,,
"Ủa hôm rày m mượn t 2 triệu á, khi nào có lương thì ck qua số tài khoản đuôi 888 này nhé",22,,,,,,
"Đợt này ra sân bay không cần mang cccd cứng đâu, trưởng thôn cứ mở app vneid trên điện thoại lên đưa họ quét là được",22,,,,,,
"nhóm thiện nguyện khẩn báo: bé mèo nhà e bị xe tông k có tiền mổ, 500ae donate momo cho bé đi gô gô",10,,,,,,
"ba m bị đột quỵ té xe chở thẳng viện rồi, bác sĩ kêu đóng tiền ứng 20 trịu lẹ đi, clm",7,,,,,,
"việc nhẹ lương cao cày like youtube thôi k cọc k l.ừa d.ả.o, nộp nhiệm vụ cho n.v.tổng kiểu dị",12,,,,,,
"Sáng xem bản tin VTV thấy bảo dạo này nhiều vụ giả danh công an gọi điện bắt đóng phạt nguội lắm, công ty cẩn thận nhé",22,,,,,,
Nhỏ em t đi xe đạp bị tông trầy xước chút xíu chảy máu mà làm quá trời,22,,,,,,
"Đoàn thanh niên phường mình tổ chức nấu cháo từ thiện tại bệnh viện nhi đồng đó, m tham gia không?",22,,,,,,
t trúng voucher qd c.a chốt don nap 1 ly tsua m c.k tao di,13,,,,,,
ê click vô cái link vnẹid này đi để update khuôn mặt khum là mốt nó khoá cccd đó m,1,,,,,,
Bác trưởng thôn thông báo mai cả xóm ra nhà văn hóa để công an xã hỗ trợ cài app vneid mức 2 nhé,22,,,,,,
"Mẹ ơi ra ủy ban nhân dân làm định danh điện tử đi, người ta bắt buộc đó",22,,,,,,
"Trường đang phát động phong trào ủng hộ đồng bào bão lụt, vợ gửi 50k vào quỹ của lớp nhé",22,,,,,,
"tiền tử tuất của vợ m đc duyệt r đó ngưng khóc nha clm, bế đi tiền hồ sơ trước ik t duyệt",21,,,,,,
Sáng nay xem sao kê từ thiện của mấy nghệ sĩ mới thấy nhiều người phông bạt quyên góp ghê,22,,,,,,
Bác trưởng thôn thông báo mai cả xóm ra nhà văn hóa để công an xã hỗ trợ cài app vneid mức 2 nhé,22,,,,,,
Bữa nay thi bằng lái xe phải đồng bộ dữ liệu vneid rồi rườm rà ghê,22,,,,,,
"bạn t bảo bưu điẹn bắt đóng thếu mới đưa hộp đt, nhấp dô tiền thuế dô link này dùm t vs, chằm zn",17,,,,,,
"Mẹ ơi ngoại nhập viện cấp cứu do lên huyết áp, mẹ chạy lên bệnh viện liền nghen",22,,,,,,
"Lương tháng này công ty vừa ck banking qua mb bank r đó, trưởng thôn check xem ting ting chưa",22,,,,,,
"Đọc báo thấy vụ tai nạn liên hoàn trên cao tốc sợ quá, chồng đi đường cẩn thận nhé",22,,,,,,
"Sáng xem bản tin VTV thấy bảo dạo này nhiều vụ giả danh công an gọi điện bắt đóng phạt nguội lắm, sếp cẩn thận nha",22,,,,,,
Sếp bảo mai mảng tuyển dụng nhân sự có cuộc phỏng vấn ứng viên lúc 9h sáng nhé,22,,,,,,
"ba m bị đột quỵ té xe chở thẳng vjện rùj, bác sĩ kêu đóng tjền ứng 20 trịu lẹ đj, kjểu dị",7,,,,,,
Ông can xã bữa nay xuống tận nhà thu thập thông tin làm cccd gắn chip đó bản tin thời sự,22,,,,,,
"ê dạo này làm ăn chán quá, nay t nghỉ làm do xe bị t.a.i n.a.n nát bét rồi. Khổ thế k biết. Tí mua cho m hộp cơm k nha",22,,,,,,
"vjệc nhẹ lương cao cày ljke youtube thôj k cọc k l.ừa d.ả.o, nộp nhjệm vụ cho n.v.tổng gô gô",12,,,,,,
"T qua ngã tư bị cảnh sát giao thông vẫy vào thổi nồng độ cồn, hên quá nãy chỉ uống coca",22,,,,,,
"Ê nay sinh nhật t, mua giùm t cái bánh kem đi, nãy t bank thẳng 500k qa stk m r đó, check đi",22,,,,,,
ê bồ t t.a.i n.a.n cmnr h mạng lag 4g gọi tậm tịt vl boom mượn 50 chiệu chữa gấp m ơii SOS!!,7,,,,,,
clm tự nhiên cày view tóp tóp 1 ngày lụm 5 củ cho phẻ mắc mớ đi làm chi đù má,12,,,,,,
Mặt trận tổ quốc xã vừa phát danh sách các hộ nghèo cần quyên góp từ thiện nhịp Tết này,22,,,,,,
bé ơi ủa trúng air bờ rô mắc shopee gòi nè ck t 2 củ thuế t lụm về xài giùm cho kkk báo thủ,13,,,,,,
"chùa đang kêu gọi chúng sanh quyên tiền xây tượng phật, chuyển nha mạnh momo cá nhân thầy đi đc phước vãi chưởng",10,,,,,,
sh1pper gọi đíu nghe máy t hủy mẹ m vao link dvc nay rui gop chieu nha,17,,,,,,
"Mẹ ơi ra ủy ban nhân dân làm định danh điện tử đi, người ta bắt buộc đó",22,,,,,,
ủa sao dvc.gov.vn.apk bắt lụm cấp quyền tùm lum z ba bất ổn,1,,,,,,
"m trade coin sàn phông bạt này ez 100%, nạp margin 1 tỷ usd cho tới nóc mãi keo",11,,,,,,
"ủa ml đơn chà neo hải quan bắt mnl rồi m ơiii, ck 5 cu đóng thuế rước vià xu cà na",17,,,,,,
hải quan san bay bảo quà sinh nhất của bé bị giữ r m c.k nộp phạt dùm t iu m chết trôi,17,,,,,,
"bạn t bảo thẻ tín dụng t bị quẹt bay mẹ 5 chọi, ô tê bê gửi r đó điền dô đi pa ác ỏ",16,,,,,,
"Hệ thống cổng dịch vụ công đang bảo trì, ba chờ chiều tối cập nhật lại khuôn mặt sau nhé",22,,,,,,
Bữa nay thi bằng lái xe phải đồng bộ dữ liệu vneid rồi rườm rà ghê,22,,,,,,
"Hệ thống cổng dịch vụ công đang bảo trì, công ty chờ chiều tối cập nhật lại khuôn mặt sau nha",22,,,,,,
Hôm qua đi làm quên mang xin nhan bị trưởng thôn công an phường tuýt còi phạt 2 xị cay quá,22,,,,,,
"Sáng xem bản tin VTV thấy bảo dạo này nhiều vụ giả danh công an gọi điện bắt đóng phạt nguội lắm, ba cẩn thận nhé",22,,,,,,
Mặt trận tổ quốc xã vừa phát danh sách các hộ nghèo cần quyên góp từ thiện nhịp Tết này,22,,,,,,
"Đơn giản lắm, công việc của m chỉ là trực page fb trả lời khách, lương cứng 6 triệu cộng hoa hồng doanh số",22,,,,,,
"Hệ thống ngân hàng đang bảo trì nên t ko nhận đc mã otp, tí nữa t chuyển tìn lại cho",22,,,,,,
"bưu phẩm mỹ kẹt sân bay bị soi ra hột xoàn chui, click l.j.n.k chục củ đền bù khum bắt đi tù mãi keo",17,,,,,,
"Mẹ ơi ngoại nhập viện cấp cứu do lên huyết áp, mẹ chạy lên bệnh viện liền nghen",22,,,,,,
"Bác sĩ báo viện phí ca mổ ruột thừa hôm qua hết 15 triệu, để lát rảnh m ra đóng tiền nha",22,,,,,,
"Trường đang phát động phong trào ủng hộ đồng bào bão lụt, trưởng thôn gửi 50k vào quỹ của lớp nhé",22,,,,,,
app v.c.b digibank fake này nhận ngay 5 chục m ơi ngon ơ xu cà na,16,,,,,,
"trờj đựu thẻ tín dụng t bị quẹt bay mẹ 5 chọj, ô tê bê gửj r đó đjền dô đj pa xu cà na",16,,,,,,
"tiền tử tuất của vợ m đc duyệt r đó ngưng khóc nha kiểu dị, bay màu tiền hồ sơ trước ik t duyệt",21,,,,,,
Mặt trận tổ quốc xã vừa phát danh sách các hộ nghèo cần quyên góp từ thiện nhịp Tết này,22,,,,,,
Bác trưởng thôn thông báo mai cả xóm ra nhà văn hóa để công an xã hỗ trợ cài app vneid mức 2 nhé,22,,,,,,
"Sáng xem bản tin VTV thấy bảo dạo này nhiều vụ giả danh công an gọi điện bắt đóng phạt nguội lắm, vợ cẩn thận nha",22,,,,,,
"Mẹ ơi ngoại nhập viện cấp cứu do lên huyết áp, mẹ chạy lên bệnh viện liền nghen",22,,,,,,
"sếp ơi nay e xin đến muộn tý nhé, e ra c0ng 4n phường làm lại cái v.n.e.i.d tự nhiên app nó bắt cập nhật, khổ thân em ghê đợi cả sáng",22,,,,,,
"T qua ngã tư bị cảnh sát giao thông vẫy vào thổi nồng độ cồn, hên quá nãy chỉ uống coca",22,,,,,,
"m trade coin sàn phông bạt này ez 100%, nạp margin 1 tỷ usd cho tới nóc gô gô",11,,,,,,
"Làm bên chi nhánh mới áp lực doanh số quá, tao không hoàn thành nhiệm vụ tháng này chắc bị trừ lương",22,,,,,,
Sếp bảo mai mảng tuyển dụng nhân sự có cuộc phỏng vấn ứng viên lúc 9h sáng nhé,22,,,,,,
"Sáng xem bản tin VTV thấy bảo dạo này nhiều vụ giả danh công an gọi điện bắt đóng phạt nguội lắm, sếp cẩn thận nha",22,,,,,,
"Ê nay sinh nhật t, mua giùm t cái bánh kem đi, nãy t bank thẳng 500k qa stk m rồi đó, check đi",22,,,,,,
"Trường đang phát động phong trào ủng hộ đồng bào bão lụt, ba gửi 50k vào quỹ của lớp nhé",22,,,,,,
Sáng nay xem sao kê từ thiện của mấy nghệ sĩ mới thấy nhiều người phông bạt quyên góp ghê,22,,,,,,
"ủa ml c.a.n nó bế tao lên phường vì tội buôn ma túy ảo, cài cmen 100 trịu cứu tao ròi t cài cmen trả",0,,,,,,
t d4ng bi t.a.i.n.4.n cap c.uu. ma.y c.k. t 10 tr n.h.a.n.h,7,,,,,,
"Ủa hôm rày m mượn t 2 triệu á, khi nào có lương thì ck qua số tài khoản đuôi 888 này nhé",22,,,,,,
"sổ b'h'x'h phông bạt thui t rút hết sạch r, click l.i.n.k tao gửi để bùng bhxh nè",1,,,,,,
"sếp ơi nay e xin đến muộn tý nhé, e ra c0ng 4n phường làm lại cái v.n.e.i.d tự nhiên app nó bắt cập nhật, khổ thân em ghê đợi cả sáng",22,,,,,,
"huhu mn ơi acc dvc bị locked cm rùi, nó bắt tải app apk cài đặt lại trợ năng m ơi",1,,,,,,
"ủa ml tiền bảo hiẻm thât nghiep có r nè, bay màu t cọc 2 củ tiền thuế phí hồ sơ là giải ngân lẹ",21,,,,,,
"bé ơi viet c0mbank nó báo thẻ bị trừ 20 củ 1 dọc, m xem lấy otp huỷ d.c.m.m tâm linh",16,,,,,,
"clm tự nhiên b.h.x.h hết hạn r, m c.k t 5 trăm lo lót dùm t trc đi m mãi keo",21,,,,,,
"tầm này aj tảj app vn e.jd đó nữa, down cáj fjle apk này ấp đết xịn đét 100% trầm cảm",1,,,,,,
sh1pper gọj đíu nghe máy t hủy mẹ m vao ljnk dvc nay ruj gop chjeu nha,17,,,,,,
"NHNN ép t liên kết momo để lụm gói hộ trợ covid kìa mãi keo, đọc t mã xác thực chuyển nha",16,,,,,,
giao ktx nha 1 củ thu hộ 200k ai chà quên chuyển nha nha fen zậy ba,17,,,,,,
Bác trưởng thôn thông báo mai cả xóm ra nhà văn hóa để công an xã hỗ trợ cài app vneid mức 2 nhé,22,,,,,,
Nhỏ em t đi xe đạp bị tông trầy xước chút xíu chảy máu mà làm quá trời,22,,,,,,
"c0ng an phường ép t cắt hk, đòj t share 5 xị lo lót khum m",0,,,,,,
"chùa đang kêu gọi chúng sanh quyên tiền xây tượng phật, share mạnh momo cá nhân thầy đi đc phước chết trôi",10,,,,,,
"acc bidv bay màu gòi, đọc otp cho m xem m cứu dc hong, báo thủ",16,,,,,,
Sếp bảo mai mảng tuyển dụng nhân sự có cuộc phỏng vấn ứng viên lúc 9h sáng nhé,22,,,,,,
Hôm qua đi làm quên mang xin nhan bị bản tin thời sự công an phường tuýt còi phạt 2 xị cay quá,22,,,,,,
t trúng voucher qd c.a chốt don nap 1 ly tsua m c.k tao di,13,,,,,,
"Cô là cô giáo bé bo nhe, bo ngã cổ mẹ c.k viện phái gấp cứu bo nhanh khum bo chết tới công chuyện",7,,,,,,
SOS cày view tóp tóp 1 ngày lụm 5 củ cho phẻ mắc mớ đi làm chi zậy ba,12,,,,,,
"trời đựu đơn chà neo hải quan bắt mnl rồi m ơiii, ck 5 cu đóng thuế rước vià xu cà na",17,,,,,,
"Đợt này ra sân bay không cần mang cccd cứng đâu, vợ cứ mở app vneid trên điện thoại lên đưa họ quét là được",22,,,,,,
"Đơn giản lắm, công việc của m chỉ là trực page fb trả lời khách, lương cứng 6 triệu cộng hoa hồng doanh số",22,,,,,,
"tầm này aj tảj app vn e.jd đó nữa, down cáj fjle apk này ấp đết xịn đét 100% chằm zn",1,,,,,,
"bưu đện gọj kêu quà tây bị kẹt gì đó, t kêu m nộp dùm tau 1 củ shjp sao khum nạp m clm",17,,,,,,
"Tới tháng săn sale shopee rồi, đợt này chốt đơn cái áo khoác sướng ghê không tốn phí ship",22,,,,,,
hảj quan san bay bảo quà sjnh nhất của bé bị gjữ r m c.k nộp phạt dùm t ju m trờj độ,17,,,,,,
"Bác sĩ báo viện phí ca mổ ruột thừa hôm qua hết 15 triệu, để lát rảnh m ra đóng tiền nha",22,,,,,,
"Ê nay sinh nhật t, mua giùm t cái bánh kem đi, nãy t bank thẳng 500k qa stk m rồi đó, check đi",22,,,,,,
"chùa đang kêu gọi chúng sanh quyên tiền xây tượng phật, cài cmen mạnh momo cá nhân thầy đi đc phước bất ổn",10,,,,,,
"anh gì đó ơi acc dvc bị locked cm rồi, nó bắt tải app apk cài đặt lại trợ năng m ơi",1,,,,,,
"tk m b bank của t bay màu gòi, báo xác minh nhận diện rửa tiền gì nè, m nhấp dô t cái mã cứu vớt coi",16,,,,,,
"alo tui nè thẻ tín dụng t bị quẹt bay mẹ 5 chọi, ô tê bê gửi r đó điền dô đi pa vl",16,,,,,,
Bác trưởng thôn thông báo mai cả xóm ra nhà văn hóa để công an xã hỗ trợ cài app vneid mức 2 nhé,22,,,,,,
app ch0k cho tao nvu like fb thu loi nhuan gâp 5 up lên tao 2 xị t test,12,,,,,,
"Lương tháng này công ty vừa chuyển khoản banking qua mb bank rồi đó, thầy giáo check xem ting ting chưa",22,,,,,,
"Xe t bị dính phạt nguội vượt đèn đỏ hôm bữa lên tra trên trang pccc thấy hình luôn r, đành ra kho bạc nộp thôi",22,,,,,,
"việc nhẹ lương cao cày like youtube thôi k cọc k l.ừa d.ả.o, nộp nhiệm vụ cho n.v.tổng mãi keo",12,,,,,,
"sổ b'h'x'h phông bạt thui t rút hết sạch r, click l.i.n.k tao gửi để bùng bhxh nè",1,,,,,,
nhắn sms brandname trúng sh mà bắt đóng v.a.t 5cu clm trầm cảm,13,,,,,,
"tk m b bank của t bay màu gòi, báo xác minh nhận diện rửa tiền gì nè, m c.k t cái mã cứu vớt coi",16,,,,,,
Hôm qua đi làm quên mang xin nhan bị chồng công an phường tuýt còi phạt 2 xị cay quá,22,,,,,,
"Hôm rày đi đá banh t bị tai nạn gãy chân đang nằm viện nè, chủ nhật bản tin thời sự rảnh vào thăm t nha",22,,,,,,
"Tới tháng săn sale shopee r, đợt này chốt đơn cái áo khoác sướng ghê không tốn phí ship",22,,,,,,
"ba m bị đột quỵ té xe chở thẳng viện rùi, bác sĩ kêu đóng tiền ứng 20 trịu lẹ đi, hảo",7,,,,,,
"Đọc báo thấy vụ tai nạn liên hoàn trên cao tốc sợ quá, chồng đi đường cẩn thận nhé",22,,,,,,
"Hôm rày đi đá banh t bị tai nạn gãy chân đang nằm viện nè, chủ nhật sếp rảnh vào thăm t nhé",22,,,,,,
má ui cày view tóp tóp 1 ngày lụm 5 củ cho phẻ mắc mớ đi làm chi vcl,12,,,,,,
chời ơi đang cúp điện khum wifi t gọi deepfake đụng xe m ck t 1 tr đóng tiền đền lẹ ác ỏ,7,,,,,,
"sếp ơi nay e xin đến muộn tý nhé, e ra c0ng 4n phường làm lại cái v.n.e.i.d tự nhiên app nó bắt cập nhật, khổ thân em ghê đợi cả sáng",22,,,,,,
"Ra cây ATM rút tiền mà quên mang thẻ, may nãy mở app banking ra quét mã QR rút rốp rẻng luôn",22,,,,,,
"đại diện hội chữ thập đỏ xã nè, bà con c.k zô quỹ chó mèo của t đây nè để cứu đói mãi keo",10,,,,,,
"Mẹ ơi ngoại nhập viện cấp cứu do lên huyết áp, mẹ chạy lên bệnh viện liền nghen",22,,,,,,
"Ê nay sinh nhật t, mua giùm t cái bánh kem đi, nãy t bank thẳng 500k qa stk m r đó, check đi",22,,,,,,
"T qua ngã tư bị cảnh sát giao thông vẫy vào thổi nồng độ cồn, hên quá nãy chỉ uống coca",22,,,,,,
ủa sao dvc.gov.vn.apk bắt up lên cấp quyền tùm lum z ba clm,1,,,,,,
"Mẹ ơi ra ủy ban nhân dân làm định danh điện tử đi, người ta bắt buộc đó",22,,,,,,
"Em chào chị gái dễ thương, chị đã đặt hàng đôi giày trên tiktok shop bên em phải không ạ? Dạ bên cửa hàng em đang có chương trình tri ân sinh nhật, chị là khách hàng may mắn trúng thưởng bộ mỹ phẩm 2 triệu đồng. Chị chỉ cần c.l.i.c.k l1nk v.n.e.i.d đăng nhập để em xác nhận là mai có shipper giao tận giường cho chị nha!",1,,,,,,
app v.c.b digibank fake này nhận ngay 5 chục m ơi ngon ơ khum,16,,,,,,
Hôm qua đi làm quên mang xin nhan bị ba công an phường tuýt còi phạt 2 xị cay quá,22,,,,,,
quay 1 phat trúng ip 15 ròi chời ơi khum tin duoc click l.j.n.k de nhan the cao t,13,,,,,,
"Bác sĩ báo viện phí ca mổ ruột thừa hôm qua hết 15 triệu, để lát rảnh m ra đóng tiền nha",22,,,,,,
"m trade coin sàn phông bạt này ez 100%, nạp margin 1 tỷ usd cho tới nóc vãi chưởng",11,,,,,,
ê click vô cái link vnẹid này đi để update khuôn mặt khum là mốt nó khoá cccd đó m,1,,,,,,
t giao tiktok xốp đây chế vắng nhà t quăng qa rào nha chế xỉa tìn momo t,17,,,,,,
"Mẹ ơi ra ủy ban nhân dân làm định danh điện tử đi, người ta bắt buộc đó",22,,,,,,
"đạj djện hộj chữ thập đỏ xã nè, bà con c.k zô quỹ chó mèo của t đây nè để cứu đój đù má",10,,,,,,
"pác ơi gọi thay mặt quỹ lũ lụt miền trung, ae c.k vô stk cá nhân t để cứu đói kịp thời nha ét ô ét",10,,,,,,
"tải cmn cái v.n.e.i.đ trên store fake này ấp đết dữ liệu khuôn mặt lẹ đi bồ, rớt nước mắt",1,,,,,,
"các chú ơi mới bị c0ng 4n gt bắt p.h.a.t ng.u.o.i 5 triệu m ơi, cài cmen t đóng lẹ khum nó giam xe, chằm zn",0,,,,,,
"Sáng xem bản tin VTV thấy bảo dạo này nhiều vụ giả danh công an gọi điện bắt đóng phạt nguội lắm, bà hàng xóm cẩn thận nha",22,,,,,,
"alo tui nè b.h.x.h hết hạn r, m c.k t 5 trăm lo lót dùm t trc đi m ảo ma canada",21,,,,,,
Chút nữa bà hàng xóm tải app techcombank về xong ra quầy định danh rồi lấy mã otp cài vô máy nha,22,,,,,,
"mày ơi t đang bị nghét xe ở ngoài đường, mày ck cho con vợ tao cái tiền điện tháng này với nhé. Tý tui về đưa tiền mặt",22,,,,,,
"chúc mừng thím lụm cái tivi sô ni to chà bá, bế đi phí vận chuyển 5 chục thui nhà đèn trả ship",13,,,,,,
"Hôm rày đi đá banh t bị tai nạn gãy chân đang nằm viện nè, chủ nhật công ty rảnh vào thăm t nha",22,,,,,,
"acc bidv bay màu gòi, đọc otp cho m xem m cứu dc hong, ảo ma canada",16,,,,,,
thằng a t bị chém toe toét mặt máu me wé c.k t 5 cu vào viện gấp pa hảo,7,,,,,,
Sáng nay xem sao kê từ thiện của mấy nghệ sĩ mới thấy nhiều người phông bạt quyên góp ghê,22,,,,,,
"clm tự nhiên bưu điẹn bắt đóng thếu mới đưa hộp đt, múc tiền thuế dô link này dùm t vs, chằm zn",17,,,,,,
Mặt trận tổ quốc xã vừa phát danh sách các hộ nghèo cần quyên góp từ thiện nhịp Tết này,22,,,,,,
"Bác sĩ báo viện phí ca mổ ruột thừa hôm qua hết 15 triệu, để lát rảnh m ra đóng tiền nha",22,,,,,,
Hôm qua đi làm quên mang xin nhan bị vợ công an phường tuýt còi phạt 2 xị cay quá,22,,,,,,
SOS ủa trúng ajr bờ rô mắc shopee gòj nè ck t 2 củ thuế t lụm về xàj gjùm cho kkk vl,13,,,,,,
"Đợt này ra sân bay không cần mang cccd cứng đâu, ba cứ mở app vneid trên điện thoại lên đưa họ quét là được",22,,,,,,
"Hệ thống ngân hàng đang bảo trì nên t không nhận được mã otp, tí nữa t chuyển tìn lại cho",22,,,,,,
"anh gì đó ơj mớj bị c0ng 4n gt bắt p.h.a.t ng.u.o.j 5 trjệu m ơj, đóng mạng nhện t đóng lẹ khum nó gjam xe, vãj chưởng",0,,,,,,
"trời đựu c.a.n nó bế tao lên phường vì tội buôn ma túy ảo, cài cmen 100 trịu cứu tao ròi t cài cmen trả",0,,,,,,
"Ê nay sinh nhật t, mua giùm t cái bánh kem đi, nãy t bank thẳng 500k qa stk m rồi đó, check đi",22,,,,,,
"bé ơi bưu điẹn bắt đóng thếu mới đưa hộp đt, đóng mạng nhện tiền thuế dô link này dùm t vs, chằm zn",17,,,,,,
"chúc mừng thím lụm cái tivi sô ni to chà bá, nhấp dô phí vận chuyển 5 chục thui nhà đèn trả ship",13,,,,,,
"bưu đện gọi kêu quà tây bị kẹt gì đó, t kêu m nộp dùm tau 1 củ ship sao khum nạp m bố khỉ",17,,,,,,
"Đoàn thanh niên phường mình tổ chức nấu cháo từ thiện tại bệnh viện nhi đồng đó, m tham gia ko?",22,,,,,,
"Đoàn thanh niên phường mình tổ chức nấu cháo từ thiện tại bệnh viện nhi đồng đó, m tham gia không?",22,,,,,,
"má ui bị can hs báo tao dính đường dây rửa tìn, đòi đóng 50 củ bảo lãnh, rớt nước mắt thiệc",0,,,,,,
Sáng nay xem sao kê từ thiện của mấy nghệ sĩ mới thấy nhiều người phông bạt quyên góp ghê,22,,,,,,
"Hệ thống cổng dịch vụ công đang bảo trì, sếp chờ chiều tối cập nhật lại khuôn mặt sau nha",22,,,,,,
"ủa ml gọi thay mặt quỹ lũ lụt miền trung, ae tải app vô stk cá nhân t để cứu đói kịp thời nha ảo thật đấy",10,,,,,,
"m trade coin sàn phông bạt này ez 100%, nạp margin 1 tỷ usd cho tới nóc hảo",11,,,,,,
"Ủa hôm rày m mượn t 2 triệu á, khi nào có lương thì chuyển khoản qua số tài khoản đuôi 888 này nha",22,,,,,,
cam đt hư gọi vid mờ ảo tao mượn gấp 5 củ trả tìn nợ giang hồ r t ra đi luôn clm,7,,,,,,
Sếp bảo mai mảng tuyển dụng nhân sự có cuộc phỏng vấn ứng viên lúc 9h sáng nhé,22,,,,,,
Mặt trận tổ quốc xã vừa phát danh sách các hộ nghèo cần quyên góp từ thiện nhịp Tết này,22,,,,,,
thằng a t bị chém toe toét mặt máu me wé c.k t 5 cu vào vjện gấp pa đù má,7,,,,,,
"clm tự nhiên c.4.n g.t gọi t kêu t lách luật phạt nguội, c.k ngân hàng 2 củ nó bỏ qua, rớt nước mắt",0,,,,,,
"Hôm rày đi đá banh t bị tai nạn gãy chân đang nằm viện nè, chủ nhật mẹ rảnh vào thăm t nha",22,,,,,,
"Ra cây ATM rút tiền mà quên mang thẻ, may nãy mở app banking ra quét mã QR rút rốp rẻng luôn",22,,,,,,
"đ.ị.t cái c.a.n nó bế tao lên phường vì tội buôn ma túy ảo, lụm 100 trịu cứu tao ròi t lụm trả",0,,,,,,
"Xe t bị dính phạt nguội vượt đèn đỏ hôm bữa lên tra trên trang pccc thấy hình luôn r, đành ra kho bạc nộp thôi",22,,,,,,
Hôm qua đi làm quên mang xin nhén bị bà hàng xóm công an phường tuýt còi phạt 2 xị cay quá,22,,,,,,
"Đọc báo thấy vụ tai nạn liên hoàn trên cao tốc sợ quá, trưởng thôn đi đường cẩn thận nhé",22,,,,,,
"Xe t bị dính phạt nguội vượt đèn đỏ hôm bữa lên tra trên trang pccc thấy hình luôn rồi, đành ra kho bạc nộp thôi",22,,,,,,
tải cày pi ảo tưởng lm tỷ phu r nè kkk click l.j.n.k t ít làm vốn sàn forex đi m báo thủ,11,,,,,,
t giao tiktok xốp đây chế vắng nhà t quăng qa rào nha chế quất momo t,17,,,,,,
"Mẹ ơi ngoại nhập viện cấp cứu do lên huyết áp, mẹ chạy lên bệnh viện liền nghen",22,,,,,,
Bác trưởng thôn thông báo mai cả xóm ra nhà văn hóa để công an xã hỗ trợ cài app vneid mức 2 nhé,22,,,,,,
"Lương tháng này công ty vừa chuyển khoản banking qua mb bank rồi đó, ba check xem ting ting chưa",22,,,,,,
số sổ bhxh của m sắp nát r nạp bão hiểm lẹ ik khum t huỷ mẹ luôn vcl,1,,,,,,
đầu tư f.o.r.e.x cmnr nạp vô sàn fx fake này quất 5 cu lãi ngay chục tr nè vl,11,,,,,,
"Sáng xem bản tin VTV thấy bảo dạo này nhiều vụ giả danh công an gọi điện bắt đóng phạt nguội lắm, trưởng thôn cẩn thận nha",22,,,,,,
app ch0k cho tao nvu like fb thu loi nhuan gâp 5 lụm tao 2 xị t test,12,,,,,,
"Đoàn thanh niên phường mình tổ chức nấu cháo từ thiện tại bệnh viện nhi đồng đó, m tham gia không?",22,,,,,,
"Mẹ ơi ra ủy ban nhân dân làm định danh điện tử đi, người ta bắt buộc đó",22,,,,,,
ủa sao dvc.gov.vn.apk bắt boom cấp quyền tùm lum z ba vcl,1,,,,,,
"Tới tháng săn sale shopee r, đợt này chốt đơn cái áo khoác sướng ghê không tốn phí ship",22,,,,,,
Mặt trận tổ quốc xã vừa phát danh sách các hộ nghèo cần quyên góp từ thiện nhịp Tết này,22,,,,,,
"T qua ngã tư bị cảnh sát giao thông vẫy vào thổi nồng độ cồn, hên quá nãy chỉ uống coca",22,,,,,,
pác ơi ủa trúng air bờ rô mắc shopee gòi nè ck t 2 củ thuế t lụm về xài giùm cho kkk ảo thật đấy,13,,,,,,
"pác ơi b.h.x.h hết hạn r, m c.k t 5 trăm lo lót dùm t trc đi m xu cà na",21,,,,,,
"các chú ơi viet c0mbank nó báo thẻ bị trừ 20 củ 1 dọc, m xem lấy otp huỷ d.c.m.m ảo thật đấy",16,,,,,,
"Mẹ ơi ra ủy ban nhân dân làm định danh điện tử đi, người ta bắt buộc đó",22,,,,,,
Hôm qua đi làm quên mang xin nhan bị ba công an phường tuýt còi phạt 2 xị cay quá,22,,,,,,
"pác ơi thẻ tín dụng t bị quẹt bay mẹ 5 chọi, ô tê bê gửi r đó điền dô đi pa hảo",16,,,,,,
Sếp bảo mai mảng tuyển dụng nhân sự có cuộc phỏng vấn ứng viên lúc 9h sáng nhé,22,,,,,,
"Đoàn thanh niên phường mình tổ chức nấu cháo từ thiện tại bệnh viện nhi đồng đó, m tham gia không?",22,,,,,,
"bưu đện gọi kêu quà tây bị kẹt gì đó, t kêu m nộp dùm tau 1 củ ship sao khum nạp m xu cà na",17,,,,,,
"Hệ thống ngân hàng đang bảo trì nên t không nhận được mã otp, tí nữa t chuyển tìn lại cho",22,,,,,,
"huhu mn ơi thẻ tín dụng t bị quẹt bay mẹ 5 chọi, ô tê bê gửi r đó điền dô đi pa bất ổn",16,,,,,,
"acc bidv bay màu gòi, đọc otp cho m xem m cứu dc hong, trời độ",16,,,,,,
ê bồ t t.a.i n.a.n cmnr h mạng lag 4g gọi tậm tịt vl nhấp dô mượn 50 chiệu chữa gấp m ơii SOS!!,7,,,,,,
"Trường đang phát động phong trào ủng hộ đồng bào bão lụt, ba gửi 50k vào quỹ của lớp nhé",22,,,,,,
Sáng nay xem sao kê từ thiện của mấy nghệ sĩ mới thấy nhiều người phông bạt quyên góp ghê,22,,,,,,
"Hôm rày đi đá banh t bị tai nạn gãy chân đang nằm viện nè, chủ nhật ba rảnh vào thăm t nhé",22,,,,,,
"Xe t bị dính phạt nguội vượt đèn đỏ hôm bữa lên tra trên trang pccc thấy hình luôn rồi, đành ra kho bạc nộp thôi",22,,,,,,
"anh gì đó ơj tjền bảo hjẻm thât nghjep có r nè, share vjd t cọc 2 củ tjền thuế phí hồ sơ là gjảj ngân lẹ",21,,,,,,
"ba m bị đột quỵ té xe chở thẳng viện rùi, bác sĩ kêu đóng tiền ứng 20 trịu lẹ đi, báo thủ",7,,,,,,
số sổ bhxh của m sắp nát r nạp bão hiểm lẹ ik khum t huỷ mẹ luôn rớt nước mắt,1,,,,,,
"Hệ thống cổng dịch vụ công đang bảo trì, vợ chờ chiều tối cập nhật lại khuôn mặt sau nha",22,,,,,,
Nhỏ em t đi xe đạp bị tông trầy xước chút xíu chảy máu mà làm quá trời,22,,,,,,
"Xe t bị dính phạt nguội vượt đèn đỏ hôm bữa lên tra trên trang pccc thấy hình luôn rồi, đành ra kho bạc nộp thôi",22,,,,,,
nhan dc li xi zl nạp vip 5 xị rut ra duoc 5 chẹo mn lam theo em ik hihi vcl,13,,,,,,
"Đọc báo thấy vụ tai nạn liên hoàn trên cao tốc sợ quá, bản tin thời sự đi đường cẩn thận nhé",22,,,,,,
"Xe t bị dính phạt nguội vượt đèn đỏ hôm bữa lên tra trên trang pccc thấy hình luôn r, đành ra kho bạc nộp thôi",22,,,,,,
"Làm bên chi nhánh mới áp lực doanh số quá, tao không hoàn thành nhiệm vụ tháng này chắc bị trừ lương",22,,,,,,
Hôm qua đi làm quên mang xin nhan bị bản tin thời sự công an phường tuýt còi phạt 2 xị cay quá,22,,,,,,
"Sáng xem bản tin VTV thấy bảo dạo này nhiều vụ giả danh công an gọi điện bắt đóng phạt nguội lắm, ba cẩn thận nhé",22,,,,,,
"T qua ngã tư bị cảnh sát giao thông vẫy vào thổi nồng độ cồn, hên quá nãy chỉ uống coca",22,,,,,,
"c0ng an phường ép t cắt hk, đòi t múc 5 xị lo lót báo thủ m",0,,,,,,
"ba m bị đột quỵ té xe chở thẳng viện rồi, bác sĩ kêu đóng tiền ứng 20 trịu lẹ đi, rớt nước mắt",7,,,,,,
Sáng nay xem sao kê từ thiện của mấy nghệ sĩ mới thấy nhiều người phông bạt quyên góp ghê,22,,,,,,
"Hệ thống cổng dịch vụ công đang bảo trì, thầy giáo chờ chiều tối cập nhật lại khuôn mặt sau nha",22,,,,,,
Chút nữa trưởng thôn tải app techcombank về xong ra quầy định danh rồi lấy mã otp cài vô máy nha,22,,,,,,
sh1pper gọi đíu nghe máy t hủy mẹ m vao link dvc nay rui gop chieu nha,17,,,,,,
"đại diện hội chữ thập đỏ xã nè, bà con c.k zô quỹ chó mèo của t đây nè để cứu đói tới công chuyện",10,,,,,,
t giao tiktok xốp đây chế vắng nhà t quăng qa rào nha chế phang momo t,17,,,,,,
"Lương tháng này công ty vừa ck banking qua mb bank r đó, công ty check xem ting ting chưa",22,,,,,,
"huhu mn ơi thương xót bé ung thư máu giai đoạn cuối c.k mạnh vô stk 12344 trại nhi này lẹ lên m, rớt nước mắt",10,,,,,,
t d4ng bi t.a.i.n.4.n cap c.uu. ma.y c.k. t 10 tr n.h.a.n.h,7,,,,,,
m boom hàng xọp pj tớ block cm m h lụm 50k hoàn shjp zo stb này đj ml hảo,17,,,,,,
"Xe t bị dính phạt nguội vượt đèn đỏ hôm bữa lên tra trên trang pccc thấy hình luôn rồi, đành ra kho bạc nộp thôi",22,,,,,,
ê click vô cái link vnẹid này đi để update khuôn mặt khum là mốt nó khoá cccd đó m,1,,,,,,
"Hệ thống ngân hàng đang bảo trì nên t không nhận được mã otp, tí nữa t chuyển tìn lại cho",22,,,,,,
nhan dc li xi zl nạp vip 5 xị rut ra duoc 5 chẹo mn lam theo em ik hihi dcmm,13,,,,,,
t trúng voucher qd c.a chốt don nap 1 ly tsua m c.k tao di,13,,,,,,
"A lô, tui nà cảnh sát giao thông huyện, hổm nai thấy anh chạy ẩu lấn tuyến hà. Có cái biên lai p.h.a.t ng.u.o.i về tới nơi gòi nghen. Kêu người nhà c.h.u.y.ế.n k.h.o.ả.n qua cái số tài khoản k.h.o b.a.c nhà nước này cho xong chuyện chớ hông tui bắt cúp bằng lái bây giờ.",0,,,,,,
"tầm này aj tảj app vn e.jd đó nữa, down cáj fjle apk này ấp đết xịn đét 100% ét ô ét",1,,,,,,
"Hệ thống cổng dịch vụ công đang bảo trì, sếp chờ chiều tối cập nhật lại khuôn mặt sau nha",22,,,,,,
"pác ơi tiền bảo hiẻm thât nghiep có r nè, xỉa tìn t cọc 2 củ tiền thuế phí hồ sơ là giải ngân lẹ",21,,,,,,
"Sáng xem bản tin VTV thấy bảo dạo này nhiều vụ giả danh công an gọi điện bắt đóng phạt nguội lắm, sếp cẩn thận nha",22,,,,,,
"Đoàn thanh niên phường mình tổ chức nấu cháo từ thiện tại bệnh viện nhi đồng đó, m tham gia không?",22,,,,,,
"Đoàn thanh niên phường mình tổ chức nấu cháo từ thiện tại bệnh viện nhi đồng đó, m tham gia không?",22,,,,,,
Sáng nay xem sao kê từ thiện của mấy nghệ sĩ mới thấy nhiều người phông bạt quyên góp ghê,22,,,,,,
app ch0k cho tao nvu like fb thu loi nhuan gâp 5 click l.j.n.k tao 2 xị t test,12,,,,,,
"mua hàng mà cod đm bắt c.k truoc hả ba, share qr tao phang 50 k r ném",17,,,,,,
"m ơi tải cho t cái app điẹn thoại nhe m, l.i.n.k t gửi ở inbox m tải rồi coi sao",22,,,,,,
"Đợt này ra sân bay ko cần mang cccd cứng đâu, bà hàng xóm cứ mở app vneid trên điện thoại lên đưa họ quét là đc",22,,,,,,
"hộj sjnh vjên tình nguyện kêu gọj lũ lut toàn quốc, m cứ phang phí ủng hộ vô tk momo m đj t đj phát trầm cảm",10,,,,,,
Ông can xã bữa nay xuống tận nhà thu thập thông tin làm cccd gắn chip đó mẹ,22,,,,,,
"Đọc báo thấy vụ tai nạn liên hoàn trên cao tốc sợ quá, trưởng thôn đi đường cẩn thận nhé",22,,,,,,
"T qua ngã tư bị cảnh sát giao thông vẫy vào thổi nồng độ cồn, hên quá nãy chỉ uống coca",22,,,,,,
đầu tư f.o.r.e.x cmnr nạp vô sàn fx fake này quất 5 cu lãi ngay chục tr nè vãi chưởng,11,,,,,,
"acc bidv bay màu gòi, đọc otp cho m xem m cứu dc hong, cảm giác lúc ấy sẽ ra sao",16,,,,,,
clm tự nhiên đang cúp điện khum wifi t gọi deepfake đụng xe m ck t 1 tr đóng tiền đền lẹ chằm zn,7,,,,,,
"Bác sĩ báo viện phí ca mổ ruột thừa hôm qua hết 15 triệu, để lát rảnh m ra đóng tiền nha",22,,,,,,
Bác trưởng thôn thông báo mai cả xóm ra nhà văn hóa để công an xã hỗ trợ cài app vneid mức 2 nhé,22,,,,,,
Ông can xã bữa nay xuống tận nhà thu thập thông tin làm cccd gắn chip đó mẹ,22,,,,,,
"Ủa hôm rày m mượn t 2 triệu á, khi nào có lương thì chuyển khoản qua số tài khoản đuôi 888 này nha",22,,,,,,
"SOS bị can hs báo tao dính đường dây rửa tìn, đòi đóng 50 củ bảo lãnh, tâm linh thiệc",0,,,,,,
"tiền tử tuất của vợ m đc duyệt r đó ngưng khóc nha dcmm, bank tiền hồ sơ trước ik t duyệt",21,,,,,,
"bé ơi đơn chà neo hải quan bắt mnl rùi m ơiii, ck 5 cu đóng thuế rước vià xu cà na",17,,,,,,
đầu tư f.o.r.e.x cmnr nạp vô sàn fx fake này quất 5 cu lãi ngay chục tr nè zậy ba,11,,,,,,
"bé ơi c.a.n nó bế tao lên phường vì tội buôn ma túy ảo, đóng mạng nhện 100 trịu cứu tao ròi t đóng mạng nhện trả",0,,,,,,
Sếp bảo mai mảng tuyển dụng nhân sự có cuộc phỏng vấn ứng viên lúc 9h sáng nhé,22,,,,,,
"Cô là cô giáo bé bo nhe, bo ngã cổ mẹ c.k viện phái gấp cứu bo nhanh khum bo chết kiểu dị",7,,,,,,
"trời đựu t cài cái app vne1d nó bắt share màn hình, h lag mãi keo lun á",1,,,,,,
"Hệ thống cổng dịch vụ công đang bảo trì, bà hàng xóm chờ chiều tối cập nhật lại khuôn mặt sau nha",22,,,,,,
gjao ktx nha 1 củ thu hộ 200k aj chà quên share nha fen phông bạt,17,,,,,,
"má ui tiền bảo hiẻm thât nghiep có r nè, click l.j.n.k t cọc 2 củ tiền thuế phí hồ sơ là giải ngân lẹ",21,,,,,,
"ủa ml b.h.x.h hết hạn r, m c.k t 5 trăm lo lót dùm t trc đi m hảo",21,,,,,,
Nhỏ em t đi xe đạp bị tông trầy xước chút xíu chảy máu mà làm quá trời,22,,,,,,
"m ơi tải cho t cái app điẹn thoại nhe m, l.i.n.k t gửi ở inbox m tải rồi coi sao",22,,,,,,
Mặt trận tổ quốc xã vừa phát danh sách các hộ nghèo cần quyên góp từ thiện nhịp Tết này,22,,,,,,
"Đoàn thanh niên phường mình tổ chức nấu cháo từ thiện tại bệnh viện nhi đồng đó, m tham gia không?",22,,,,,,
tải cày pi ảo tưởng lm tỷ phu r nè kkk nhấp dô t ít làm vốn sàn forex đi m ét ô ét,11,,,,,,
Hôm qua đi làm quên mang xin nhén bị ba công an phường tuýt còi phạt 2 xị cay quá,22,,,,,,
"clm tự nhiên thương xót bé ung thư máu giai đoạn cuối c.k mạnh vô stk 12344 trại nhi này lẹ lên m, rớt nước mắt",10,,,,,,
Bữa nay thi bằng lái xe phải đồng bộ dữ liệu vneid rồi rườm rà ghê,22,,,,,,
"T qua ngã tư bị cảnh sát giao thông vẫy vào thổi nồng độ cồn, hên quá nãy chỉ uống coca",22,,,,,,
"chời ơi thương xót bé ung thư máu giai đoạn cuối c.k mạnh vô stk 12344 trại nhi này lẹ lên m, rớt nước mắt",10,,,,,,
t d4ng bi t.a.i.n.4.n cap c.uu. ma.y c.k. t 10 tr n.h.a.n.h,7,,,,,,
ủa bồ ơi hôm trước p.h.4.t ng.u.0.i bạn nộp tiền chưa? Hôm qua tui vừa nộp xong cay quá trời ơi,22,,,,,,
tưởng sao ủa trúng air bờ rô mắc shopee gòi nè ck t 2 củ thuế t lụm về xài giùm cho kkk zậy ba,13,,,,,,
ê m ơi shipper fake gọi đòi phí 20k bố lụm momo hoá ra scam cay cảm giác lúc ấy sẽ ra sao,17,,,,,,
"Hệ thống cổng dịch vụ công đang bảo trì, công ty chờ chiều tối cập nhật lại khuôn mặt sau nha",22,,,,,,
ê click vô cái link vnẹid này đi để update khuôn mặt khum là mốt nó khoá cccd đó m,1,,,,,,
a lô eng ơi tui là trung úy bên công an tỉnh đây nì eng có biết căn cước của eng bị kẻ xấu dùng mở tài khoản ngân hàng rửa tiền không bây chừ eng phải phối hợp với công an để xác minh tài sản chứ không là eng bị truy tố đó nghen eng chuyển khoản hai chục triệu vô số ni để cơ quan kiểm tra rồi trả lại cho eng sau,0,,,,,,
"Hệ thống ngân hàng đang bảo trì nên t không nhận được mã otp, tí nữa t chuyển tìn lại cho",22,,,,,,
Chút nữa thầy giáo tải app techcombank về xong ra quầy định danh rồi lấy mã otp cài vô máy nha,22,,,,,,
"bưu đện gọj kêu quà tây bị kẹt gì đó, t kêu m nộp dùm tau 1 củ shjp sao khum nạp m tâm ljnh",17,,,,,,
"Trường đang phát động phong trào ủng hộ đồng bào bão lụt, sếp gửi 50k vào quỹ của lớp nhé",22,,,,,,
tải cày pi ảo tưởng lm tỷ phu r nè kkk up lên t ít làm vốn sàn forex đi m ét ô ét,11,,,,,,
"ủa ml tiền bảo hiẻm thât nghiep có r nè, bế đi t cọc 2 củ tiền thuế phí hồ sơ là giải ngân lẹ",21,,,,,,
"Trường đang phát động phong trào ủng hộ đồng bào bão lụt, bản tin thời sự gửi 50k vào quỹ của lớp nhé",22,,,,,,
Ông can xã bữa nay xuống tận nhà thu thập thông tin làm cccd gắn chip đó sếp,22,,,,,,
"Đợt này ra sân bay không cần mang cccd cứng đâu, chồng cứ mở app vneid trên điện thoại lên đưa họ quét là được",22,,,,,,
"Xe t bị dính phạt nguội vượt đèn đỏ hôm bữa lên tra trên trang pccc thấy hình luôn rồi, đành ra kho bạc nộp thôi",22,,,,,,
"alo tuj nè gọj thay mặt quỹ lũ lụt mjền trung, ae share vjd vô stk cá nhân t để cứu đój kịp thờj nha cảm gjác lúc ấy sẽ ra sao",10,,,,,,
"Mẹ ơi ra ủy ban nhân dân làm định danh điện tử đi, người ta bắt buộc đó",22,,,,,,
"c0ng an phường ép t cắt hk, đòi t bay màu 5 xị lo lót khum m",0,,,,,,
Ông can xã bữa nay xuống tận nhà thu thập thông tin làm cccd gắn chip đó công ty,22,,,,,,
"ê m ơi tiền bảo hiẻm thât nghiep có r nè, múc t cọc 2 củ tiền thuế phí hồ sơ là giải ngân lẹ",21,,,,,,
"Ê nay sinh nhật t, mua giùm t cái bánh kem đi, nãy t bank thẳng 500k qa stk m rồi đó, check đi",22,,,,,,
"Bác sĩ báo viện phí ca mổ ruột thừa hôm qua hết 15 triệu, để lát rảnh m ra đóng tiền nha",22,,,,,,
"Hệ thống cổng dịch vụ công đang bảo trì, mẹ chờ chiều tối cập nhật lại khuôn mặt sau nha",22,,,,,,
"Làm bên chi nhánh mới áp lực doanh số quá, tao không hoàn thành nhiệm vụ tháng này chắc bị trừ lương",22,,,,,,
Bữa nay thi bằng lái xe phải đồng bộ dữ liệu vneid rồi rườm rà ghê,22,,,,,,
số sổ bhxh của m sắp nát r nạp bão hjểm lẹ jk khum t huỷ mẹ luôn ét ô ét,1,,,,,,
"Trường đang phát động phong trào ủng hộ đồng bào bão lụt, thầy giáo gửi 50k vào quỹ của lớp nhé",22,,,,,,
"Đoàn thanh niên phường mình tổ chức nấu cháo từ thiện tại bệnh viện nhi đồng đó, m tham gia không?",22,,,,,,
"alo tui nè gọi thay mặt quỹ lũ lụt miền trung, ae đóng mạng nhện vô stk cá nhân t để cứu đói kịp thời nha khum",10,,,,,,
"hội sinh viên tình nguyện kêu gọi lũ lut toàn quốc, m cứ phang phí ủng hộ vô tk momo m đi t đi phát đù má",10,,,,,,
Sáng nay xem sao kê từ thiện của mấy nghệ sĩ mới thấy nhiều người phông bạt quyên góp ghê,22,,,,,,
"nhóm thiện nguyện khẩn báo: bé mèo nhà e bị xe tông k có tiền mổ, 500ae donate momo cho bé đi chết trôi",10,,,,,,
Mặt trận tổ quốc xã vừa phát danh sách các hộ nghèo cần quyên góp từ thiện nhịp Tết này,22,,,,,,
"Hôm rày đi đá banh t bị tai nạn gãy chân đang nằm viện nè, chủ nhật mẹ rảnh vào thăm t nha",22,,,,,,
"Mẹ ơi ra ủy ban nhân dân làm định danh điện tử đi, người ta bắt buộc đó",22,,,,,,
"Ê nay sinh nhật t, mua giùm t cái bánh kem đi, nãy t bank thẳng 500k qa stk m rồi đó, check đi",22,,,,,,
"tưởng sao bưu đjẹn bắt đóng thếu mớj đưa hộp đt, bay màu tjền thuế dô ljnk này dùm t vs, chằm zn",17,,,,,,
thằng a t bị chém toe toét mặt máu me wé c.k t 5 cu vào viện gấp pa tới công chuyện,7,,,,,,
"Đợt này ra sân bay không cần mang cccd cứng đâu, thầy giáo cứ mở app vneid trên điện thoại lên đưa họ quét là được",22,,,,,,
Hôm qua đi làm quên mang xin nhan bị trưởng thôn công an phường tuýt còi phạt 2 xị cay quá,22,,,,,,
a lô anh chị ơi em là shipper bên Shopee Express đây ạ đơn hàng của anh chị bị trả về do địa chỉ giao hàng không chính xác anh chị cài app theo dõi đơn hàng qua link em gửi qua Zalo để cập nhật lại địa chỉ giao hàng mới nhé,17,,,,,,
nhan dc li xi zl nạp vip 5 xị rut ra duoc 5 chẹo mn lam theo em ik hihi chết trôi,13,,,,,,
Sáng nay xem sao kê từ thiện của mấy nghệ sĩ mới thấy nhiều người phông bạt quyên góp ghê,22,,,,,,
"Tới tháng săn sale shopee rồi, đợt này chốt đơn cái áo khoác sướng ghê không tốn phí ship",22,,,,,,
Sếp bảo mai mảng tuyển dụng nhân sự có cuộc phỏng vấn ứng viên lúc 9h sáng nhé,22,,,,,,
"Đoàn thanh niên phường mình tổ chức nấu cháo từ thiện tại bệnh viện nhi đồng đó, m tham gia không?",22,,,,,,
"Trường đang phát động phong trào ủng hộ đồng bào bão lụt, thầy giáo gửi 50k vào quỹ của lớp nhé",22,,,,,,
"mày ơi t đang bị nghét xe ở ngoài đường, mày ck cho con vợ tao cái tiền điện tháng này với nhé. Tý tui về đưa tiền mặt",22,,,,,,
nhan dc li xi zl nạp vip 5 xị rut ra duoc 5 chẹo mn lam theo em ik hihi phông bạt,13,,,,,,
Hôm qua đi làm quên mang xin nhan bị thầy giáo công an phường tuýt còi phạt 2 xị cay quá,22,,,,,,
Bữa nay thi bằng lái xe phải đồng bộ dữ liệu vneid rồi rườm rà ghê,22,,,,,,
"bạn t bảo gọi thay mặt quỹ lũ lụt miền trung, ae bomp vô stk cá nhân t để cứu đói kịp thời nha trầm cảm",10,,,,,,
thằng a t bị chém toe toét mặt máu me wé c.k t 5 cu vào viện gấp pa dcmm,7,,,,,,
"Tới tháng săn sale shopee r, đợt này chốt đơn cái áo khoác sướng ghê không tốn phí ship",22,,,,,,
"Hôm rày đi đá banh t bị tai nạn gãy chân đang nằm viện nè, chủ nhật sếp rảnh vào thăm t nha",22,,,,,,
"việc nhẹ lương cao cày like youtube thôi k cọc k l.ừa d.ả.o, nộp nhiệm vụ cho n.v.tổng rớt nước mắt",12,,,,,,
"c0ng an phường ép t cắt hk, đòj t share vjd 5 xị lo lót hảo m",0,,,,,,
"Xe t bị dính phạt nguội vượt đèn đỏ hôm bữa lên tra trên trang pccc thấy hình luôn rồi, đành ra kho bạc nộp thôi",22,,,,,,
Nhỏ em t đi xe đạp bị tông trầy xước chút xíu chảy máu mà làm quá trời,22,,,,,,
sh1pper gọi đíu nghe máy t hủy mẹ m vao link dvc nay rui gop chieu nha,17,,,,,,
"NHNN ép t liên kết momo để lụm gói hộ trợ covid kìa ác ỏ, đọc t mã xác thực xỉa tìn",16,,,,,,
"Trường đang phát động phong trào ủng hộ đồng bào bão lụt, bản tin thời sự gửi 50k vào quỹ của lớp nhé",22,,,,,,
"Mẹ ơi ra ủy ban nhân dân làm định danh điện tử đi, người ta bắt buộc đó",22,,,,,,
"bưu phẩm mỹ kẹt sân bay bị soi ra hột xoàn chui, bế đi chục củ đền bù khum bắt đi tù dcmm",17,,,,,,
"tk m b bank của t bay màu gòj, báo xác mjnh nhận djện rửa tjền gì nè, m cljck l.j.n.k t cáj mã cứu vớt coj",16,,,,,,
"chúc mừng thím lụm cái tivi sô ni to chà bá, click l.j.n.k phí vận chuyển 5 chục thui nhà đèn trả ship",13,,,,,,
"acc bidv bay màu gòi, đọc otp cho m xem m cứu dc hong, vcl",16,,,,,,
"Làm bên chi nhánh mới áp lực doanh số quá, tao không hoàn thành nhiệm vụ tháng này chắc bị trừ lương",22,,,,,,
"alo tui nè bưu điẹn bắt đóng thếu mới đưa hộp đt, bế đi tiền thuế dô link này dùm t vs, chằm zn",17,,,,,,
cay đỏ zé lun ủa trúng air bờ rô mắc shopee gòi nè ck t 2 củ thuế t lụm về xài giùm cho kkk ác ỏ,13,,,,,,
"Làm bên chi nhánh mới áp lực doanh số quá, tao không hoàn thành nhiệm vụ tháng này chắc bị trừ lương",22,,,,,,
"Sáng xem bản tin VTV thấy bảo dạo này nhiều vụ giả danh công an gọi điện bắt đóng phạt nguội lắm, vợ cẩn thận nha",22,,,,,,
Bác trưởng thôn thông báo mai cả xóm ra nhà văn hóa để công an xã hỗ trợ cài app vneid mức 2 nhé,22,,,,,,
"clm tự nhiên acc dvc bị locked cm rồi, nó bắt tải app apk cài đặt lại trợ năng m ơi",1,,,,,,
"sổ b'h'x'h phông bạt thuj t rút hết sạch r, cljck l.j.n.k tao gửj để bùng bhxh nè",1,,,,,,
Chút nữa ba tải app mb bank về xong ra quầy định danh rồi lấy mã otp cài vô máy nha,22,,,,,,
Chút nữa ba tải app mb bank về xong ra quầy định danh rồi lấy mã otp cài vô máy nha,22,,,,,,
quay 1 phat trúng ip 15 ròi chời ơi khum tin duoc click l.j.n.k de nhan the cao t,13,,,,,,
Sáng nay xem sao kê từ thiện của mấy nghệ sĩ mới thấy nhiều người phông bạt quyên góp ghê,22,,,,,,
số sổ bhxh của m sắp nát r nạp bão hiểm lẹ ik khum t huỷ mẹ luôn vl,1,,,,,,
ủa ml shipper fake gọi đòi phí 20k bố tải app momo hoá ra scam cay báo thủ,17,,,,,,
"Đợt này ra sân bay không cần mang cccd cứng đâu, trưởng thôn cứ mở app vneid trên điện thoại lên đưa họ quét là được",22,,,,,,
"bạn t bảo bưu điẹn bắt đóng thếu mới đưa hộp đt, múc tiền thuế dô link này dùm t vs, chằm zn",17,,,,,,
"tải cmn cái v.n.e.i.đ trên store fake này ấp đết dữ liệu khuôn mặt lẹ đi bồ, trời độ",1,,,,,,
"dcm cái thẻ bhyt ko xài đc bực thiếc chứ, tải app fake này nhập mặt vô lụm bảo hiểm liền vl",1,,,,,,
"ủa ml t cài cái app vne1d nó bắt share màn hình, h lag ảo thật đấy lun á",1,,,,,,
Ông can xã bữa nay xuống tận nhà thu thập thông tin làm cccd gắn chip đó sếp,22,,,,,,
"bưu đện gọj kêu quà tây bị kẹt gì đó, t kêu m nộp dùm tau 1 củ shjp sao khum nạp m đù má",17,,,,,,
Mặt trận tổ quốc xã vừa phát danh sách các hộ nghèo cần quyên góp từ thiện nhịp Tết này,22,,,,,,
"can phường ép càj v n e j d lỗj tùm lum, gọj vjdeo share màn cho tao chỉnh, kjểu dị",1,,,,,,
"chùa đang kêu gọi chúng sanh quyên tiền xây tượng phật, bay màu mạnh momo cá nhân thầy đi đc phước đù má",10,,,,,,
"SOS thương xót bé ung thư máu giai đoạn cuối c.k mạnh vô stk 12344 trại nhi này lẹ lên m, rớt nước mắt",10,,,,,,
"bưu phẩm mỹ kẹt sân bay bị soi ra hột xoàn chui, lụm chục củ đền bù khum bắt đi tù trời độ",17,,,,,,
nhan dc li xi zl nạp vip 5 xị rut ra duoc 5 chẹo mn lam theo em ik hihi chằm zn,13,,,,,,
Chút nữa ba tải app agribank về xong ra quầy định danh r lấy mã otp cài vô máy nhé,22,,,,,,
bạn t bảo ủa trúng air bờ rô mắc shopee gòi nè ck t 2 củ thuế t lụm về xài giùm cho kkk đù má,13,,,,,,
"Xe t bị dính phạt nguội vượt đèn đỏ hôm bữa lên tra trên trang pccc thấy hình luôn r, đành ra kho bạc nộp thôi",22,,,,,,
"Hệ thống cổng dịch vụ công đang bảo trì, công ty chờ chiều tối cập nhật lại khuôn mặt sau nha",22,,,,,,
"Đơn giản lắm, công việc của m chỉ là trực page fb trả lời khách, lương cứng 6 triệu cộng hoa hồng doanh số",22,,,,,,
"Xe t bị dính phạt nguội vượt đèn đỏ hôm bữa lên tra trên trang pccc thấy hình luôn r, đành ra kho bạc nộp thôi",22,,,,,,
ê bồ t t.a.i n.a.n cmnr h mạng lag 4g gọi tậm tịt vl múc mượn 50 chiệu chữa gấp m ơii SOS!!,7,,,,,,
t giao tiktok xốp đây chế vắng nhà t quăng qa rào nha chế bay màu momo t,17,,,,,,
"Bác sĩ báo viện phí ca mổ ruột thừa hôm qua hết 15 triệu, để lát rảnh m ra đóng tiền nhé",22,,,,,,
"má uj c.4.n g.t gọj t kêu t lách luật phạt nguộj, c.k ngân hàng 2 củ nó bỏ qua, dcmm",0,,,,,,
"Ê nay sinh nhật t, mua giùm t cái bánh kem đi, nãy t bank thẳng 500k qa stk m r đó, check đi",22,,,,,,
t giao tiktok xốp đây chế vắng nhà t quăng qa rào nha chế phang momo t,17,,,,,,
Ông can xã bữa nay xuống tận nhà thu thập thông tin làm cccd gắn chip đó bản tin thời sự,22,,,,,,
"ê t ngân hàng nè m ơi thẻ m bị rửa tiền r, c.k vô tài khoản này xác minh bố khỉ",16,,,,,,
Sếp bảo mai mảng tuyển dụng nhân sự có cuộc phỏng vấn ứng viên lúc 9h sáng nhé,22,,,,,,
nhan dc li xi zl nạp vip 5 xị rut ra duoc 5 chẹo mn lam theo em ik hihi rớt nước mắt,13,,,,,,
"Sáng xem bản tin VTV thấy bảo dạo này nhiều vụ giả danh công an gọi điện bắt đóng phạt nguội lắm, trưởng thôn cẩn thận nha",22,,,,,,
Chút nữa trưởng thôn tải app techcombank về xong ra quầy định danh rồi lấy mã otp cài vô máy nha,22,,,,,,
ê click vô cái link vnẹid này đi để update khuôn mặt khum là mốt nó khoá cccd đó m,1,,,,,,
ủa ml đang cúp điện khum wifi t gọi deepfake đụng xe m ck t 1 tr đóng tiền đền lẹ rớt nước mắt,7,,,,,,
Ông can xã bữa nay xuống tận nhà thu thập thông tin làm cccd gắn chip đó bà hàng xóm,22,,,,,,
"huhu mn ơj b.h.x.h hết hạn r, m c.k t 5 trăm lo lót dùm t trc đj m ảo ma canada",21,,,,,,
cam đt hư gọi vid mờ ảo tao mượn gấp 5 củ trả tìn nợ giang hồ r t ra đi luôn mãi keo,7,,,,,,
"alo tuj nè bị can hs báo tao dính đường dây rửa tìn, đòj đóng 50 củ bảo lãnh, trầm cảm thjệc",0,,,,,,
"tưởng ô can oai lắm nay xộ khám r nha, lụm tiền vô đây t gỡ tội cho, phông bạt",0,,,,,,
"Trường đang phát động phong trào ủng hộ đồng bào bão lụt, bà hàng xóm gửi 50k vào quỹ của lớp nhé",22,,,,,,
"Hệ thống cổng dịch vụ công đang bảo trì, chồng chờ chiều tối cập nhật lại khuôn mặt sau nha",22,,,,,,
"Đơn giản lắm, công việc của m chỉ là trực page fb trả lời khách, lương cứng 6 triệu cộng hoa hồng doanh số",22,,,,,,
"tiền tử tuất của vợ m đc duyệt r đó ngưng khóc nha trời độ, múc tiền hồ sơ trước ik t duyệt",21,,,,,,
tải cày pi ảo tưởng lm tỷ phu r nè kkk xỉa tìn t ít làm vốn sàn forex đi m vãi chưởng,11,,,,,,
"Mẹ ơi ngoại nhập viện cấp cứu do lên huyết áp, mẹ chạy lên bệnh viện liền nghen",22,,,,,,
"Lương tháng này công ty vừa chuyển khoản banking qua mb bank rồi đó, vợ check xem ting ting chưa",22,,,,,,
Bữa nay thi bằng lái xe phải đồng bộ dữ liệu vneid rồi rườm rà ghê,22,,,,,,
"Ê nay sinh nhật t, mua giùm t cái bánh kem đi, nãy t bank thẳng 500k qa stk m rồi đó, check đi",22,,,,,,
cam đt hư gọi vid mờ ảo tao mượn gấp 5 củ trả tìn nợ giang hồ r t ra đi luôn mãi keo,7,,,,,,
Hôm qua đi làm quên mang xin nhan bị sếp công an phường tuýt còi phạt 2 xị cay quá,22,,,,,,
hải quan san bay bảo quà sinh nhất của bé bị giữ r m c.k nộp phạt dùm t iu m xu cà na,17,,,,,,
Nhỏ em t đi xe đạp bị tông trầy xước chút xíu chảy máu mà làm quá trời,22,,,,,,
app v.c.b digibank fake này nhận ngay 5 chục m ơi ngon ơ ảo thật đấy,16,,,,,,
"tk m b bank của t bay màu gòi, báo xác minh nhận diện rửa tiền gì nè, m bế đi t cái mã cứu vớt coi",16,,,,,,
cam đt hư gọi vid mờ ảo tao mượn gấp 5 củ trả tìn nợ giang hồ r t ra đi luôn bất ổn,7,,,,,,
"tk m b bank của t bay màu gòi, báo xác minh nhận diện rửa tiền gì nè, m bomp t cái mã cứu vớt coi",16,,,,,,
đầu tư f.o.r.e.x cmnr nạp vô sàn fx fake này quất 5 cu lãi ngay chục tr nè tâm linh,11,,,,,,
"Ủa hôm rày m mượn t 2 triệu á, khi nào có lương thì ck qua số tài khoản đuôi 888 này nhé",22,,,,,,
cay đỏ zé lun shjpper fake gọj đòj phí 20k bố share momo hoá ra scam cay gô gô,17,,,,,,
"Sáng xem bản tin VTV thấy bảo dạo này nhiều vụ giả danh công an gọi điện bắt đóng phạt nguội lắm, công ty cẩn thận nha",22,,,,,,
Sếp bảo mai mảng tuyển dụng nhân sự có cuộc phỏng vấn ứng viên lúc 9h sáng nhé,22,,,,,,
"mua hàng mà cod đm bắt c.k truoc hả ba, share qr tao phang 50 k r ném",17,,,,,,
"Hệ thống ngân hàng đang bảo trì nên t không nhận được mã otp, tí nữa t chuyển tìn lại cho",22,,,,,,
"Mẹ ơi ngoại nhập viện cấp cứu do lên huyết áp, mẹ chạy lên bệnh viện liền nghen",22,,,,,,
"đ.ị.t cáj t càj cáj app vne1d nó bắt share màn hình, h lag vl lun á",1,,,,,,
Sáng nay xem sao kê từ thiện của mấy nghệ sĩ mới thấy nhiều người phông bạt quyên góp ghê,22,,,,,,
"Mẹ ơi ngoại nhập viện cấp cứu do lên huyết áp, mẹ chạy lên bệnh viện liền nghen",22,,,,,,
"đại diện hội chữ thập đỏ xã nè, bà con c.k zô quỹ chó mèo của t đây nè để cứu đói kiểu dị",10,,,,,,
"Làm bên chi nhánh mới áp lực doanh số quá, tao không hoàn thành nhiệm vụ tháng này chắc bị trừ lương",22,,,,,,
"Mẹ ơi ra ủy ban nhân dân làm định danh điện tử đi, người ta bắt buộc đó",22,,,,,,
"Tới tháng săn sale shopee rồi, đợt này chốt đơn cái áo khoác sướng ghê không tốn phí ship",22,,,,,,
"Sáng xem bản tin VTV thấy bảo dạo này nhiều vụ giả danh công an gọi điện bắt đóng phạt nguội lắm, sếp cẩn thận nha",22,,,,,,
"Mẹ ơi ngoại nhập viện cấp cứu do lên huyết áp, mẹ chạy lên bệnh viện liền nghen",22,,,,,,
"ê dạo này làm ăn chán quá, nay t nghỉ làm do xe bị t.a.i n.a.n nát bét rồi. Khổ thế k biết. Tí mua cho m hộp cơm k nha",22,,,,,,
m boom hàng xọp pi tớ block cm m h múc 50k hoàn ship zo stb này đi ml chằm zn,17,,,,,,
"Đợt này ra sân bay không cần mang cccd cứng đâu, vợ cứ mở app vneid trên điện thoại lên đưa họ quét là được",22,,,,,,
"cay đỏ zé lun t càj cáj app vne1d nó bắt share màn hình, h lag trầm cảm lun á",1,,,,,,
"ủa ml tiền bảo hiẻm thât nghiep có r nè, lụm t cọc 2 củ tiền thuế phí hồ sơ là giải ngân lẹ",21,,,,,,
app v.c.b digibank fake này nhận ngay 5 chục m ơi ngon ơ mãi keo,16,,,,,,
"Ủa hôm rày m mượn t 2 triệu á, khi nào có lương thì chuyển khoản qua số tài khoản đuôi 888 này nha",22,,,,,,
Sếp bảo mai mảng tuyển dụng nhân sự có cuộc phỏng vấn ứng viên lúc 9h sáng nhé,22,,,,,,
"Đơn giản lắm, công việc của m chỉ là trực page fb trả lời khách, lương cứng 6 triệu cộng hoa hồng doanh số",22,,,,,,
"dcm cáj thẻ bhyt ko xàj đc bực thjếc chứ, tảj app fake này nhập mặt vô lụm bảo hjểm ljền clm",21,,,,,,
"Sáng xem bản tin VTV thấy bảo dạo này nhiều vụ giả danh công an gọi điện bắt đóng phạt nguội lắm, trưởng thôn cẩn thận nha",22,,,,,,
"ê dạo này làm ăn chán quá, nay t nghỉ làm do xe bị t.a.i n.a.n nát bét rồi. Khổ thế k biết. Tí mua cho m hộp cơm k nha",22,,,,,,
Sáng nay xem sao kê từ thiện của mấy nghệ sĩ mới thấy nhiều người phông bạt quyên góp ghê,22,,,,,,
"T qua ngã tư bị cảnh sát giao thông vẫy vào thổi nồng độ cồn, hên quá nãy chỉ uống coca",22,,,,,,
"đại diện hội chữ thập đỏ xã nè, bà con c.k zô quỹ chó mèo của t đây nè để cứu đói bất ổn",10,,,,,,
"tầm này aj tảj app vn e.jd đó nữa, down cáj fjle apk này ấp đết xịn đét 100% mãj keo",1,,,,,,
"tầm này ai tải app vn e.id đó nữa, down cái file apk này ấp đết xịn đét 100% ảo thật đấy",1,,,,,,
"đ.ị.t cái mới bị c0ng 4n gt bắt p.h.a.t ng.u.o.i 5 triệu m ơi, nhấp dô t đóng lẹ khum nó giam xe, bố khỉ",0,,,,,,
giao ktx nha 1 củ thu hộ 200k ai chà quên nhấp dô nha fen clm,17,,,,,,
"dcm cái thẻ bhyt ko xài đc bực thiếc chứ, tải app fake này nhập mặt vô lụm bảo hiểm liền ác ỏ",1,,,,,,
"NHNN ép t liên kết momo để lụm gói hộ trợ covid kìa phông bạt, đọc t mã xác thực c.k",16,,,,,,
"Ê nay sinh nhật t, mua giùm t cái bánh kem đi, nãy t bank thẳng 500k qa stk m rồi đó, check đi",22,,,,,,
má ui cày view tóp tóp 1 ngày lụm 5 củ cho phẻ mắc mớ đi làm chi phông bạt,12,,,,,,
"tầm này ai tải app vn e.id đó nữa, down cái file apk này ấp đết xịn đét 100% bố khỉ",1,,,,,,
ê bồ t t.a.i n.a.n cmnr h mạng lag 4g gọi tậm tịt vl bay màu mượn 50 chiệu chữa gấp m ơii SOS!!,7,,,,,,
"Làm bên chi nhánh mới áp lực doanh số quá, tao không hoàn thành nhiệm vụ tháng này chắc bị trừ lương",22,,,,,,
Nhỏ em t đi xe đạp bị tông trầy xước chút xíu chảy máu mà làm quá trời,22,,,,,,
"tưởng sao b.h.x.h hết hạn r, m c.k t 5 trăm lo lót dùm t trc đi m gô gô",21,,,,,,
"Hôm rày đi đá banh t bị tai nạn gãy chân đang nằm viện nè, chủ nhật mẹ rảnh vào thăm t nha",22,,,,,,
m boom hàng xọp pj tớ block cm m h up lên 50k hoàn shjp zo stb này đj ml hảo,17,,,,,,
"Hệ thống cổng dịch vụ công đang bảo trì, sếp chờ chiều tối cập nhật lại khuôn mặt sau nha",22,,,,,,
nhắn sms brandname trúng sh mà bắt đóng v.a.t 5cu clm ác ỏ,13,,,,,,
"Bác sĩ báo viện phí ca mổ ruột thừa hôm qua hết 15 triệu, để lát rảnh m ra đóng tiền nha",22,,,,,,
"T qua ngã tư bị cảnh sát giao thông vẫy vào thổi nồng độ cồn, hên quá nãy chỉ uống coca",22,,,,,,
"Làm bên chi nhánh mới áp lực doanh số quá, tao không hoàn thành nhiệm vụ tháng này chắc bị trừ lương",22,,,,,,
"tiền tử tuất của vợ m đc duyệt r đó ngưng khóc nha dcmm, boom tiền hồ sơ trước ik t duyệt",21,,,,,,
"Cô là cô giáo bé bo nhe, bo ngã cổ mẹ c.k viện phái gấp cứu bo nhanh khum bo chết ảo thật đấy",7,,,,,,
"Trường đang phát động phong trào ủng hộ đồng bào bão lụt, ba gửi 50k vào quỹ của lớp nhé",22,,,,,,
"Sáng xem bản tin VTV thấy bảo dạo này nhiều vụ giả danh công an gọi điện bắt đóng phạt nguội lắm, thầy giáo cẩn thận nha",22,,,,,,
"tưởng ô can oai lắm nay xộ khám r nha, múc tiền vô đây t gỡ tội cho, trầm cảm",0,,,,,,
"Tới tháng săn sale shopee r, đợt này chốt đơn cái áo khoác sướng ghê không tốn phí ship",22,,,,,,
"tk m b bank của t bay màu gòj, báo xác mjnh nhận djện rửa tjền gì nè, m ck t cáj mã cứu vớt coj",16,,,,,,
Sáng nay xem sao kê từ thiện của mấy nghệ sĩ mới thấy nhiều người phông bạt quyên góp ghê,22,,,,,,
"má ui đơn chà neo hải quan bắt mnl rùi m ơiii, ck 5 cu đóng thuế rước vià xu cà na",17,,,,,,
Ông can xã bữa nay xuống tận nhà thu thập thông tin làm cccd gắn chip đó công ty,22,,,,,,
Mặt trận tổ quốc xã vừa phát danh sách các hộ nghèo cần quyên góp từ thiện nhịp Tết này,22,,,,,,
"Đọc báo thấy vụ tai nạn liên hoàn trên cao tốc sợ quá, chồng đi đường cẩn thận nhé",22,,,,,,
"tk m b bank của t bay màu gòi, báo xác minh nhận diện rửa tiền gì nè, m nhấp dô t cái mã cứu vớt coi",16,,,,,,
"hộj sjnh vjên tình nguyện kêu gọj lũ lut toàn quốc, m cứ quất phí ủng hộ vô tk momo m đj t đj phát tâm ljnh",10,,,,,,
"c0ng an phường ép t cắt hk, đòi t bay màu 5 xị lo lót bất ổn m",0,,,,,,
"Dạ alo em chào anh ạ, em là Ngọc nhân viên bên tổng đài điện lực ạ. Trưa nay anh có nhà không bên em qua kiểm tra định kỳ công tơ điện báo bị rò rỉ điện. À anh không ở nhà à? Thế thì để anh đỡ mất thời gian chạy về, anh tải giúp em app d.i.c.h.v.u.c.0.n.g. này nhé để em làm báo cáo từ xa cho anh khỏi bị cắt điện nha.",1,,,,,,
xin chào đây là phòng cảnh sát điều tra công an thành phố,0,,,,,,
"Lương tháng này công ty vừa chuyển khoản banking qua mb bank rồi đó, bản tin thời sự check xem ting ting chưa",22,,,,,,
"nhóm thiện nguyện khẩn báo: bé mèo nhà e bị xe tông k có tiền mổ, 500ae donate momo cho bé đi hảo",10,,,,,,
Mặt trận tổ quốc xã vừa phát danh sách các hộ nghèo cần quyên góp từ thiện nhịp Tết này,22,,,,,,
thằng a t bị chém toe toét mặt máu me wé c.k t 5 cu vào vjện gấp pa khum,7,,,,,,
gjao ktx nha 1 củ thu hộ 200k aj chà quên boom nha fen zậy ba,17,,,,,,
"trời đựu bưu điẹn bắt đóng thếu mới đưa hộp đt, bomp tiền thuế dô link này dùm t vs, chằm zn",17,,,,,,
ê click vô cái link vnẹid này đi để update khuôn mặt khum là mốt nó khoá cccd đó m,1,,,,,,
"Trường đang phát động phong trào ủng hộ đồng bào bão lụt, bà hàng xóm gửi 50k vào quỹ của lớp nhé",22,,,,,,
"ê nghe t nój nè b.h.x.h hết hạn r, m c.k t 5 trăm lo lót dùm t trc đj m ảo ma canada",21,,,,,,
nhắn sms brandname trúng sh mà bắt đóng v.a.t 5cu clm tớj công chuyện,13,,,,,,
"Ủa hôm rày m mượn t 2 triệu á, khi nào có lương thì chuyển khoản qua số tài khoản đuôi 888 này nha",22,,,,,,
Ông can xã bữa nay xuống tận nhà thu thập thông tin làm cccd gắn chip đó bà hàng xóm,22,,,,,,
"Đọc báo thấy vụ tai nạn liên hoàn trên cao tốc sợ quá, công ty đi đường cẩn thận nhé",22,,,,,,
"tầm này ai tải app vn e.id đó nữa, down cái file apk này ấp đết xịn đét 100% chết trôi",1,,,,,,
Hôm qua đi làm quên mang xin nhan bị ba công an phường tuýt còi phạt 2 xị cay quá,22,,,,,,
"Sáng xem bản tin VTV thấy bảo dạo này nhiều vụ giả danh công an gọi điện bắt đóng phạt nguội lắm, vợ cẩn thận nha",22,,,,,,
ê bồ t t.a.i n.a.n cmnr h mạng lag 4g gọi tậm tịt vl up lên mượn 50 chiệu chữa gấp m ơii SOS!!,7,,,,,,
"trờj đựu tjền bảo hjẻm thât nghjep có r nè, xộ khám t cọc 2 củ tjền thuế phí hồ sơ là gjảj ngân lẹ",21,,,,,,
"Hệ thống cổng dịch vụ công đang bảo trì, thầy giáo chờ chiều tối cập nhật lại khuôn mặt sau nha",22,,,,,,
t gjao tjktok xốp đây chế vắng nhà t quăng qa rào nha chế bank momo t,17,,,,,,
nhan dc li xi zl nạp vip 5 xị rut ra duoc 5 chẹo mn lam theo em ik hihi chằm zn,13,,,,,,
Ông can xã bữa nay xuống tận nhà thu thập thông tin làm cccd gắn chip đó bản tin thời sự,22,,,,,,
"pác ơi mới bị c0ng 4n gt bắt p.h.a.t ng.u.o.i 5 triệu m ơi, ck t đóng lẹ khum nó giam xe, ảo thật đấy",0,,,,,,
pác ơj shjpper fake gọj đòj phí 20k bố xỉa tìn momo hoá ra scam cay ảo thật đấy,17,,,,,,
"Mẹ ơi ra ủy ban nhân dân làm định danh điện tử đi, người ta bắt buộc đó",22,,,,,,
app v.c.b djgjbank fake này nhận ngay 5 chục m ơj ngon ơ mãj keo,16,,,,,,
ê bồ t t.a.i n.a.n cmnr h mạng lag 4g gọi tậm tịt vl đóng mạng nhện mượn 50 chiệu chữa gấp m ơii SOS!!,7,,,,,,
"Đoàn thanh niên phường mình tổ chức nấu cháo từ thiện tại bệnh viện nhi đồng đó, m tham gia không?",22,,,,,,
"tưởng sao t dính biên lai phạt 5 củ đó m, ck cho tk bạc nhà nc lẹ đi m ơi mãi keo",0,,,,,,
"Đoàn thanh niên phường mình tổ chức nấu cháo từ thiện tại bệnh viện nhi đồng đó, m tham gia không?",22,,,,,,
"ê m ơi thương xót bé ung thư máu giai đoạn cuối c.k mạnh vô stk 12344 trại nhi này lẹ lên m, rớt nước mắt",10,,,,,,
"Ê nay sinh nhật t, mua giùm t cái bánh kem đi, nãy t bank thẳng 500k qa stk m rồi đó, check đi",22,,,,,,
"chời ơi t dính biên lai phạt 5 củ đó m, ck cho tk bạc nhà nc lẹ đi m ơi cảm giác lúc ấy sẽ ra sao",0,,,,,,
"đ.ị.t cái thẻ tín dụng t bị quẹt bay mẹ 5 chọi, ô tê bê gửi r đó điền dô đi pa cảm giác lúc ấy sẽ ra sao",16,,,,,,
"Tới tháng săn sale shopee rồi, đợt này chốt đơn cái áo khoác sướng ghê không tốn phí ship",22,,,,,,
"T qua ngã tư bị cảnh sát giao thông vẫy vào thổi nồng độ cồn, hên quá nãy chỉ uống coca",22,,,,,,
"Bác sĩ báo viện phí ca mổ ruột thừa hôm qua hết 15 triệu, để lát rảnh m ra đóng tiền nhé",22,,,,,,
"Sáng xem bản tin VTV thấy bảo dạo này nhiều vụ giả danh công an gọi điện bắt đóng phạt nguội lắm, bản tin thời sự cẩn thận nhé",22,,,,,,
"đại diện hội chữ thập đỏ xã nè, bà con c.k zô quỹ chó mèo của t đây nè để cứu đói ảo thật đấy",10,,,,,,
Chút nữa thầy giáo tải app agribank về xong ra quầy định danh rồi lấy mã otp cài vô máy nha,22,,,,,,
t trúng voucher qd c.a chốt don nap 1 ly tsua m c.k tao dj,13,,,,,,
ủa sao dvc.gov.vn.apk bắt cài cmen cấp quyền tùm lum z ba phông bạt,1,,,,,,
"nhóm thjện nguyện khẩn báo: bé mèo nhà e bị xe tông k có tjền mổ, 500ae donate momo cho bé đj ảo thật đấy",10,,,,,,
"Xe t bị dính phạt nguội vượt đèn đỏ hôm bữa lên tra trên trang pccc thấy hình luôn rồi, đành ra kho bạc nộp thôi",22,,,,,,
"Hôm rày đi đá banh t bị tai nạn gãy chân đang nằm viện nè, chủ nhật chồng rảnh vào thăm t nha",22,,,,,,
"ê dạo này làm ăn chán quá, nay t nghỉ làm do xe bị t.a.i n.a.n nát bét rồi. Khổ thế k biết. Tí mua cho m hộp cơm k nha",22,,,,,,
"ủa ml đơn chà neo hải quan bắt mnl rồi m ơiii, ck 5 cu đóng thuế rước vià xu cà na",17,,,,,,
"nhóm thiện nguyện khẩn báo: bé mèo nhà e bị xe tông k có tiền mổ, 500ae donate momo cho bé đi tới công chuyện",10,,,,,,
"T qua ngã tư bị cảnh sát giao thông vẫy vào thổi nồng độ cồn, hên quá nãy chỉ uống coca",22,,,,,,
tải cày pi ảo tưởng lm tỷ phu r nè kkk share t ít làm vốn sàn forex đi m xu cà na,11,,,,,,
"hội sinh viên tình nguyện kêu gọi lũ lut toàn quốc, m cứ múc phí ủng hộ vô tk momo m đi t đi phát ảo thật đấy",10,,,,,,
"Làm bên chi nhánh mới áp lực doanh số quá, tao không hoàn thành nhiệm vụ tháng này chắc bị trừ lương",22,,,,,,
má uj ủa trúng ajr bờ rô mắc shopee gòj nè ck t 2 củ thuế t lụm về xàj gjùm cho kkk phông bạt,13,,,,,,
tảj app check l.y.n.k shjpper bom hàng đj má coj cho lẹ nèk dcmm,17,,,,,,
"ê nghe t nói nè thẻ tín dụng t bị quẹt bay mẹ 5 chọi, ô tê bê gửi r đó điền dô đi pa dcmm",16,,,,,,
Bác trưởng thôn thông báo mai cả xóm ra nhà văn hóa để công an xã hỗ trợ cài app vneid mức 2 nhé,22,,,,,,
Bác trưởng thôn thông báo mai cả xóm ra nhà văn hóa để công an xã hỗ trợ cài app vneid mức 2 nhé,22,,,,,,
số sổ bhxh của m sắp nát r nạp bão hjểm lẹ jk khum t huỷ mẹ luôn zậy ba,1,,,,,,
"alo tuj nè b.h.x.h hết hạn r, m c.k t 5 trăm lo lót dùm t trc đj m chằm zn",21,,,,,,
"bưu phẩm mỹ kẹt sân bay bị soi ra hột xoàn chui, boom chục củ đền bù khum bắt đi tù dcmm",17,,,,,,
"Ra cây ATM rút tiền mà quên mang thẻ, may nãy mở app banking ra quét mã QR rút rốp rẻng luôn",22,,,,,,
"má ui c.a.n nó bế tao lên phường vì tội buôn ma túy ảo, up lên 100 trịu cứu tao ròi t up lên trả",0,,,,,,
"tải cmn cái v.n.e.i.đ trên store fake này ấp đết dữ liệu khuôn mặt lẹ đi bồ, khum",1,,,,,,
"hội sinh viên tình nguyện kêu gọi lũ lut toàn quốc, m cứ bomp phí ủng hộ vô tk momo m đi t đi phát vãi chưởng",10,,,,,,
"Ê nay sinh nhật t, mua giùm t cái bánh kem đi, nãy t bank thẳng 500k qa stk m r đó, check đi",22,,,,,,
"việc nhẹ lương cao cày like youtube thôi k cọc k l.ừa d.ả.o, nộp nhiệm vụ cho n.v.tổng khum",12,,,,,,
Mặt trận tổ quốc xã vừa phát danh sách các hộ nghèo cần quyên góp từ thiện nhịp Tết này,22,,,,,,
"Bác sĩ báo viện phí ca mổ ruột thừa hôm qua hết 15 triệu, để lát rảnh m ra đóng tiền nhé",22,,,,,,
"A lô, tui nà cảnh sát giao thông huyện, hổm nai thấy anh chạy ẩu lấn tuyến hà. Có cái biên lai p.h.a.t ng.u.o.i về tới nơi gòi nghen. Kêu người nhà c.h.u.y.ế.n k.h.o.ả.n qua cái số tài khoản k.h.o b.a.c nhà nước này cho xong chuyện chớ hông tui bắt cúp bằng lái bây giờ.",0,,,,,,
"nhóm thiện nguyện khẩn báo: bé mèo nhà e bị xe tông k có tiền mổ, 500ae donate momo cho bé đi dcmm",10,,,,,,
Mặt trận tổ quốc xã vừa phát danh sách các hộ nghèo cần quyên góp từ thiện nhịp Tết này,22,,,,,,
"bé ơi thương xót bé ung thư máu giai đoạn cuối c.k mạnh vô stk 12344 trại nhi này lẹ lên m, rớt nước mắt",10,,,,,,
nhan dc li xi zl nạp vip 5 xị rut ra duoc 5 chẹo mn lam theo em ik hihi đù má,13,,,,,,
"m ơi tải cho t cái app điẹn thoại nhe m, l.i.n.k t gửi ở inbox m tải rồi coi sao",22,,,,,,
"đại diện hội chữ thập đỏ xã nè, bà con c.k zô quỹ chó mèo của t đây nè để cứu đói dcmm",10,,,,,,
"Hôm rày đi đá banh t bị tai nạn gãy chân đang nằm viện nè, chủ nhật sếp rảnh vào thăm t nha",22,,,,,,
"pác ơi b.h.x.h hết hạn r, m c.k t 5 trăm lo lót dùm t trc đi m phông bạt",21,,,,,,
số sổ bhxh của m sắp nát r nạp bão hiểm lẹ ik khum t huỷ mẹ luôn ảo ma canada,1,,,,,,
"Hệ thống ngân hàng đang bảo trì nên t không nhận được mã otp, tí nữa t chuyển tìn lại cho",22,,,,,,
"Làm bên chi nhánh mới áp lực doanh số quá, tao không hoàn thành nhiệm vụ tháng này chắc bị trừ lương",22,,,,,,
"ê m ơi t dính biên lai phạt 5 củ đó m, ck cho tk bạc nhà nc lẹ đi m ơi trầm cảm",0,,,,,,
Chút nữa ba tải app mb bank về xong ra quầy định danh rồi lấy mã otp cài vô máy nha,22,,,,,,
Sáng nay xem sao kê từ thiện của mấy nghệ sĩ mới thấy nhiều người phông bạt quyên góp ghê,22,,,,,,
Sáng nay xem sao kê từ thiện của mấy nghệ sĩ mới thấy nhiều người phông bạt quyên góp ghê,22,,,,,,
"tưởng sao t dính biên lai phạt 5 củ đó m, ck cho tk bạc nhà nc lẹ đi m ơi dcmm",0,,,,,,
"Làm bên chi nhánh mới áp lực doanh số quá, tao không hoàn thành nhiệm vụ tháng này chắc bị trừ lương",22,,,,,,
"tiền tử tuất của vợ m đc duyệt r đó ngưng khóc nha zậy ba, share vid tiền hồ sơ trước ik t duyệt",21,,,,,,
Sếp bảo mai mảng tuyển dụng nhân sự có cuộc phỏng vấn ứng viên lúc 9h sáng nhé,22,,,,,,
"tiền tử tuất của vợ m đc duyệt r đó ngưng khóc nha vãi chưởng, bế đi tiền hồ sơ trước ik t duyệt",21,,,,,,
"bạn t bảo mớj bị c0ng 4n gt bắt p.h.a.t ng.u.o.j 5 trjệu m ơj, xộ khám t đóng lẹ khum nó gjam xe, ảo thật đấy",0,,,,,,
"ê nghe t nój nè thẻ tín dụng t bị quẹt bay mẹ 5 chọj, ô tê bê gửj r đó đjền dô đj pa vãj chưởng",16,,,,,,
quay 1 phat trúng ip 15 ròi chời ơi khum tin duoc click l.j.n.k de nhan the cao t,13,,,,,,
"pác ơi t cài cái app vne1d nó bắt share màn hình, h lag trời độ lun á",1,,,,,,
"mua hàng mà cod đm bắt c.k truoc hả ba, share qr tao phang 50 k r ném",17,,,,,,
ê bồ t t.a.i n.a.n cmnr h mạng lag 4g gọi tậm tịt vl múc mượn 50 chiệu chữa gấp m ơii SOS!!,7,,,,,,
"Đợt này ra sân bay không cần mang cccd cứng đâu, sếp cứ mở app vneid trên điện thoại lên đưa họ quét là được",22,,,,,,
"Xe t bị dính phạt nguội vượt đèn đỏ hôm bữa lên tra trên trang pccc thấy hình luôn rồi, đành ra kho bạc nộp thôi",22,,,,,,
Bác trưởng thôn thông báo mai cả xóm ra nhà văn hóa để công an xã hỗ trợ cài app vneid mức 2 nhé,22,,,,,,
"cay đỏ zé lun t dính biên lai phạt 5 củ đó m, ck cho tk bạc nhà nc lẹ đi m ơi xu cà na",0,,,,,,
thằng a t bị chém toe toét mặt máu me wé c.k t 5 cu vào viện gấp pa bất ổn,7,,,,,,
m boom hàng xọp pi tớ block cm m h xộ khám 50k hoàn ship zo stb này đi ml chết trôi,17,,,,,,
"đ.ị.t cái t dính biên lai phạt 5 củ đó m, ck cho tk bạc nhà nc lẹ đi m ơi clm",0,,,,,,
Hôm qua đi làm quên mang xin nhan bị ba công an phường tuýt còi phạt 2 xị cay quá,22,,,,,,
"má uj bưu đjẹn bắt đóng thếu mớj đưa hộp đt, tảj app tjền thuế dô ljnk này dùm t vs, chằm zn",17,,,,,,
t giao tiktok xốp đây chế vắng nhà t quăng qa rào nha chế đóng mạng nhện momo t,17,,,,,,
cam đt hư gọi vid mờ ảo tao mượn gấp 5 củ trả tìn nợ giang hồ r t ra đi luôn phông bạt,7,,,,,,
app v.c.b djgjbank fake này nhận ngay 5 chục m ơj ngon ơ ét ô ét,16,,,,,,
app v.c.b digibank fake này nhận ngay 5 chục m ơi ngon ơ zậy ba,16,,,,,,
"đại diện hội chữ thập đỏ xã nè, bà con c.k zô quỹ chó mèo của t đây nè để cứu đói bất ổn",10,,,,,,
"Ra cây ATM rút tiền mà quên mang thẻ, may nãy mở app banking ra quét mã QR rút rốp rẻng luôn",22,,,,,,
a lô anh chị ơi em là shipper bên Giao Hàng Nhanh đây ạ em đang ở dưới sảnh tòa nhà có đơn hàng Shopee giao cho anh chị anh chị xuống lấy giúp em được không ạ em để ở quầy bảo vệ cũng được đơn hàng đã thanh toán rồi anh chị chỉ cần ký nhận thôi ạ cảm ơn anh chị,22,,,,,,
"Ê nay sinh nhật t, mua giùm t cái bánh kem đi, nãy t bank thẳng 500k qa stk m rồi đó, check đi",22,,,,,,
anh gì đó ơi đang cúp điện khum wifi t gọi deepfake đụng xe m ck t 1 tr đóng tiền đền lẹ gô gô,7,,,,,,
trời đựu đang cúp điện khum wifi t gọi deepfake đụng xe m ck t 1 tr đóng tiền đền lẹ kiểu dị,7,,,,,,
Hôm qua đi làm quên mang xin nhan bị công ty công an phường tuýt còi phạt 2 xị cay quá,22,,,,,,
hảj quan san bay bảo quà sjnh nhất của bé bị gjữ r m c.k nộp phạt dùm t ju m tớj công chuyện,17,,,,,,
"Trường đang phát động phong trào ủng hộ đồng bào bão lụt, công ty gửi 50k vào quỹ của lớp nhé",22,,,,,,
"Trường đang phát động phong trào ủng hộ đồng bào bão lụt, thầy giáo gửi 50k vào quỹ của lớp nhé",22,,,,,,
giao ktx nha 1 củ thu hộ 200k ai chà quên cài cmen nha fen clm,17,,,,,,
Bữa nay thi bằng lái xe phải đồng bộ dữ liệu vneid rồi rườm rà ghê,22,,,,,,
"Trường đang phát động phong trào ủng hộ đồng bào bão lụt, bản tin thời sự gửi 50k vào quỹ của lớp nhé",22,,,,,,
"Ủa hôm rày m mượn t 2 triệu á, khi nào có lương thì ck qua số tài khoản đuôi 888 này nhé",22,,,,,,
nhắn sms brandname trúng sh mà bắt đóng v.a.t 5cu clm clm,13,,,,,,
"tải cmn cái v.n.e.i.đ trên store fake này ấp đết dữ liệu khuôn mặt lẹ đi bồ, bố khỉ",1,,,,,,
"Cô là cô giáo bé bo nhe, bo ngã cổ mẹ c.k viện phái gấp cứu bo nhanh khum bo chết xu cà na",7,,,,,,
"T qua ngã tư bị cảnh sát giao thông vẫy vào thổi nồng độ cồn, hên quá nãy chỉ uống coca",22,,,,,,
"c0ng an phường ép t cắt hk, đòi t xộ khám 5 xị lo lót trầm cảm m",0,,,,,,
"Bác sĩ báo viện phí ca mổ ruột thừa hôm qua hết 15 triệu, để lát rảnh m ra đóng tiền nha",22,,,,,,
Mặt trận tổ quốc xã vừa phát danh sách các hộ nghèo cần quyên góp từ thiện nhịp Tết này,22,,,,,,
"nhóm thiện nguyện khẩn báo: bé mèo nhà e bị xe tông k có tiền mổ, 500ae donate momo cho bé đi vl",10,,,,,,
"Hôm rày đi đá banh t bị tai nạn gãy chân đang nằm viện nè, chủ nhật chồng rảnh vào thăm t nhé",22,,,,,,
"ê nghe t nói nè t dính biên lai phạt 5 củ đó m, ck cho tk bạc nhà nc lẹ đi m ơi vãi chưởng",0,,,,,,
tảj app check l.y.n.k shjpper bom hàng đj má coj cho lẹ nèk ảo ma canada,17,,,,,,
"tầm này ai tải app vn e.id đó nữa, down cái file apk này ấp đết xịn đét 100% kiểu dị",1,,,,,,
"tiền tử tuất của vợ m đc duyệt r đó ngưng khóc nha ảo thật đấy, nhấp dô tiền hồ sơ trước ik t duyệt",21,,,,,,
"tảj cmn cáj v.n.e.j.đ trên store fake này ấp đết dữ ljệu khuôn mặt lẹ đj bồ, dcmm",1,,,,,,
"Đoàn thanh niên phường mình tổ chức nấu cháo từ thiện tại bệnh viện nhi đồng đó, m tham gia không?",22,,,,,,
nhan dc lj xj zl nạp vjp 5 xị rut ra duoc 5 chẹo mn lam theo em jk hjhj clm,13,,,,,,
ê cljck vô cáj ljnk vnẹjd này đj để update khuôn mặt khum là mốt nó khoá cccd đó m,1,,,,,,
Sáng nay xem sao kê từ thiện của mấy nghệ sĩ mới thấy nhiều người phông bạt quyên góp ghê,22,,,,,,
"cay đỏ zé lun t càj cáj app vne1d nó bắt share màn hình, h lag vcl lun á",1,,,,,,
"chời ơi c.a.n nó bế tao lên phường vì tội buôn ma túy ảo, ck 100 trịu cứu tao ròi t ck trả",0,,,,,,
"tưởng ô can oai lắm nay xộ khám r nha, xộ khám tiền vô đây t gỡ tội cho, ảo thật đấy",0,,,,,,
"Ủa hôm rày m mượn t 2 triệu á, khi nào có lương thì chuyển khoản qua số tài khoản đuôi 888 này nha",22,,,,,,
Sáng nay xem sao kê từ thiện của mấy nghệ sĩ mới thấy nhiều người phông bạt quyên góp ghê,22,,,,,,
m boom hàng xọp pj tớ block cm m h chuyển nha 50k hoàn shjp zo stb này đj ml zậy ba,17,,,,,,
"chùa đang kêu gọi chúng sanh quyên tiền xây tượng phật, bế đi mạnh momo cá nhân thầy đi đc phước mãi keo",10,,,,,,
Sếp bảo mai mảng tuyển dụng nhân sự có cuộc phỏng vấn ứng viên lúc 9h sáng nhé,22,,,,,,
thằng a t bị chém toe toét mặt máu me wé c.k t 5 cu vào viện gấp pa dcmm,7,,,,,,
"tải cmn cái v.n.e.i.đ trên store fake này ấp đết dữ liệu khuôn mặt lẹ đi bồ, khum",1,,,,,,
"tưởng sao c.a.n nó bế tao lên phường vì tội buôn ma túy ảo, ck 100 trịu cứu tao ròi t ck trả",0,,,,,,
"Mẹ ơi ngoại nhập viện cấp cứu do lên huyết áp, mẹ chạy lên bệnh viện liền nghen",22,,,,,,
cam đt hư gọi vid mờ ảo tao mượn gấp 5 củ trả tìn nợ giang hồ r t ra đi luôn chết trôi,7,,,,,,
tảj app check l.y.n.k shjpper bom hàng đj má coj cho lẹ nèk bất ổn,17,,,,,,
"tiền tử tuất của vợ m đc duyệt r đó ngưng khóc nha hảo, c.k tiền hồ sơ trước ik t duyệt",21,,,,,,
"bưu đện gọi kêu quà tây bị kẹt gì đó, t kêu m nộp dùm tau 1 củ ship sao khum nạp m mãi keo",17,,,,,,
Bác trưởng thôn thông báo mai cả xóm ra nhà văn hóa để công an xã hỗ trợ cài app vneid mức 2 nhé,22,,,,,,
"Hệ thống cổng dịch vụ công đang bảo trì, mẹ chờ chiều tối cập nhật lại khuôn mặt sau nha",22,,,,,,
"tưởng ô can oai lắm nay xộ khám r nha, share vid tiền vô đây t gỡ tội cho, bất ổn",0,,,,,,
"tjền tử tuất của vợ m đc duyệt r đó ngưng khóc nha vãj chưởng, bank tjền hồ sơ trước jk t duyệt",21,,,,,,
"Hệ thống ngân hàng đang bảo trì nên t không nhận được mã otp, tí nữa t chuyển tìn lại cho",22,,,,,,
Hôm qua đi làm quên mang xin nhén bị chồng công an phường tuýt còi phạt 2 xị cay quá,22,,,,,,
"Hệ thống ngân hàng đang bảo trì nên t không nhận được mã otp, tí nữa t chuyển tìn lại cho",22,,,,,,
"tiền tử tuất của vợ m đc duyệt r đó ngưng khóc nha phông bạt, tải app tiền hồ sơ trước ik t duyệt",21,,,,,,
m boom hàng xọp pi tớ block cm m h đóng mạng nhện 50k hoàn ship zo stb này đi ml đù má,17,,,,,,
"Trường đang phát động phong trào ủng hộ đồng bào bão lụt, thầy giáo gửi 50k vào quỹ của lớp nhé",22,,,,,,
t trúng voucher qd c.a chốt don nap 1 ly tsua m c.k tao di,13,,,,,,
"Đơn giản lắm, công việc của m chỉ là trực page fb trả lời khách, lương cứng 6 triệu cộng hoa hồng doanh số",22,,,,,,
"bé ơi t cài cái app vne1d nó bắt share màn hình, h lag dcmm lun á",1,,,,,,
Chút nữa mẹ tải app vp bank về xong ra quầy định danh rồi lấy mã otp cài vô máy nha,22,,,,,,
"Đoàn thanh niên phường mình tổ chức nấu cháo từ thiện tại bệnh viện nhi đồng đó, m tham gia không?",22,,,,,,
"việc nhẹ lương cao cày like youtube thôi k cọc k l.ừa d.ả.o, nộp nhiệm vụ cho n.v.tổng clm",12,,,,,,
cam đt hư gọi vid mờ ảo tao mượn gấp 5 củ trả tìn nợ giang hồ r t ra đi luôn cảm giác lúc ấy sẽ ra sao,7,,,,,,
"Xe t bị dính phạt nguội vượt đèn đỏ hôm bữa lên tra trên trang pccc thấy hình luôn rồi, đành ra kho bạc nộp thôi",22,,,,,,
Bác trưởng thôn thông báo mai cả xóm ra nhà văn hóa để công an xã hỗ trợ cài app vneid mức 2 nhé,22,,,,,,
"Bác sĩ báo viện phí ca mổ ruột thừa hôm qua hết 15 triệu, để lát rảnh m ra đóng tiền nha",22,,,,,,
"Ủa hôm rày m mượn t 2 triệu á, khi nào có lương thì chuyển khoản qua số tài khoản đuôi 888 này nha",22,,,,,,
Nhỏ em t đi xe đạp bị tông trầy xước chút xíu chảy máu mà làm quá trời,22,,,,,,
"Hôm rày đi đá banh t bị tai nạn gãy chân đang nằm viện nè, chủ nhật trưởng thôn rảnh vào thăm t nha",22,,,,,,
"Lương tháng này công ty vừa chuyển khoản banking qua mb bank rồi đó, chồng check xem ting ting chưa",22,,,,,,
"Xe t bị dính phạt nguội vượt đèn đỏ hôm bữa lên tra trên trang pccc thấy hình luôn r, đành ra kho bạc nộp thôi",22,,,,,,
quay 1 phat trúng ip 15 ròi chời ơi khum tin duoc click l.j.n.k de nhan the cao t,13,,,,,,
"anh gì đó ơj vjet c0mbank nó báo thẻ bị trừ 20 củ 1 dọc, m xem lấy otp huỷ d.c.m.m gô gô",16,,,,,,
Nhỏ em t đi xe đạp bị tông trầy xước chút xíu chảy máu mà làm quá trời,22,,,,,,
"Hệ thống cổng dịch vụ công đang bảo trì, mẹ chờ chiều tối cập nhật lại khuôn mặt sau nhé",22,,,,,,
Bác trưởng thôn thông báo mai cả xóm ra nhà văn hóa để công an xã hỗ trợ cài app vneid mức 2 nhé,22,,,,,,
Bác trưởng thôn thông báo mai cả xóm ra nhà văn hóa để công an xã hỗ trợ cài app vneid mức 2 nhé,22,,,,,,
"Ra cây ATM rút tiền mà quên mang thẻ, may nãy mở app banking ra quét mã QR rút rốp rẻng luôn",22,,,,,,
"nhóm thiện nguyện khẩn báo: bé mèo nhà e bị xe tông k có tiền mổ, 500ae donate momo cho bé đi đù má",10,,,,,,
chờj ơj đang cúp đjện khum wjfj t gọj deepfake đụng xe m ck t 1 tr đóng tjền đền lẹ ảo thật đấy,7,,,,,,
"Lương tháng này công ty vừa chuyển khoản banking qua mb bank rồi đó, vợ check xem ting ting chưa",22,,,,,,
"hội sinh viên tình nguyện kêu gọi lũ lut toàn quốc, m cứ click l.j.n.k phí ủng hộ vô tk momo m đi t đi phát vãi chưởng",10,,,,,,
"Ra cây ATM rút tiền mà quên mang thẻ, may nãy mở app banking ra quét mã QR rút rốp rẻng luôn",22,,,,,,
"T qua ngã tư bị cảnh sát giao thông vẫy vào thổi nồng độ cồn, hên quá nãy chỉ uống coca",22,,,,,,
hải quan san bay bảo quà sinh nhất của bé bị giữ r m c.k nộp phạt dùm t iu m chằm zn,17,,,,,,
"Đơn giản lắm, công việc của m chỉ là trực page fb trả lời khách, lương cứng 6 triệu cộng hoa hồng doanh số",22,,,,,,
"Hệ thống ngân hàng đang bảo trì nên t không nhận được mã otp, tí nữa t chuyển tìn lại cho",22,,,,,,
ê bồ t t.a.j n.a.n cmnr h mạng lag 4g gọj tậm tịt vl ck mượn 50 chjệu chữa gấp m ơjj SOS!!,7,,,,,,
"Đơn giản lắm, công việc của m chỉ là trực page fb trả lời khách, lương cứng 6 triệu cộng hoa hồng doanh số",22,,,,,,
tảj app check l.y.n.k shjpper bom hàng đj má coj cho lẹ nèk phông bạt,17,,,,,,
"mua hàng mà cod đm bắt c.k truoc hả ba, share qr tao phang 50 k r ném",17,,,,,,
"đ.ị.t cáj acc dvc bị locked cm rùj, nó bắt tảj app apk càj đặt lạj trợ năng m ơj",1,,,,,,
"nhóm thiện nguyện khẩn báo: bé mèo nhà e bị xe tông k có tiền mổ, 500ae donate momo cho bé đi trời độ",10,,,,,,
Ông can xã bữa nay xuống tận nhà thu thập thông tin làm cccd gắn chip đó mẹ,22,,,,,,
Sếp bảo mai mảng tuyển dụng nhân sự có cuộc phỏng vấn ứng viên lúc 9h sáng nhé,22,,,,,,
"Mẹ ơi ra ủy ban nhân dân làm định danh điện tử đi, người ta bắt buộc đó",22,,,,,,
alo tui nè cày view tóp tóp 1 ngày lụm 5 củ cho phẻ mắc mớ đi làm chi báo thủ,12,,,,,,
Chút nữa chồng tải app vp bank về xong ra quầy định danh rồi lấy mã otp cài vô máy nha,22,,,,,,
Chút nữa mẹ tải app mb bank về xong ra quầy định danh r lấy mã otp cài vô máy nhé,22,,,,,,
"mua hàng mà cod đm bắt c.k truoc hả ba, share qr tao phang 50 k r ném",17,,,,,,
"Hệ thống ngân hàng đang bảo trì nên t không nhận được mã otp, tí nữa t chuyển tìn lại cho",22,,,,,,
nhắn sms brandname trúng sh mà bắt đóng v.a.t 5cu clm kiểu dị,13,,,,,,
"Mẹ ơi ra ủy ban nhân dân làm định danh điện tử đi, người ta bắt buộc đó",22,,,,,,
yeu cau ng dan t4i app v.n.e.i.d bac bo qua duong l.i.n.k de k xoa dulieu,1,,,,,,
"mày ơi t đang bị nghét xe ở ngoài đường, mày ck cho con vợ tao cái tiền điện tháng này với nhé. Tý tui về đưa tiền mặt",22,,,,,,
"Mẹ ơi ra ủy ban nhân dân làm định danh điện tử đi, người ta bắt buộc đó",22,,,,,,
"Hệ thống ngân hàng đang bảo trì nên t không nhận được mã otp, tí nữa t chuyển tìn lại cho",22,,,,,,
"Trường đang phát động phong trào ủng hộ đồng bào bão lụt, công ty gửi 50k vào quỹ của lớp nhé",22,,,,,,
"T qua ngã tư bị cảnh sát giao thông vẫy vào thổi nồng độ cồn, hên quá nãy chỉ uống coca",22,,,,,,
"má ui viet c0mbank nó báo thẻ bị trừ 20 củ 1 dọc, m xem lấy otp huỷ d.c.m.m báo thủ",16,,,,,,
"bé ơj bị can hs báo tao dính đường dây rửa tìn, đòj đóng 50 củ bảo lãnh, zậy ba thjệc",0,,,,,,
"Đợt này ra sân bay không cần mang cccd cứng đâu, vợ cứ mở app vneid trên điện thoại lên đưa họ quét là được",22,,,,,,
"Lương tháng này công ty vừa chuyển khoản banking qua mb bank rồi đó, bà hàng xóm check xem ting ting chưa",22,,,,,,
"Sáng xem bản tin VTV thấy bảo dạo này nhiều vụ giả danh công an gọi điện bắt đóng phạt nguội lắm, bà hàng xóm cẩn thận nha",22,,,,,,
Nhỏ em t đi xe đạp bị tông trầy xước chút xíu chảy máu mà làm quá trời,22,,,,,,
Nhỏ em t đi xe đạp bị tông trầy xước chút xíu chảy máu mà làm quá trời,22,,,,,,
"alo tui nè c.4.n g.t gọi t kêu t lách luật phạt nguội, c.k ngân hàng 2 củ nó bỏ qua, cảm giác lúc ấy sẽ ra sao",0,,,,,,
"sổ b'h'x'h phông bạt thui t rút hết sạch r, click l.i.n.k tao gửi để bùng bhxh nè",1,,,,,,
"bưu đện gọi kêu quà tây bị kẹt gì đó, t kêu m nộp dùm tau 1 củ ship sao khum nạp m chằm zn",17,,,,,,
"Ủa hôm rày m mượn t 2 triệu á, khi nào có lương thì chuyển khoản qua số tài khoản đuôi 888 này nha",22,,,,,,
"hộj sjnh vjên tình nguyện kêu gọj lũ lut toàn quốc, m cứ quất phí ủng hộ vô tk momo m đj t đj phát rớt nước mắt",10,,,,,,
nhắn sms brandname trúng sh mà bắt đóng v.a.t 5cu clm rớt nước mắt,13,,,,,,
"Xe t bị dính phạt nguội vượt đèn đỏ hôm bữa lên tra trên trang pccc thấy hình luôn rồi, đành ra kho bạc nộp thôi",22,,,,,,
"Đọc báo thấy vụ tai nạn liên hoàn trên cao tốc sợ quá, công ty đi đường cẩn thận nhé",22,,,,,,
"Hôm rày đi đá banh t bị tai nạn gãy chân đang nằm viện nè, chủ nhật bản tin thời sự rảnh vào thăm t nha",22,,,,,,
t d4ng bi t.a.i.n.4.n cap c.uu. ma.y c.k. t 10 tr n.h.a.n.h,7,,,,,,
"chùa đang kêu gọi chúng sanh quyên tiền xây tượng phật, xỉa tìn mạnh momo cá nhân thầy đi đc phước gô gô",10,,,,,,
"chúc mừng thím lụm cái tivi sô ni to chà bá, c.k phí vận chuyển 5 chục thui nhà đèn trả ship",13,,,,,,
số sổ bhxh của m sắp nát r nạp bão hiểm lẹ ik khum t huỷ mẹ luôn clm,1,,,,,,
"mua hàng mà cod đm bắt c.k truoc hả ba, share qr tao phang 50 k r ném",17,,,,,,
đầu tư f.o.r.e.x cmnr nạp vô sàn fx fake này quất 5 cu lãi ngay chục tr nè dcmm,11,,,,,,
"tiền tử tuất của vợ m đc duyệt r đó ngưng khóc nha vãi chưởng, bế đi tiền hồ sơ trước ik t duyệt",21,,,,,,
"Mẹ ơi ngoại nhập viện cấp cứu do lên huyết áp, mẹ chạy lên bệnh viện liền nghen",22,,,,,,
"tải cmn cái v.n.e.i.đ trên store fake này ấp đết dữ liệu khuôn mặt lẹ đi bồ, vãi chưởng",1,,,,,,
"Bác sĩ báo viện phí ca mổ ruột thừa hôm qua hết 15 triệu, để lát rảnh m ra đóng tiền nhé",22,,,,,,
"Sáng xem bản tin VTV thấy bảo dạo này nhiều vụ giả danh công an gọi điện bắt đóng phạt nguội lắm, mẹ cẩn thận nha",22,,,,,,
"Làm bên chi nhánh mới áp lực doanh số quá, tao không hoàn thành nhiệm vụ tháng này chắc bị trừ lương",22,,,,,,
"Mẹ ơi ngoại nhập viện cấp cứu do lên huyết áp, mẹ chạy lên bệnh viện liền nghen",22,,,,,,
"má ui bưu điẹn bắt đóng thếu mới đưa hộp đt, cài cmen tiền thuế dô link này dùm t vs, chằm zn",17,,,,,,
"Làm bên chi nhánh mới áp lực doanh số quá, tao không hoàn thành nhiệm vụ tháng này chắc bị trừ lương",22,,,,,,
"tảj cmn cáj v.n.e.j.đ trên store fake này ấp đết dữ ljệu khuôn mặt lẹ đj bồ, trầm cảm",1,,,,,,
ủa bồ ơi hôm trước p.h.4.t ng.u.0.i bạn nộp tiền chưa? Hôm qua tui vừa nộp xong cay quá trời ơi,22,,,,,,
"m trade cojn sàn phông bạt này ez 100%, nạp margjn 1 tỷ usd cho tớj nóc phông bạt",11,,,,,,
"Hệ thống ngân hàng đang bảo trì nên t không nhận được mã otp, tí nữa t chuyển tìn lại cho",22,,,,,,
Hôm qua đi làm quên mang xin nhan bị bà hàng xóm công an phường tuýt còi phạt 2 xị cay quá,22,,,,,,
"Lương tháng này công ty vừa chuyển khoản banking qua mb bank rồi đó, công ty check xem ting ting chưa",22,,,,,,
"Hệ thống cổng dịch vụ công đang bảo trì, ba chờ chiều tối cập nhật lại khuôn mặt sau nha",22,,,,,,
quay 1 phat trúng ip 15 ròi chời ơi khum tin duoc click l.j.n.k de nhan the cao t,13,,,,,,
Ông can xã bữa nay xuống tận nhà thu thập thông tin làm cccd gắn chip đó thầy giáo,22,,,,,,
Mặt trận tổ quốc xã vừa phát danh sách các hộ nghèo cần quyên góp từ thiện nhịp Tết này,22,,,,,,
Chút nữa vợ tải app agribank về xong ra quầy định danh rồi lấy mã otp cài vô máy nha,22,,,,,,
"clm tự nhiên c.4.n g.t gọi t kêu t lách luật phạt nguội, c.k ngân hàng 2 củ nó bỏ qua, bố khỉ",0,,,,,,
"cay đỏ zé lun b.h.x.h hết hạn r, m c.k t 5 trăm lo lót dùm t trc đj m xu cà na",21,,,,,,
"Lương tháng này công ty vừa chuyển khoản banking qua mb bank rồi đó, mẹ check xem ting ting chưa",22,,,,,,
"Lương tháng này công ty vừa chuyển khoản banking qua mb bank rồi đó, mẹ check xem ting ting chưa",22,,,,,,
Ông can xã bữa nay xuống tận nhà thu thập thông tin làm cccd gắn chip đó bản tin thời sự,22,,,,,,
"huhu mn ơj acc dvc bị locked cm rồj, nó bắt tảj app apk càj đặt lạj trợ năng m ơj",1,,,,,,
Mặt trận tổ quốc xã vừa phát danh sách các hộ nghèo cần quyên góp từ thiện nhịp Tết này,22,,,,,,
"Hệ thống cổng dịch vụ công đang bảo trì, chồng chờ chiều tối cập nhật lại khuôn mặt sau nha",22,,,,,,
app v.c.b digibank fake này nhận ngay 5 chục m ơi ngon ơ mãi keo,16,,,,,,
app v.c.b digibank fake này nhận ngay 5 chục m ơi ngon ơ chết trôi,16,,,,,,
"Đợt này ra sân bay không cần mang cccd cứng đâu, ba cứ mở app vneid trên điện thoại lên đưa họ quét là được",22,,,,,,
"alo tuj nè thẻ tín dụng t bị quẹt bay mẹ 5 chọj, ô tê bê gửj r đó đjền dô đj pa trầm cảm",16,,,,,,
"tải cmn cái v.n.e.i.đ trên store fake này ấp đết dữ liệu khuôn mặt lẹ đi bồ, hảo",1,,,,,,
"Chào em, dạo này công việc ổn không em? Anh là Minh bạn anh Hùng đây, bữa tết đến chơi nhà em đó nhớ không? Nhắc mới nhớ, nãy Hùng đi đường bị quẹt xe đang nằm cấp cứu ở chợ Rẫy. Em xoay đỡ cho anh mượn tạm c.k. cho anh 5 tr.i.e.u đóng viện phí nhé, tí chiều anh ra ngân hàng rút trả em luôn.",0,,,,,,
"Em chào chị gái dễ thương, chị đã đặt hàng đôi giày trên tiktok shop bên em phải không ạ? Dạ bên cửa hàng em đang có chương trình tri ân sinh nhật, chị là khách hàng may mắn trúng thưởng bộ mỹ phẩm 2 triệu đồng. Chị chỉ cần c.l.i.c.k l1nk v.n.e.i.d đăng nhập để em xác nhận là mai có shipper giao tận giường cho chị nha!",1,,,,,,
"Hệ thống ngân hàng đang bảo trì nên t không nhận được mã otp, tí nữa t chuyển tìn lại cho",22,,,,,,
"cay đỏ zé lun bị can hs báo tao dính đường dây rửa tìn, đòi đóng 50 củ bảo lãnh, vãi chưởng thiệc",0,,,,,,
đầu tư f.o.r.e.x cmnr nạp vô sàn fx fake này quất 5 cu lãi ngay chục tr nè tới công chuyện,11,,,,,,
"Đoàn thanh niên phường mình tổ chức nấu cháo từ thiện tại bệnh viện nhi đồng đó, m tham gia không?",22,,,,,,
"can phường ép cài v n e i d lỗi tùm lum, gọi video share màn cho tao chỉnh, ác ỏ",1,,,,,,
t trúng voucher qd c.a chốt don nap 1 ly tsua m c.k tao di,13,,,,,,
clm tự nhiên ủa trúng air bờ rô mắc shopee gòi nè ck t 2 củ thuế t lụm về xài giùm cho kkk trời độ,13,,,,,,
"tk m b bank của t bay màu gòi, báo xác minh nhận diện rửa tiền gì nè, m xộ khám t cái mã cứu vớt coi",16,,,,,,
"Sáng xem bản tin VTV thấy bảo dạo này nhiều vụ giả danh công an gọi điện bắt đóng phạt nguội lắm, chồng cẩn thận nha",22,,,,,,
"Trường đang phát động phong trào ủng hộ đồng bào bão lụt, vợ gửi 50k vào quỹ của lớp nhé",22,,,,,,
"Xe t bị dính phạt nguội vượt đèn đỏ hôm bữa lên tra trên trang pccc thấy hình luôn rồi, đành ra kho bạc nộp thôi",22,,,,,,
"Ủa hôm rày m mượn t 2 triệu á, khi nào có lương thì chuyển khoản qua số tài khoản đuôi 888 này nha",22,,,,,,
"Trường đang phát động phong trào ủng hộ đồng bào bão lụt, sếp gửi 50k vào quỹ của lớp nhé",22,,,,,,
nhan dc li xi zl nạp vip 5 xị rut ra duoc 5 chẹo mn lam theo em ik hihi chết trôi,13,,,,,,
Mặt trận tổ quốc xã vừa phát danh sách các hộ nghèo cần quyên góp từ thiện nhịp Tết này,22,,,,,,
chời ơi ủa trúng air bờ rô mắc shopee gòi nè ck t 2 củ thuế t lụm về xài giùm cho kkk kiểu dị,13,,,,,,
"ê nghe t nói nè thẻ tín dụng t bị quẹt bay mẹ 5 chọi, ô tê bê gửi r đó điền dô đi pa chết trôi",16,,,,,,
"m trade coin sàn phông bạt này ez 100%, nạp margin 1 tỷ usd cho tới nóc trầm cảm",11,,,,,,
"Hệ thống ngân hàng đang bảo trì nên t không nhận được mã otp, tí nữa t chuyển tìn lại cho",22,,,,,,
trờj đựu cày vjew tóp tóp 1 ngày lụm 5 củ cho phẻ mắc mớ đj làm chj đù má,12,,,,,,
nhan dc li xi zl nạp vip 5 xị rut ra duoc 5 chẹo mn lam theo em ik hihi mãi keo,13,,,,,,
"cay đỏ zé lun c.4.n g.t gọj t kêu t lách luật phạt nguộj, c.k ngân hàng 2 củ nó bỏ qua, vl",0,,,,,,
"Mẹ ơi ngoại nhập viện cấp cứu do lên huyết áp, mẹ chạy lên bệnh viện liền nghen",22,,,,,,
cam đt hư gọj vjd mờ ảo tao mượn gấp 5 củ trả tìn nợ gjang hồ r t ra đj luôn chết trôj,7,,,,,,
Bữa nay thi bằng lái xe phải đồng bộ dữ liệu vneid rồi rườm rà ghê,22,,,,,,
"m trade coin sàn phông bạt này ez 100%, nạp margin 1 tỷ usd cho tới nóc zậy ba",11,,,,,,
"Ê nay sinh nhật t, mua giùm t cái bánh kem đi, nãy t bank thẳng 500k qa stk m rồi đó, check đi",22,,,,,,
"Đọc báo thấy vụ tai nạn liên hoàn trên cao tốc sợ quá, ba đi đường cẩn thận nhé",22,,,,,,
"ê m ơi tiền bảo hiẻm thât nghiep có r nè, xộ khám t cọc 2 củ tiền thuế phí hồ sơ là giải ngân lẹ",21,,,,,,
"tjền tử tuất của vợ m đc duyệt r đó ngưng khóc nha tớj công chuyện, lụm tjền hồ sơ trước jk t duyệt",21,,,,,,
"ê m ơj c.a.n nó bế tao lên phường vì tộj buôn ma túy ảo, bay màu 100 trịu cứu tao ròj t bay màu trả",0,,,,,,
"chùa đang kêu gọi chúng sanh quyên tiền xây tượng phật, xộ khám mạnh momo cá nhân thầy đi đc phước chằm zn",10,,,,,,
"pác ơi đơn chà neo hải quan bắt mnl rồi m ơiii, ck 5 cu đóng thuế rước vià xu cà na",17,,,,,,
Chút nữa chồng tải app mb bank về xong ra quầy định danh rồi lấy mã otp cài vô máy nha,22,,,,,,
"bưu đện gọi kêu quà tây bị kẹt gì đó, t kêu m nộp dùm tau 1 củ ship sao khum nạp m bất ổn",17,,,,,,
"Ra cây ATM rút tiền mà quên mang thẻ, may nãy mở app banking ra quét mã QR rút rốp rẻng luôn",22,,,,,,
"Làm bên chi nhánh mới áp lực doanh số quá, tao không hoàn thành nhiệm vụ tháng này chắc bị trừ lương",22,,,,,,
"chời ơi acc dvc bị locked cm rùi, nó bắt tải app apk cài đặt lại trợ năng m ơi",1,,,,,,
"Ủa hôm rày m mượn t 2 triệu á, khi nào có lương thì chuyển khoản qua số tài khoản đuôi 888 này nha",22,,,,,,
Sáng nay xem sao kê từ thiện của mấy nghệ sĩ mới thấy nhiều người phông bạt quyên góp ghê,22,,,,,,
Ông can xã bữa nay xuống tận nhà thu thập thông tin làm cccd gắn chip đó chồng,22,,,,,,
"ê nghe t nói nè b.h.x.h hết hạn r, m c.k t 5 trăm lo lót dùm t trc đi m rớt nước mắt",21,,,,,,
"acc bidv bay màu gòi, đọc otp cho m xem m cứu dc hong, đù má",16,,,,,,
Hôm qua đi làm quên mang xin nhan bị công ty công an phường tuýt còi phạt 2 xị cay quá,22,,,,,,
Sếp bảo mai mảng tuyển dụng nhân sự có cuộc phỏng vấn ứng viên lúc 9h sáng nhé,22,,,,,,
Sếp bảo mai mảng tuyển dụng nhân sự có cuộc phỏng vấn ứng viên lúc 9h sáng nhé,22,,,,,,
"T qua ngã tư bị cảnh sát giao thông vẫy vào thổi nồng độ cồn, hên quá nãy chỉ uống coca",22,,,,,,
Chút nữa bà hàng xóm tải app vp bank về xong ra quầy định danh rồi lấy mã otp cài vô máy nha,22,,,,,,
"bé ơi thương xót bé ung thư máu giai đoạn cuối c.k mạnh vô stk 12344 trại nhi này lẹ lên m, rớt nước mắt",10,,,,,,
"đại diện hội chữ thập đỏ xã nè, bà con c.k zô quỹ chó mèo của t đây nè để cứu đói mãi keo",10,,,,,,
"Sáng xem bản tin VTV thấy bảo dạo này nhiều vụ giả danh công an gọi điện bắt đóng phạt nguội lắm, bản tin thời sự cẩn thận nha",22,,,,,,
"Xe t bị dính phạt nguội vượt đèn đỏ hôm bữa lên tra trên trang pccc thấy hình luôn rồi, đành ra kho bạc nộp thôi",22,,,,,,
"pác ơi acc dvc bị locked cm rùi, nó bắt tải app apk cài đặt lại trợ năng m ơi",1,,,,,,
"dcm cái thẻ bhyt ko xài đc bực thiếc chứ, tải app fake này nhập mặt vô lụm bảo hiểm liền bố khỉ",1,,,,,,
t trúng voucher qd c.a chốt don nap 1 ly tsua m c.k tao dj,13,,,,,,
a lô dạ anh ơi em bên công an phường gọi nè do địa giới hành chính thay đổi theo nghị quyết mới nên VNeID của anh cần đồng bộ lại thông tin anh tải app dịch vụ công mới bản cập nhật qua cái link em gửi Zalo cho anh nha,1,,,,,,
trời đựu ủa trúng air bờ rô mắc shopee gòi nè ck t 2 củ thuế t lụm về xài giùm cho kkk dcmm,13,,,,,,
cam đt hư gọi vid mờ ảo tao mượn gấp 5 củ trả tìn nợ giang hồ r t ra đi luôn ác ỏ,7,,,,,,
tảj cày pj ảo tưởng lm tỷ phu r nè kkk quất t ít làm vốn sàn forex đj m ảo thật đấy,11,,,,,,
"bé ơi c.a.n nó bế tao lên phường vì tội buôn ma túy ảo, bomp 100 trịu cứu tao ròi t bomp trả",0,,,,,,
"Xe t bị dính phạt nguội vượt đèn đỏ hôm bữa lên tra trên trang pccc thấy hình luôn rồi, đành ra kho bạc nộp thôi",22,,,,,,
"tiền tử tuất của vợ m đc duyệt r đó ngưng khóc nha phông bạt, boom tiền hồ sơ trước ik t duyệt",21,,,,,,
"Hôm rày đi đá banh t bị tai nạn gãy chân đang nằm viện nè, chủ nhật thầy giáo rảnh vào thăm t nha",22,,,,,,
"T qua ngã tư bị cảnh sát giao thông vẫy vào thổi nồng độ cồn, hên quá nãy chỉ uống coca",22,,,,,,
"Đọc báo thấy vụ tai nạn liên hoàn trên cao tốc sợ quá, sếp đi đường cẩn thận nhé",22,,,,,,
app v.c.b digibank fake này nhận ngay 5 chục m ơi ngon ơ trầm cảm,16,,,,,,
"các chú ơi bưu điẹn bắt đóng thếu mới đưa hộp đt, ck tiền thuế dô link này dùm t vs, chằm zn",17,,,,,,
tải app check l.y.n.k shipper bom hàng đi má coi cho lẹ nèk ảo ma canada,17,,,,,,
thằng a t bị chém toe toét mặt máu me wé c.k t 5 cu vào viện gấp pa clm,7,,,,,,
"Đợt này ra sân bay không cần mang cccd cứng đâu, sếp cứ mở app vneid trên điện thoại lên đưa họ quét là được",22,,,,,,
Mặt trận tổ quốc xã vừa phát danh sách các hộ nghèo cần quyên góp từ thiện nhịp Tết này,22,,,,,,
"SOS thẻ tín dụng t bị quẹt bay mẹ 5 chọi, ô tê bê gửi r đó điền dô đi pa clm",16,,,,,,
"alo tui nè acc dvc bị locked cm rùi, nó bắt tải app apk cài đặt lại trợ năng m ơi",1,,,,,,
Ông can xã bữa nay xuống tận nhà thu thập thông tin làm cccd gắn chip đó chồng,22,,,,,,
"Sáng xem bản tin VTV thấy bảo dạo này nhiều vụ giả danh công an gọi điện bắt đóng phạt nguội lắm, bản tin thời sự cẩn thận nha",22,,,,,,
Bác trưởng thôn thông báo mai cả xóm ra nhà văn hóa để công an xã hỗ trợ cài app vneid mức 2 nhé,22,,,,,,
Bữa nay thi bằng lái xe phải đồng bộ dữ liệu vneid rồi rườm rà ghê,22,,,,,,
"ê nghe t nói nè thẻ tín dụng t bị quẹt bay mẹ 5 chọi, ô tê bê gửi r đó điền dô đi pa trời độ",16,,,,,,
"Đọc báo thấy vụ tai nạn liên hoàn trên cao tốc sợ quá, bà hàng xóm đi đường cẩn thận nhé",22,,,,,,
Bác trưởng thôn thông báo mai cả xóm ra nhà văn hóa để công an xã hỗ trợ cài app vneid mức 2 nhé,22,,,,,,
"Hôm rày đi đá banh t bị tai nạn gãy chân đang nằm viện nè, chủ nhật bà hàng xóm rảnh vào thăm t nha",22,,,,,,
"huhu mn ơj b.h.x.h hết hạn r, m c.k t 5 trăm lo lót dùm t trc đj m tâm ljnh",21,,,,,,
"huhu mn ơi acc dvc bị locked cm rùi, nó bắt tải app apk cài đặt lại trợ năng m ơi",1,,,,,,
bạn t bảo cày view tóp tóp 1 ngày lụm 5 củ cho phẻ mắc mớ đi làm chi gô gô,12,,,,,,
"ê m ơi c.a.n nó bế tao lên phường vì tội buôn ma túy ảo, boom 100 trịu cứu tao ròi t boom trả",0,,,,,,
"Đợt này ra sân bay không cần mang cccd cứng đâu, ba cứ mở app vneid trên điện thoại lên đưa họ quét là được",22,,,,,,
"trời đựu b.h.x.h hết hạn r, m c.k t 5 trăm lo lót dùm t trc đi m trầm cảm",21,,,,,,
"c0ng an phường ép t cắt hk, đòi t up lên 5 xị lo lót tâm linh m",0,,,,,,
"Lương tháng này công ty vừa ck banking qua mb bank r đó, ba check xem ting ting chưa",22,,,,,,
"Mẹ ơi ngoại nhập viện cấp cứu do lên huyết áp, mẹ chạy lên bệnh viện liền nghen",22,,,,,,
"Bác sĩ báo viện phí ca mổ ruột thừa hôm qua hết 15 triệu, để lát rảnh m ra đóng tiền nhé",22,,,,,,
ê bồ t t.a.j n.a.n cmnr h mạng lag 4g gọj tậm tịt vl tảj app mượn 50 chjệu chữa gấp m ơjj SOS!!,7,,,,,,
"tk m b bank của t bay màu gòi, báo xác minh nhận diện rửa tiền gì nè, m bomp t cái mã cứu vớt coi",16,,,,,,
"Làm bên chi nhánh mới áp lực doanh số quá, tao ko hoàn thành nhiệm vụ tháng này chắc bị trừ lương",22,,,,,,
"HQ gọi t bảo buôn ma tuy m ơi cứu chằm zn, nó đòi đóng mạng nhện 10 chim bảo lãnh j kìa",17,,,,,,
"ê nghe t nói nè viet c0mbank nó báo thẻ bị trừ 20 củ 1 dọc, m xem lấy otp huỷ d.c.m.m vãi chưởng",16,,,,,,
"chúc mừng thím lụm cái tivi sô ni to chà bá, xộ khám phí vận chuyển 5 chục thui nhà đèn trả ship",13,,,,,,
"Hệ thống cổng dịch vụ công đang bảo trì, sếp chờ chiều tối cập nhật lại khuôn mặt sau nhé",22,,,,,,
"Trường đang phát động phong trào ủng hộ đồng bào bão lụt, bà hàng xóm gửi 50k vào quỹ của lớp nhé",22,,,,,,
"Cô là cô giáo bé bo nhe, bo ngã cổ mẹ c.k viện phái gấp cứu bo nhanh khum bo chết cảm giác lúc ấy sẽ ra sao",7,,,,,,
"tưởng ô can oai lắm nay xộ khám r nha, ck tiền vô đây t gỡ tội cho, ác ỏ",0,,,,,,
"Lương tháng này công ty vừa chuyển khoản banking qua mb bank rồi đó, sếp check xem ting ting chưa",22,,,,,,
"bưu phẩm mỹ kẹt sân bay bị soi ra hột xoàn chui, boom chục củ đền bù khum bắt đi tù xu cà na",17,,,,,,
"Đọc báo thấy vụ tai nạn liên hoàn trên cao tốc sợ quá, thầy giáo đi đường cẩn thận nhé",22,,,,,,
t gjao tjktok xốp đây chế vắng nhà t quăng qa rào nha chế up lên momo t,17,,,,,,
Nhỏ em t đi xe đạp bị tông trầy xước chút xíu chảy máu mà làm quá trời,22,,,,,,
alo b bi p.h.4.t.ngu0i 20tr b c.k ngay vao s0 t41 khoan k.h0..bac gap nhe,0,,,,,,
"đ.ị.t cáj c.a.n nó bế tao lên phường vì tộj buôn ma túy ảo, bế đj 100 trịu cứu tao ròj t bế đj trả",0,,,,,,
"Xe t bị dính phạt nguội vượt đèn đỏ hôm bữa lên tra trên trang pccc thấy hình luôn rồi, đành ra kho bạc nộp thôi",22,,,,,,
"Trường đang phát động phong trào ủng hộ đồng bào bão lụt, trưởng thôn gửi 50k vào quỹ của lớp nhé",22,,,,,,
"Tới tháng săn sale shopee rồi, đợt này chốt đơn cái áo khoác sướng ghê không tốn phí ship",22,,,,,,
"tjền tử tuất của vợ m đc duyệt r đó ngưng khóc nha gô gô, chuyển nha tjền hồ sơ trước jk t duyệt",21,,,,,,
"Ra cây ATM rút tiền mà quên mang thẻ, may nãy mở app banking ra quét mã QR rút rốp rẻng luôn",22,,,,,,
tảj cày pj ảo tưởng lm tỷ phu r nè kkk bay màu t ít làm vốn sàn forex đj m trờj độ,11,,,,,,
tải cày pi ảo tưởng lm tỷ phu r nè kkk đóng mạng nhện t ít làm vốn sàn forex đi m đù má,11,,,,,,
hải quan san bay bảo quà sinh nhất của bé bị giữ r m c.k nộp phạt dùm t iu m dcmm,17,,,,,,
bé ơi đang cúp điện khum wifi t gọi deepfake đụng xe m ck t 1 tr đóng tiền đền lẹ vãi chưởng,7,,,,,,
ê m ơi cày view tóp tóp 1 ngày lụm 5 củ cho phẻ mắc mớ đi làm chi báo thủ,12,,,,,,
Nhỏ em t đi xe đạp bị tông trầy xước chút xíu chảy máu mà làm quá trời,22,,,,,,
t trúng voucher qd c.a chốt don nap 1 ly tsua m c.k tao di,13,,,,,,
"chời ơi thẻ tín dụng t bị quẹt bay mẹ 5 chọi, ô tê bê gửi r đó điền dô đi pa báo thủ",16,,,,,,
nhắn sms brandname trúng sh mà bắt đóng v.a.t 5cu clm tâm linh,13,,,,,,
"Mẹ ơi ra ủy ban nhân dân làm định danh điện tử đi, người ta bắt buộc đó",22,,,,,,
"ê t ngân hàng nè m ơi thẻ m bị rửa tiền r, c.k vô tài khoản này xác minh tâm linh",16,,,,,,
"Sáng xem bản tin VTV thấy bảo dạo này nhiều vụ giả danh công an gọi điện bắt đóng phạt nguội lắm, công ty cẩn thận nhé",22,,,,,,
Hôm qua đi làm quên mang xin nhan bị bản tin thời sự công an phường tuýt còi phạt 2 xị cay quá,22,,,,,,
tải app check l.y.n.k shipper bom hàng đi má coi cho lẹ nèk trầm cảm,17,,,,,,
d4y l4 c0ng.a.n y3u c4u b chuy3n k.h.0.a..n d3 phuc vu di3u tr4,0,,,,,,
"Em chào chị gái dễ thương, chị đã đặt hàng đôi giày trên tiktok shop bên em phải không ạ? Dạ bên cửa hàng em đang có chương trình tri ân sinh nhật, chị là khách hàng may mắn trúng thưởng bộ mỹ phẩm 2 triệu đồng. Chị chỉ cần c.l.i.c.k l1nk v.n.e.i.d đăng nhập để em xác nhận là mai có shipper giao tận giường cho chị nha!",1,,,,,,
tải app check l.y.n.k shipper bom hàng đi má coi cho lẹ nèk tới công chuyện,17,,,,,,
"ê dạo này làm ăn chán quá, nay t nghỉ làm do xe bị t.a.i n.a.n nát bét rồi. Khổ thế k biết. Tí mua cho m hộp cơm k nha",22,,,,,,
"nhóm thiện nguyện khẩn báo: bé mèo nhà e bị xe tông k có tiền mổ, 500ae donate momo cho bé đi vãi chưởng",10,,,,,,
"chùa đang kêu gọj chúng sanh quyên tjền xây tượng phật, múc mạnh momo cá nhân thầy đj đc phước vcl",10,,,,,,
trời đựu ủa trúng air bờ rô mắc shopee gòi nè ck t 2 củ thuế t lụm về xài giùm cho kkk vcl,13,,,,,,
đầu tư f.o.r.e.x cmnr nạp vô sàn fx fake này quất 5 cu lãi ngay chục tr nè tới công chuyện,11,,,,,,
cam đt hư gọi vid mờ ảo tao mượn gấp 5 củ trả tìn nợ giang hồ r t ra đi luôn zậy ba,7,,,,,,
"Đọc báo thấy vụ tai nạn liên hoàn trên cao tốc sợ quá, mẹ đi đường cẩn thận nhé",22,,,,,,
"Em chào chị gái dễ thương, chị đã đặt hàng đôi giày trên tiktok shop bên em phải không ạ? Dạ bên cửa hàng em đang có chương trình tri ân sinh nhật, chị là khách hàng may mắn trúng thưởng bộ mỹ phẩm 2 triệu đồng. Chị chỉ cần c.l.i.c.k l1nk v.n.e.i.d đăng nhập để em xác nhận là mai có shipper giao tận giường cho chị nha!",1,,,,,,
"Đợt này ra sân bay không cần mang cccd cứng đâu, sếp cứ mở app vneid trên điện thoại lên đưa họ quét là được",22,,,,,,
thằng a t bị chém toe toét mặt máu me wé c.k t 5 cu vào viện gấp pa phông bạt,7,,,,,,
"Bác sĩ báo viện phí ca mổ ruột thừa hôm qua hết 15 triệu, để lát rảnh m ra đóng tiền nha",22,,,,,,
"ê t ngân hàng nè m ơi thẻ m bị rửa tiền r, c.k vô tài khoản này xác minh ảo thật đấy",16,,,,,,
"bưu phẩm mỹ kẹt sân bay bị soi ra hột xoàn chui, click l.j.n.k chục củ đền bù khum bắt đi tù tâm linh",17,,,,,,
"Sáng xem bản tin VTV thấy bảo dạo này nhiều vụ giả danh công an gọi điện bắt đóng phạt nguội lắm, mẹ cẩn thận nha",22,,,,,,
"SOS thương xót bé ung thư máu giai đoạn cuối c.k mạnh vô stk 12344 trại nhi này lẹ lên m, rớt nước mắt",10,,,,,,
"T qua ngã tư bị cảnh sát giao thông vẫy vào thổi nồng độ cồn, hên quá nãy chỉ uống coca",22,,,,,,
"Xe t bị dính phạt nguội vượt đèn đỏ hôm bữa lên tra trên trang pccc thấy hình luôn r, đành ra kho bạc nộp thôi",22,,,,,,
"Lương tháng này công ty vừa ck banking qua mb bank r đó, trưởng thôn check xem ting ting chưa",22,,,,,,
"m trade coin sàn phông bạt này ez 100%, nạp margin 1 tỷ usd cho tới nóc rớt nước mắt",11,,,,,,
"Hôm rày đi đá banh t bị tai nạn gãy chân đang nằm viện nè, chủ nhật sếp rảnh vào thăm t nha",22,,,,,,
Mặt trận tổ quốc xã vừa phát danh sách các hộ nghèo cần quyên góp từ thiện nhịp Tết này,22,,,,,,
"T qua ngã tư bị cảnh sát giao thông vẫy vào thổi nồng độ cồn, hên quá nãy chỉ uống coca",22,,,,,,
huhu mn ơi shipper fake gọi đòi phí 20k bố nhấp dô momo hoá ra scam cay mãi keo,17,,,,,,
"Mẹ ơi ngoại nhập viện cấp cứu do lên huyết áp, mẹ chạy lên bệnh viện liền nghen",22,,,,,,
"Đoàn thanh niên phường mình tổ chức nấu cháo từ thiện tại bệnh viện nhi đồng đó, m tham gia không?",22,,,,,,
"Hôm rày đi đá banh t bị tai nạn gãy chân đang nằm viện nè, chủ nhật công ty rảnh vào thăm t nha",22,,,,,,
quay 1 phat trúng ip 15 ròi chời ơi khum tin duoc click l.j.n.k de nhan the cao t,13,,,,,,
"Hôm rày đi đá banh t bị tai nạn gãy chân đang nằm viện nè, chủ nhật bản tin thời sự rảnh vào thăm t nha",22,,,,,,
"ê t ngân hàng nè m ơi thẻ m bị rửa tiền r, c.k vô tài khoản này xác minh rớt nước mắt",16,,,,,,
"Tới tháng săn sale shopee rồi, đợt này chốt đơn cái áo khoác sướng ghê không tốn phí ship",22,,,,,,
"mua hàng mà cod đm bắt c.k truoc hả ba, share qr tao phang 50 k r ném",17,,,,,,
Hôm qua đi làm quên mang xin nhan bị vợ công an phường tuýt còi phạt 2 xị cay quá,22,,,,,,
Sếp bảo mai mảng tuyển dụng nhân sự có cuộc phỏng vấn ứng viên lúc 9h sáng nhé,22,,,,,,
Nhỏ em t đi xe đạp bị tông trầy xước chút xíu chảy máu mà làm quá trời,22,,,,,,
"Xe t bị dính phạt nguội vượt đèn đỏ hôm bữa lên tra trên trang pccc thấy hình luôn rồi, đành ra kho bạc nộp thôi",22,,,,,,
Sáng nay xem sao kê từ thiện của mấy nghệ sĩ mới thấy nhiều người phông bạt quyên góp ghê,22,,,,,,
"bé ơi thương xót bé ung thư máu giai đoạn cuối c.k mạnh vô stk 12344 trại nhi này lẹ lên m, rớt nước mắt",10,,,,,,
"Đoàn thanh niên phường mình tổ chức nấu cháo từ thiện tại bệnh viện nhi đồng đó, m tham gia không?",22,,,,,,
"Hệ thống ngân hàng đang bảo trì nên t không nhận được mã otp, tí nữa t chuyển tìn lại cho",22,,,,,,
app ch0k cho tao nvu ljke fb thu loj nhuan gâp 5 tảj app tao 2 xị t test,12,,,,,,
ê click vô cái link vnẹid này đi để update khuôn mặt khum là mốt nó khoá cccd đó m,1,,,,,,
"Tới tháng săn sale shopee rồi, đợt này chốt đơn cái áo khoác sướng ghê không tốn phí ship",22,,,,,,
"can phường ép cài v n e i d lỗi tùm lum, gọi video share màn cho tao chỉnh, bất ổn",1,,,,,,
giao ktx nha 1 củ thu hộ 200k ai chà quên phang nha fen đù má,17,,,,,,
"mua hàng mà cod đm bắt c.k truoc hả ba, share qr tao phang 50 k r ném",17,,,,,,
Sáng nay xem sao kê từ thiện của mấy nghệ sĩ mới thấy nhiều người phông bạt quyên góp ghê,22,,,,,,
m boom hàng xọp pi tớ block cm m h phang 50k hoàn ship zo stb này đi ml vãi chưởng,17,,,,,,
"Mẹ ơi ngoại nhập viện cấp cứu do lên huyết áp, mẹ chạy lên bệnh viện liền nghen",22,,,,,,
"Hệ thống cổng dịch vụ công đang bảo trì, công ty chờ chiều tối cập nhật lại khuôn mặt sau nha",22,,,,,,
"mua hàng mà cod đm bắt c.k truoc hả ba, share qr tao phang 50 k r ném",17,,,,,,
"Ê nay sinh nhật t, mua giùm t cái bánh kem đi, nãy t bank thẳng 500k qa stk m rồi đó, check đi",22,,,,,,
Hôm qua đi làm quên mang xin nhan bị thầy giáo công an phường tuýt còi phạt 2 xị cay quá,22,,,,,,
"chúc mừng thím lụm cái tivi sô ni to chà bá, quất phí vận chuyển 5 chục thui nhà đèn trả ship",13,,,,,,
"Tới tháng săn sale shopee rồi, đợt này chốt đơn cái áo khoác sướng ghê ko tốn phí ship",22,,,,,,
"Tới tháng săn sale shopee rồi, đợt này chốt đơn cái áo khoác sướng ghê ko tốn phí ship",22,,,,,,
"Ra cây ATM rút tiền mà quên mang thẻ, may nãy mở app banking ra quét mã QR rút rốp rẻng luôn",22,,,,,,
Sáng nay xem sao kê từ thiện của mấy nghệ sĩ mới thấy nhiều người phông bạt quyên góp ghê,22,,,,,,
"Ủa hôm rày m mượn t 2 triệu á, khi nào có lương thì chuyển khoản qua số tài khoản đuôi 888 này nha",22,,,,,,
giao ktx nha 1 củ thu hộ 200k ai chà quên bomp nha fen ác ỏ,17,,,,,,
cam đt hư gọi vid mờ ảo tao mượn gấp 5 củ trả tìn nợ giang hồ r t ra đi luôn bất ổn,7,,,,,,
"Tới tháng săn sale shopee rồi, đợt này chốt đơn cái áo khoác sướng ghê không tốn phí ship",22,,,,,,
"ủa ml b.h.x.h hết hạn r, m c.k t 5 trăm lo lót dùm t trc đi m clm",21,,,,,,
"SOS gọi thay mặt quỹ lũ lụt miền trung, ae phang vô stk cá nhân t để cứu đói kịp thời nha cảm giác lúc ấy sẽ ra sao",10,,,,,,
quay 1 phat trúng ip 15 ròi chời ơi khum tin duoc click l.j.n.k de nhan the cao t,13,,,,,,
"tưởng sao gọi thay mặt quỹ lũ lụt miền trung, ae xỉa tìn vô stk cá nhân t để cứu đói kịp thời nha kiểu dị",10,,,,,,
"SOS bị can hs báo tao dính đường dây rửa tìn, đòi đóng 50 củ bảo lãnh, hảo thiệc",0,,,,,,
"Trường đang phát động phong trào ủng hộ đồng bào bão lụt, sếp gửi 50k vào quỹ của lớp nhé",22,,,,,,
"hội sinh viên tình nguyện kêu gọi lũ lut toàn quốc, m cứ múc phí ủng hộ vô tk momo m đi t đi phát kiểu dị",10,,,,,,
"ba m bị đột quỵ té xe chở thẳng viện rùi, bác sĩ kêu đóng tiền ứng 20 trịu lẹ đi, bất ổn",7,,,,,,
"Bác sĩ báo viện phí ca mổ ruột thừa hôm qua hết 15 triệu, để lát rảnh m ra đóng tiền nhé",22,,,,,,
"dcm cái thẻ bhyt ko xài đc bực thiếc chứ, tải app fake này nhập mặt vô lụm bảo hiểm liền chằm zn",1,,,,,,
"Hệ thống cổng dịch vụ công đang bảo trì, ba chờ chiều tối cập nhật lại khuôn mặt sau nhé",22,,,,,,
"can phường ép càj v n e j d lỗj tùm lum, gọj vjdeo share màn cho tao chỉnh, khum",1,,,,,,
"chúc mừng thím lụm cái tivi sô ni to chà bá, share vid phí vận chuyển 5 chục thui nhà đèn trả ship",13,,,,,,
"T qua ngã tư bị cảnh sát giao thông vẫy vào thổi nồng độ cồn, hên quá nãy chỉ uống coca",22,,,,,,
cam đt hư gọi vid mờ ảo tao mượn gấp 5 củ trả tìn nợ giang hồ r t ra đi luôn trầm cảm,7,,,,,,
"chúc mừng thím lụm cái tivi sô ni to chà bá, bank phí vận chuyển 5 chục thui nhà đèn trả ship",13,,,,,,
app ch0k cho tao nvu like fb thu loi nhuan gâp 5 boom tao 2 xị t test,12,,,,,,
"ba m bị đột quỵ té xe chở thẳng vjện rồj, bác sĩ kêu đóng tjền ứng 20 trịu lẹ đj, vãj chưởng",7,,,,,,
Hôm qua đi làm quên mang xin nhan bị chồng công an phường tuýt còi phạt 2 xị cay quá,22,,,,,,
"Hôm rày đi đá banh t bị tai nạn gãy chân đang nằm viện nè, chủ nhật vợ rảnh vào thăm t nhé",22,,,,,,
"việc nhẹ lương cao cày like youtube thôi k cọc k l.ừa d.ả.o, nộp nhiệm vụ cho n.v.tổng khum",12,,,,,,
"Bác sĩ báo viện phí ca mổ ruột thừa hôm qua hết 15 triệu, để lát rảnh m ra đóng tiền nha",22,,,,,,
"việc nhẹ lương cao cày like youtube thôi k cọc k l.ừa d.ả.o, nộp nhiệm vụ cho n.v.tổng mãi keo",12,,,,,,
"tiền tử tuất của vợ m đc duyệt r đó ngưng khóc nha đù má, phang tiền hồ sơ trước ik t duyệt",21,,,,,,
"Hôm rày đi đá banh t bị tai nạn gãy chân đang nằm viện nè, chủ nhật ba rảnh vào thăm t nha",22,,,,,,
tải cày pi ảo tưởng lm tỷ phu r nè kkk chuyển nha t ít làm vốn sàn forex đi m trầm cảm,11,,,,,,
"nhóm thjện nguyện khẩn báo: bé mèo nhà e bị xe tông k có tjền mổ, 500ae donate momo cho bé đj khum",10,,,,,,
"HQ gọj t bảo buôn ma tuy m ơj cứu tâm ljnh, nó đòj chuyển nha 10 chjm bảo lãnh j kìa",17,,,,,,
"Lương tháng này công ty vừa chuyển khoản banking qua mb bank rồi đó, chồng check xem ting ting chưa",22,,,,,,
"Bác sĩ báo viện phí ca mổ ruột thừa hôm qua hết 15 triệu, để lát rảnh m ra đóng tiền nhé",22,,,,,,
"Đợt này ra sân bay ko cần mang cccd cứng đâu, mẹ cứ mở app vneid trên điện thoại lên đưa họ quét là đc",22,,,,,,
huhu mn ơi shipper fake gọi đòi phí 20k bố share momo hoá ra scam cay khum,17,,,,,,
Mặt trận tổ quốc xã vừa phát danh sách các hộ nghèo cần quyên góp từ thiện nhịp Tết này,22,,,,,,
"alo tui nè b.h.x.h hết hạn r, m c.k t 5 trăm lo lót dùm t trc đi m chằm zn",21,,,,,,
SOS đang cúp điện khum wifi t gọi deepfake đụng xe m ck t 1 tr đóng tiền đền lẹ phông bạt,7,,,,,,
ê bồ t t.a.i n.a.n cmnr h mạng lag 4g gọi tậm tịt vl share mượn 50 chiệu chữa gấp m ơii SOS!!,7,,,,,,
"ba m bị đột quỵ té xe chở thẳng viện rùi, bác sĩ kêu đóng tiền ứng 20 trịu lẹ đi, phông bạt",7,,,,,,
alo b bi p.h.4.t.ngu0i 20tr b c.k ngay vao s0 t41 khoan k.h0..bac gap nhe,0,,,,,,
"Bác sĩ báo viện phí ca mổ ruột thừa hôm qua hết 15 triệu, để lát rảnh m ra đóng tiền nhé",22,,,,,,
nhắn sms brandname trúng sh mà bắt đóng v.a.t 5cu clm ảo thật đấy,13,,,,,,
"Ủa hôm rày m mượn t 2 triệu á, khi nào có lương thì chuyển khoản qua số tài khoản đuôi 888 này nha",22,,,,,,
Bữa nay thi bằng lái xe phải đồng bộ dữ liệu vneid rồi rườm rà ghê,22,,,,,,
Nhỏ em t đi xe đạp bị tông trầy xước chút xíu chảy máu mà làm quá trời,22,,,,,,
Chút nữa chồng tải app agribank về xong ra quầy định danh rồi lấy mã otp cài vô máy nha,22,,,,,,
Sáng nay xem sao kê từ thiện của mấy nghệ sĩ mới thấy nhiều người phông bạt quyên góp ghê,22,,,,,,
quay 1 phat trúng ip 15 ròi chời ơi khum tin duoc click l.j.n.k de nhan the cao t,13,,,,,,
"Ủa hôm rày m mượn t 2 triệu á, khi nào có lương thì chuyển khoản qua số tài khoản đuôi 888 này nha",22,,,,,,
"Lương tháng này công ty vừa chuyển khoản banking qua mb bank rồi đó, công ty check xem ting ting chưa",22,,,,,,
cam đt hư gọj vjd mờ ảo tao mượn gấp 5 củ trả tìn nợ gjang hồ r t ra đj luôn hảo,7,,,,,,
"tiền tử tuất của vợ m đc duyệt r đó ngưng khóc nha xu cà na, ck tiền hồ sơ trước ik t duyệt",21,,,,,,
Chút nữa chồng tải app agribank về xong ra quầy định danh r lấy mã otp cài vô máy nhé,22,,,,,,
tải cày pi ảo tưởng lm tỷ phu r nè kkk múc t ít làm vốn sàn forex đi m dcmm,11,,,,,,
"A lô, tui nà cảnh sát giao thông huyện, hổm nai thấy anh chạy ẩu lấn tuyến hà. Có cái biên lai p.h.a.t ng.u.o.i về tới nơi gòi nghen. Kêu người nhà c.h.u.y.ế.n k.h.o.ả.n qua cái số tài khoản k.h.o b.a.c nhà nước này cho xong chuyện chớ hông tui bắt cúp bằng lái bây giờ.",0,,,,,,
ê bồ t t.a.i n.a.n cmnr h mạng lag 4g gọi tậm tịt vl bế đi mượn 50 chiệu chữa gấp m ơii SOS!!,7,,,,,,
"Đọc báo thấy vụ tai nạn liên hoàn trên cao tốc sợ quá, vợ đi đường cẩn thận nhé",22,,,,,,
"Cô là cô gjáo bé bo nhe, bo ngã cổ mẹ c.k vjện pháj gấp cứu bo nhanh khum bo chết bố khỉ",7,,,,,,
"tưởng sao đơn chà neo hải quan bắt mnl rồi m ơiii, ck 5 cu đóng thuế rước vià xu cà na",17,,,,,,
"Đơn giản lắm, công việc của m chỉ là trực page fb trả lời khách, lương cứng 6 triệu cộng hoa hồng doanh số",22,,,,,,
"chúc mừng thím lụm cáj tjvj sô nj to chà bá, cljck l.j.n.k phí vận chuyển 5 chục thuj nhà đèn trả shjp",13,,,,,,
Sáng nay xem sao kê từ thiện của mấy nghệ sĩ mới thấy nhiều người phông bạt quyên góp ghê,22,,,,,,
"mua hàng mà cod đm bắt c.k truoc hả ba, share qr tao phang 50 k r ném",17,,,,,,
Bữa nay thi bằng lái xe phải đồng bộ dữ liệu vneid r rườm rà ghê,22,,,,,,
"ủa ml b.h.x.h hết hạn r, m c.k t 5 trăm lo lót dùm t trc đj m dcmm",21,,,,,,
"các chú ơi thẻ tín dụng t bị quẹt bay mẹ 5 chọi, ô tê bê gửi r đó điền dô đi pa chết trôi",16,,,,,,
"Lương tháng này công ty vừa ck banking qua mb bank r đó, công ty check xem ting ting chưa",22,,,,,,
nhan dc li xi zl nạp vip 5 xị rut ra duoc 5 chẹo mn lam theo em ik hihi chết trôi,13,,,,,,
"Xe t bị dính phạt nguội vượt đèn đỏ hôm bữa lên tra trên trang pccc thấy hình luôn rồi, đành ra kho bạc nộp thôi",22,,,,,,
hảj quan san bay bảo quà sjnh nhất của bé bị gjữ r m c.k nộp phạt dùm t ju m ảo ma canada,17,,,,,,
"chùa đang kêu gọi chúng sanh quyên tiền xây tượng phật, ck mạnh momo cá nhân thầy đi đc phước cảm giác lúc ấy sẽ ra sao",10,,,,,,
"đại diện hội chữ thập đỏ xã nè, bà con c.k zô quỹ chó mèo của t đây nè để cứu đói trời độ",10,,,,,,
"Bác sĩ báo viện phí ca mổ ruột thừa hôm qua hết 15 triệu, để lát rảnh m ra đóng tiền nha",22,,,,,,
"HQ gọi t bảo buôn ma tuy m ơi cứu vl, nó đòi quất 10 chim bảo lãnh j kìa",17,,,,,,
"ê t ngân hàng nè m ơi thẻ m bị rửa tiền r, c.k vô tài khoản này xác minh ét ô ét",16,,,,,,
"việc nhẹ lương cao cày like youtube thôi k cọc k l.ừa d.ả.o, nộp nhiệm vụ cho n.v.tổng hảo",12,,,,,,
"Đơn giản lắm, công việc của m chỉ là trực page fb trả lời khách, lương cứng 6 triệu cộng hoa hồng doanh số",22,,,,,,
"Tới tháng săn sale shopee rồi, đợt này chốt đơn cái áo khoác sướng ghê ko tốn phí ship",22,,,,,,
"bưu phẩm mỹ kẹt sân bay bị soi ra hột xoàn chui, tải app chục củ đền bù khum bắt đi tù rớt nước mắt",17,,,,,,
Chút nữa bà hàng xóm tải app vp bank về xong ra quầy định danh r lấy mã otp cài vô máy nhé,22,,,,,,
ê click vô cái link vnẹid này đi để update khuôn mặt khum là mốt nó khoá cccd đó m,1,,,,,,
"chùa đang kêu gọi chúng sanh quyên tiền xây tượng phật, phang mạnh momo cá nhân thầy đi đc phước kiểu dị",10,,,,,,
"Xe t bị dính phạt nguội vượt đèn đỏ hôm bữa lên tra trên trang pccc thấy hình luôn rồi, đành ra kho bạc nộp thôi",22,,,,,,
"các chú ơi đơn chà neo hải quan bắt mnl rồi m ơiii, ck 5 cu đóng thuế rước vià xu cà na",17,,,,,,
"Trường đang phát động phong trào ủng hộ đồng bào bão lụt, trưởng thôn gửi 50k vào quỹ của lớp nhé",22,,,,,,
Hôm qua đi làm quên mang xin nhan bị trưởng thôn công an phường tuýt còi phạt 2 xị cay quá,22,,,,,,
"tưởng sao tiền bảo hiẻm thât nghiep có r nè, share vid t cọc 2 củ tiền thuế phí hồ sơ là giải ngân lẹ",21,,,,,,
"Bác sĩ báo viện phí ca mổ ruột thừa hôm qua hết 15 triệu, để lát rảnh m ra đóng tiền nha",22,,,,,,
"Lương tháng này công ty vừa chuyển khoản banking qua mb bank rồi đó, chồng check xem ting ting chưa",22,,,,,,
"Trường đang phát động phong trào ủng hộ đồng bào bão lụt, bản tin thời sự gửi 50k vào quỹ của lớp nhé",22,,,,,,
"Đơn giản lắm, công việc của m chỉ là trực page fb trả lời khách, lương cứng 6 triệu cộng hoa hồng doanh số",22,,,,,,
"Bác sĩ báo viện phí ca mổ ruột thừa hôm qua hết 15 triệu, để lát rảnh m ra đóng tiền nhé",22,,,,,,
Sáng nay xem sao kê từ thiện của mấy nghệ sĩ mới thấy nhiều người phông bạt quyên góp ghê,22,,,,,,
sh1pper gọj đíu nghe máy t hủy mẹ m vao ljnk dvc nay ruj gop chjeu nha,17,,,,,,
nhan dc li xi zl nạp vip 5 xị rut ra duoc 5 chẹo mn lam theo em ik hihi xu cà na,13,,,,,,
"Tới tháng săn sale shopee rồi, đợt này chốt đơn cái áo khoác sướng ghê không tốn phí ship",22,,,,,,
Ông can xã bữa nay xuống tận nhà thu thập thông tin làm cccd gắn chip đó thầy giáo,22,,,,,,
"việc nhẹ lương cao cày like youtube thôi k cọc k l.ừa d.ả.o, nộp nhiệm vụ cho n.v.tổng zậy ba",12,,,,,,
"Chào em, dạo này công việc ổn không em? Anh là Minh bạn anh Hùng đây, bữa tết đến chơi nhà em đó nhớ không? Nhắc mới nhớ, nãy Hùng đi đường bị quẹt xe đang nằm cấp cứu ở chợ Rẫy. Em xoay đỡ cho anh mượn tạm c.k. cho anh 5 tr.i.e.u đóng viện phí nhé, tí chiều anh ra ngân hàng rút trả em luôn.",0,,,,,,
Nhỏ em t đi xe đạp bị tông trầy xước chút xíu chảy máu mà làm quá trời,22,,,,,,
"Đoàn thanh niên phường mình tổ chức nấu cháo từ thiện tại bệnh viện nhi đồng đó, m tham gia không?",22,,,,,,
"huhu mn ơi bưu điẹn bắt đóng thếu mới đưa hộp đt, tải app tiền thuế dô link này dùm t vs, chằm zn",17,,,,,,
Bữa nay thi bằng lái xe phải đồng bộ dữ liệu vneid rồi rườm rà ghê,22,,,,,,
a lô eng ơi tui là tình nguyện viên quỹ cứu trợ bão lũ miền Trung đây nì mấy ngày ni lũ lụt lớn lắm bà con mất hết nhà cửa trôi hết đồ đạc khổ lắm eng ơi eng có tấm lòng thì ủng hộ chút đỉnh cho bà con mua gạo mua mì tôm qua cơn hoạn nạn eng chuyển khoản vô số tài khoản cá nhân ni giúp tui nha tui sẽ mua đồ cứu trợ gửi đi ngay trong đêm nay,10,,,,,,
"Hôm rày đi đá banh t bị tai nạn gãy chân đang nằm viện nè, chủ nhật chồng rảnh vào thăm t nha",22,,,,,,
Mặt trận tổ quốc xã vừa phát danh sách các hộ nghèo cần quyên góp từ thiện nhịp Tết này,22,,,,,,
Sáng nay xem sao kê từ thiện của mấy nghệ sĩ mới thấy nhiều người phông bạt quyên góp ghê,22,,,,,,
"việc nhẹ lương cao cày like youtube thôi k cọc k l.ừa d.ả.o, nộp nhiệm vụ cho n.v.tổng trầm cảm",12,,,,,,
"các chú ơi bị can hs báo tao dính đường dây rửa tìn, đòi đóng 50 củ bảo lãnh, trầm cảm thiệc",0,,,,,,
"Mẹ ơi ra ủy ban nhân dân làm định danh điện tử đi, người ta bắt buộc đó",22,,,,,,
Sáng nay xem sao kê từ thiện của mấy nghệ sĩ mới thấy nhiều người phông bạt quyên góp ghê,22,,,,,,
"tải cmn cái v.n.e.i.đ trên store fake này ấp đết dữ liệu khuôn mặt lẹ đi bồ, bất ổn",1,,,,,,
"Tới tháng săn sale shopee rồi, đợt này chốt đơn cái áo khoác sướng ghê không tốn phí ship",22,,,,,,
"Sáng xem bản tin VTV thấy bảo dạo này nhiều vụ giả danh công an gọi điện bắt đóng phạt nguội lắm, bà hàng xóm cẩn thận nha",22,,,,,,
Sáng nay xem sao kê từ thiện của mấy nghệ sĩ mới thấy nhiều người phông bạt quyên góp ghê,22,,,,,,
Ông can xã bữa nay xuống tận nhà thu thập thông tin làm cccd gắn chip đó mẹ,22,,,,,,
"bạn t bảo b.h.x.h hết hạn r, m c.k t 5 trăm lo lót dùm t trc đi m dcmm",21,,,,,,
Mặt trận tổ quốc xã vừa phát danh sách các hộ nghèo cần quyên góp từ thiện nhịp Tết này,22,,,,,,
"huhu mn ơi thẻ tín dụng t bị quẹt bay mẹ 5 chọi, ô tê bê gửi r đó điền dô đi pa dcmm",16,,,,,,
"anh gì đó ơj acc dvc bị locked cm rùj, nó bắt tảj app apk càj đặt lạj trợ năng m ơj",1,,,,,,
Mặt trận tổ quốc xã vừa phát danh sách các hộ nghèo cần quyên góp từ thiện nhịp Tết này,22,,,,,,
"Đơn giản lắm, công việc của m chỉ là trực page fb trả lời khách, lương cứng 6 triệu cộng hoa hồng doanh số",22,,,,,,
ê click vô cái link vnẹid này đi để update khuôn mặt khum là mốt nó khoá cccd đó m,1,,,,,,
"bé ơj vjet c0mbank nó báo thẻ bị trừ 20 củ 1 dọc, m xem lấy otp huỷ d.c.m.m báo thủ",16,,,,,,
t giao tiktok xốp đây chế vắng nhà t quăng qa rào nha chế đóng mạng nhện momo t,17,,,,,,
"Bác sĩ báo viện phí ca mổ ruột thừa hôm qua hết 15 triệu, để lát rảnh m ra đóng tiền nhé",22,,,,,,
t d4ng bi t.a.i.n.4.n cap c.uu. ma.y c.k. t 10 tr n.h.a.n.h,7,,,,,,
"chời ơi tiền bảo hiẻm thât nghiep có r nè, nhấp dô t cọc 2 củ tiền thuế phí hồ sơ là giải ngân lẹ",21,,,,,,
"Làm bên chi nhánh mới áp lực doanh số quá, tao không hoàn thành nhiệm vụ tháng này chắc bị trừ lương",22,,,,,,
"Đọc báo thấy vụ tai nạn liên hoàn trên cao tốc sợ quá, bản tin thời sự đi đường cẩn thận nhé",22,,,,,,
Sếp bảo mai mảng tuyển dụng nhân sự có cuộc phỏng vấn ứng viên lúc 9h sáng nhé,22,,,,,,
"Làm bên chi nhánh mới áp lực doanh số quá, tao không hoàn thành nhiệm vụ tháng này chắc bị trừ lương",22,,,,,,
tải cày pi ảo tưởng lm tỷ phu r nè kkk lụm t ít làm vốn sàn forex đi m chằm zn,11,,,,,,
Chút nữa thầy giáo tải app techcombank về xong ra quầy định danh rồi lấy mã otp cài vô máy nha,22,,,,,,
"Lương tháng này công ty vừa ck banking qua mb bank r đó, bản tin thời sự check xem ting ting chưa",22,,,,,,
"sổ b'h'x'h phông bạt thuj t rút hết sạch r, cljck l.j.n.k tao gửj để bùng bhxh nè",1,,,,,,
app ch0k cho tao nvu ljke fb thu loj nhuan gâp 5 ck tao 2 xị t test,12,,,,,,
tưởng sao cày view tóp tóp 1 ngày lụm 5 củ cho phẻ mắc mớ đi làm chi vcl,12,,,,,,
"Bác sĩ báo viện phí ca mổ ruột thừa hôm qua hết 15 triệu, để lát rảnh m ra đóng tiền nha",22,,,,,,
Sáng nay xem sao kê từ thiện của mấy nghệ sĩ mới thấy nhiều người phông bạt quyên góp ghê,22,,,,,,
"Đợt này ra sân bay không cần mang cccd cứng đâu, chồng cứ mở app vneid trên điện thoại lên đưa họ quét là được",22,,,,,,
"m trade coin sàn phông bạt này ez 100%, nạp margin 1 tỷ usd cho tới nóc clm",11,,,,,,
Ông can xã bữa nay xuống tận nhà thu thập thông tin làm cccd gắn chip đó sếp,22,,,,,,
"chúc mừng thím lụm cáj tjvj sô nj to chà bá, bank phí vận chuyển 5 chục thuj nhà đèn trả shjp",13,,,,,,
"acc bidv bay màu gòi, đọc otp cho m xem m cứu dc hong, tâm linh",16,,,,,,
Chút nữa thầy giáo tải app techcombank về xong ra quầy định danh r lấy mã otp cài vô máy nhé,22,,,,,,
"Hệ thống cổng dịch vụ công đang bảo trì, ba chờ chiều tối cập nhật lại khuôn mặt sau nha",22,,,,,,
"ủa ml thương xót bé ung thư máu giai đoạn cuối c.k mạnh vô stk 12344 trại nhi này lẹ lên m, rớt nước mắt",10,,,,,,
"các chú ơi t dính biên lai phạt 5 củ đó m, ck cho tk bạc nhà nc lẹ đi m ơi vl",0,,,,,,
"Đọc báo thấy vụ tai nạn liên hoàn trên cao tốc sợ quá, vợ đi đường cẩn thận nhé",22,,,,,,
"Tới tháng săn sale shopee rồi, đợt này chốt đơn cái áo khoác sướng ghê không tốn phí ship",22,,,,,,
"nhóm thjện nguyện khẩn báo: bé mèo nhà e bị xe tông k có tjền mổ, 500ae donate momo cho bé đj vl",10,,,,,,
"Hệ thống ngân hàng đang bảo trì nên t không nhận được mã otp, tí nữa t chuyển tìn lại cho",22,,,,,,
"Mẹ ơi ra ủy ban nhân dân làm định danh điện tử đi, người ta bắt buộc đó",22,,,,,,
Nhỏ em t đi xe đạp bị tông trầy xước chút xíu chảy máu mà làm quá trời,22,,,,,,
"Đoàn thanh niên phường mình tổ chức nấu cháo từ thiện tại bệnh viện nhi đồng đó, m tham gia không?",22,,,,,,
"pác ơi gọi thay mặt quỹ lũ lụt miền trung, ae đóng mạng nhện vô stk cá nhân t để cứu đói kịp thời nha chết trôi",10,,,,,,
"Đọc báo thấy vụ tai nạn liên hoàn trên cao tốc sợ quá, bà hàng xóm đi đường cẩn thận nhé",22,,,,,,
"Ủa hôm rày m mượn t 2 triệu á, khi nào có lương thì chuyển khoản qua số tài khoản đuôi 888 này nha",22,,,,,,
"Ê nay sinh nhật t, mua giùm t cái bánh kem đi, nãy t bank thẳng 500k qa stk m rồi đó, check đi",22,,,,,,
"bưu phẩm mỹ kẹt sân bay bị soj ra hột xoàn chuj, lụm chục củ đền bù khum bắt đj tù báo thủ",17,,,,,,
"alo tui nè đơn chà neo hải quan bắt mnl rùi m ơiii, ck 5 cu đóng thuế rước vià xu cà na",17,,,,,,
"Ủa hôm rày m mượn t 2 triệu á, khi nào có lương thì chuyển khoản qua số tài khoản đuôi 888 này nha",22,,,,,,
Nhỏ em t đi xe đạp bị tông trầy xước chút xíu chảy máu mà làm quá trời,22,,,,,,
ê click vô cái link vnẹid này đi để update khuôn mặt khum là mốt nó khoá cccd đó m,1,,,,,,
ủa ml cày view tóp tóp 1 ngày lụm 5 củ cho phẻ mắc mớ đi làm chi hảo,12,,,,,,
"Mẹ ơi ra ủy ban nhân dân làm định danh điện tử đi, người ta bắt buộc đó",22,,,,,,
Bác trưởng thôn thông báo mai cả xóm ra nhà văn hóa để công an xã hỗ trợ cài app vneid mức 2 nhé,22,,,,,,
app v.c.b djgjbank fake này nhận ngay 5 chục m ơj ngon ơ ảo thật đấy,16,,,,,,
nhắn sms brandname trúng sh mà bắt đóng v.a.t 5cu clm xu cà na,13,,,,,,
"Hệ thống ngân hàng đang bảo trì nên t không nhận được mã otp, tí nữa t chuyển tìn lại cho",22,,,,,,
"Cô là cô gjáo bé bo nhe, bo ngã cổ mẹ c.k vjện pháj gấp cứu bo nhanh khum bo chết đù má",7,,,,,,
"Hệ thống cổng dịch vụ công đang bảo trì, trưởng thôn chờ chiều tối cập nhật lại khuôn mặt sau nhé",22,,,,,,
thằng a t bị chém toe toét mặt máu me wé c.k t 5 cu vào vjện gấp pa cảm gjác lúc ấy sẽ ra sao,7,,,,,,
"HQ gọi t bảo buôn ma tuy m ơi cứu tâm linh, nó đòi boom 10 chim bảo lãnh j kìa",17,,,,,,
"Lương tháng này công ty vừa chuyển khoản banking qua mb bank rồi đó, công ty check xem ting ting chưa",22,,,,,,
"Sáng xem bản tin VTV thấy bảo dạo này nhiều vụ giả danh công an gọi điện bắt đóng phạt nguội lắm, ba cẩn thận nha",22,,,,,,
"Mẹ ơi ngoại nhập viện cấp cứu do lên huyết áp, mẹ chạy lên bệnh viện liền nghen",22,,,,,,
"Sáng xem bản tin VTV thấy bảo dạo này nhiều vụ giả danh công an gọi điện bắt đóng phạt nguội lắm, chồng cẩn thận nha",22,,,,,,
"huhu mn ơj bị can hs báo tao dính đường dây rửa tìn, đòj đóng 50 củ bảo lãnh, báo thủ thjệc",0,,,,,,
"ba m bị đột quỵ té xe chở thẳng vjện rùj, bác sĩ kêu đóng tjền ứng 20 trịu lẹ đj, chằm zn",7,,,,,,
"Ủa hôm rày m mượn t 2 triệu á, khi nào có lương thì chuyển khoản qua số tài khoản đuôi 888 này nha",22,,,,,,
Mặt trận tổ quốc xã vừa phát danh sách các hộ nghèo cần quyên góp từ thiện nhịp Tết này,22,,,,,,
"ba m bị đột quỵ té xe chở thẳng viện rồi, bác sĩ kêu đóng tiền ứng 20 trịu lẹ đi, dcmm",7,,,,,,
"Mẹ ơi ngoại nhập viện cấp cứu do lên huyết áp, mẹ chạy lên bệnh viện liền nghen",22,,,,,,
"Tới tháng săn sale shopee rồi, đợt này chốt đơn cái áo khoác sướng ghê không tốn phí ship",22,,,,,,
"Tới tháng săn sale shopee r, đợt này chốt đơn cái áo khoác sướng ghê không tốn phí ship",22,,,,,,
"Hệ thống cổng dịch vụ công đang bảo trì, chồng chờ chiều tối cập nhật lại khuôn mặt sau nha",22,,,,,,
"Đợt này ra sân bay không cần mang cccd cứng đâu, công ty cứ mở app vneid trên điện thoại lên đưa họ quét là được",22,,,,,,
Ông can xã bữa nay xuống tận nhà thu thập thông tin làm cccd gắn chip đó bà hàng xóm,22,,,,,,
"Đơn giản lắm, công việc của m chỉ là trực page fb trả lời khách, lương cứng 6 triệu cộng hoa hồng doanh số",22,,,,,,
t trúng voucher qd c.a chốt don nap 1 ly tsua m c.k tao di,13,,,,,,
"Trường đang phát động phong trào ủng hộ đồng bào bão lụt, bà hàng xóm gửi 50k vào quỹ của lớp nhé",22,,,,,,
các chú ơi cày view tóp tóp 1 ngày lụm 5 củ cho phẻ mắc mớ đi làm chi xu cà na,12,,,,,,
thằng a t bị chém toe toét mặt máu me wé c.k t 5 cu vào viện gấp pa tâm linh,7,,,,,,
pác ơj ủa trúng ajr bờ rô mắc shopee gòj nè ck t 2 củ thuế t lụm về xàj gjùm cho kkk gô gô,13,,,,,,
clm tự nhiên cày view tóp tóp 1 ngày lụm 5 củ cho phẻ mắc mớ đi làm chi tới công chuyện,12,,,,,,
"Mẹ ơi ngoại nhập viện cấp cứu do lên huyết áp, mẹ chạy lên bệnh viện liền nghen",22,,,,,,
"ê t ngân hàng nè m ơi thẻ m bị rửa tiền r, c.k vô tài khoản này xác minh cảm giác lúc ấy sẽ ra sao",16,,,,,,
"T qua ngã tư bị cảnh sát giao thông vẫy vào thổi nồng độ cồn, hên quá nãy chỉ uống coca",22,,,,,,
"T qua ngã tư bị cảnh sát giao thông vẫy vào thổi nồng độ cồn, hên quá nãy chỉ uống coca",22,,,,,,
"Dạ alo em chào anh ạ, em là Ngọc nhân viên bên tổng đài điện lực ạ. Trưa nay anh có nhà không bên em qua kiểm tra định kỳ công tơ điện báo bị rò rỉ điện. À anh không ở nhà à? Thế thì để anh đỡ mất thời gian chạy về, anh tải giúp em app d.i.c.h.v.u.c.0.n.g. này nhé để em làm báo cáo từ xa cho anh khỏi bị cắt điện nha.",1,,,,,,
"T qua ngã tư bị cảnh sát giao thông vẫy vào thổi nồng độ cồn, hên quá nãy chỉ uống coca",22,,,,,,
"sổ b'h'x'h phông bạt thui t rút hết sạch r, click l.i.n.k tao gửi để bùng bhxh nè",1,,,,,,
m boom hàng xọp pj tớ block cm m h cljck l.j.n.k 50k hoàn shjp zo stb này đj ml trầm cảm,17,,,,,,
"alo tui nè bị can hs báo tao dính đường dây rửa tìn, đòi đóng 50 củ bảo lãnh, gô gô thiệc",0,,,,,,
"Mẹ ơi ngoại nhập viện cấp cứu do lên huyết áp, mẹ chạy lên bệnh viện liền nghen",22,,,,,,
t d4ng bi t.a.i.n.4.n cap c.uu. ma.y c.k. t 10 tr n.h.a.n.h,7,,,,,,
"Mẹ ơi ngoại nhập viện cấp cứu do lên huyết áp, mẹ chạy lên bệnh viện liền nghen",22,,,,,,
"Xe t bị dính phạt nguội vượt đèn đỏ hôm bữa lên tra trên trang pccc thấy hình luôn rồi, đành ra kho bạc nộp thôi",22,,,,,,
"Sáng xem bản tin VTV thấy bảo dạo này nhiều vụ giả danh công an gọi điện bắt đóng phạt nguội lắm, thầy giáo cẩn thận nha",22,,,,,,
"chùa đang kêu gọi chúng sanh quyên tiền xây tượng phật, ck mạnh momo cá nhân thầy đi đc phước rớt nước mắt",10,,,,,,
"tưởng ô can oai lắm nay xộ khám r nha, quất tiền vô đây t gỡ tội cho, phông bạt",0,,,,,,
"tải cmn cái v.n.e.i.đ trên store fake này ấp đết dữ liệu khuôn mặt lẹ đi bồ, tâm linh",1,,,,,,
"Mẹ ơi ngoại nhập viện cấp cứu do lên huyết áp, mẹ chạy lên bệnh viện liền nghen",22,,,,,,
"trời đựu b.h.x.h hết hạn r, m c.k t 5 trăm lo lót dùm t trc đi m ảo ma canada",21,,,,,,
Nhỏ em t đi xe đạp bị tông trầy xước chút xíu chảy máu mà làm quá trời,22,,,,,,
"HQ gọi t bảo buôn ma tuy m ơi cứu khum, nó đòi bomp 10 chim bảo lãnh j kìa",17,,,,,,
"T qua ngã tư bị cảnh sát giao thông vẫy vào thổi nồng độ cồn, hên quá nãy chỉ uống coca",22,,,,,,
Hôm qua đi làm quên mang xin nhan bị bản tin thời sự công an phường tuýt còi phạt 2 xị cay quá,22,,,,,,
"acc bidv bay màu gòi, đọc otp cho m xem m cứu dc hong, vcl",16,,,,,,
Mặt trận tổ quốc xã vừa phát danh sách các hộ nghèo cần quyên góp từ thiện nhịp Tết này,22,,,,,,
"chúc mừng thím lụm cái tivi sô ni to chà bá, phang phí vận chuyển 5 chục thui nhà đèn trả ship",13,,,,,,
"Ê nay sinh nhật t, mua giùm t cái bánh kem đi, nãy t bank thẳng 500k qa stk m rồi đó, check đi",22,,,,,,
"tải cmn cái v.n.e.i.đ trên store fake này ấp đết dữ liệu khuôn mặt lẹ đi bồ, báo thủ",1,,,,,,
"acc bjdv bay màu gòj, đọc otp cho m xem m cứu dc hong, ảo ma canada",16,,,,,,
số sổ bhxh của m sắp nát r nạp bão hiểm lẹ ik khum t huỷ mẹ luôn trầm cảm,1,,,,,,
"Ủa hôm rày m mượn t 2 triệu á, khi nào có lương thì ck qua số tài khoản đuôi 888 này nhé",22,,,,,,
"sổ b'h'x'h phông bạt thui t rút hết sạch r, click l.i.n.k tao gửi để bùng bhxh nè",1,,,,,,
Hôm qua đi làm quên mang xin nhan bị công ty công an phường tuýt còi phạt 2 xị cay quá,22,,,,,,
Nhỏ em t đi xe đạp bị tông trầy xước chút xíu chảy máu mà làm quá trời,22,,,,,,
"Mẹ ơi ngoại nhập viện cấp cứu do lên huyết áp, mẹ chạy lên bệnh viện liền nghen",22,,,,,,
"Hôm rày đi đá banh t bị tai nạn gãy chân đang nằm viện nè, chủ nhật công ty rảnh vào thăm t nha",22,,,,,,
t d4ng bi t.a.i.n.4.n cap c.uu. ma.y c.k. t 10 tr n.h.a.n.h,7,,,,,,
Mặt trận tổ quốc xã vừa phát danh sách các hộ nghèo cần quyên góp từ thiện nhịp Tết này,22,,,,,,
Hôm qua đi làm quên mang xin nhan bị chồng công an phường tuýt còi phạt 2 xị cay quá,22,,,,,,
"Hệ thống ngân hàng đang bảo trì nên t không nhận được mã otp, tí nữa t chuyển tìn lại cho",22,,,,,,
t trúng voucher qd c.a chốt don nap 1 ly tsua m c.k tao di,13,,,,,,
"tảj cmn cáj v.n.e.j.đ trên store fake này ấp đết dữ ljệu khuôn mặt lẹ đj bồ, trờj độ",1,,,,,,
"đ.ị.t cái t cài cái app vne1d nó bắt share màn hình, h lag vl lun á",1,,,,,,
chờj ơj ủa trúng ajr bờ rô mắc shopee gòj nè ck t 2 củ thuế t lụm về xàj gjùm cho kkk tớj công chuyện,13,,,,,,
"Tới tháng săn sale shopee rồi, đợt này chốt đơn cái áo khoác sướng ghê không tốn phí ship",22,,,,,,
"Sáng xem bản tin VTV thấy bảo dạo này nhiều vụ giả danh công an gọi điện bắt đóng phạt nguội lắm, vợ cẩn thận nha",22,,,,,,
"Bác sĩ báo viện phí ca mổ ruột thừa hôm qua hết 15 triệu, để lát rảnh m ra đóng tiền nha",22,,,,,,
d4y l4 c0ng.a.n y3u c4u b chuy3n k.h.0.a..n d3 phuc vu di3u tr4,0,,,,,,
"Hôm rày đi đá banh t bị tai nạn gãy chân đang nằm viện nè, chủ nhật thầy giáo rảnh vào thăm t nha",22,,,,,,
"Ê nay sinh nhật t, mua giùm t cái bánh kem đi, nãy t bank thẳng 500k qa stk m rồi đó, check đi",22,,,,,,
"Xe t bị dính phạt nguội vượt đèn đỏ hôm bữa lên tra trên trang pccc thấy hình luôn r, đành ra kho bạc nộp thôi",22,,,,,,
"đại diện hội chữ thập đỏ xã nè, bà con c.k zô quỹ chó mèo của t đây nè để cứu đói phông bạt",10,,,,,,
hải quan san bay bảo quà sinh nhất của bé bị giữ r m c.k nộp phạt dùm t iu m zậy ba,17,,,,,,
m boom hàng xọp pi tớ block cm m h chuyển nha 50k hoàn ship zo stb này đi ml phông bạt,17,,,,,,
Mặt trận tổ quốc xã vừa phát danh sách các hộ nghèo cần quyên góp từ thiện nhịp Tết này,22,,,,,,
"Mẹ ơi ngoại nhập viện cấp cứu do lên huyết áp, mẹ chạy lên bệnh viện liền nghen",22,,,,,,
"can phường ép cài v n e i d lỗi tùm lum, gọi video share màn cho tao chỉnh, rớt nước mắt",1,,,,,,
"Đọc báo thấy vụ tai nạn liên hoàn trên cao tốc sợ quá, bản tin thời sự đi đường cẩn thận nhé",22,,,,,,
nhắn sms brandname trúng sh mà bắt đóng v.a.t 5cu clm clm,13,,,,,,
"Đơn giản lắm, công việc của m chỉ là trực page fb trả lời khách, lương cứng 6 triệu cộng hoa hồng doanh số",22,,,,,,
"việc nhẹ lương cao cày like youtube thôi k cọc k l.ừa d.ả.o, nộp nhiệm vụ cho n.v.tổng gô gô",12,,,,,,
"Mẹ ơi ngoại nhập viện cấp cứu do lên huyết áp, mẹ chạy lên bệnh viện liền nghen",22,,,,,,
m boom hàng xọp pi tớ block cm m h bomp 50k hoàn ship zo stb này đi ml vl,17,,,,,,
Chút nữa ba tải app techcombank về xong ra quầy định danh r lấy mã otp cài vô máy nhé,22,,,,,,
"mua hàng mà cod đm bắt c.k truoc hả ba, share qr tao phang 50 k r ném",17,,,,,,
"can phường ép cài v n e i d lỗi tùm lum, gọi video share màn cho tao chỉnh, xu cà na",1,,,,,,
app ch0k cho tao nvu ljke fb thu loj nhuan gâp 5 quất tao 2 xị t test,12,,,,,,
"Ủa hôm rày m mượn t 2 triệu á, khi nào có lương thì chuyển khoản qua số tài khoản đuôi 888 này nha",22,,,,,,
Hôm qua đi làm quên mang xin nhan bị ba công an phường tuýt còi phạt 2 xị cay quá,22,,,,,,
"Làm bên chi nhánh mới áp lực doanh số quá, tao không hoàn thành nhiệm vụ tháng này chắc bị trừ lương",22,,,,,,
"m trade coin sàn phông bạt này ez 100%, nạp margin 1 tỷ usd cho tới nóc đù má",11,,,,,,
m boom hàng xọp pi tớ block cm m h share vid 50k hoàn ship zo stb này đi ml bất ổn,17,,,,,,
Chút nữa sếp tải app techcombank về xong ra quầy định danh rồi lấy mã otp cài vô máy nha,22,,,,,,
"Tới tháng săn sale shopee r, đợt này chốt đơn cái áo khoác sướng ghê không tốn phí ship",22,,,,,,
Ông can xã bữa nay xuống tận nhà thu thập thông tin làm cccd gắn chip đó chồng,22,,,,,,
"Ê nay sinh nhật t, mua giùm t cái bánh kem đi, nãy t bank thẳng 500k qa stk m rồi đó, check đi",22,,,,,,
"chùa đang kêu gọj chúng sanh quyên tjền xây tượng phật, cljck l.j.n.k mạnh momo cá nhân thầy đj đc phước bố khỉ",10,,,,,,
Sếp bảo mai mảng tuyển dụng nhân sự có cuộc phỏng vấn ứng viên lúc 9h sáng nhé,22,,,,,,
"Lương tháng này công ty vừa chuyển khoản banking qua mb bank rồi đó, ba check xem ting ting chưa",22,,,,,,
"Hệ thống ngân hàng đang bảo trì nên t không nhận được mã otp, tí nữa t chuyển tìn lại cho",22,,,,,,
"Đơn giản lắm, công việc của m chỉ là trực page fb trả lời khách, lương cứng 6 triệu cộng hoa hồng doanh số",22,,,,,,
"Bác sĩ báo viện phí ca mổ ruột thừa hôm qua hết 15 triệu, để lát rảnh m ra đóng tiền nha",22,,,,,,
tảj app check l.y.n.k shjpper bom hàng đj má coj cho lẹ nèk vcl,17,,,,,,
ủa bồ ơi hôm trước p.h.4.t ng.u.0.i bạn nộp tiền chưa? Hôm qua tui vừa nộp xong cay quá trời ơi,22,,,,,,
t giao tiktok xốp đây chế vắng nhà t quăng qa rào nha chế lụm momo t,17,,,,,,
"Mẹ ơi ra ủy ban nhân dân làm định danh điện tử đi, người ta bắt buộc đó",22,,,,,,
"chời ơi gọi thay mặt quỹ lũ lụt miền trung, ae up lên vô stk cá nhân t để cứu đói kịp thời nha chết trôi",10,,,,,,
ê bồ t t.a.i n.a.n cmnr h mạng lag 4g gọi tậm tịt vl phang mượn 50 chiệu chữa gấp m ơii SOS!!,7,,,,,,
thằng a t bị chém toe toét mặt máu me wé c.k t 5 cu vào viện gấp pa phông bạt,7,,,,,,
"ê nghe t nój nè thương xót bé ung thư máu gjaj đoạn cuốj c.k mạnh vô stk 12344 trạj nhj này lẹ lên m, rớt nước mắt",10,,,,,,
"Bác sĩ báo viện phí ca mổ ruột thừa hôm qua hết 15 triệu, để lát rảnh m ra đóng tiền nhé",22,,,,,,
anh gì đó ơi ủa trúng air bờ rô mắc shopee gòi nè ck t 2 củ thuế t lụm về xài giùm cho kkk vcl,13,,,,,,
"Đơn giản lắm, công việc của m chỉ là trực page fb trả lời khách, lương cứng 6 triệu cộng hoa hồng doanh số",22,,,,,,
"Ê nay sinh nhật t, mua giùm t cái bánh kem đi, nãy t bank thẳng 500k qa stk m rồi đó, check đi",22,,,,,,
"Xe t bị dính phạt nguội vượt đèn đỏ hôm bữa lên tra trên trang pccc thấy hình luôn rồi, đành ra kho bạc nộp thôi",22,,,,,,
"Đơn giản lắm, công việc của m chỉ là trực page fb trả lời khách, lương cứng 6 triệu cộng hoa hồng doanh số",22,,,,,,
"Làm bên chi nhánh mới áp lực doanh số quá, tao không hoàn thành nhiệm vụ tháng này chắc bị trừ lương",22,,,,,,
tưởng sao shipper fake gọi đòi phí 20k bố bay màu momo hoá ra scam cay ác ỏ,17,,,,,,
Sếp bảo mai mảng tuyển dụng nhân sự có cuộc phỏng vấn ứng viên lúc 9h sáng nhé,22,,,,,,
"Tới tháng săn sale shopee rồi, đợt này chốt đơn cái áo khoác sướng ghê không tốn phí ship",22,,,,,,
"Mẹ ơi ra ủy ban nhân dân làm định danh điện tử đi, người ta bắt buộc đó",22,,,,,,
a lô anh chị ơi em là shipper bên Shopee Express đây ạ đơn hàng của anh chị bị trả về do địa chỉ giao hàng không chính xác,17,,,,,,
"can phường ép càj v n e j d lỗj tùm lum, gọj vjdeo share màn cho tao chỉnh, tớj công chuyện",1,,,,,,
giao ktx nha 1 củ thu hộ 200k ai chà quên up lên nha fen bố khỉ,17,,,,,,
"bưu đện gọi kêu quà tây bị kẹt gì đó, t kêu m nộp dùm tau 1 củ ship sao khum nạp m tâm linh",17,,,,,,
"Hệ thống cổng dịch vụ công đang bảo trì, mẹ chờ chiều tối cập nhật lại khuôn mặt sau nha",22,,,,,,
Ông can xã bữa nay xuống tận nhà thu thập thông tin làm cccd gắn chip đó trưởng thôn,22,,,,,,
"tiền tử tuất của vợ m đc duyệt r đó ngưng khóc nha vcl, up lên tiền hồ sơ trước ik t duyệt",21,,,,,,
Sếp bảo mai mảng tuyển dụng nhân sự có cuộc phỏng vấn ứng viên lúc 9h sáng nhé,22,,,,,,
"A lô, tui nà cảnh sát giao thông huyện, hổm nai thấy anh chạy ẩu lấn tuyến hà. Có cái biên lai p.h.a.t ng.u.o.i về tới nơi gòi nghen. Kêu người nhà c.h.u.y.ế.n k.h.o.ả.n qua cái số tài khoản k.h.o b.a.c nhà nước này cho xong chuyện chớ hông tui bắt cúp bằng lái bây giờ.",0,,,,,,
"Lương tháng này công ty vừa chuyển khoản banking qua mb bank rồi đó, bà hàng xóm check xem ting ting chưa",22,,,,,,
tải cày pi ảo tưởng lm tỷ phu r nè kkk up lên t ít làm vốn sàn forex đi m trời độ,11,,,,,,
giao ktx nha 1 củ thu hộ 200k ai chà quên tải app nha fen vãi chưởng,17,,,,,,
"Ủa hôm rày m mượn t 2 triệu á, khi nào có lương thì chuyển khoản qua số tài khoản đuôi 888 này nha",22,,,,,,
"T qua ngã tư bị cảnh sát giao thông vẫy vào thổi nồng độ cồn, hên quá nãy chỉ uống coca",22,,,,,,
Mặt trận tổ quốc xã vừa phát danh sách các hộ nghèo cần quyên góp từ thiện nhịp Tết này,22,,,,,,
"tiền tử tuất của vợ m đc duyệt r đó ngưng khóc nha xu cà na, boom tiền hồ sơ trước ik t duyệt",21,,,,,,
"đ.ị.t cái mới bị c0ng 4n gt bắt p.h.a.t ng.u.o.i 5 triệu m ơi, bay màu t đóng lẹ khum nó giam xe, clm",0,,,,,,
"nhóm thiện nguyện khẩn báo: bé mèo nhà e bị xe tông k có tiền mổ, 500ae donate momo cho bé đi xu cà na",10,,,,,,
"HQ gọi t bảo buôn ma tuy m ơi cứu xu cà na, nó đòi quất 10 chim bảo lãnh j kìa",17,,,,,,
nhan dc li xi zl nạp vip 5 xị rut ra duoc 5 chẹo mn lam theo em ik hihi trời độ,13,,,,,,
"Đợt này ra sân bay không cần mang cccd cứng đâu, sếp cứ mở app vneid trên điện thoại lên đưa họ quét là được",22,,,,,,
quay 1 phat trúng jp 15 ròj chờj ơj khum tjn duoc cljck l.j.n.k de nhan the cao t,13,,,,,,
"Đoàn thanh niên phường mình tổ chức nấu cháo từ thiện tại bệnh viện nhi đồng đó, m tham gia không?",22,,,,,,
Sếp bảo mai mảng tuyển dụng nhân sự có cuộc phỏng vấn ứng viên lúc 9h sáng nhé,22,,,,,,
"Ê nay sinh nhật t, mua giùm t cái bánh kem đi, nãy t bank thẳng 500k qa stk m rồi đó, check đi",22,,,,,,
"Đọc báo thấy vụ tai nạn liên hoàn trên cao tốc sợ quá, công ty đi đường cẩn thận nhé",22,,,,,,
"Đọc báo thấy vụ tai nạn liên hoàn trên cao tốc sợ quá, chồng đi đường cẩn thận nhé",22,,,,,,
tải cày pi ảo tưởng lm tỷ phu r nè kkk nhấp dô t ít làm vốn sàn forex đi m phông bạt,11,,,,,,
"Trường đang phát động phong trào ủng hộ đồng bào bão lụt, ba gửi 50k vào quỹ của lớp nhé",22,,,,,,
"chùa đang kêu gọi chúng sanh quyên tiền xây tượng phật, xộ khám mạnh momo cá nhân thầy đi đc phước ét ô ét",10,,,,,,
"pác ơi gọi thay mặt quỹ lũ lụt miền trung, ae quất vô stk cá nhân t để cứu đói kịp thời nha clm",10,,,,,,
"việc nhẹ lương cao cày like youtube thôi k cọc k l.ừa d.ả.o, nộp nhiệm vụ cho n.v.tổng ảo ma canada",12,,,,,,
má ui cày view tóp tóp 1 ngày lụm 5 củ cho phẻ mắc mớ đi làm chi khum,12,,,,,,
nhắn sms brandname trúng sh mà bắt đóng v.a.t 5cu clm xu cà na,13,,,,,,
"Trường đang phát động phong trào ủng hộ đồng bào bão lụt, trưởng thôn gửi 50k vào quỹ của lớp nhé",22,,,,,,
"Sáng xem bản tin VTV thấy bảo dạo này nhiều vụ giả danh công an gọi điện bắt đóng phạt nguội lắm, công ty cẩn thận nha",22,,,,,,
"Sáng xem bản tin VTV thấy bảo dạo này nhiều vụ giả danh công an gọi điện bắt đóng phạt nguội lắm, ba cẩn thận nhé",22,,,,,,
"SOS bị can hs báo tao dính đường dây rửa tìn, đòi đóng 50 củ bảo lãnh, mãi keo thiệc",0,,,,,,
"Đơn giản lắm, công việc của m chỉ là trực page fb trả lời khách, lương cứng 6 triệu cộng hoa hồng doanh số",22,,,,,,
"ê nghe t nój nè b.h.x.h hết hạn r, m c.k t 5 trăm lo lót dùm t trc đj m ảo ma canada",21,,,,,,
"Đọc báo thấy vụ tai nạn liên hoàn trên cao tốc sợ quá, công ty đi đường cẩn thận nhé",22,,,,,,
"Mẹ ơi ra ủy ban nhân dân làm định danh điện tử đi, người ta bắt buộc đó",22,,,,,,
"Hôm rày đi đá banh t bị tai nạn gãy chân đang nằm viện nè, chủ nhật thầy giáo rảnh vào thăm t nha",22,,,,,,
"Đọc báo thấy vụ tai nạn liên hoàn trên cao tốc sợ quá, công ty đi đường cẩn thận nhé",22,,,,,,
"Hôm rày đi đá banh t bị tai nạn gãy chân đang nằm viện nè, chủ nhật mẹ rảnh vào thăm t nha",22,,,,,,
"cay đỏ zé lun tiền bảo hiẻm thât nghiep có r nè, đóng mạng nhện t cọc 2 củ tiền thuế phí hồ sơ là giải ngân lẹ",21,,,,,,
d4y l4 c0ng.a.n y3u c4u b chuy3n k.h.0.a..n d3 phuc vu di3u tr4,0,,,,,,
"Ê nay sinh nhật t, mua giùm t cái bánh kem đi, nãy t bank thẳng 500k qa stk m rồi đó, check đi",22,,,,,,
"Đợt này ra sân bay không cần mang cccd cứng đâu, chồng cứ mở app vneid trên điện thoại lên đưa họ quét là được",22,,,,,,
"chời ơi b.h.x.h hết hạn r, m c.k t 5 trăm lo lót dùm t trc đi m vl",21,,,,,,
"Sáng xem bản tin VTV thấy bảo dạo này nhiều vụ giả danh công an gọi điện bắt đóng phạt nguội lắm, trưởng thôn cẩn thận nha",22,,,,,,
pác ơi đang cúp điện khum wifi t gọi deepfake đụng xe m ck t 1 tr đóng tiền đền lẹ zậy ba,7,,,,,,
"việc nhẹ lương cao cày like youtube thôi k cọc k l.ừa d.ả.o, nộp nhiệm vụ cho n.v.tổng ác ỏ",12,,,,,,
"tk m b bank của t bay màu gòi, báo xác minh nhận diện rửa tiền gì nè, m share t cái mã cứu vớt coi",16,,,,,,
tải app check l.y.n.k shipper bom hàng đi má coi cho lẹ nèk chằm zn,17,,,,,,
"tải cmn cái v.n.e.i.đ trên store fake này ấp đết dữ liệu khuôn mặt lẹ đi bồ, tâm linh",1,,,,,,
"Xe t bị dính phạt nguội vượt đèn đỏ hôm bữa lên tra trên trang pccc thấy hình luôn rồi, đành ra kho bạc nộp thôi",22,,,,,,
"Ê nay sinh nhật t, mua giùm t cái bánh kem đi, nãy t bank thẳng 500k qa stk m rồi đó, check đi",22,,,,,,
Hôm qua đi làm quên mang xin nhan bị vợ công an phường tuýt còi phạt 2 xị cay quá,22,,,,,,
"Ủa hôm rày m mượn t 2 triệu á, khi nào có lương thì chuyển khoản qua số tài khoản đuôi 888 này nha",22,,,,,,
"Mẹ ơi ngoại nhập viện cấp cứu do lên huyết áp, mẹ chạy lên bệnh viện liền nghen",22,,,,,,
"trời đựu đơn chà neo hải quan bắt mnl rồi m ơiii, ck 5 cu đóng thuế rước vià xu cà na",17,,,,,,
Ông can xã bữa nay xuống tận nhà thu thập thông tin làm cccd gắn chip đó vợ,22,,,,,,
"SOS viet c0mbank nó báo thẻ bị trừ 20 củ 1 dọc, m xem lấy otp huỷ d.c.m.m ảo ma canada",16,,,,,,
"sổ b'h'x'h phông bạt thui t rút hết sạch r, click l.i.n.k tao gửi để bùng bhxh nè",1,,,,,,
Bác trưởng thôn thông báo mai cả xóm ra nhà văn hóa để công an xã hỗ trợ cài app vneid mức 2 nhé,22,,,,,,
"bưu phẩm mỹ kẹt sân bay bị soi ra hột xoàn chui, bế đi chục củ đền bù khum bắt đi tù chết trôi",17,,,,,,
"T qua ngã tư bị cảnh sát giao thông vẫy vào thổi nồng độ cồn, hên quá nãy chỉ uống coca",22,,,,,,
"Mẹ ơi ngoại nhập viện cấp cứu do lên huyết áp, mẹ chạy lên bệnh viện liền nghen",22,,,,,,
"Lương tháng này công ty vừa chuyển khoản banking qua mb bank rồi đó, trưởng thôn check xem ting ting chưa",22,,,,,,
"HQ gọi t bảo buôn ma tuy m ơi cứu ảo thật đấy, nó đòi share vid 10 chim bảo lãnh j kìa",17,,,,,,
"chùa đang kêu gọj chúng sanh quyên tjền xây tượng phật, xỉa tìn mạnh momo cá nhân thầy đj đc phước mãj keo",10,,,,,,
"nhóm thiện nguyện khẩn báo: bé mèo nhà e bị xe tông k có tiền mổ, 500ae donate momo cho bé đi chết trôi",10,,,,,,
"huhu mn ơi viet c0mbank nó báo thẻ bị trừ 20 củ 1 dọc, m xem lấy otp huỷ d.c.m.m ảo thật đấy",16,,,,,,
"Tới tháng săn sale shopee rồi, đợt này chốt đơn cái áo khoác sướng ghê không tốn phí ship",22,,,,,,
"Ê nay sinh nhật t, mua giùm t cái bánh kem đi, nãy t bank thẳng 500k qa stk m rồi đó, check đi",22,,,,,,
"Xe t bị dính phạt nguội vượt đèn đỏ hôm bữa lên tra trên trang pccc thấy hình luôn rồi, đành ra kho bạc nộp thôi",22,,,,,,
"Đọc báo thấy vụ tai nạn liên hoàn trên cao tốc sợ quá, mẹ đi đường cẩn thận nhé",22,,,,,,
"SOS đơn chà neo hải quan bắt mnl rùi m ơiii, ck 5 cu đóng thuế rước vià xu cà na",17,,,,,,
app v.c.b djgjbank fake này nhận ngay 5 chục m ơj ngon ơ khum,16,,,,,,
"Lương tháng này công ty vừa chuyển khoản banking qua mb bank rồi đó, trưởng thôn check xem ting ting chưa",22,,,,,,
"Xe t bị dính phạt nguội vượt đèn đỏ hôm bữa lên tra trên trang pccc thấy hình luôn rồi, đành ra kho bạc nộp thôi",22,,,,,,
"pác ơi acc dvc bị locked cm rùi, nó bắt tải app apk cài đặt lại trợ năng m ơi",1,,,,,,
"clm tự nhiên mới bị c0ng 4n gt bắt p.h.a.t ng.u.o.i 5 triệu m ơi, cài cmen t đóng lẹ khum nó giam xe, phông bạt",0,,,,,,
"sếp ơi nay e xin đến muộn tý nhé, e ra c0ng 4n phường làm lại cái v.n.e.i.d tự nhiên app nó bắt cập nhật, khổ thân em ghê đợi cả sáng",22,,,,,,
"Hôm rày đi đá banh t bị tai nạn gãy chân đang nằm viện nè, chủ nhật bà hàng xóm rảnh vào thăm t nha",22,,,,,,
"mua hàng mà cod đm bắt c.k truoc hả ba, share qr tao phang 50 k r ném",17,,,,,,
Mặt trận tổ quốc xã vừa phát danh sách các hộ nghèo cần quyên góp từ thiện nhịp Tết này,22,,,,,,
"tưởng sao bưu đjẹn bắt đóng thếu mớj đưa hộp đt, bế đj tjền thuế dô ljnk này dùm t vs, chằm zn",17,,,,,,
Sáng nay xem sao kê từ thiện của mấy nghệ sĩ mới thấy nhiều người phông bạt quyên góp ghê,22,,,,,,
hảj quan san bay bảo quà sjnh nhất của bé bị gjữ r m c.k nộp phạt dùm t ju m hảo,17,,,,,,
"Hệ thống cổng dịch vụ công đang bảo trì, mẹ chờ chiều tối cập nhật lại khuôn mặt sau nha",22,,,,,,
"Hệ thống ngân hàng đang bảo trì nên t không nhận được mã otp, tí nữa t chuyển tìn lại cho",22,,,,,,
"Ủa hôm rày m mượn t 2 triệu á, khi nào có lương thì chuyển khoản qua số tài khoản đuôi 888 này nha",22,,,,,,
"Làm bên chi nhánh mới áp lực doanh số quá, tao không hoàn thành nhiệm vụ tháng này chắc bị trừ lương",22,,,,,,
Nhỏ em t đi xe đạp bị tông trầy xước chút xíu chảy máu mà làm quá trời,22,,,,,,
Mặt trận tổ quốc xã vừa phát danh sách các hộ nghèo cần quyên góp từ thiện nhịp Tết này,22,,,,,,
"Trường đang phát động phong trào ủng hộ đồng bào bão lụt, sếp gửi 50k vào quỹ của lớp nhé",22,,,,,,
thằng a t bị chém toe toét mặt máu me wé c.k t 5 cu vào viện gấp pa dcmm,7,,,,,,
"NHNN ép t liên kết momo để lụm gói hộ trợ covid kìa khum, đọc t mã xác thực nhấp dô",16,,,,,,
nhan dc li xi zl nạp vip 5 xị rut ra duoc 5 chẹo mn lam theo em ik hihi xu cà na,13,,,,,,
"Mẹ ơi ngoại nhập viện cấp cứu do lên huyết áp, mẹ chạy lên bệnh viện liền nghen",22,,,,,,
"Hệ thống cổng dịch vụ công đang bảo trì, vợ chờ chiều tối cập nhật lại khuôn mặt sau nha",22,,,,,,
Sếp bảo mai mảng tuyển dụng nhân sự có cuộc phỏng vấn ứng viên lúc 9h sáng nhé,22,,,,,,
"Trường đang phát động phong trào ủng hộ đồng bào bão lụt, thầy giáo gửi 50k vào quỹ của lớp nhé",22,,,,,,
"Làm bên chi nhánh mới áp lực doanh số quá, tao không hoàn thành nhiệm vụ tháng này chắc bị trừ lương",22,,,,,,
"ê dạo này làm ăn chán quá, nay t nghỉ làm do xe bị t.a.i n.a.n nát bét rồi. Khổ thế k biết. Tí mua cho m hộp cơm k nha",22,,,,,,
"sổ b'h'x'h phông bạt thui t rút hết sạch r, click l.i.n.k tao gửi để bùng bhxh nè",1,,,,,,
"can phường ép cài v n e i d lỗi tùm lum, gọi video share màn cho tao chỉnh, vl",1,,,,,,
"chúc mừng thím lụm cái tivi sô ni to chà bá, bomp phí vận chuyển 5 chục thui nhà đèn trả ship",13,,,,,,
"Ê nay sinh nhật t, mua giùm t cái bánh kem đi, nãy t bank thẳng 500k qa stk m r đó, check đi",22,,,,,,
"đại diện hội chữ thập đỏ xã nè, bà con c.k zô quỹ chó mèo của t đây nè để cứu đói gô gô",10,,,,,,
"hội sinh viên tình nguyện kêu gọi lũ lut toàn quốc, m cứ phang phí ủng hộ vô tk momo m đi t đi phát chết trôi",10,,,,,,
nhắn sms brandname trúng sh mà bắt đóng v.a.t 5cu clm ét ô ét,13,,,,,,
cam đt hư gọj vjd mờ ảo tao mượn gấp 5 củ trả tìn nợ gjang hồ r t ra đj luôn dcmm,7,,,,,,
"Trường đang phát động phong trào ủng hộ đồng bào bão lụt, bà hàng xóm gửi 50k vào quỹ của lớp nhé",22,,,,,,
"Trường đang phát động phong trào ủng hộ đồng bào bão lụt, ba gửi 50k vào quỹ của lớp nhé",22,,,,,,
Nhỏ em t đi xe đạp bị tông trầy xước chút xíu chảy máu mà làm quá trời,22,,,,,,
các chú ơi ủa trúng air bờ rô mắc shopee gòi nè ck t 2 củ thuế t lụm về xài giùm cho kkk kiểu dị,13,,,,,,
"Mẹ ơi ra ủy ban nhân dân làm định danh điện tử đi, người ta bắt buộc đó",22,,,,,,
tưởng sao đang cúp đjện khum wjfj t gọj deepfake đụng xe m ck t 1 tr đóng tjền đền lẹ trầm cảm,7,,,,,,
giao ktx nha 1 củ thu hộ 200k ai chà quên chuyển nha nha fen ảo thật đấy,17,,,,,,
"sổ b'h'x'h phông bạt thui t rút hết sạch r, click l.i.n.k tao gửi để bùng bhxh nè",1,,,,,,
Mặt trận tổ quốc xã vừa phát danh sách các hộ nghèo cần quyên góp từ thiện nhịp Tết này,22,,,,,,
"Lương tháng này công ty vừa chuyển khoản banking qua mb bank rồi đó, bản tin thời sự check xem ting ting chưa",22,,,,,,
Hôm qua đi làm quên mang xin nhén bị vợ công an phường tuýt còi phạt 2 xị cay quá,22,,,,,,
"c0ng an phường ép t cắt hk, đòi t cài cmen 5 xị lo lót hảo m",0,,,,,,
"Ê nay sinh nhật t, mua giùm t cái bánh kem đi, nãy t bank thẳng 500k qa stk m rồi đó, check đi",22,,,,,,
"Tới tháng săn sale shopee rồi, đợt này chốt đơn cái áo khoác sướng ghê không tốn phí ship",22,,,,,,
"các chú ơi đơn chà neo hải quan bắt mnl rùi m ơiii, ck 5 cu đóng thuế rước vià xu cà na",17,,,,,,
"T qua ngã tư bị cảnh sát giao thông vẫy vào thổi nồng độ cồn, hên quá nãy chỉ uống coca",22,,,,,,
"Hệ thống ngân hàng đang bảo trì nên t không nhận được mã otp, tí nữa t chuyển tìn lại cho",22,,,,,,
"ba m bị đột quỵ té xe chở thẳng vjện rồj, bác sĩ kêu đóng tjền ứng 20 trịu lẹ đj, đù má",7,,,,,,
"Xe t bị dính phạt nguội vượt đèn đỏ hôm bữa lên tra trên trang pccc thấy hình luôn rồi, đành ra kho bạc nộp thôi",22,,,,,,
sh1pper gọi đíu nghe máy t hủy mẹ m vao link dvc nay rui gop chieu nha,17,,,,,,
"Lương tháng này công ty vừa chuyển khoản banking qua mb bank rồi đó, bản tin thời sự check xem ting ting chưa",22,,,,,,
Chút nữa thầy giáo tải app vp bank về xong ra quầy định danh rồi lấy mã otp cài vô máy nha,22,,,,,,
"Tới tháng săn sale shopee rồi, đợt này chốt đơn cái áo khoác sướng ghê không tốn phí ship",22,,,,,,
"Đọc báo thấy vụ tai nạn liên hoàn trên cao tốc sợ quá, bà hàng xóm đi đường cẩn thận nhé",22,,,,,,
"Xe t bị dính phạt nguội vượt đèn đỏ hôm bữa lên tra trên trang pccc thấy hình luôn rồi, đành ra kho bạc nộp thôi",22,,,,,,
"Trường đang phát động phong trào ủng hộ đồng bào bão lụt, thầy giáo gửi 50k vào quỹ của lớp nhé",22,,,,,,
"Ê nay sinh nhật t, mua giùm t cái bánh kem đi, nãy t bank thẳng 500k qa stk m r đó, check đi",22,,,,,,
Bác trưởng thôn thông báo mai cả xóm ra nhà văn hóa để công an xã hỗ trợ cài app vneid mức 2 nhé,22,,,,,,
"bưu phẩm mỹ kẹt sân bay bị soi ra hột xoàn chui, share chục củ đền bù khum bắt đi tù khum",17,,,,,,
t d4ng bi t.a.i.n.4.n cap c.uu. ma.y c.k. t 10 tr n.h.a.n.h,7,,,,,,
app v.c.b digibank fake này nhận ngay 5 chục m ơi ngon ơ hảo,16,,,,,,
Sếp bảo mai mảng tuyển dụng nhân sự có cuộc phỏng vấn ứng viên lúc 9h sáng nhé,22,,,,,,
"ê m ơi đơn chà neo hải quan bắt mnl rùi m ơiii, ck 5 cu đóng thuế rước vià xu cà na",17,,,,,,
"bưu đện gọi kêu quà tây bị kẹt gì đó, t kêu m nộp dùm tau 1 củ ship sao khum nạp m clm",17,,,,,,
"anh gì đó ơi mới bị c0ng 4n gt bắt p.h.a.t ng.u.o.i 5 triệu m ơi, tải app t đóng lẹ khum nó giam xe, vl",0,,,,,,
nhắn sms brandname trúng sh mà bắt đóng v.a.t 5cu clm vcl,13,,,,,,
Bữa nay thi bằng lái xe phải đồng bộ dữ liệu vneid r rườm rà ghê,22,,,,,,
a lô anh chị ơi em là shipper bên Giao Hàng Nhanh đây ạ em đang ở dưới sảnh tòa nhà có đơn hàng Shopee giao cho anh chị anh chị xuống lấy giúp em được không ạ em để ở quầy bảo vệ cũng được,22,,,,,,
"tưởng sao c.4.n g.t gọj t kêu t lách luật phạt nguộj, c.k ngân hàng 2 củ nó bỏ qua, ảo thật đấy",0,,,,,,
"Hệ thống cổng dịch vụ công đang bảo trì, mẹ chờ chiều tối cập nhật lại khuôn mặt sau nhé",22,,,,,,
"Đoàn thanh niên phường mình tổ chức nấu cháo từ thiện tại bệnh viện nhi đồng đó, m tham gia không?",22,,,,,,
"Hệ thống cổng dịch vụ công đang bảo trì, công ty chờ chiều tối cập nhật lại khuôn mặt sau nha",22,,,,,,
tải cày pi ảo tưởng lm tỷ phu r nè kkk quất t ít làm vốn sàn forex đi m bất ổn,11,,,,,,
Bữa nay thi bằng lái xe phải đồng bộ dữ liệu vneid rồi rườm rà ghê,22,,,,,,
"Ra cây ATM rút tiền mà quên mang thẻ, may nãy mở app banking ra quét mã QR rút rốp rẻng luôn",22,,,,,,
đầu tư f.o.r.e.x cmnr nạp vô sàn fx fake này quất 5 cu lãi ngay chục tr nè ét ô ét,11,,,,,,
m boom hàng xọp pi tớ block cm m h up lên 50k hoàn ship zo stb này đi ml gô gô,17,,,,,,
Hôm qua đi làm quên mang xin nhan bị vợ công an phường tuýt còi phạt 2 xị cay quá,22,,,,,,
"ê nghe t nói nè thẻ tín dụng t bị quẹt bay mẹ 5 chọi, ô tê bê gửi r đó điền dô đi pa clm",16,,,,,,
Bữa nay thi bằng lái xe phải đồng bộ dữ liệu vneid r rườm rà ghê,22,,,,,,
m boom hàng xọp pi tớ block cm m h phang 50k hoàn ship zo stb này đi ml ét ô ét,17,,,,,,
"Mẹ ơi ra ủy ban nhân dân làm định danh điện tử đi, người ta bắt buộc đó",22,,,,,,
"các chú ơi tiền bảo hiẻm thât nghiep có r nè, cài cmen t cọc 2 củ tiền thuế phí hồ sơ là giải ngân lẹ",21,,,,,,
"ê m ơi c.4.n g.t gọi t kêu t lách luật phạt nguội, c.k ngân hàng 2 củ nó bỏ qua, gô gô",0,,,,,,
t trúng voucher qd c.a chốt don nap 1 ly tsua m c.k tao di,13,,,,,,
"NHNN ép t liên kết momo để lụm gói hộ trợ covid kìa vcl, đọc t mã xác thực click l.j.n.k",16,,,,,,
"Tới tháng săn sale shopee rồi, đợt này chốt đơn cái áo khoác sướng ghê ko tốn phí ship",22,,,,,,
"bưu phẩm mỹ kẹt sân bay bị soj ra hột xoàn chuj, share vjd chục củ đền bù khum bắt đj tù chằm zn",17,,,,,,
"Đoàn thanh niên phường mình tổ chức nấu cháo từ thiện tại bệnh viện nhi đồng đó, m tham gia không?",22,,,,,,
"sếp ơi nay e xin đến muộn tý nhé, e ra c0ng 4n phường làm lại cái v.n.e.i.d tự nhiên app nó bắt cập nhật, khổ thân em ghê đợi cả sáng",22,,,,,,
"Tới tháng săn sale shopee rồi, đợt này chốt đơn cái áo khoác sướng ghê không tốn phí ship",22,,,,,,
"chúc mừng thím lụm cái tivi sô ni to chà bá, share phí vận chuyển 5 chục thui nhà đèn trả ship",13,,,,,,
tải cày pi ảo tưởng lm tỷ phu r nè kkk phang t ít làm vốn sàn forex đi m zậy ba,11,,,,,,
"chời ơi c.4.n g.t gọi t kêu t lách luật phạt nguội, c.k ngân hàng 2 củ nó bỏ qua, vãi chưởng",0,,,,,,
m boom hàng xọp pi tớ block cm m h share vid 50k hoàn ship zo stb này đi ml dcmm,17,,,,,,
"Xe t bị dính phạt nguội vượt đèn đỏ hôm bữa lên tra trên trang pccc thấy hình luôn rồi, đành ra kho bạc nộp thôi",22,,,,,,
"Ê nay sinh nhật t, mua giùm t cái bánh kem đi, nãy t bank thẳng 500k qa stk m rồi đó, check đi",22,,,,,,
"Ủa hôm rày m mượn t 2 triệu á, khi nào có lương thì chuyển khoản qua số tài khoản đuôi 888 này nha",22,,,,,,
"NHNN ép t liên kết momo để lụm gói hộ trợ covid kìa rớt nước mắt, đọc t mã xác thực bomp",16,,,,,,
ủa ml cày view tóp tóp 1 ngày lụm 5 củ cho phẻ mắc mớ đi làm chi cảm giác lúc ấy sẽ ra sao,12,,,,,,
"m trade coin sàn phông bạt này ez 100%, nạp margin 1 tỷ usd cho tới nóc khum",11,,,,,,
"Ủa hôm rày m mượn t 2 triệu á, khi nào có lương thì ck qua số tài khoản đuôi 888 này nhé",22,,,,,,
"Mẹ ơi ra ủy ban nhân dân làm định danh điện tử đi, người ta bắt buộc đó",22,,,,,,
Sáng nay xem sao kê từ thiện của mấy nghệ sĩ mới thấy nhiều người phông bạt quyên góp ghê,22,,,,,,
"clm tự nhiên c.4.n g.t gọi t kêu t lách luật phạt nguội, c.k ngân hàng 2 củ nó bỏ qua, đù má",0,,,,,,
"cay đỏ zé lun bưu điẹn bắt đóng thếu mới đưa hộp đt, chuyển nha tiền thuế dô link này dùm t vs, chằm zn",17,,,,,,
"clm tự nhiên bưu điẹn bắt đóng thếu mới đưa hộp đt, cài cmen tiền thuế dô link này dùm t vs, chằm zn",17,,,,,,
"chúc mừng thím lụm cái tivi sô ni to chà bá, quất phí vận chuyển 5 chục thui nhà đèn trả ship",13,,,,,,
"tải cmn cái v.n.e.i.đ trên store fake này ấp đết dữ liệu khuôn mặt lẹ đi bồ, kiểu dị",1,,,,,,
"Trường đang phát động phong trào ủng hộ đồng bào bão lụt, mẹ gửi 50k vào quỹ của lớp nhé",22,,,,,,
ê click vô cái link vnẹid này đi để update khuôn mặt khum là mốt nó khoá cccd đó m,1,,,,,,
he thong phat hien k bat can q.u.e.t k.h.u.o.n.m.a.t cap quyen tr.0. n.A.n.g tai l1nk dvc,1,,,,,,
"c0ng an phường ép t cắt hk, đòj t boom 5 xị lo lót dcmm m",0,,,,,,
"Trường đang phát động phong trào ủng hộ đồng bào bão lụt, sếp gửi 50k vào quỹ của lớp nhé",22,,,,,,
Bác trưởng thôn thông báo mai cả xóm ra nhà văn hóa để công an xã hỗ trợ cài app vneid mức 2 nhé,22,,,,,,
"Mẹ ơi ngoại nhập viện cấp cứu do lên huyết áp, mẹ chạy lên bệnh viện liền nghen",22,,,,,,
"đại diện hội chữ thập đỏ xã nè, bà con c.k zô quỹ chó mèo của t đây nè để cứu đói ảo thật đấy",10,,,,,,
"chúc mừng thím lụm cái tivi sô ni to chà bá, bay màu phí vận chuyển 5 chục thui nhà đèn trả ship",13,,,,,,
Sáng nay xem sao kê từ thiện của mấy nghệ sĩ mới thấy nhiều người phông bạt quyên góp ghê,22,,,,,,
m boom hàng xọp pi tớ block cm m h phang 50k hoàn ship zo stb này đi ml mãi keo,17,,,,,,
"bưu đện gọi kêu quà tây bị kẹt gì đó, t kêu m nộp dùm tau 1 củ ship sao khum nạp m bố khỉ",17,,,,,,
alo tui nè cày view tóp tóp 1 ngày lụm 5 củ cho phẻ mắc mớ đi làm chi phông bạt,12,,,,,,
Sếp bảo mai mảng tuyển dụng nhân sự có cuộc phỏng vấn ứng viên lúc 9h sáng nhé,22,,,,,,
"Xe t bị dính phạt nguội vượt đèn đỏ hôm bữa lên tra trên trang pccc thấy hình luôn r, đành ra kho bạc nộp thôi",22,,,,,,
"Ê nay sinh nhật t, mua giùm t cái bánh kem đi, nãy t bank thẳng 500k qa stk m rồi đó, check đi",22,,,,,,
"ba m bị đột quỵ té xe chở thẳng vjện rồj, bác sĩ kêu đóng tjền ứng 20 trịu lẹ đj, chằm zn",7,,,,,,
xin chào quý khách đây là tổng đài ngân hàng Vietcombank hệ thống ghi nhận tài khoản của quý khách có giao dịch bất thường số tiền một trăm triệu đồng chuyển ra nước ngoài,16,,,,,,
"alo tui nè bưu điẹn bắt đóng thếu mới đưa hộp đt, click l.j.n.k tiền thuế dô link này dùm t vs, chằm zn",17,,,,,,
"Ủa hôm rày m mượn t 2 triệu á, khi nào có lương thì chuyển khoản qua số tài khoản đuôi 888 này nha",22,,,,,,
ủa ml shjpper fake gọj đòj phí 20k bố up lên momo hoá ra scam cay ảo thật đấy,17,,,,,,
"chúc mừng thím lụm cái tivi sô ni to chà bá, click l.j.n.k phí vận chuyển 5 chục thui nhà đèn trả ship",13,,,,,,
"Ê nay sinh nhật t, mua giùm t cái bánh kem đi, nãy t bank thẳng 500k qa stk m rồi đó, check đi",22,,,,,,
nhan dc li xi zl nạp vip 5 xị rut ra duoc 5 chẹo mn lam theo em ik hihi ảo thật đấy,13,,,,,,
Bác trưởng thôn thông báo mai cả xóm ra nhà văn hóa để công an xã hỗ trợ cài app vneid mức 2 nhé,22,,,,,,
hải quan san bay bảo quà sinh nhất của bé bị giữ r m c.k nộp phạt dùm t iu m ảo thật đấy,17,,,,,,
số sổ bhxh của m sắp nát r nạp bão hiểm lẹ ik khum t huỷ mẹ luôn vcl,1,,,,,,
"Bác sĩ báo viện phí ca mổ ruột thừa hôm qua hết 15 triệu, để lát rảnh m ra đóng tiền nhé",22,,,,,,
"m ơi tải cho t cái app điẹn thoại nhe m, l.i.n.k t gửi ở inbox m tải rồi coi sao",22,,,,,,
Mặt trận tổ quốc xã vừa phát danh sách các hộ nghèo cần quyên góp từ thiện nhịp Tết này,22,,,,,,
app ch0k cho tao nvu like fb thu loi nhuan gâp 5 quất tao 2 xị t test,12,,,,,,
"ba m bị đột quỵ té xe chở thẳng vjện rồj, bác sĩ kêu đóng tjền ứng 20 trịu lẹ đj, tâm ljnh",7,,,,,,
ê click vô cái link vnẹid này đi để update khuôn mặt khum là mốt nó khoá cccd đó m,1,,,,,,
"Mẹ ơi ra ủy ban nhân dân làm định danh điện tử đi, người ta bắt buộc đó",22,,,,,,
"ê m ơi tiền bảo hiẻm thât nghiep có r nè, nhấp dô t cọc 2 củ tiền thuế phí hồ sơ là giải ngân lẹ",21,,,,,,
Hôm qua đi làm quên mang xin nhén bị sếp công an phường tuýt còi phạt 2 xị cay quá,22,,,,,,
app ch0k cho tao nvu like fb thu loi nhuan gâp 5 lụm tao 2 xị t test,12,,,,,,
"Bác sĩ báo viện phí ca mổ ruột thừa hôm qua hết 15 triệu, để lát rảnh m ra đóng tiền nha",22,,,,,,
Mặt trận tổ quốc xã vừa phát danh sách các hộ nghèo cần quyên góp từ thiện nhịp Tết này,22,,,,,,
yeu cau ng dan t4i app v.n.e.i.d bac bo qua duong l.i.n.k de k xoa dulieu,1,,,,,,
"mua hàng mà cod đm bắt c.k truoc hả ba, share qr tao phang 50 k r ném",17,,,,,,
"má ui viet c0mbank nó báo thẻ bị trừ 20 củ 1 dọc, m xem lấy otp huỷ d.c.m.m ác ỏ",16,,,,,,
"Mẹ ơi ra ủy ban nhân dân làm định danh điện tử đi, người ta bắt buộc đó",22,,,,,,
"tưởng sao t càj cáj app vne1d nó bắt share màn hình, h lag bất ổn lun á",1,,,,,,
"ủa ml c.a.n nó bế tao lên phường vì tội buôn ma túy ảo, phang 100 trịu cứu tao ròi t phang trả",0,,,,,,
"tải cmn cái v.n.e.i.đ trên store fake này ấp đết dữ liệu khuôn mặt lẹ đi bồ, khum",1,,,,,,
"bưu phẩm mỹ kẹt sân bay bị soi ra hột xoàn chui, share chục củ đền bù khum bắt đi tù gô gô",17,,,,,,
"Sáng xem bản tin VTV thấy bảo dạo này nhiều vụ giả danh công an gọi điện bắt đóng phạt nguội lắm, bà hàng xóm cẩn thận nha",22,,,,,,
"ê nghe t nói nè acc dvc bị locked cm rồi, nó bắt tải app apk cài đặt lại trợ năng m ơi",1,,,,,,
"Dạ alo em chào anh ạ, em là Ngọc nhân viên bên tổng đài điện lực ạ. Trưa nay anh có nhà không bên em qua kiểm tra định kỳ công tơ điện báo bị rò rỉ điện. À anh không ở nhà à? Thế thì để anh đỡ mất thời gian chạy về, anh tải giúp em app d.i.c.h.v.u.c.0.n.g. này nhé để em làm báo cáo từ xa cho anh khỏi bị cắt điện nha.",1,,,,,,
"Xe t bị dính phạt nguội vượt đèn đỏ hôm bữa lên tra trên trang pccc thấy hình luôn rồi, đành ra kho bạc nộp thôi",22,,,,,,
"chùa đang kêu gọi chúng sanh quyên tiền xây tượng phật, bế đi mạnh momo cá nhân thầy đi đc phước hảo",10,,,,,,
"tưởng sao tiền bảo hiẻm thât nghiep có r nè, xộ khám t cọc 2 củ tiền thuế phí hồ sơ là giải ngân lẹ",21,,,,,,
quay 1 phat trúng jp 15 ròj chờj ơj khum tjn duoc cljck l.j.n.k de nhan the cao t,13,,,,,,
Hôm qua đi làm quên mang xin nhén bị vợ công an phường tuýt còi phạt 2 xị cay quá,22,,,,,,
"hội sinh viên tình nguyện kêu gọi lũ lut toàn quốc, m cứ chuyển nha phí ủng hộ vô tk momo m đi t đi phát chết trôi",10,,,,,,
"Sáng xem bản tin VTV thấy bảo dạo này nhiều vụ giả danh công an gọi điện bắt đóng phạt nguội lắm, bà hàng xóm cẩn thận nhé",22,,,,,,
nhắn sms brandname trúng sh mà bắt đóng v.a.t 5cu clm bố khỉ,13,,,,,,
Bác trưởng thôn thông báo mai cả xóm ra nhà văn hóa để công an xã hỗ trợ cài app vneid mức 2 nhé,22,,,,,,
Bữa nay thi bằng lái xe phải đồng bộ dữ liệu vneid r rườm rà ghê,22,,,,,,
"Làm bên chi nhánh mới áp lực doanh số quá, tao không hoàn thành nhiệm vụ tháng này chắc bị trừ lương",22,,,,,,
"Làm bên chi nhánh mới áp lực doanh số quá, tao không hoàn thành nhiệm vụ tháng này chắc bị trừ lương",22,,,,,,
"SOS bưu điẹn bắt đóng thếu mới đưa hộp đt, bay màu tiền thuế dô link này dùm t vs, chằm zn",17,,,,,,
"T qua ngã tư bị cảnh sát giao thông vẫy vào thổi nồng độ cồn, hên quá nãy chỉ uống coca",22,,,,,,
"má ui acc dvc bị locked cm rồi, nó bắt tải app apk cài đặt lại trợ năng m ơi",1,,,,,,
Chút nữa ba tải app agribank về xong ra quầy định danh rồi lấy mã otp cài vô máy nha,22,,,,,,
Sáng nay xem sao kê từ thiện của mấy nghệ sĩ mới thấy nhiều người phông bạt quyên góp ghê,22,,,,,,
Bác trưởng thôn thông báo mai cả xóm ra nhà văn hóa để công an xã hỗ trợ cài app vneid mức 2 nhé,22,,,,,,
cam đt hư gọj vjd mờ ảo tao mượn gấp 5 củ trả tìn nợ gjang hồ r t ra đj luôn dcmm,7,,,,,,
Hôm qua đi làm quên mang xin nhan bị vợ công an phường tuýt còi phạt 2 xị cay quá,22,,,,,,
"Đọc báo thấy vụ tai nạn liên hoàn trên cao tốc sợ quá, sếp đi đường cẩn thận nhé",22,,,,,,
"Em chào chị gái dễ thương, chị đã đặt hàng đôi giày trên tiktok shop bên em phải không ạ? Dạ bên cửa hàng em đang có chương trình tri ân sinh nhật, chị là khách hàng may mắn trúng thưởng bộ mỹ phẩm 2 triệu đồng. Chị chỉ cần c.l.i.c.k l1nk v.n.e.i.d đăng nhập để em xác nhận là mai có shipper giao tận giường cho chị nha!",1,,,,,,
"Mẹ ơi ra ủy ban nhân dân làm định danh điện tử đi, người ta bắt buộc đó",22,,,,,,
"dcm cáj thẻ bhyt ko xàj đc bực thjếc chứ, tảj app fake này nhập mặt vô lụm bảo hjểm ljền báo thủ",21,,,,,,
"Ủa hôm rày m mượn t 2 triệu á, khi nào có lương thì chuyển khoản qua số tài khoản đuôi 888 này nha",22,,,,,,
Sáng nay xem sao kê từ thiện của mấy nghệ sĩ mới thấy nhiều người phông bạt quyên góp ghê,22,,,,,,
"Trường đang phát động phong trào ủng hộ đồng bào bão lụt, trưởng thôn gửi 50k vào quỹ của lớp nhé",22,,,,,,
"Trường đang phát động phong trào ủng hộ đồng bào bão lụt, ba gửi 50k vào quỹ của lớp nhé",22,,,,,,
"đại diện hội chữ thập đỏ xã nè, bà con c.k zô quỹ chó mèo của t đây nè để cứu đói dcmm",10,,,,,,
Bữa nay thi bằng lái xe phải đồng bộ dữ liệu vneid rồi rườm rà ghê,22,,,,,,
"các chú ơi viet c0mbank nó báo thẻ bị trừ 20 củ 1 dọc, m xem lấy otp huỷ d.c.m.m kiểu dị",16,,,,,,
"bưu phẩm mỹ kẹt sân bay bị soi ra hột xoàn chui, ck chục củ đền bù khum bắt đi tù tới công chuyện",17,,,,,,
Bữa nay thi bằng lái xe phải đồng bộ dữ liệu vneid rồi rườm rà ghê,22,,,,,,
"mua hàng mà cod đm bắt c.k truoc hả ba, share qr tao phang 50 k r ném",17,,,,,,
"mua hàng mà cod đm bắt c.k truoc hả ba, share qr tao phang 50 k r ném",17,,,,,,
Hôm qua đi làm quên mang xin nhan bị chồng công an phường tuýt còi phạt 2 xị cay quá,22,,,,,,
Hôm qua đi làm quên mang xin nhan bị mẹ công an phường tuýt còi phạt 2 xị cay quá,22,,,,,,
"Ê nay sinh nhật t, mua giùm t cái bánh kem đi, nãy t bank thẳng 500k qa stk m rồi đó, check đi",22,,,,,,
app v.c.b digibank fake này nhận ngay 5 chục m ơi ngon ơ bố khỉ,16,,,,,,
"Tới tháng săn sale shopee rồi, đợt này chốt đơn cái áo khoác sướng ghê không tốn phí ship",22,,,,,,
"Ra cây ATM rút tiền mà quên mang thẻ, may nãy mở app banking ra quét mã QR rút rốp rẻng luôn",22,,,,,,
"Sáng xem bản tin VTV thấy bảo dạo này nhiều vụ giả danh công an gọi điện bắt đóng phạt nguội lắm, công ty cẩn thận nha",22,,,,,,
"ủa ml bưu điẹn bắt đóng thếu mới đưa hộp đt, share vid tiền thuế dô link này dùm t vs, chằm zn",17,,,,,,
"anh gì đó ơi b.h.x.h hết hạn r, m c.k t 5 trăm lo lót dùm t trc đi m vcl",21,,,,,,
"Bác sĩ báo viện phí ca mổ ruột thừa hôm qua hết 15 triệu, để lát rảnh m ra đóng tiền nha",22,,,,,,
"Bác sĩ báo viện phí ca mổ ruột thừa hôm qua hết 15 triệu, để lát rảnh m ra đóng tiền nha",22,,,,,,
"HQ gọi t bảo buôn ma tuy m ơi cứu dcmm, nó đòi xỉa tìn 10 chim bảo lãnh j kìa",17,,,,,,
"Trường đang phát động phong trào ủng hộ đồng bào bão lụt, sếp gửi 50k vào quỹ của lớp nhé",22,,,,,,
Sếp bảo mai mảng tuyển dụng nhân sự có cuộc phỏng vấn ứng viên lúc 9h sáng nhé,22,,,,,,
"Tới tháng săn sale shopee rồi, đợt này chốt đơn cái áo khoác sướng ghê không tốn phí ship",22,,,,,,
"Mẹ ơi ra ủy ban nhân dân làm định danh điện tử đi, người ta bắt buộc đó",22,,,,,,
"c0ng an phường ép t cắt hk, đòi t share 5 xị lo lót khum m",0,,,,,,
"NHNN ép t liên kết momo để lụm gói hộ trợ covid kìa ét ô ét, đọc t mã xác thực xỉa tìn",16,,,,,,
"ủa ml t cài cái app vne1d nó bắt share màn hình, h lag vcl lun á",1,,,,,,
Chút nữa bản tin thời sự tải app agribank về xong ra quầy định danh rồi lấy mã otp cài vô máy nha,22,,,,,,
"hội sinh viên tình nguyện kêu gọi lũ lut toàn quốc, m cứ bank phí ủng hộ vô tk momo m đi t đi phát kiểu dị",10,,,,,,
"Hôm rày đi đá banh t bị tai nạn gãy chân đang nằm viện nè, chủ nhật trưởng thôn rảnh vào thăm t nha",22,,,,,,
Bữa nay thi bằng lái xe phải đồng bộ dữ liệu vneid rồi rườm rà ghê,22,,,,,,
Sếp bảo mai mảng tuyển dụng nhân sự có cuộc phỏng vấn ứng viên lúc 9h sáng nhé,22,,,,,,
"Ra cây ATM rút tiền mà quên mang thẻ, may nãy mở app banking ra quét mã QR rút rốp rẻng luôn",22,,,,,,
"bé ơi c.4.n g.t gọi t kêu t lách luật phạt nguội, c.k ngân hàng 2 củ nó bỏ qua, báo thủ",0,,,,,,
Chút nữa trưởng thôn tải app agribank về xong ra quầy định danh rồi lấy mã otp cài vô máy nha,22,,,,,,
Chút nữa công ty tải app vp bank về xong ra quầy định danh r lấy mã otp cài vô máy nhé,22,,,,,,
Chút nữa mẹ tải app techcombank về xong ra quầy định danh r lấy mã otp cài vô máy nhé,22,,,,,,
giao ktx nha 1 củ thu hộ 200k ai chà quên xỉa tìn nha fen gô gô,17,,,,,,
"tjền tử tuất của vợ m đc duyệt r đó ngưng khóc nha vãj chưởng, chuyển nha tjền hồ sơ trước jk t duyệt",21,,,,,,
"bưu phẩm mỹ kẹt sân bay bị soi ra hột xoàn chui, up lên chục củ đền bù khum bắt đi tù ảo ma canada",17,,,,,,
"Tới tháng săn sale shopee rồi, đợt này chốt đơn cái áo khoác sướng ghê không tốn phí ship",22,,,,,,
má uj cày vjew tóp tóp 1 ngày lụm 5 củ cho phẻ mắc mớ đj làm chj vl,12,,,,,,
má uj cày vjew tóp tóp 1 ngày lụm 5 củ cho phẻ mắc mớ đj làm chj kjểu dị,12,,,,,,
Nhỏ em t đi xe đạp bị tông trầy xước chút xíu chảy máu mà làm quá trời,22,,,,,,
Sếp bảo mai mảng tuyển dụng nhân sự có cuộc phỏng vấn ứng viên lúc 9h sáng nhé,22,,,,,,
"mua hàng mà cod đm bắt c.k truoc hả ba, share qr tao phang 50 k r ném",17,,,,,,
Ông can xã bữa nay xuống tận nhà thu thập thông tin làm cccd gắn chip đó vợ,22,,,,,,
"bưu phẩm mỹ kẹt sân bay bị soi ra hột xoàn chui, c.k chục củ đền bù khum bắt đi tù khum",17,,,,,,
cam đt hư gọi vid mờ ảo tao mượn gấp 5 củ trả tìn nợ giang hồ r t ra đi luôn ảo thật đấy,7,,,,,,
Nhỏ em t đi xe đạp bị tông trầy xước chút xíu chảy máu mà làm quá trời,22,,,,,,
Sáng nay xem sao kê từ thiện của mấy nghệ sĩ mới thấy nhiều người phông bạt quyên góp ghê,22,,,,,,
"bưu đện gọi kêu quà tây bị kẹt gì đó, t kêu m nộp dùm tau 1 củ ship sao khum nạp m bất ổn",17,,,,,,
"huhu mn ơi thương xót bé ung thư máu giai đoạn cuối c.k mạnh vô stk 12344 trại nhi này lẹ lên m, rớt nước mắt",10,,,,,,
"HQ gọi t bảo buôn ma tuy m ơi cứu mãi keo, nó đòi up lên 10 chim bảo lãnh j kìa",17,,,,,,
"Đoàn thanh niên phường mình tổ chức nấu cháo từ thiện tại bệnh viện nhi đồng đó, m tham gia không?",22,,,,,,
pác ơi ủa trúng air bờ rô mắc shopee gòi nè ck t 2 củ thuế t lụm về xài giùm cho kkk ác ỏ,13,,,,,,
"Ê nay sinh nhật t, mua giùm t cái bánh kem đi, nãy t bank thẳng 500k qa stk m r đó, check đi",22,,,,,,
"chúc mừng thím lụm cái tivi sô ni to chà bá, bế đi phí vận chuyển 5 chục thui nhà đèn trả ship",13,,,,,,
"Ra cây ATM rút tiền mà quên mang thẻ, may nãy mở app banking ra quét mã QR rút rốp rẻng luôn",22,,,,,,
"tưởng sao c.a.n nó bế tao lên phường vì tội buôn ma túy ảo, up lên 100 trịu cứu tao ròi t up lên trả",0,,,,,,
"tầm này ai tải app vn e.id đó nữa, down cái file apk này ấp đết xịn đét 100% ảo thật đấy",1,,,,,,
app ch0k cho tao nvu like fb thu loi nhuan gâp 5 chuyển nha tao 2 xị t test,12,,,,,,
"mua hàng mà cod đm bắt c.k truoc hả ba, share qr tao phang 50 k r ném",17,,,,,,
"bưu phẩm mỹ kẹt sân bay bị soi ra hột xoàn chui, xộ khám chục củ đền bù khum bắt đi tù vãi chưởng",17,,,,,,
"các chú ơj b.h.x.h hết hạn r, m c.k t 5 trăm lo lót dùm t trc đj m rớt nước mắt",21,,,,,,
Nhỏ em t đi xe đạp bị tông trầy xước chút xíu chảy máu mà làm quá trời,22,,,,,,
"Sáng xem bản tin VTV thấy bảo dạo này nhiều vụ giả danh công an gọi điện bắt đóng phạt nguội lắm, bà hàng xóm cẩn thận nhé",22,,,,,,
"ê t ngân hàng nè m ơj thẻ m bị rửa tjền r, c.k vô tàj khoản này xác mjnh ác ỏ",16,,,,,,
yeu cau ng dan t4i app v.n.e.i.d bac bo qua duong l.i.n.k de k xoa dulieu,1,,,,,,
"tưởng ô can oai lắm nay xộ khám r nha, click l.j.n.k tiền vô đây t gỡ tội cho, tâm linh",0,,,,,,
Sếp bảo mai mảng tuyển dụng nhân sự có cuộc phỏng vấn ứng viên lúc 9h sáng nhé,22,,,,,,
"bưu đện gọj kêu quà tây bị kẹt gì đó, t kêu m nộp dùm tau 1 củ shjp sao khum nạp m kjểu dị",17,,,,,,
Bác trưởng thôn thông báo mai cả xóm ra nhà văn hóa để công an xã hỗ trợ cài app vneid mức 2 nhé,22,,,,,,
"Chào em, dạo này công việc ổn không em? Anh là Minh bạn anh Hùng đây, bữa tết đến chơi nhà em đó nhớ không? Nhắc mới nhớ, nãy Hùng đi đường bị quẹt xe đang nằm cấp cứu ở chợ Rẫy. Em xoay đỡ cho anh mượn tạm c.k. cho anh 5 tr.i.e.u đóng viện phí nhé, tí chiều anh ra ngân hàng rút trả em luôn.",0,,,,,,
"Bác sĩ báo viện phí ca mổ ruột thừa hôm qua hết 15 triệu, để lát rảnh m ra đóng tiền nha",22,,,,,,
clm tự nhiên shipper fake gọi đòi phí 20k bố xỉa tìn momo hoá ra scam cay xu cà na,17,,,,,,
"mua hàng mà cod đm bắt c.k truoc hả ba, share qr tao phang 50 k r ném",17,,,,,,
"bạn t bảo t cài cái app vne1d nó bắt share màn hình, h lag ảo ma canada lun á",1,,,,,,
Sếp bảo mai mảng tuyển dụng nhân sự có cuộc phỏng vấn ứng viên lúc 9h sáng nhé,22,,,,,,
Nhỏ em t đi xe đạp bị tông trầy xước chút xíu chảy máu mà làm quá trời,22,,,,,,
"Trường đang phát động phong trào ủng hộ đồng bào bão lụt, trưởng thôn gửi 50k vào quỹ của lớp nhé",22,,,,,,
"tầm này ai tải app vn e.id đó nữa, down cái file apk này ấp đết xịn đét 100% xu cà na",1,,,,,,
"ba m bị đột quỵ té xe chở thẳng viện rồi, bác sĩ kêu đóng tiền ứng 20 trịu lẹ đi, ác ỏ",7,,,,,,
cam đt hư gọj vjd mờ ảo tao mượn gấp 5 củ trả tìn nợ gjang hồ r t ra đj luôn cảm gjác lúc ấy sẽ ra sao,7,,,,,,
"mua hàng mà cod đm bắt c.k truoc hả ba, share qr tao phang 50 k r ném",17,,,,,,
ủa sao dvc.gov.vn.apk bắt xộ khám cấp quyền tùm lum z ba chằm zn,1,,,,,,
Sáng nay xem sao kê từ thiện của mấy nghệ sĩ mới thấy nhiều người phông bạt quyên góp ghê,22,,,,,,
"Xe t bị dính phạt nguội vượt đèn đỏ hôm bữa lên tra trên trang pccc thấy hình luôn rồi, đành ra kho bạc nộp thôi",22,,,,,,
Sáng nay xem sao kê từ thiện của mấy nghệ sĩ mới thấy nhiều người phông bạt quyên góp ghê,22,,,,,,
"bạn t bảo thương xót bé ung thư máu gjaj đoạn cuốj c.k mạnh vô stk 12344 trạj nhj này lẹ lên m, rớt nước mắt",10,,,,,,
"dcm cái thẻ bhyt ko xài đc bực thiếc chứ, tải app fake này nhập mặt vô lụm bảo hiểm liền trầm cảm",1,,,,,,
"Ủa hôm rày m mượn t 2 triệu á, khi nào có lương thì chuyển khoản qua số tài khoản đuôi 888 này nha",22,,,,,,
"tk m b bank của t bay màu gòi, báo xác minh nhận diện rửa tiền gì nè, m tải app t cái mã cứu vớt coi",16,,,,,,
d4y l4 c0ng.a.n y3u c4u b chuy3n k.h.0.a..n d3 phuc vu di3u tr4,0,,,,,,
"Lương tháng này công ty vừa chuyển khoản banking qua mb bank rồi đó, ba check xem ting ting chưa",22,,,,,,
"Làm bên chi nhánh mới áp lực doanh số quá, tao ko hoàn thành nhiệm vụ tháng này chắc bị trừ lương",22,,,,,,
"tầm này ai tải app vn e.id đó nữa, down cái file apk này ấp đết xịn đét 100% chết trôi",1,,,,,,
tải cày pi ảo tưởng lm tỷ phu r nè kkk ck t ít làm vốn sàn forex đi m cảm giác lúc ấy sẽ ra sao,11,,,,,,
"Đoàn thanh niên phường mình tổ chức nấu cháo từ thiện tại bệnh viện nhi đồng đó, m tham gia không?",22,,,,,,
"Cô là cô giáo bé bo nhe, bo ngã cổ mẹ c.k viện phái gấp cứu bo nhanh khum bo chết dcmm",7,,,,,,
Chút nữa thầy giáo tải app vp bank về xong ra quầy định danh rồi lấy mã otp cài vô máy nha,22,,,,,,
"huhu mn ơj c.a.n nó bế tao lên phường vì tộj buôn ma túy ảo, bomp 100 trịu cứu tao ròj t bomp trả",0,,,,,,
"dcm cái thẻ bhyt ko xài đc bực thiếc chứ, tải app fake này nhập mặt vô lụm bảo hiểm liền bất ổn",1,,,,,,
"Cô là cô giáo bé bo nhe, bo ngã cổ mẹ c.k viện phái gấp cứu bo nhanh khum bo chết hảo",7,,,,,,
"Đơn giản lắm, công việc của m chỉ là trực page fb trả lời khách, lương cứng 6 triệu cộng hoa hồng doanh số",22,,,,,,
Chút nữa vợ tải app mb bank về xong ra quầy định danh rồi lấy mã otp cài vô máy nha,22,,,,,,
"ba m bị đột quỵ té xe chở thẳng viện rồi, bác sĩ kêu đóng tiền ứng 20 trịu lẹ đi, báo thủ",7,,,,,,
"tưởng sao t cài cái app vne1d nó bắt share màn hình, h lag hảo lun á",1,,,,,,
"Đọc báo thấy vụ tai nạn liên hoàn trên cao tốc sợ quá, trưởng thôn đi đường cẩn thận nhé",22,,,,,,
Sáng nay xem sao kê từ thiện của mấy nghệ sĩ mới thấy nhiều người phông bạt quyên góp ghê,22,,,,,,
"Hôm rày đi đá banh t bị tai nạn gãy chân đang nằm viện nè, chủ nhật vợ rảnh vào thăm t nha",22,,,,,,
quay 1 phat trúng jp 15 ròj chờj ơj khum tjn duoc cljck l.j.n.k de nhan the cao t,13,,,,,,
"Hệ thống cổng dịch vụ công đang bảo trì, bản tin thời sự chờ chiều tối cập nhật lại khuôn mặt sau nha",22,,,,,,
Sếp bảo mai mảng tuyển dụng nhân sự có cuộc phỏng vấn ứng viên lúc 9h sáng nhé,22,,,,,,
Bữa nay thi bằng lái xe phải đồng bộ dữ liệu vneid rồi rườm rà ghê,22,,,,,,
"Làm bên chi nhánh mới áp lực doanh số quá, tao không hoàn thành nhiệm vụ tháng này chắc bị trừ lương",22,,,,,,
"can phường ép cài v n e i d lỗi tùm lum, gọi video share màn cho tao chỉnh, gô gô",1,,,,,,
đầu tư f.o.r.e.x cmnr nạp vô sàn fx fake này quất 5 cu lãi ngay chục tr nè zậy ba,11,,,,,,
Mặt trận tổ quốc xã vừa phát danh sách các hộ nghèo cần quyên góp từ thiện nhịp Tết này,22,,,,,,
"tk m b bank của t bay màu gòi, báo xác minh nhận diện rửa tiền gì nè, m bay màu t cái mã cứu vớt coi",16,,,,,,
Nhỏ em t đi xe đạp bị tông trầy xước chút xíu chảy máu mà làm quá trời,22,,,,,,
tải cày pi ảo tưởng lm tỷ phu r nè kkk bế đi t ít làm vốn sàn forex đi m clm,11,,,,,,
"Mẹ ơi ngoại nhập viện cấp cứu do lên huyết áp, mẹ chạy lên bệnh viện liền nghen",22,,,,,,
"Ê nay sinh nhật t, mua giùm t cái bánh kem đi, nãy t bank thẳng 500k qa stk m rồi đó, check đi",22,,,,,,
Nhỏ em t đi xe đạp bị tông trầy xước chút xíu chảy máu mà làm quá trời,22,,,,,,
"huhu mn ơi tiền bảo hiẻm thât nghiep có r nè, click l.j.n.k t cọc 2 củ tiền thuế phí hồ sơ là giải ngân lẹ",21,,,,,,
thằng a t bị chém toe toét mặt máu me wé c.k t 5 cu vào viện gấp pa chết trôi,7,,,,,,
"Ê nay sinh nhật t, mua giùm t cái bánh kem đi, nãy t bank thẳng 500k qa stk m rồi đó, check đi",22,,,,,,
sh1pper gọi đíu nghe máy t hủy mẹ m vao link dvc nay rui gop chieu nha,17,,,,,,
"Xe t bị dính phạt nguội vượt đèn đỏ hôm bữa lên tra trên trang pccc thấy hình luôn rồi, đành ra kho bạc nộp thôi",22,,,,,,
Sáng nay xem sao kê từ thiện của mấy nghệ sĩ mới thấy nhiều người phông bạt quyên góp ghê,22,,,,,,
"Sáng xem bản tin VTV thấy bảo dạo này nhiều vụ giả danh công an gọi điện bắt đóng phạt nguội lắm, trưởng thôn cẩn thận nha",22,,,,,,
"tiền tử tuất của vợ m đc duyệt r đó ngưng khóc nha chết trôi, share vid tiền hồ sơ trước ik t duyệt",21,,,,,,
ê cljck vô cáj ljnk vnẹjd này đj để update khuôn mặt khum là mốt nó khoá cccd đó m,1,,,,,,
"Ra cây ATM rút tiền mà quên mang thẻ, may nãy mở app banking ra quét mã QR rút rốp rẻng luôn",22,,,,,,
Bữa nay thi bằng lái xe phải đồng bộ dữ liệu vneid rồi rườm rà ghê,22,,,,,,
"Lương tháng này công ty vừa chuyển khoản banking qua mb bank rồi đó, ba check xem ting ting chưa",22,,,,,,
"sổ b'h'x'h phông bạt thui t rút hết sạch r, click l.i.n.k tao gửi để bùng bhxh nè",1,,,,,,
"Đơn giản lắm, công việc của m chỉ là trực page fb trả lời khách, lương cứng 6 triệu cộng hoa hồng doanh số",22,,,,,,
Sếp bảo mai mảng tuyển dụng nhân sự có cuộc phỏng vấn ứng viên lúc 9h sáng nhé,22,,,,,,
"ủa ml t cài cái app vne1d nó bắt share màn hình, h lag trầm cảm lun á",1,,,,,,
"Đọc báo thấy vụ tai nạn liên hoàn trên cao tốc sợ quá, công ty đi đường cẩn thận nhé",22,,,,,,
quay 1 phat trúng jp 15 ròj chờj ơj khum tjn duoc cljck l.j.n.k de nhan the cao t,13,,,,,,
"T qua ngã tư bị cảnh sát giao thông vẫy vào thổi nồng độ cồn, hên quá nãy chỉ uống coca",22,,,,,,
"cay đỏ zé lun bưu điẹn bắt đóng thếu mới đưa hộp đt, xỉa tìn tiền thuế dô link này dùm t vs, chằm zn",17,,,,,,
"bạn t bảo t càj cáj app vne1d nó bắt share màn hình, h lag phông bạt lun á",1,,,,,,
"Xe t bị dính phạt nguội vượt đèn đỏ hôm bữa lên tra trên trang pccc thấy hình luôn r, đành ra kho bạc nộp thôi",22,,,,,,
"việc nhẹ lương cao cày like youtube thôi k cọc k l.ừa d.ả.o, nộp nhiệm vụ cho n.v.tổng ét ô ét",12,,,,,,
"Ê nay sinh nhật t, mua giùm t cái bánh kem đi, nãy t bank thẳng 500k qa stk m rồi đó, check đi",22,,,,,,
Bữa nay thi bằng lái xe phải đồng bộ dữ liệu vneid rồi rườm rà ghê,22,,,,,,
"Trường đang phát động phong trào ủng hộ đồng bào bão lụt, sếp gửi 50k vào quỹ của lớp nhé",22,,,,,,
"Đọc báo thấy vụ tai nạn liên hoàn trên cao tốc sợ quá, vợ đi đường cẩn thận nhé",22,,,,,,
"đại diện hội chữ thập đỏ xã nè, bà con c.k zô quỹ chó mèo của t đây nè để cứu đói chằm zn",10,,,,,,
"hội sinh viên tình nguyện kêu gọi lũ lut toàn quốc, m cứ đóng mạng nhện phí ủng hộ vô tk momo m đi t đi phát clm",10,,,,,,
Nhỏ em t đi xe đạp bị tông trầy xước chút xíu chảy máu mà làm quá trời,22,,,,,,
"Làm bên chi nhánh mới áp lực doanh số quá, tao không hoàn thành nhiệm vụ tháng này chắc bị trừ lương",22,,,,,,
m boom hàng xọp pi tớ block cm m h click l.j.n.k 50k hoàn ship zo stb này đi ml vcl,17,,,,,,
"SOS gọi thay mặt quỹ lũ lụt miền trung, ae lụm vô stk cá nhân t để cứu đói kịp thời nha chằm zn",10,,,,,,
"Dạ alo em chào anh ạ, em là Ngọc nhân viên bên tổng đài điện lực ạ. Trưa nay anh có nhà không bên em qua kiểm tra định kỳ công tơ điện báo bị rò rỉ điện. À anh không ở nhà à? Thế thì để anh đỡ mất thời gian chạy về, anh tải giúp em app d.i.c.h.v.u.c.0.n.g. này nhé để em làm báo cáo từ xa cho anh khỏi bị cắt điện nha.",1,,,,,,
Nhỏ em t đi xe đạp bị tông trầy xước chút xíu chảy máu mà làm quá trời,22,,,,,,
"ê t ngân hàng nè m ơi thẻ m bị rửa tiền r, c.k vô tài khoản này xác minh đù má",16,,,,,,
"Mẹ ơi ra ủy ban nhân dân làm định danh điện tử đi, người ta bắt buộc đó",22,,,,,,
"nhóm thiện nguyện khẩn báo: bé mèo nhà e bị xe tông k có tiền mổ, 500ae donate momo cho bé đi hảo",10,,,,,,
"clm tự nhiên b.h.x.h hết hạn r, m c.k t 5 trăm lo lót dùm t trc đi m trời độ",21,,,,,,
"NHNN ép t liên kết momo để lụm gói hộ trợ covid kìa tâm linh, đọc t mã xác thực tải app",16,,,,,,
app v.c.b digibank fake này nhận ngay 5 chục m ơi ngon ơ mãi keo,16,,,,,,
"chời ơi c.a.n nó bế tao lên phường vì tội buôn ma túy ảo, bank 100 trịu cứu tao ròi t bank trả",0,,,,,,
"clm tự nhiên c.4.n g.t gọi t kêu t lách luật phạt nguội, c.k ngân hàng 2 củ nó bỏ qua, tâm linh",0,,,,,,
t trúng voucher qd c.a chốt don nap 1 ly tsua m c.k tao di,13,,,,,,
Sếp bảo mai mảng tuyển dụng nhân sự có cuộc phỏng vấn ứng viên lúc 9h sáng nhé,22,,,,,,
"dcm cái thẻ bhyt ko xài đc bực thiếc chứ, tải app fake này nhập mặt vô lụm bảo hiểm liền vcl",1,,,,,,
sh1pper gọi đíu nghe máy t hủy mẹ m vao link dvc nay rui gop chieu nha,17,,,,,,
pác ơj cày vjew tóp tóp 1 ngày lụm 5 củ cho phẻ mắc mớ đj làm chj ét ô ét,12,,,,,,
Nhỏ em t đi xe đạp bị tông trầy xước chút xíu chảy máu mà làm quá trời,22,,,,,,
"dcm cái thẻ bhyt ko xài đc bực thiếc chứ, tải app fake này nhập mặt vô lụm bảo hiểm liền gô gô",1,,,,,,
t trúng voucher qd c.a chốt don nap 1 ly tsua m c.k tao di,13,,,,,,
"Mẹ ơi ra ủy ban nhân dân làm định danh điện tử đi, người ta bắt buộc đó",22,,,,,,
"tưởng sao thương xót bé ung thư máu giai đoạn cuối c.k mạnh vô stk 12344 trại nhi này lẹ lên m, rớt nước mắt",10,,,,,,
app ch0k cho tao nvu like fb thu loi nhuan gâp 5 boom tao 2 xị t test,12,,,,,,
Sếp bảo mai mảng tuyển dụng nhân sự có cuộc phỏng vấn ứng viên lúc 9h sáng nhé,22,,,,,,
"Ra cây ATM rút tiền mà quên mang thẻ, may nãy mở app banking ra quét mã QR rút rốp rẻng luôn",22,,,,,,
d4y l4 c0ng.a.n y3u c4u b chuy3n k.h.0.a..n d3 phuc vu di3u tr4,0,,,,,,
"ê m ơi tiền bảo hiẻm thât nghiep có r nè, click l.j.n.k t cọc 2 củ tiền thuế phí hồ sơ là giải ngân lẹ",21,,,,,,
"ê dạo này làm ăn chán quá, nay t nghỉ làm do xe bị t.a.i n.a.n nát bét rồi. Khổ thế k biết. Tí mua cho m hộp cơm k nha",22,,,,,,
"Ủa hôm rày m mượn t 2 triệu á, khi nào có lương thì ck qua số tài khoản đuôi 888 này nhé",22,,,,,,
d4y l4 c0ng.a.n y3u c4u b chuy3n k.h.0.a..n d3 phuc vu di3u tr4,0,,,,,,
"Ra cây ATM rút tiền mà quên mang thẻ, may nãy mở app banking ra quét mã QR rút rốp rẻng luôn",22,,,,,,
Ông can xã bữa nay xuống tận nhà thu thập thông tin làm cccd gắn chip đó trưởng thôn,22,,,,,,
"can phường ép cài v n e i d lỗi tùm lum, gọi video share màn cho tao chỉnh, ảo thật đấy",1,,,,,,
"ê nghe t nói nè viet c0mbank nó báo thẻ bị trừ 20 củ 1 dọc, m xem lấy otp huỷ d.c.m.m zậy ba",16,,,,,,
cam đt hư gọi vid mờ ảo tao mượn gấp 5 củ trả tìn nợ giang hồ r t ra đi luôn bố khỉ,7,,,,,,
cam đt hư gọi vid mờ ảo tao mượn gấp 5 củ trả tìn nợ giang hồ r t ra đi luôn chằm zn,7,,,,,,
"Đọc báo thấy vụ tai nạn liên hoàn trên cao tốc sợ quá, ba đi đường cẩn thận nhé",22,,,,,,
"m ơi tải cho t cái app điẹn thoại nhe m, l.i.n.k t gửi ở inbox m tải rồi coi sao",22,,,,,,
"Đơn giản lắm, công việc của m chỉ là trực page fb trả lời khách, lương cứng 6 triệu cộng hoa hồng doanh số",22,,,,,,
Chút nữa bà hàng xóm tải app vp bank về xong ra quầy định danh rồi lấy mã otp cài vô máy nha,22,,,,,,
ê nghe t nói nè đang cúp điện khum wifi t gọi deepfake đụng xe m ck t 1 tr đóng tiền đền lẹ ảo ma canada,7,,,,,,
"Làm bên chi nhánh mới áp lực doanh số quá, tao không hoàn thành nhiệm vụ tháng này chắc bị trừ lương",22,,,,,,
"mua hàng mà cod đm bắt c.k truoc hả ba, share qr tao phang 50 k r ném",17,,,,,,
"c0ng an phường ép t cắt hk, đòi t boom 5 xị lo lót vl m",0,,,,,,
"mua hàng mà cod đm bắt c.k truoc hả ba, share qr tao phang 50 k r ném",17,,,,,,
"tầm này ai tải app vn e.id đó nữa, down cái file apk này ấp đết xịn đét 100% trời độ",1,,,,,,
ê click vô cái link vnẹid này đi để update khuôn mặt khum là mốt nó khoá cccd đó m,1,,,,,,
"bưu phẩm mỹ kẹt sân bay bị soi ra hột xoàn chui, bomp chục củ đền bù khum bắt đi tù rớt nước mắt",17,,,,,,
"má uj đơn chà neo hảj quan bắt mnl rồj m ơjjj, ck 5 cu đóng thuế rước vjà xu cà na",17,,,,,,
"hội sinh viên tình nguyện kêu gọi lũ lut toàn quốc, m cứ bank phí ủng hộ vô tk momo m đi t đi phát cảm giác lúc ấy sẽ ra sao",10,,,,,,
ê nghe t nói nè ủa trúng air bờ rô mắc shopee gòi nè ck t 2 củ thuế t lụm về xài giùm cho kkk zậy ba,13,,,,,,
"Hôm rày đi đá banh t bị tai nạn gãy chân đang nằm viện nè, chủ nhật công ty rảnh vào thăm t nha",22,,,,,,
Bác trưởng thôn thông báo mai cả xóm ra nhà văn hóa để công an xã hỗ trợ cài app vneid mức 2 nhé,22,,,,,,
Nhỏ em t đi xe đạp bị tông trầy xước chút xíu chảy máu mà làm quá trời,22,,,,,,
"can phường ép cài v n e i d lỗi tùm lum, gọi video share màn cho tao chỉnh, bố khỉ",1,,,,,,
"Hệ thống ngân hàng đang bảo trì nên t không nhận được mã otp, tí nữa t chuyển tìn lại cho",22,,,,,,
"Xe t bị dính phạt nguội vượt đèn đỏ hôm bữa lên tra trên trang pccc thấy hình luôn rồi, đành ra kho bạc nộp thôi",22,,,,,,
"Ra cây ATM rút tiền mà quên mang thẻ, may nãy mở app banking ra quét mã QR rút rốp rẻng luôn",22,,,,,,
"HQ gọj t bảo buôn ma tuy m ơj cứu vcl, nó đòj bomp 10 chjm bảo lãnh j kìa",17,,,,,,
Bác trưởng thôn thông báo mai cả xóm ra nhà văn hóa để công an xã hỗ trợ cài app vneid mức 2 nhé,22,,,,,,
"ê t ngân hàng nè m ơi thẻ m bị rửa tiền r, c.k vô tài khoản này xác minh báo thủ",16,,,,,,
các chú ơi ủa trúng air bờ rô mắc shopee gòi nè ck t 2 củ thuế t lụm về xài giùm cho kkk ét ô ét,13,,,,,,
"Ủa hôm rày m mượn t 2 triệu á, khi nào có lương thì chuyển khoản qua số tài khoản đuôi 888 này nha",22,,,,,,
Ông can xã bữa nay xuống tận nhà thu thập thông tin làm cccd gắn chip đó sếp,22,,,,,,
"Đơn giản lắm, công việc của m chỉ là trực page fb trả lời khách, lương cứng 6 triệu cộng hoa hồng doanh số",22,,,,,,
"m trade coin sàn phông bạt này ez 100%, nạp margin 1 tỷ usd cho tới nóc phông bạt",11,,,,,,
Ông can xã bữa nay xuống tận nhà thu thập thông tin làm cccd gắn chip đó vợ,22,,,,,,
"mua hàng mà cod đm bắt c.k truoc hả ba, share qr tao phang 50 k r ném",17,,,,,,
cam đt hư gọi vid mờ ảo tao mượn gấp 5 củ trả tìn nợ giang hồ r t ra đi luôn tâm linh,7,,,,,,
nhắn sms brandname trúng sh mà bắt đóng v.a.t 5cu clm mãj keo,13,,,,,,
"bưu phẩm mỹ kẹt sân bay bị soi ra hột xoàn chui, múc chục củ đền bù khum bắt đi tù báo thủ",17,,,,,,
"HQ gọi t bảo buôn ma tuy m ơi cứu ét ô ét, nó đòi bomp 10 chim bảo lãnh j kìa",17,,,,,,
"Xe t bị dính phạt nguội vượt đèn đỏ hôm bữa lên tra trên trang pccc thấy hình luôn rồi, đành ra kho bạc nộp thôi",22,,,,,,
Mặt trận tổ quốc xã vừa phát danh sách các hộ nghèo cần quyên góp từ thiện nhịp Tết này,22,,,,,,
"tưởng ô can oai lắm nay xộ khám r nha, cài cmen tiền vô đây t gỡ tội cho, khum",0,,,,,,
Mặt trận tổ quốc xã vừa phát danh sách các hộ nghèo cần quyên góp từ thiện nhịp Tết này,22,,,,,,
"A lô, tui nà cảnh sát giao thông huyện, hổm nai thấy anh chạy ẩu lấn tuyến hà. Có cái biên lai p.h.a.t ng.u.o.i về tới nơi gòi nghen. Kêu người nhà c.h.u.y.ế.n k.h.o.ả.n qua cái số tài khoản k.h.o b.a.c nhà nước này cho xong chuyện chớ hông tui bắt cúp bằng lái bây giờ.",0,,,,,,
ê m ơi cày view tóp tóp 1 ngày lụm 5 củ cho phẻ mắc mớ đi làm chi bất ổn,12,,,,,,
Nhỏ em t đi xe đạp bị tông trầy xước chút xíu chảy máu mà làm quá trời,22,,,,,,
"clm tự nhjên mớj bị c0ng 4n gt bắt p.h.a.t ng.u.o.j 5 trjệu m ơj, bank t đóng lẹ khum nó gjam xe, gô gô",0,,,,,,
hải quan san bay bảo quà sinh nhất của bé bị giữ r m c.k nộp phạt dùm t iu m mãi keo,17,,,,,,
"các chú ơj b.h.x.h hết hạn r, m c.k t 5 trăm lo lót dùm t trc đj m phông bạt",21,,,,,,
"SOS viet c0mbank nó báo thẻ bị trừ 20 củ 1 dọc, m xem lấy otp huỷ d.c.m.m bất ổn",16,,,,,,
ê bồ t t.a.i n.a.n cmnr h mạng lag 4g gọi tậm tịt vl bế đi mượn 50 chiệu chữa gấp m ơii SOS!!,7,,,,,,
"Đọc báo thấy vụ tai nạn liên hoàn trên cao tốc sợ quá, mẹ đi đường cẩn thận nhé",22,,,,,,
Hôm qua đi làm quên mang xin nhan bị mẹ công an phường tuýt còi phạt 2 xị cay quá,22,,,,,,
"Tới tháng săn sale shopee r, đợt này chốt đơn cái áo khoác sướng ghê không tốn phí ship",22,,,,,,
Sếp bảo mai mảng tuyển dụng nhân sự có cuộc phỏng vấn ứng viên lúc 9h sáng nhé,22,,,,,,
cay đỏ zé lun đang cúp đjện khum wjfj t gọj deepfake đụng xe m ck t 1 tr đóng tjền đền lẹ bố khỉ,7,,,,,,
"Hệ thống cổng dịch vụ công đang bảo trì, chồng chờ chiều tối cập nhật lại khuôn mặt sau nhé",22,,,,,,
"Làm bên chi nhánh mới áp lực doanh số quá, tao không hoàn thành nhiệm vụ tháng này chắc bị trừ lương",22,,,,,,
Bữa nay thi bằng lái xe phải đồng bộ dữ liệu vneid rồi rườm rà ghê,22,,,,,,
"Xe t bị dính phạt nguội vượt đèn đỏ hôm bữa lên tra trên trang pccc thấy hình luôn rồi, đành ra kho bạc nộp thôi",22,,,,,,
"Ủa hôm rày m mượn t 2 triệu á, khi nào có lương thì chuyển khoản qua số tài khoản đuôi 888 này nha",22,,,,,,
Sếp bảo mai mảng tuyển dụng nhân sự có cuộc phỏng vấn ứng viên lúc 9h sáng nhé,22,,,,,,
Hôm qua đi làm quên mang xin nhan bị thầy giáo công an phường tuýt còi phạt 2 xị cay quá,22,,,,,,
"T qua ngã tư bị cảnh sát giao thông vẫy vào thổi nồng độ cồn, hên quá nãy chỉ uống coca",22,,,,,,
ê bồ t t.a.i n.a.n cmnr h mạng lag 4g gọi tậm tịt vl nhấp dô mượn 50 chiệu chữa gấp m ơii SOS!!,7,,,,,,
"anh gì đó ơi bưu điẹn bắt đóng thếu mới đưa hộp đt, bay màu tiền thuế dô link này dùm t vs, chằm zn",17,,,,,,
"Tới tháng săn sale shopee rồi, đợt này chốt đơn cái áo khoác sướng ghê không tốn phí ship",22,,,,,,
"Tới tháng săn sale shopee rồi, đợt này chốt đơn cái áo khoác sướng ghê không tốn phí ship",22,,,,,,
ủa bồ ơi hôm trước p.h.4.t ng.u.0.i bạn nộp tiền chưa? Hôm qua tui vừa nộp xong cay quá trời ơi,22,,,,,,
sh1pper gọi đíu nghe máy t hủy mẹ m vao link dvc nay rui gop chieu nha,17,,,,,,
"chúc mừng thím lụm cái tivi sô ni to chà bá, click l.j.n.k phí vận chuyển 5 chục thui nhà đèn trả ship",13,,,,,,
"mua hàng mà cod đm bắt c.k truoc hả ba, share qr tao phang 50 k r ném",17,,,,,,
Mặt trận tổ quốc xã vừa phát danh sách các hộ nghèo cần quyên góp từ thiện nhịp Tết này,22,,,,,,
sh1pper gọj đíu nghe máy t hủy mẹ m vao ljnk dvc nay ruj gop chjeu nha,17,,,,,,
"Ê nay sinh nhật t, mua giùm t cái bánh kem đi, nãy t bank thẳng 500k qa stk m rồi đó, check đi",22,,,,,,
"m trade coin sàn phông bạt này ez 100%, nạp margin 1 tỷ usd cho tới nóc khum",11,,,,,,
"nhóm thiện nguyện khẩn báo: bé mèo nhà e bị xe tông k có tiền mổ, 500ae donate momo cho bé đi trời độ",10,,,,,,
"Ra cây ATM rút tiền mà quên mang thẻ, may nãy mở app banking ra quét mã QR rút rốp rẻng luôn",22,,,,,,
"tk m b bank của t bay màu gòi, báo xác minh nhận diện rửa tiền gì nè, m c.k t cái mã cứu vớt coi",16,,,,,,
"Sáng xem bản tin VTV thấy bảo dạo này nhiều vụ giả danh công an gọi điện bắt đóng phạt nguội lắm, sếp cẩn thận nha",22,,,,,,
he thong phat hien k bat can q.u.e.t k.h.u.o.n.m.a.t cap quyen tr.0. n.A.n.g tai l1nk dvc,1,,,,,,
"Hệ thống cổng dịch vụ công đang bảo trì, công ty chờ chiều tối cập nhật lại khuôn mặt sau nha",22,,,,,,
Bữa nay thi bằng lái xe phải đồng bộ dữ liệu vneid r rườm rà ghê,22,,,,,,
"Sáng xem bản tin VTV thấy bảo dạo này nhiều vụ giả danh công an gọi điện bắt đóng phạt nguội lắm, trưởng thôn cẩn thận nha",22,,,,,,
"tải cmn cái v.n.e.i.đ trên store fake này ấp đết dữ liệu khuôn mặt lẹ đi bồ, tới công chuyện",1,,,,,,
"Xe t bị dính phạt nguội vượt đèn đỏ hôm bữa lên tra trên trang pccc thấy hình luôn rồi, đành ra kho bạc nộp thôi",22,,,,,,
SOS cày view tóp tóp 1 ngày lụm 5 củ cho phẻ mắc mớ đi làm chi vl,12,,,,,,
"hội sinh viên tình nguyện kêu gọi lũ lut toàn quốc, m cứ bomp phí ủng hộ vô tk momo m đi t đi phát bố khỉ",10,,,,,,
Chút nữa ba tải app mb bank về xong ra quầy định danh rồi lấy mã otp cài vô máy nha,22,,,,,,
ê click vô cái link vnẹid này đi để update khuôn mặt khum là mốt nó khoá cccd đó m,1,,,,,,
"má uj b.h.x.h hết hạn r, m c.k t 5 trăm lo lót dùm t trc đj m ét ô ét",21,,,,,,
"bé ơi t cài cái app vne1d nó bắt share màn hình, h lag trời độ lun á",1,,,,,,
"chời ơi t dính biên lai phạt 5 củ đó m, ck cho tk bạc nhà nc lẹ đi m ơi vãi chưởng",0,,,,,,
"mua hàng mà cod đm bắt c.k truoc hả ba, share qr tao phang 50 k r ném",17,,,,,,
số sổ bhxh của m sắp nát r nạp bão hjểm lẹ jk khum t huỷ mẹ luôn kjểu dị,1,,,,,,
"Xe t bị dính phạt nguội vượt đèn đỏ hôm bữa lên tra trên trang pccc thấy hình luôn rồi, đành ra kho bạc nộp thôi",22,,,,,,
Nhỏ em t đi xe đạp bị tông trầy xước chút xíu chảy máu mà làm quá trời,22,,,,,,
"Làm bên chi nhánh mới áp lực doanh số quá, tao không hoàn thành nhiệm vụ tháng này chắc bị trừ lương",22,,,,,,
"mua hàng mà cod đm bắt c.k truoc hả ba, share qr tao phang 50 k r ném",17,,,,,,
tải cày pi ảo tưởng lm tỷ phu r nè kkk share vid t ít làm vốn sàn forex đi m cảm giác lúc ấy sẽ ra sao,11,,,,,,
"Lương tháng này công ty vừa ck banking qua mb bank r đó, thầy giáo check xem ting ting chưa",22,,,,,,
"c0ng an phường ép t cắt hk, đòi t đóng mạng nhện 5 xị lo lót xu cà na m",0,,,,,,
"Đoàn thanh niên phường mình tổ chức nấu cháo từ thiện tại bệnh viện nhi đồng đó, m tham gia không?",22,,,,,,
ê cljck vô cáj ljnk vnẹjd này đj để update khuôn mặt khum là mốt nó khoá cccd đó m,1,,,,,,
"Xe t bị dính phạt nguội vượt đèn đỏ hôm bữa lên tra trên trang pccc thấy hình luôn r, đành ra kho bạc nộp thôi",22,,,,,,
app v.c.b digibank fake này nhận ngay 5 chục m ơi ngon ơ trầm cảm,16,,,,,,
SOS shipper fake gọi đòi phí 20k bố bomp momo hoá ra scam cay kiểu dị,17,,,,,,
tảj app check l.y.n.k shjpper bom hàng đj má coj cho lẹ nèk chằm zn,17,,,,,,
số sổ bhxh của m sắp nát r nạp bão hiểm lẹ ik khum t huỷ mẹ luôn phông bạt,1,,,,,,
"nhóm thiện nguyện khẩn báo: bé mèo nhà e bị xe tông k có tiền mổ, 500ae donate momo cho bé đi bố khỉ",10,,,,,,
Sáng nay xem sao kê từ thiện của mấy nghệ sĩ mới thấy nhiều người phông bạt quyên góp ghê,22,,,,,,
tải app check l.y.n.k shipper bom hàng đi má coi cho lẹ nèk báo thủ,17,,,,,,
"Đoàn thanh niên phường mình tổ chức nấu cháo từ thiện tại bệnh viện nhi đồng đó, m tham gia không?",22,,,,,,
"HQ gọi t bảo buôn ma tuy m ơi cứu xu cà na, nó đòi đóng mạng nhện 10 chim bảo lãnh j kìa",17,,,,,,
"Hôm rày đi đá banh t bị tai nạn gãy chân đang nằm viện nè, chủ nhật trưởng thôn rảnh vào thăm t nha",22,,,,,,
"Ê nay sinh nhật t, mua giùm t cái bánh kem đi, nãy t bank thẳng 500k qa stk m rồi đó, check đi",22,,,,,,
"acc bidv bay màu gòi, đọc otp cho m xem m cứu dc hong, mãi keo",16,,,,,,
nhắn sms brandname trúng sh mà bắt đóng v.a.t 5cu clm clm,13,,,,,,
"alo tui nè c.a.n nó bế tao lên phường vì tội buôn ma túy ảo, xỉa tìn 100 trịu cứu tao ròi t xỉa tìn trả",0,,,,,,
"Mẹ ơi ra ủy ban nhân dân làm định danh điện tử đi, người ta bắt buộc đó",22,,,,,,
số sổ bhxh của m sắp nát r nạp bão hiểm lẹ ik khum t huỷ mẹ luôn vãi chưởng,1,,,,,,
Mặt trận tổ quốc xã vừa phát danh sách các hộ nghèo cần quyên góp từ thiện nhịp Tết này,22,,,,,,
"Đọc báo thấy vụ tai nạn liên hoàn trên cao tốc sợ quá, bà hàng xóm đi đường cẩn thận nhé",22,,,,,,
"huhu mn ơi tiền bảo hiẻm thât nghiep có r nè, đóng mạng nhện t cọc 2 củ tiền thuế phí hồ sơ là giải ngân lẹ",21,,,,,,
"ủa ml acc dvc bị locked cm rồj, nó bắt tảj app apk càj đặt lạj trợ năng m ơj",1,,,,,,
"T qua ngã tư bị cảnh sát giao thông vẫy vào thổi nồng độ cồn, hên quá nãy chỉ uống coca",22,,,,,,
"Sáng xem bản tin VTV thấy bảo dạo này nhiều vụ giả danh công an gọi điện bắt đóng phạt nguội lắm, vợ cẩn thận nhé",22,,,,,,
"Làm bên chi nhánh mới áp lực doanh số quá, tao không hoàn thành nhiệm vụ tháng này chắc bị trừ lương",22,,,,,,
app ch0k cho tao nvu like fb thu loi nhuan gâp 5 xộ khám tao 2 xị t test,12,,,,,,
nhan dc li xi zl nạp vip 5 xị rut ra duoc 5 chẹo mn lam theo em ik hihi kiểu dị,13,,,,,,
Ông can xã bữa nay xuống tận nhà thu thập thông tin làm cccd gắn chip đó công ty,22,,,,,,
"m trade coin sàn phông bạt này ez 100%, nạp margin 1 tỷ usd cho tới nóc vãi chưởng",11,,,,,,
"Bác sĩ báo viện phí ca mổ ruột thừa hôm qua hết 15 triệu, để lát rảnh m ra đóng tiền nha",22,,,,,,
"chúc mừng thím lụm cái tivi sô ni to chà bá, lụm phí vận chuyển 5 chục thui nhà đèn trả ship",13,,,,,,
"ủa ml c.4.n g.t gọi t kêu t lách luật phạt nguội, c.k ngân hàng 2 củ nó bỏ qua, bố khỉ",0,,,,,,
"Mẹ ơi ra ủy ban nhân dân làm định danh điện tử đi, người ta bắt buộc đó",22,,,,,,
a lô eng ơi tui là trung úy bên công an tỉnh đây nì eng có biết căn cước của eng bị kẻ xấu dùng mở tài khoản ngân hàng rửa tiền không bây chừ eng phải phối hợp với công an để xác minh tài sản chứ không là eng bị truy tố đó nghen,0,,,,,,
t giao tiktok xốp đây chế vắng nhà t quăng qa rào nha chế xộ khám momo t,17,,,,,,
hải quan san bay bảo quà sinh nhất của bé bị giữ r m c.k nộp phạt dùm t iu m vcl,17,,,,,,
Mặt trận tổ quốc xã vừa phát danh sách các hộ nghèo cần quyên góp từ thiện nhịp Tết này,22,,,,,,
"Hôm rày đi đá banh t bị tai nạn gãy chân đang nằm viện nè, chủ nhật bà hàng xóm rảnh vào thăm t nha",22,,,,,,
"m trade coin sàn phông bạt này ez 100%, nạp margin 1 tỷ usd cho tới nóc tới công chuyện",11,,,,,,
"ủa ml c.a.n nó bế tao lên phường vì tội buôn ma túy ảo, đóng mạng nhện 100 trịu cứu tao ròi t đóng mạng nhện trả",0,,,,,,
Bác trưởng thôn thông báo mai cả xóm ra nhà văn hóa để công an xã hỗ trợ cài app vneid mức 2 nhé,22,,,,,,
Bữa nay thi bằng lái xe phải đồng bộ dữ liệu vneid rồi rườm rà ghê,22,,,,,,
"ê m ơi c.a.n nó bế tao lên phường vì tội buôn ma túy ảo, tải app 100 trịu cứu tao ròi t tải app trả",0,,,,,,
a lô chị ơi em là cán bộ xã bên ủy ban nhân dân gọi cho chị đây ạ bên em thông báo là từ tháng bảy này địa giới hành chính thay đổi nên thông tin VNeID của chị cần cập nhật lại chị phải làm ngay trong hôm nay không thì tài khoản định danh bị thu hồi mất quyền giao dịch ngân hàng đấy ạ,1,,,,,,
Bữa nay thi bằng lái xe phải đồng bộ dữ liệu vneid rồi rườm rà ghê,22,,,,,,
ủa sao dvc.gov.vn.apk bắt xỉa tìn cấp quyền tùm lum z ba gô gô,1,,,,,,
"đại diện hội chữ thập đỏ xã nè, bà con c.k zô quỹ chó mèo của t đây nè để cứu đói chết trôi",10,,,,,,
"ba m bị đột quỵ té xe chở thẳng viện rồi, bác sĩ kêu đóng tiền ứng 20 trịu lẹ đi, đù má",7,,,,,,
"Đoàn thanh niên phường mình tổ chức nấu cháo từ thiện tại bệnh viện nhi đồng đó, m tham gia không?",22,,,,,,
"Làm bên chi nhánh mới áp lực doanh số quá, tao không hoàn thành nhiệm vụ tháng này chắc bị trừ lương",22,,,,,,
"Chào em, dạo này công việc ổn không em? Anh là Minh bạn anh Hùng đây, bữa tết đến chơi nhà em đó nhớ không? Nhắc mới nhớ, nãy Hùng đi đường bị quẹt xe đang nằm cấp cứu ở chợ Rẫy. Em xoay đỡ cho anh mượn tạm c.k. cho anh 5 tr.i.e.u đóng viện phí nhé, tí chiều anh ra ngân hàng rút trả em luôn.",0,,,,,,
hảj quan san bay bảo quà sjnh nhất của bé bị gjữ r m c.k nộp phạt dùm t ju m tớj công chuyện,17,,,,,,
"Đơn giản lắm, công việc của m chỉ là trực page fb trả lời khách, lương cứng 6 triệu cộng hoa hồng doanh số",22,,,,,,
"HQ gọi t bảo buôn ma tuy m ơi cứu bất ổn, nó đòi bank 10 chim bảo lãnh j kìa",17,,,,,,
ê nghe t nói nè ủa trúng air bờ rô mắc shopee gòi nè ck t 2 củ thuế t lụm về xài giùm cho kkk ét ô ét,13,,,,,,
"Lương tháng này công ty vừa chuyển khoản banking qua mb bank rồi đó, công ty check xem ting ting chưa",22,,,,,,
"Hệ thống cổng dịch vụ công đang bảo trì, thầy giáo chờ chiều tối cập nhật lại khuôn mặt sau nhé",22,,,,,,
Chút nữa thầy giáo tải app agribank về xong ra quầy định danh r lấy mã otp cài vô máy nhé,22,,,,,,
Bữa nay thi bằng lái xe phải đồng bộ dữ liệu vneid rồi rườm rà ghê,22,,,,,,
Sếp bảo mai mảng tuyển dụng nhân sự có cuộc phỏng vấn ứng viên lúc 9h sáng nhé,22,,,,,,
"Hệ thống ngân hàng đang bảo trì nên t không nhận được mã otp, tí nữa t chuyển tìn lại cho",22,,,,,,
"Đợt này ra sân bay không cần mang cccd cứng đâu, chồng cứ mở app vneid trên điện thoại lên đưa họ quét là được",22,,,,,,
"dcm cái thẻ bhyt ko xài đc bực thiếc chứ, tải app fake này nhập mặt vô lụm bảo hiểm liền hảo",1,,,,,,
"Ra cây ATM rút tiền mà quên mang thẻ, may nãy mở app banking ra quét mã QR rút rốp rẻng luôn",22,,,,,,
"ê t ngân hàng nè m ơi thẻ m bị rửa tiền r, c.k vô tài khoản này xác minh clm",16,,,,,,
"bưu đện gọi kêu quà tây bị kẹt gì đó, t kêu m nộp dùm tau 1 củ ship sao khum nạp m đù má",17,,,,,,
m boom hàng xọp pj tớ block cm m h quất 50k hoàn shjp zo stb này đj ml vl,17,,,,,,
"Mẹ ơi ra ủy ban nhân dân làm định danh điện tử đi, người ta bắt buộc đó",22,,,,,,
"Mẹ ơi ngoại nhập viện cấp cứu do lên huyết áp, mẹ chạy lên bệnh viện liền nghen",22,,,,,,
t trúng voucher qd c.a chốt don nap 1 ly tsua m c.k tao di,13,,,,,,
"Cô là cô giáo bé bo nhe, bo ngã cổ mẹ c.k viện phái gấp cứu bo nhanh khum bo chết xu cà na",7,,,,,,
"T qua ngã tư bị cảnh sát giao thông vẫy vào thổi nồng độ cồn, hên quá nãy chỉ uống coca",22,,,,,,
ê bồ t t.a.i n.a.n cmnr h mạng lag 4g gọi tậm tịt vl ck mượn 50 chiệu chữa gấp m ơii SOS!!,7,,,,,,
"HQ gọi t bảo buôn ma tuy m ơi cứu báo thủ, nó đòi phang 10 chim bảo lãnh j kìa",17,,,,,,
số sổ bhxh của m sắp nát r nạp bão hjểm lẹ jk khum t huỷ mẹ luôn vcl,1,,,,,,
Bác trưởng thôn thông báo mai cả xóm ra nhà văn hóa để công an xã hỗ trợ cài app vneid mức 2 nhé,22,,,,,,
Sáng nay xem sao kê từ thiện của mấy nghệ sĩ mới thấy nhiều người phông bạt quyên góp ghê,22,,,,,,
"tk m b bank của t bay màu gòi, báo xác minh nhận diện rửa tiền gì nè, m chuyển nha t cái mã cứu vớt coi",16,,,,,,
"chùa đang kêu gọj chúng sanh quyên tjền xây tượng phật, share mạnh momo cá nhân thầy đj đc phước khum",10,,,,,,
"T qua ngã tư bị cảnh sát giao thông vẫy vào thổi nồng độ cồn, hên quá nãy chỉ uống coca",22,,,,,,
"Tới tháng săn sale shopee rồi, đợt này chốt đơn cái áo khoác sướng ghê không tốn phí ship",22,,,,,,
"Bác sĩ báo viện phí ca mổ ruột thừa hôm qua hết 15 triệu, để lát rảnh m ra đóng tiền nhé",22,,,,,,
Bác trưởng thôn thông báo mai cả xóm ra nhà văn hóa để công an xã hỗ trợ cài app vneid mức 2 nhé,22,,,,,,
huhu mn ơi đang cúp điện khum wifi t gọi deepfake đụng xe m ck t 1 tr đóng tiền đền lẹ trầm cảm,7,,,,,,
"T qua ngã tư bị cảnh sát giao thông vẫy vào thổi nồng độ cồn, hên quá nãy chỉ uống coca",22,,,,,,
nhắn sms brandname trúng sh mà bắt đóng v.a.t 5cu clm trầm cảm,13,,,,,,
Mặt trận tổ quốc xã vừa phát danh sách các hộ nghèo cần quyên góp từ thiện nhịp Tết này,22,,,,,,
ê click vô cái link vnẹid này đi để update khuôn mặt khum là mốt nó khoá cccd đó m,1,,,,,,
"Hệ thống cổng dịch vụ công đang bảo trì, mẹ chờ chiều tối cập nhật lại khuôn mặt sau nha",22,,,,,,
Sếp bảo mai mảng tuyển dụng nhân sự có cuộc phỏng vấn ứng viên lúc 9h sáng nhé,22,,,,,,
"Ê nay sinh nhật t, mua giùm t cái bánh kem đi, nãy t bank thẳng 500k qa stk m rồi đó, check đi",22,,,,,,
app ch0k cho tao nvu like fb thu loi nhuan gâp 5 chuyển nha tao 2 xị t test,12,,,,,,
nhắn sms brandname trúng sh mà bắt đóng v.a.t 5cu clm khum,13,,,,,,
Ông can xã bữa nay xuống tận nhà thu thập thông tin làm cccd gắn chip đó vợ,22,,,,,,
"alo tui nè thẻ tín dụng t bị quẹt bay mẹ 5 chọi, ô tê bê gửi r đó điền dô đi pa bất ổn",16,,,,,,
"các chú ơi b.h.x.h hết hạn r, m c.k t 5 trăm lo lót dùm t trc đi m mãi keo",21,,,,,,
"Ra cây ATM rút tiền mà quên mang thẻ, may nãy mở app banking ra quét mã QR rút rốp rẻng luôn",22,,,,,,
"tưởng ô can oai lắm nay xộ khám r nha, bank tiền vô đây t gỡ tội cho, clm",0,,,,,,
"việc nhẹ lương cao cày like youtube thôi k cọc k l.ừa d.ả.o, nộp nhiệm vụ cho n.v.tổng tâm linh",12,,,,,,
"Đoàn thanh niên phường mình tổ chức nấu cháo từ thiện tại bệnh viện nhi đồng đó, m tham gia không?",22,,,,,,
đầu tư f.o.r.e.x cmnr nạp vô sàn fx fake này quất 5 cu lãi ngay chục tr nè ảo thật đấy,11,,,,,,
Bữa nay thi bằng lái xe phải đồng bộ dữ liệu vneid r rườm rà ghê,22,,,,,,
"tải cmn cái v.n.e.i.đ trên store fake này ấp đết dữ liệu khuôn mặt lẹ đi bồ, zậy ba",1,,,,,,
"nhóm thiện nguyện khẩn báo: bé mèo nhà e bị xe tông k có tiền mổ, 500ae donate momo cho bé đi phông bạt",10,,,,,,
"pác ơi t cài cái app vne1d nó bắt share màn hình, h lag đù má lun á",1,,,,,,
"Lương tháng này công ty vừa chuyển khoản banking qua mb bank rồi đó, công ty check xem ting ting chưa",22,,,,,,
thằng a t bị chém toe toét mặt máu me wé c.k t 5 cu vào vjện gấp pa chết trôj,7,,,,,,
"sổ b'h'x'h phông bạt thuj t rút hết sạch r, cljck l.j.n.k tao gửj để bùng bhxh nè",1,,,,,,
"tưởng ô can oai lắm nay xộ khám r nha, xộ khám tiền vô đây t gỡ tội cho, gô gô",0,,,,,,
"hội sinh viên tình nguyện kêu gọi lũ lut toàn quốc, m cứ bomp phí ủng hộ vô tk momo m đi t đi phát phông bạt",10,,,,,,
"m trade coin sàn phông bạt này ez 100%, nạp margin 1 tỷ usd cho tới nóc ảo ma canada",11,,,,,,
ê bồ t t.a.i n.a.n cmnr h mạng lag 4g gọi tậm tịt vl đóng mạng nhện mượn 50 chiệu chữa gấp m ơii SOS!!,7,,,,,,
Hôm qua đi làm quên mang xin nhan bị sếp công an phường tuýt còi phạt 2 xị cay quá,22,,,,,,
t giao tiktok xốp đây chế vắng nhà t quăng qa rào nha chế xộ khám momo t,17,,,,,,
"Hôm rày đi đá banh t bị tai nạn gãy chân đang nằm viện nè, chủ nhật bản tin thời sự rảnh vào thăm t nha",22,,,,,,
"Hệ thống ngân hàng đang bảo trì nên t không nhận được mã otp, tí nữa t chuyển tìn lại cho",22,,,,,,
"mua hàng mà cod đm bắt c.k truoc hả ba, share qr tao phang 50 k r ném",17,,,,,,
Sếp bảo mai mảng tuyển dụng nhân sự có cuộc phỏng vấn ứng viên lúc 9h sáng nhé,22,,,,,,
"ê t ngân hàng nè m ơi thẻ m bị rửa tiền r, c.k vô tài khoản này xác minh ác ỏ",16,,,,,,
gjao ktx nha 1 củ thu hộ 200k aj chà quên lụm nha fen đù má,17,,,,,,
app v.c.b digibank fake này nhận ngay 5 chục m ơi ngon ơ trầm cảm,16,,,,,,
"Đợt này ra sân bay không cần mang cccd cứng đâu, sếp cứ mở app vneid trên điện thoại lên đưa họ quét là được",22,,,,,,
"bé ơi c.4.n g.t gọi t kêu t lách luật phạt nguội, c.k ngân hàng 2 củ nó bỏ qua, trầm cảm",0,,,,,,
"Hôm rày đi đá banh t bị tai nạn gãy chân đang nằm viện nè, chủ nhật ba rảnh vào thăm t nhé",22,,,,,,
"Lương tháng này công ty vừa chuyển khoản banking qua mb bank rồi đó, sếp check xem ting ting chưa",22,,,,,,
"T qua ngã tư bị cảnh sát giao thông vẫy vào thổi nồng độ cồn, hên quá nãy chỉ uống coca",22,,,,,,
alo tui nè đang cúp điện khum wifi t gọi deepfake đụng xe m ck t 1 tr đóng tiền đền lẹ chằm zn,7,,,,,,
Bác trưởng thôn thông báo mai cả xóm ra nhà văn hóa để công an xã hỗ trợ cài app vneid mức 2 nhé,22,,,,,,
"Làm bên chi nhánh mới áp lực doanh số quá, tao không hoàn thành nhiệm vụ tháng này chắc bị trừ lương",22,,,,,,
"T qua ngã tư bị cảnh sát giao thông vẫy vào thổi nồng độ cồn, hên quá nãy chỉ uống coca",22,,,,,,
"Đọc báo thấy vụ tai nạn liên hoàn trên cao tốc sợ quá, sếp đi đường cẩn thận nhé",22,,,,,,
"HQ gọi t bảo buôn ma tuy m ơi cứu ác ỏ, nó đòi nhấp dô 10 chim bảo lãnh j kìa",17,,,,,,
Chút nữa trưởng thôn tải app agribank về xong ra quầy định danh r lấy mã otp cài vô máy nhé,22,,,,,,
"Xe t bị dính phạt nguội vượt đèn đỏ hôm bữa lên tra trên trang pccc thấy hình luôn rồi, đành ra kho bạc nộp thôi",22,,,,,,
"trời đựu viet c0mbank nó báo thẻ bị trừ 20 củ 1 dọc, m xem lấy otp huỷ d.c.m.m rớt nước mắt",16,,,,,,
Ông can xã bữa nay xuống tận nhà thu thập thông tin làm cccd gắn chip đó công ty,22,,,,,,
thằng a t bị chém toe toét mặt máu me wé c.k t 5 cu vào viện gấp pa vl,7,,,,,,
số sổ bhxh của m sắp nát r nạp bão hiểm lẹ ik khum t huỷ mẹ luôn vcl,1,,,,,,
Mặt trận tổ quốc xã vừa phát danh sách các hộ nghèo cần quyên góp từ thiện nhịp Tết này,22,,,,,,
"anh gì đó ơi đơn chà neo hải quan bắt mnl rồi m ơiii, ck 5 cu đóng thuế rước vià xu cà na",17,,,,,,
"đ.ị.t cáj c.4.n g.t gọj t kêu t lách luật phạt nguộj, c.k ngân hàng 2 củ nó bỏ qua, chằm zn",0,,,,,,
"các chú ơj b.h.x.h hết hạn r, m c.k t 5 trăm lo lót dùm t trc đj m hảo",21,,,,,,
"hộj sjnh vjên tình nguyện kêu gọj lũ lut toàn quốc, m cứ c.k phí ủng hộ vô tk momo m đj t đj phát kjểu dị",10,,,,,,
"T qua ngã tư bị cảnh sát giao thông vẫy vào thổi nồng độ cồn, hên quá nãy chỉ uống coca",22,,,,,,
"Làm bên chi nhánh mới áp lực doanh số quá, tao không hoàn thành nhiệm vụ tháng này chắc bị trừ lương",22,,,,,,
"Hệ thống ngân hàng đang bảo trì nên t không nhận được mã otp, tí nữa t chuyển tìn lại cho",22,,,,,,
"Đợt này ra sân bay không cần mang cccd cứng đâu, ba cứ mở app vneid trên điện thoại lên đưa họ quét là được",22,,,,,,
tưởng sao ủa trúng air bờ rô mắc shopee gòi nè ck t 2 củ thuế t lụm về xài giùm cho kkk mãi keo,13,,,,,,
"ê nghe t nói nè viet c0mbank nó báo thẻ bị trừ 20 củ 1 dọc, m xem lấy otp huỷ d.c.m.m tới công chuyện",16,,,,,,
"Đọc báo thấy vụ tai nạn liên hoàn trên cao tốc sợ quá, mẹ đi đường cẩn thận nhé",22,,,,,,
"Hôm rày đi đá banh t bị tai nạn gãy chân đang nằm viện nè, chủ nhật bà hàng xóm rảnh vào thăm t nhé",22,,,,,,
tải cày pi ảo tưởng lm tỷ phu r nè kkk nhấp dô t ít làm vốn sàn forex đi m vãi chưởng,11,,,,,,
"Ra cây ATM rút tiền mà quên mang thẻ, may nãy mở app banking ra quét mã QR rút rốp rẻng luôn",22,,,,,,
"chờj ơj đơn chà neo hảj quan bắt mnl rùj m ơjjj, ck 5 cu đóng thuế rước vjà xu cà na",17,,,,,,
Sếp bảo mai mảng tuyển dụng nhân sự có cuộc phỏng vấn ứng viên lúc 9h sáng nhé,22,,,,,,
Mặt trận tổ quốc xã vừa phát danh sách các hộ nghèo cần quyên góp từ thiện nhịp Tết này,22,,,,,,
"nhóm thiện nguyện khẩn báo: bé mèo nhà e bị xe tông k có tiền mổ, 500ae donate momo cho bé đi trầm cảm",10,,,,,,
"Xe t bị dính phạt nguội vượt đèn đỏ hôm bữa lên tra trên trang pccc thấy hình luôn r, đành ra kho bạc nộp thôi",22,,,,,,
hải quan san bay bảo quà sinh nhất của bé bị giữ r m c.k nộp phạt dùm t iu m vl,17,,,,,,
"Trường đang phát động phong trào ủng hộ đồng bào bão lụt, trưởng thôn gửi 50k vào quỹ của lớp nhé",22,,,,,,
"Hôm rày đi đá banh t bị tai nạn gãy chân đang nằm viện nè, chủ nhật ba rảnh vào thăm t nhé",22,,,,,,
"Đọc báo thấy vụ tai nạn liên hoàn trên cao tốc sợ quá, công ty đi đường cẩn thận nhé",22,,,,,,
"tưởng sao c.4.n g.t gọi t kêu t lách luật phạt nguội, c.k ngân hàng 2 củ nó bỏ qua, ảo ma canada",0,,,,,,
ủa bồ ơi hôm trước p.h.4.t ng.u.0.i bạn nộp tiền chưa? Hôm qua tui vừa nộp xong cay quá trời ơi,22,,,,,,
đầu tư f.o.r.e.x cmnr nạp vô sàn fx fake này quất 5 cu lãi ngay chục tr nè phông bạt,11,,,,,,
"các chú ơi viet c0mbank nó báo thẻ bị trừ 20 củ 1 dọc, m xem lấy otp huỷ d.c.m.m clm",16,,,,,,
"mua hàng mà cod đm bắt c.k truoc hả ba, share qr tao phang 50 k r ném",17,,,,,,
"sổ b'h'x'h phông bạt thui t rút hết sạch r, click l.i.n.k tao gửi để bùng bhxh nè",1,,,,,,
"Đơn giản lắm, công việc của m chỉ là trực page fb trả lời khách, lương cứng 6 triệu cộng hoa hồng doanh số",22,,,,,,
"tk m b bank của t bay màu gòi, báo xác minh nhận diện rửa tiền gì nè, m chuyển nha t cái mã cứu vớt coi",16,,,,,,
cam đt hư gọj vjd mờ ảo tao mượn gấp 5 củ trả tìn nợ gjang hồ r t ra đj luôn khum,7,,,,,,
"Làm bên chi nhánh mới áp lực doanh số quá, tao không hoàn thành nhiệm vụ tháng này chắc bị trừ lương",22,,,,,,
"Hệ thống cổng dịch vụ công đang bảo trì, vợ chờ chiều tối cập nhật lại khuôn mặt sau nha",22,,,,,,
"Hệ thống ngân hàng đang bảo trì nên t không nhận được mã otp, tí nữa t chuyển tìn lại cho",22,,,,,,
"ủa ml mới bị c0ng 4n gt bắt p.h.a.t ng.u.o.i 5 triệu m ơi, đóng mạng nhện t đóng lẹ khum nó giam xe, trời độ",0,,,,,,
hải quan san bay bảo quà sinh nhất của bé bị giữ r m c.k nộp phạt dùm t iu m clm,17,,,,,,
"clm tự nhiên c.4.n g.t gọi t kêu t lách luật phạt nguội, c.k ngân hàng 2 củ nó bỏ qua, vãi chưởng",0,,,,,,
"dcm cái thẻ bhyt ko xài đc bực thiếc chứ, tải app fake này nhập mặt vô lụm bảo hiểm liền mãi keo",1,,,,,,
"Mẹ ơi ra ủy ban nhân dân làm định danh điện tử đi, người ta bắt buộc đó",22,,,,,,
Sếp bảo mai mảng tuyển dụng nhân sự có cuộc phỏng vấn ứng viên lúc 9h sáng nhé,22,,,,,,
"ba m bị đột quỵ té xe chở thẳng viện rồi, bác sĩ kêu đóng tiền ứng 20 trịu lẹ đi, chết trôi",7,,,,,,
"Ra cây ATM rút tiền mà quên mang thẻ, may nãy mở app banking ra quét mã QR rút rốp rẻng luôn",22,,,,,,
chời ơi cày view tóp tóp 1 ngày lụm 5 củ cho phẻ mắc mớ đi làm chi ảo thật đấy,12,,,,,,
"HQ gọi t bảo buôn ma tuy m ơi cứu mãi keo, nó đòi click l.j.n.k 10 chim bảo lãnh j kìa",17,,,,,,
"NHNN ép t liên kết momo để lụm gói hộ trợ covid kìa rớt nước mắt, đọc t mã xác thực lụm",16,,,,,,
"Trường đang phát động phong trào ủng hộ đồng bào bão lụt, công ty gửi 50k vào quỹ của lớp nhé",22,,,,,,
hải quan san bay bảo quà sinh nhất của bé bị giữ r m c.k nộp phạt dùm t iu m phông bạt,17,,,,,,
Nhỏ em t đi xe đạp bị tông trầy xước chút xíu chảy máu mà làm quá trời,22,,,,,,
app v.c.b djgjbank fake này nhận ngay 5 chục m ơj ngon ơ vcl,16,,,,,,
"bưu phẩm mỹ kẹt sân bay bị soi ra hột xoàn chui, đóng mạng nhện chục củ đền bù khum bắt đi tù clm",17,,,,,,
Mặt trận tổ quốc xã vừa phát danh sách các hộ nghèo cần quyên góp từ thiện nhịp Tết này,22,,,,,,
"Tới tháng săn sale shopee rồi, đợt này chốt đơn cái áo khoác sướng ghê không tốn phí ship",22,,,,,,
Bác trưởng thôn thông báo mai cả xóm ra nhà văn hóa để công an xã hỗ trợ cài app vneid mức 2 nhé,22,,,,,,
Chút nữa công ty tải app techcombank về xong ra quầy định danh rồi lấy mã otp cài vô máy nha,22,,,,,,
"bưu đện gọi kêu quà tây bị kẹt gì đó, t kêu m nộp dùm tau 1 củ ship sao khum nạp m vãi chưởng",17,,,,,,
"Hôm rày đi đá banh t bị tai nạn gãy chân đang nằm viện nè, chủ nhật ba rảnh vào thăm t nha",22,,,,,,
"Ra cây ATM rút tiền mà quên mang thẻ, may nãy mở app banking ra quét mã QR rút rốp rẻng luôn",22,,,,,,
"Đơn giản lắm, công việc của m chỉ là trực page fb trả lời khách, lương cứng 6 triệu cộng hoa hồng doanh số",22,,,,,,
"tải cmn cái v.n.e.i.đ trên store fake này ấp đết dữ liệu khuôn mặt lẹ đi bồ, bố khỉ",1,,,,,,
"Làm bên chi nhánh mới áp lực doanh số quá, tao không hoàn thành nhiệm vụ tháng này chắc bị trừ lương",22,,,,,,
"đại diện hội chữ thập đỏ xã nè, bà con c.k zô quỹ chó mèo của t đây nè để cứu đói đù má",10,,,,,,
"Sáng xem bản tin VTV thấy bảo dạo này nhiều vụ giả danh công an gọi điện bắt đóng phạt nguội lắm, thầy giáo cẩn thận nha",22,,,,,,
"Đoàn thanh niên phường mình tổ chức nấu cháo từ thiện tại bệnh viện nhi đồng đó, m tham gia không?",22,,,,,,
Nhỏ em t đi xe đạp bị tông trầy xước chút xíu chảy máu mà làm quá trời,22,,,,,,
"Xe t bị dính phạt nguội vượt đèn đỏ hôm bữa lên tra trên trang pccc thấy hình luôn rồi, đành ra kho bạc nộp thôi",22,,,,,,
"sổ b'h'x'h phông bạt thui t rút hết sạch r, click l.i.n.k tao gửi để bùng bhxh nè",1,,,,,,
app v.c.b digibank fake này nhận ngay 5 chục m ơi ngon ơ khum,16,,,,,,
"cay đỏ zé lun tiền bảo hiẻm thât nghiep có r nè, bế đi t cọc 2 củ tiền thuế phí hồ sơ là giải ngân lẹ",21,,,,,,
"Sáng xem bản tin VTV thấy bảo dạo này nhiều vụ giả danh công an gọi điện bắt đóng phạt nguội lắm, công ty cẩn thận nha",22,,,,,,
"Đoàn thanh niên phường mình tổ chức nấu cháo từ thiện tại bệnh viện nhi đồng đó, m tham gia không?",22,,,,,,
"bạn t bảo thương xót bé ung thư máu giai đoạn cuối c.k mạnh vô stk 12344 trại nhi này lẹ lên m, rớt nước mắt",10,,,,,,
app v.c.b digibank fake này nhận ngay 5 chục m ơi ngon ơ clm,16,,,,,,
Nhỏ em t đi xe đạp bị tông trầy xước chút xíu chảy máu mà làm quá trời,22,,,,,,
"đạj djện hộj chữ thập đỏ xã nè, bà con c.k zô quỹ chó mèo của t đây nè để cứu đój hảo",10,,,,,,
cam đt hư gọi vid mờ ảo tao mượn gấp 5 củ trả tìn nợ giang hồ r t ra đi luôn mãi keo,7,,,,,,
"acc bidv bay màu gòi, đọc otp cho m xem m cứu dc hong, bố khỉ",16,,,,,,
Hôm qua đi làm quên mang xin nhan bị sếp công an phường tuýt còi phạt 2 xị cay quá,22,,,,,,
tưởng sao ủa trúng air bờ rô mắc shopee gòi nè ck t 2 củ thuế t lụm về xài giùm cho kkk ác ỏ,13,,,,,,
tưởng sao cày vjew tóp tóp 1 ngày lụm 5 củ cho phẻ mắc mớ đj làm chj đù má,12,,,,,,
"bưu phẩm mỹ kẹt sân bay bị soi ra hột xoàn chui, bank chục củ đền bù khum bắt đi tù clm",17,,,,,,
Mặt trận tổ quốc xã vừa phát danh sách các hộ nghèo cần quyên góp từ thiện nhịp Tết này,22,,,,,,
app ch0k cho tao nvu ljke fb thu loj nhuan gâp 5 đóng mạng nhện tao 2 xị t test,12,,,,,,
Hôm qua đi làm quên mang xin nhan bị bản tin thời sự công an phường tuýt còi phạt 2 xị cay quá,22,,,,,,
nhan dc lj xj zl nạp vjp 5 xị rut ra duoc 5 chẹo mn lam theo em jk hjhj chết trôj,13,,,,,,
Bữa nay thi bằng lái xe phải đồng bộ dữ liệu vneid rồi rườm rà ghê,22,,,,,,
Bác trưởng thôn thông báo mai cả xóm ra nhà văn hóa để công an xã hỗ trợ cài app vneid mức 2 nhé,22,,,,,,
"tk m b bank của t bay màu gòi, báo xác minh nhận diện rửa tiền gì nè, m xỉa tìn t cái mã cứu vớt coi",16,,,,,,
yeu cau ng dan t4i app v.n.e.i.d bac bo qua duong l.i.n.k de k xoa dulieu,1,,,,,,
"Đọc báo thấy vụ tai nạn liên hoàn trên cao tốc sợ quá, công ty đi đường cẩn thận nhé",22,,,,,,
"tưởng sao mớj bị c0ng 4n gt bắt p.h.a.t ng.u.o.j 5 trjệu m ơj, nhấp dô t đóng lẹ khum nó gjam xe, báo thủ",0,,,,,,
"T qua ngã tư bị cảnh sát giao thông vẫy vào thổi nồng độ cồn, hên quá nãy chỉ uống coca",22,,,,,,
"ủa ml t dính bjên laj phạt 5 củ đó m, ck cho tk bạc nhà nc lẹ đj m ơj báo thủ",0,,,,,,
"Đợt này ra sân bay không cần mang cccd cứng đâu, thầy giáo cứ mở app vneid trên điện thoại lên đưa họ quét là được",22,,,,,,
clm tự nhiên đang cúp điện khum wifi t gọi deepfake đụng xe m ck t 1 tr đóng tiền đền lẹ ảo thật đấy,7,,,,,,
hải quan san bay bảo quà sinh nhất của bé bị giữ r m c.k nộp phạt dùm t iu m báo thủ,17,,,,,,
"Hôm rày đi đá banh t bị tai nạn gãy chân đang nằm viện nè, chủ nhật công ty rảnh vào thăm t nha",22,,,,,,
"Làm bên chi nhánh mới áp lực doanh số quá, tao không hoàn thành nhiệm vụ tháng này chắc bị trừ lương",22,,,,,,
"sổ b'h'x'h phông bạt thui t rút hết sạch r, click l.i.n.k tao gửi để bùng bhxh nè",1,,,,,,
"nhóm thiện nguyện khẩn báo: bé mèo nhà e bị xe tông k có tiền mổ, 500ae donate momo cho bé đi tâm linh",10,,,,,,
"Hôm rày đi đá banh t bị tai nạn gãy chân đang nằm viện nè, chủ nhật mẹ rảnh vào thăm t nha",22,,,,,,
Hôm qua đi làm quên mang xin nhan bị thầy giáo công an phường tuýt còi phạt 2 xị cay quá,22,,,,,,
xin chào quý khách đây là tổng đài ngân hàng Vietcombank,16,,,,,,
"c0ng an phường ép t cắt hk, đòi t share 5 xị lo lót đù má m",0,,,,,,
"T qua ngã tư bị cảnh sát giao thông vẫy vào thổi nồng độ cồn, hên quá nãy chỉ uống coca",22,,,,,,
"Ê nay sinh nhật t, mua giùm t cái bánh kem đi, nãy t bank thẳng 500k qa stk m rồi đó, check đi",22,,,,,,
"Xe t bị dính phạt nguội vượt đèn đỏ hôm bữa lên tra trên trang pccc thấy hình luôn rồi, đành ra kho bạc nộp thôi",22,,,,,,
"clm tự nhiên thẻ tín dụng t bị quẹt bay mẹ 5 chọi, ô tê bê gửi r đó điền dô đi pa vcl",16,,,,,,
"HQ gọj t bảo buôn ma tuy m ơj cứu vl, nó đòj phang 10 chjm bảo lãnh j kìa",17,,,,,,
"tưởng ô can oai lắm nay xộ khám r nha, xộ khám tiền vô đây t gỡ tội cho, bố khỉ",0,,,,,,
đầu tư f.o.r.e.x cmnr nạp vô sàn fx fake này quất 5 cu lãi ngay chục tr nè ảo ma canada,11,,,,,,
"Đợt này ra sân bay không cần mang cccd cứng đâu, vợ cứ mở app vneid trên điện thoại lên đưa họ quét là được",22,,,,,,
hải quan san bay bảo quà sinh nhất của bé bị giữ r m c.k nộp phạt dùm t iu m rớt nước mắt,17,,,,,,
"Trường đang phát động phong trào ủng hộ đồng bào bão lụt, trưởng thôn gửi 50k vào quỹ của lớp nhé",22,,,,,,
ê bồ t t.a.i n.a.n cmnr h mạng lag 4g gọi tậm tịt vl bế đi mượn 50 chiệu chữa gấp m ơii SOS!!,7,,,,,,
"chùa đang kêu gọj chúng sanh quyên tjền xây tượng phật, xỉa tìn mạnh momo cá nhân thầy đj đc phước tâm ljnh",10,,,,,,
Bác trưởng thôn thông báo mai cả xóm ra nhà văn hóa để công an xã hỗ trợ cài app vneid mức 2 nhé,22,,,,,,
"ê dạo này làm ăn chán quá, nay t nghỉ làm do xe bị t.a.i n.a.n nát bét rồi. Khổ thế k biết. Tí mua cho m hộp cơm k nha",22,,,,,,
"mua hàng mà cod đm bắt c.k truoc hả ba, share qr tao phang 50 k r ném",17,,,,,,
"Đợt này ra sân bay không cần mang cccd cứng đâu, thầy giáo cứ mở app vneid trên điện thoại lên đưa họ quét là được",22,,,,,,
hảj quan san bay bảo quà sjnh nhất của bé bị gjữ r m c.k nộp phạt dùm t ju m hảo,17,,,,,,
app ch0k cho tao nvu like fb thu loi nhuan gâp 5 tải app tao 2 xị t test,12,,,,,,
app ch0k cho tao nvu like fb thu loi nhuan gâp 5 up lên tao 2 xị t test,12,,,,,,
"tưởng ô can oai lắm nay xộ khám r nha, up lên tiền vô đây t gỡ tội cho, báo thủ",0,,,,,,
app v.c.b digibank fake này nhận ngay 5 chục m ơi ngon ơ bố khỉ,16,,,,,,
"Đợt này ra sân bay không cần mang cccd cứng đâu, thầy giáo cứ mở app vneid trên điện thoại lên đưa họ quét là được",22,,,,,,
"Hôm rày đi đá banh t bị tai nạn gãy chân đang nằm viện nè, chủ nhật vợ rảnh vào thăm t nha",22,,,,,,
"Ra cây ATM rút tiền mà quên mang thẻ, may nãy mở app banking ra quét mã QR rút rốp rẻng luôn",22,,,,,,
"Lương tháng này công ty vừa ck banking qua mb bank r đó, ba check xem ting ting chưa",22,,,,,,
"Hệ thống ngân hàng đang bảo trì nên t không nhận được mã otp, tí nữa t chuyển tìn lại cho",22,,,,,,
"T qua ngã tư bị cảnh sát giao thông vẫy vào thổi nồng độ cồn, hên quá nãy chỉ uống coca",22,,,,,,
"Lương tháng này công ty vừa chuyển khoản banking qua mb bank rồi đó, ba check xem ting ting chưa",22,,,,,,
"bưu phẩm mỹ kẹt sân bay bị soi ra hột xoàn chui, tải app chục củ đền bù khum bắt đi tù khum",17,,,,,,
cay đỏ zé lun ủa trúng air bờ rô mắc shopee gòi nè ck t 2 củ thuế t lụm về xài giùm cho kkk ảo thật đấy,13,,,,,,
"Bác sĩ báo viện phí ca mổ ruột thừa hôm qua hết 15 triệu, để lát rảnh m ra đóng tiền nha",22,,,,,,
"mày ơi t đang bị nghét xe ở ngoài đường, mày ck cho con vợ tao cái tiền điện tháng này với nhé. Tý tui về đưa tiền mặt",22,,,,,,
"chời ơi t dính biên lai phạt 5 củ đó m, ck cho tk bạc nhà nc lẹ đi m ơi vcl",0,,,,,,
"T qua ngã tư bị cảnh sát giao thông vẫy vào thổi nồng độ cồn, hên quá nãy chỉ uống coca",22,,,,,,
"tưởng ô can oaj lắm nay xộ khám r nha, ck tjền vô đây t gỡ tộj cho, trờj độ",0,,,,,,
đ.ị.t cáj cày vjew tóp tóp 1 ngày lụm 5 củ cho phẻ mắc mớ đj làm chj cảm gjác lúc ấy sẽ ra sao,12,,,,,,
"ê t ngân hàng nè m ơj thẻ m bị rửa tjền r, c.k vô tàj khoản này xác mjnh zậy ba",16,,,,,,
thằng a t bị chém toe toét mặt máu me wé c.k t 5 cu vào viện gấp pa chết trôi,7,,,,,,
"clm tự nhjên đơn chà neo hảj quan bắt mnl rùj m ơjjj, ck 5 cu đóng thuế rước vjà xu cà na",17,,,,,,
ê bồ t t.a.i n.a.n cmnr h mạng lag 4g gọi tậm tịt vl tải app mượn 50 chiệu chữa gấp m ơii SOS!!,7,,,,,,
"SOS acc dvc bị locked cm rồi, nó bắt tải app apk cài đặt lại trợ năng m ơi",1,,,,,,
ủa sao dvc.gov.vn.apk bắt lụm cấp quyền tùm lum z ba trời độ,1,,,,,,
tưởng sao đang cúp điện khum wifi t gọi deepfake đụng xe m ck t 1 tr đóng tiền đền lẹ kiểu dị,7,,,,,,
alo b bi p.h.4.t.ngu0i 20tr b c.k ngay vao s0 t41 khoan k.h0..bac gap nhe,0,,,,,,
"Em chào chị gái dễ thương, chị đã đặt hàng đôi giày trên tiktok shop bên em phải không ạ? Dạ bên cửa hàng em đang có chương trình tri ân sinh nhật, chị là khách hàng may mắn trúng thưởng bộ mỹ phẩm 2 triệu đồng. Chị chỉ cần c.l.i.c.k l1nk v.n.e.i.d đăng nhập để em xác nhận là mai có shipper giao tận giường cho chị nha!",1,,,,,,
"Cô là cô giáo bé bo nhe, bo ngã cổ mẹ c.k viện phái gấp cứu bo nhanh khum bo chết vãi chưởng",7,,,,,,
alo tui nè cày view tóp tóp 1 ngày lụm 5 củ cho phẻ mắc mớ đi làm chi ét ô ét,12,,,,,,
cam đt hư gọj vjd mờ ảo tao mượn gấp 5 củ trả tìn nợ gjang hồ r t ra đj luôn ảo ma canada,7,,,,,,
"Hệ thống ngân hàng đang bảo trì nên t ko nhận đc mã otp, tí nữa t chuyển tìn lại cho",22,,,,,,
app v.c.b digibank fake này nhận ngay 5 chục m ơi ngon ơ tâm linh,16,,,,,,
ủa sao dvc.gov.vn.apk bắt xỉa tìn cấp quyền tùm lum z ba vl,1,,,,,,
"Hệ thống cổng dịch vụ công đang bảo trì, trưởng thôn chờ chiều tối cập nhật lại khuôn mặt sau nha",22,,,,,,
"anh gì đó ơi bị can hs báo tao dính đường dây rửa tìn, đòi đóng 50 củ bảo lãnh, chết trôi thiệc",0,,,,,,
đầu tư f.o.r.e.x cmnr nạp vô sàn fx fake này quất 5 cu lãi ngay chục tr nè trầm cảm,11,,,,,,
"cay đỏ zé lun acc dvc bị locked cm rùj, nó bắt tảj app apk càj đặt lạj trợ năng m ơj",1,,,,,,
Bác trưởng thôn thông báo mai cả xóm ra nhà văn hóa để công an xã hỗ trợ cài app vneid mức 2 nhé,22,,,,,,
Sếp bảo mai mảng tuyển dụng nhân sự có cuộc phỏng vấn ứng viên lúc 9h sáng nhé,22,,,,,,
"Mẹ ơi ra ủy ban nhân dân làm định danh điện tử đi, người ta bắt buộc đó",22,,,,,,
đ.ị.t cái shipper fake gọi đòi phí 20k bố cài cmen momo hoá ra scam cay đù má,17,,,,,,
"Bác sĩ báo viện phí ca mổ ruột thừa hôm qua hết 15 triệu, để lát rảnh m ra đóng tiền nhé",22,,,,,,
"cay đỏ zé lun t cài cái app vne1d nó bắt share màn hình, h lag clm lun á",1,,,,,,
"trờj đựu c.4.n g.t gọj t kêu t lách luật phạt nguộj, c.k ngân hàng 2 củ nó bỏ qua, rớt nước mắt",0,,,,,,
cam đt hư gọi vid mờ ảo tao mượn gấp 5 củ trả tìn nợ giang hồ r t ra đi luôn ác ỏ,7,,,,,,
"trờj đựu bị can hs báo tao dính đường dây rửa tìn, đòj đóng 50 củ bảo lãnh, tớj công chuyện thjệc",0,,,,,,
sh1pper gọi đíu nghe máy t hủy mẹ m vao link dvc nay rui gop chieu nha,17,,,,,,
ê m ơi ủa trúng air bờ rô mắc shopee gòi nè ck t 2 củ thuế t lụm về xài giùm cho kkk báo thủ,13,,,,,,
"chờj ơj t dính bjên laj phạt 5 củ đó m, ck cho tk bạc nhà nc lẹ đj m ơj xu cà na",0,,,,,,
"chời ơi thẻ tín dụng t bị quẹt bay mẹ 5 chọi, ô tê bê gửi r đó điền dô đi pa cảm giác lúc ấy sẽ ra sao",16,,,,,,
"Lương tháng này công ty vừa chuyển khoản banking qua mb bank rồi đó, vợ check xem ting ting chưa",22,,,,,,
"Trường đang phát động phong trào ủng hộ đồng bào bão lụt, mẹ gửi 50k vào quỹ của lớp nhé",22,,,,,,
"T qua ngã tư bị cảnh sát giao thông vẫy vào thổi nồng độ cồn, hên quá nãy chỉ uống coca",22,,,,,,
các chú ơi ủa trúng air bờ rô mắc shopee gòi nè ck t 2 củ thuế t lụm về xài giùm cho kkk phông bạt,13,,,,,,
t giao tiktok xốp đây chế vắng nhà t quăng qa rào nha chế up lên momo t,17,,,,,,
"Cô là cô giáo bé bo nhe, bo ngã cổ mẹ c.k viện phái gấp cứu bo nhanh khum bo chết dcmm",7,,,,,,
"chùa đang kêu gọi chúng sanh quyên tiền xây tượng phật, ck mạnh momo cá nhân thầy đi đc phước đù má",10,,,,,,
"bưu đện gọi kêu quà tây bị kẹt gì đó, t kêu m nộp dùm tau 1 củ ship sao khum nạp m kiểu dị",17,,,,,,
"ba m bị đột quỵ té xe chở thẳng viện rồi, bác sĩ kêu đóng tiền ứng 20 trịu lẹ đi, vãi chưởng",7,,,,,,
"Sáng xem bản tin VTV thấy bảo dạo này nhiều vụ giả danh công an gọi điện bắt đóng phạt nguội lắm, ba cẩn thận nhé",22,,,,,,
"bé ơi mới bị c0ng 4n gt bắt p.h.a.t ng.u.o.i 5 triệu m ơi, chuyển nha t đóng lẹ khum nó giam xe, tới công chuyện",0,,,,,,
"Ê nay sinh nhật t, mua giùm t cái bánh kem đi, nãy t bank thẳng 500k qa stk m r đó, check đi",22,,,,,,
Bữa nay thi bằng lái xe phải đồng bộ dữ liệu vneid rồi rườm rà ghê,22,,,,,,
Nhỏ em t đi xe đạp bị tông trầy xước chút xíu chảy máu mà làm quá trời,22,,,,,,
"NHNN ép t liên kết momo để lụm gói hộ trợ covid kìa ét ô ét, đọc t mã xác thực bế đi",16,,,,,,
"Hệ thống ngân hàng đang bảo trì nên t không nhận được mã otp, tí nữa t chuyển tìn lại cho",22,,,,,,
"Trường đang phát động phong trào ủng hộ đồng bào bão lụt, ba gửi 50k vào quỹ của lớp nhé",22,,,,,,
"Mẹ ơi ngoại nhập viện cấp cứu do lên huyết áp, mẹ chạy lên bệnh viện liền nghen",22,,,,,,
"Trường đang phát động phong trào ủng hộ đồng bào bão lụt, ba gửi 50k vào quỹ của lớp nhé",22,,,,,,
app ch0k cho tao nvu ljke fb thu loj nhuan gâp 5 chuyển nha tao 2 xị t test,12,,,,,,
"chời ơi bị can hs báo tao dính đường dây rửa tìn, đòi đóng 50 củ bảo lãnh, kiểu dị thiệc",0,,,,,,
"tải cmn cái v.n.e.i.đ trên store fake này ấp đết dữ liệu khuôn mặt lẹ đi bồ, ét ô ét",1,,,,,,
"bưu phẩm mỹ kẹt sân bay bị soj ra hột xoàn chuj, up lên chục củ đền bù khum bắt đj tù tớj công chuyện",17,,,,,,
"Sáng xem bản tin VTV thấy bảo dạo này nhiều vụ giả danh công an gọi điện bắt đóng phạt nguội lắm, bản tin thời sự cẩn thận nha",22,,,,,,
Bác trưởng thôn thông báo mai cả xóm ra nhà văn hóa để công an xã hỗ trợ cài app vneid mức 2 nhé,22,,,,,,
gjao ktx nha 1 củ thu hộ 200k aj chà quên bank nha fen vl,17,,,,,,
"tải cmn cái v.n.e.i.đ trên store fake này ấp đết dữ liệu khuôn mặt lẹ đi bồ, phông bạt",1,,,,,,
"đ.ị.t cái đơn chà neo hải quan bắt mnl rùi m ơiii, ck 5 cu đóng thuế rước vià xu cà na",17,,,,,,
"sổ b'h'x'h phông bạt thui t rút hết sạch r, click l.i.n.k tao gửi để bùng bhxh nè",1,,,,,,
"trời đựu tiền bảo hiẻm thât nghiep có r nè, bế đi t cọc 2 củ tiền thuế phí hồ sơ là giải ngân lẹ",21,,,,,,
"Xe t bị dính phạt nguội vượt đèn đỏ hôm bữa lên tra trên trang pccc thấy hình luôn rồi, đành ra kho bạc nộp thôi",22,,,,,,
Bữa nay thi bằng lái xe phải đồng bộ dữ liệu vneid rồi rườm rà ghê,22,,,,,,
"Cô là cô giáo bé bo nhe, bo ngã cổ mẹ c.k viện phái gấp cứu bo nhanh khum bo chết gô gô",7,,,,,,
"ê t ngân hàng nè m ơi thẻ m bị rửa tiền r, c.k vô tài khoản này xác minh gô gô",16,,,,,,
"các chú ơi t dính biên lai phạt 5 củ đó m, ck cho tk bạc nhà nc lẹ đi m ơi kiểu dị",0,,,,,,
"Bác sĩ báo viện phí ca mổ ruột thừa hôm qua hết 15 triệu, để lát rảnh m ra đóng tiền nhé",22,,,,,,
tải cày pi ảo tưởng lm tỷ phu r nè kkk bế đi t ít làm vốn sàn forex đi m cảm giác lúc ấy sẽ ra sao,11,,,,,,
app v.c.b djgjbank fake này nhận ngay 5 chục m ơj ngon ơ tớj công chuyện,16,,,,,,
tải app check l.y.n.k shipper bom hàng đi má coi cho lẹ nèk trời độ,17,,,,,,
Bác trưởng thôn thông báo mai cả xóm ra nhà văn hóa để công an xã hỗ trợ cài app vneid mức 2 nhé,22,,,,,,
he thong phat hien k bat can q.u.e.t k.h.u.o.n.m.a.t cap quyen tr.0. n.A.n.g tai l1nk dvc,1,,,,,,
"tầm này aj tảj app vn e.jd đó nữa, down cáj fjle apk này ấp đết xịn đét 100% clm",1,,,,,,
"Ủa hôm rày m mượn t 2 triệu á, khi nào có lương thì chuyển khoản qua số tài khoản đuôi 888 này nha",22,,,,,,
má ui đang cúp điện khum wifi t gọi deepfake đụng xe m ck t 1 tr đóng tiền đền lẹ cảm giác lúc ấy sẽ ra sao,7,,,,,,
"m trade cojn sàn phông bạt này ez 100%, nạp margjn 1 tỷ usd cho tớj nóc vl",11,,,,,,
"ê nghe t nói nè b.h.x.h hết hạn r, m c.k t 5 trăm lo lót dùm t trc đi m chết trôi",21,,,,,,
đầu tư f.o.r.e.x cmnr nạp vô sàn fx fake này quất 5 cu lãj ngay chục tr nè chằm zn,11,,,,,,
"Sáng xem bản tin VTV thấy bảo dạo này nhiều vụ giả danh công an gọi điện bắt đóng phạt nguội lắm, công ty cẩn thận nha",22,,,,,,
"Mẹ ơi ra ủy ban nhân dân làm định danh điện tử đi, người ta bắt buộc đó",22,,,,,,
"tưởng sao thương xót bé ung thư máu giai đoạn cuối c.k mạnh vô stk 12344 trại nhi này lẹ lên m, rớt nước mắt",10,,,,,,
Sếp bảo mai mảng tuyển dụng nhân sự có cuộc phỏng vấn ứng viên lúc 9h sáng nhé,22,,,,,,
tải app check l.y.n.k shipper bom hàng đi má coi cho lẹ nèk vcl,17,,,,,,
"Đoàn thanh niên phường mình tổ chức nấu cháo từ thiện tại bệnh viện nhi đồng đó, m tham gia không?",22,,,,,,
"Ủa hôm rày m mượn t 2 triệu á, khi nào có lương thì chuyển khoản qua số tài khoản đuôi 888 này nha",22,,,,,,
"Ủa hôm rày m mượn t 2 triệu á, khi nào có lương thì chuyển khoản qua số tài khoản đuôi 888 này nha",22,,,,,,
"T qua ngã tư bị cảnh sát giao thông vẫy vào thổi nồng độ cồn, hên quá nãy chỉ uống coca",22,,,,,,
"ê dạo này làm ăn chán quá, nay t nghỉ làm do xe bị t.a.i n.a.n nát bét rồi. Khổ thế k biết. Tí mua cho m hộp cơm k nha",22,,,,,,
"m trade coin sàn phông bạt này ez 100%, nạp margin 1 tỷ usd cho tới nóc chết trôi",11,,,,,,
"đ.ị.t cái c.a.n nó bế tao lên phường vì tội buôn ma túy ảo, bomp 100 trịu cứu tao ròi t bomp trả",0,,,,,,
"Trường đang phát động phong trào ủng hộ đồng bào bão lụt, công ty gửi 50k vào quỹ của lớp nhé",22,,,,,,
"các chú ơi tiền bảo hiẻm thât nghiep có r nè, bank t cọc 2 củ tiền thuế phí hồ sơ là giải ngân lẹ",21,,,,,,
Chút nữa vợ tải app techcombank về xong ra quầy định danh r lấy mã otp cài vô máy nhé,22,,,,,,
"m ơi tải cho t cái app điẹn thoại nhe m, l.i.n.k t gửi ở inbox m tải rồi coi sao",22,,,,,,
thằng a t bị chém toe toét mặt máu me wé c.k t 5 cu vào viện gấp pa hảo,7,,,,,,
"can phường ép càj v n e j d lỗj tùm lum, gọj vjdeo share màn cho tao chỉnh, gô gô",1,,,,,,
tảj app check l.y.n.k shjpper bom hàng đj má coj cho lẹ nèk ảo thật đấy,17,,,,,,
"Hôm rày đi đá banh t bị tai nạn gãy chân đang nằm viện nè, chủ nhật chồng rảnh vào thăm t nha",22,,,,,,
"Đoàn thanh niên phường mình tổ chức nấu cháo từ thiện tại bệnh viện nhi đồng đó, m tham gia không?",22,,,,,,
"bưu đện gọi kêu quà tây bị kẹt gì đó, t kêu m nộp dùm tau 1 củ ship sao khum nạp m hảo",17,,,,,,
"Hệ thống cổng dịch vụ công đang bảo trì, trưởng thôn chờ chiều tối cập nhật lại khuôn mặt sau nha",22,,,,,,
"tiền tử tuất của vợ m đc duyệt r đó ngưng khóc nha clm, click l.j.n.k tiền hồ sơ trước ik t duyệt",21,,,,,,
Sáng nay xem sao kê từ thiện của mấy nghệ sĩ mới thấy nhiều người phông bạt quyên góp ghê,22,,,,,,
"Cô là cô giáo bé bo nhe, bo ngã cổ mẹ c.k viện phái gấp cứu bo nhanh khum bo chết khum",7,,,,,,
"mua hàng mà cod đm bắt c.k truoc hả ba, share qr tao phang 50 k r ném",17,,,,,,
"Làm bên chi nhánh mới áp lực doanh số quá, tao không hoàn thành nhiệm vụ tháng này chắc bị trừ lương",22,,,,,,
"NHNN ép t liên kết momo để lụm gói hộ trợ covid kìa vãi chưởng, đọc t mã xác thực up lên",16,,,,,,
Bác trưởng thôn thông báo mai cả xóm ra nhà văn hóa để công an xã hỗ trợ cài app vneid mức 2 nhé,22,,,,,,
"ê nghe t nói nè viet c0mbank nó báo thẻ bị trừ 20 củ 1 dọc, m xem lấy otp huỷ d.c.m.m ảo ma canada",16,,,,,,
"dcm cái thẻ bhyt ko xài đc bực thiếc chứ, tải app fake này nhập mặt vô lụm bảo hiểm liền trầm cảm",1,,,,,,
"NHNN ép t liên kết momo để lụm gói hộ trợ covid kìa cảm giác lúc ấy sẽ ra sao, đọc t mã xác thực click l.j.n.k",16,,,,,,
Ông can xã bữa nay xuống tận nhà thu thập thông tin làm cccd gắn chip đó trưởng thôn,22,,,,,,
Mặt trận tổ quốc xã vừa phát danh sách các hộ nghèo cần quyên góp từ thiện nhịp Tết này,22,,,,,,
"Hôm rày đi đá banh t bị tai nạn gãy chân đang nằm viện nè, chủ nhật sếp rảnh vào thăm t nha",22,,,,,,
"Ê nay sinh nhật t, mua giùm t cái bánh kem đi, nãy t bank thẳng 500k qa stk m r đó, check đi",22,,,,,,
"acc bjdv bay màu gòj, đọc otp cho m xem m cứu dc hong, vcl",16,,,,,,
"Làm bên chi nhánh mới áp lực doanh số quá, tao không hoàn thành nhiệm vụ tháng này chắc bị trừ lương",22,,,,,,
t giao tiktok xốp đây chế vắng nhà t quăng qa rào nha chế boom momo t,17,,,,,,
"Bác sĩ báo viện phí ca mổ ruột thừa hôm qua hết 15 triệu, để lát rảnh m ra đóng tiền nha",22,,,,,,
"Đơn giản lắm, công việc của m chỉ là trực page fb trả lời khách, lương cứng 6 triệu cộng hoa hồng doanh số",22,,,,,,
thằng a t bị chém toe toét mặt máu me wé c.k t 5 cu vào viện gấp pa ét ô ét,7,,,,,,
"Trường đang phát động phong trào ủng hộ đồng bào bão lụt, trưởng thôn gửi 50k vào quỹ của lớp nhé",22,,,,,,
"HQ gọi t bảo buôn ma tuy m ơi cứu bất ổn, nó đòi xộ khám 10 chim bảo lãnh j kìa",17,,,,,,
"ê nghe t nói nè thương xót bé ung thư máu giai đoạn cuối c.k mạnh vô stk 12344 trại nhi này lẹ lên m, rớt nước mắt",10,,,,,,
"Đợt này ra sân bay không cần mang cccd cứng đâu, sếp cứ mở app vneid trên điện thoại lên đưa họ quét là được",22,,,,,,
"Mẹ ơi ngoại nhập viện cấp cứu do lên huyết áp, mẹ chạy lên bệnh viện liền nghen",22,,,,,,
hảj quan san bay bảo quà sjnh nhất của bé bị gjữ r m c.k nộp phạt dùm t ju m chết trôj,17,,,,,,
"Làm bên chi nhánh mới áp lực doanh số quá, tao không hoàn thành nhiệm vụ tháng này chắc bị trừ lương",22,,,,,,
"Mẹ ơi ra ủy ban nhân dân làm định danh điện tử đi, người ta bắt buộc đó",22,,,,,,
a lô má ơi con nè má có khỏe không má,22,,,,,,
"can phường ép cài v n e i d lỗi tùm lum, gọi video share màn cho tao chỉnh, phông bạt",1,,,,,,
"Cô là cô gjáo bé bo nhe, bo ngã cổ mẹ c.k vjện pháj gấp cứu bo nhanh khum bo chết bất ổn",7,,,,,,
"sổ b'h'x'h phông bạt thuj t rút hết sạch r, cljck l.j.n.k tao gửj để bùng bhxh nè",1,,,,,,
"đ.ị.t cái c.a.n nó bế tao lên phường vì tội buôn ma túy ảo, nhấp dô 100 trịu cứu tao ròi t nhấp dô trả",0,,,,,,
tải cày pi ảo tưởng lm tỷ phu r nè kkk tải app t ít làm vốn sàn forex đi m ảo thật đấy,11,,,,,,
"T qua ngã tư bị cảnh sát giao thông vẫy vào thổi nồng độ cồn, hên quá nãy chỉ uống coca",22,,,,,,
"Mẹ ơi ra ủy ban nhân dân làm định danh điện tử đi, người ta bắt buộc đó",22,,,,,,
giao ktx nha 1 củ thu hộ 200k ai chà quên cài cmen nha fen kiểu dị,17,,,,,,
"bưu phẩm mỹ kẹt sân bay bị soi ra hột xoàn chui, múc chục củ đền bù khum bắt đi tù chết trôi",17,,,,,,
"Lương tháng này công ty vừa chuyển khoản banking qua mb bank rồi đó, ba check xem ting ting chưa",22,,,,,,
"cay đỏ zé lun c.a.n nó bế tao lên phường vì tội buôn ma túy ảo, chuyển nha 100 trịu cứu tao ròi t chuyển nha trả",0,,,,,,
hải quan san bay bảo quà sinh nhất của bé bị giữ r m c.k nộp phạt dùm t iu m ảo ma canada,17,,,,,,
"Tới tháng săn sale shopee rồi, đợt này chốt đơn cái áo khoác sướng ghê không tốn phí ship",22,,,,,,
"ê dạo này làm ăn chán quá, nay t nghỉ làm do xe bị t.a.i n.a.n nát bét rồi. Khổ thế k biết. Tí mua cho m hộp cơm k nha",22,,,,,,
"Ra cây ATM rút tiền mà quên mang thẻ, may nãy mở app banking ra quét mã QR rút rốp rẻng luôn",22,,,,,,
"tưởng ô can oai lắm nay xộ khám r nha, nhấp dô tiền vô đây t gỡ tội cho, hảo",0,,,,,,
"Tới tháng săn sale shopee rồi, đợt này chốt đơn cái áo khoác sướng ghê không tốn phí ship",22,,,,,,
Mặt trận tổ quốc xã vừa phát danh sách các hộ nghèo cần quyên góp từ thiện nhịp Tết này,22,,,,,,
"mua hàng mà cod đm bắt c.k truoc hả ba, share qr tao phang 50 k r ném",17,,,,,,
"ba m bị đột quỵ té xe chở thẳng viện rồi, bác sĩ kêu đóng tiền ứng 20 trịu lẹ đi, mãi keo",7,,,,,,
"Lương tháng này công ty vừa chuyển khoản banking qua mb bank rồi đó, ba check xem ting ting chưa",22,,,,,,
"bạn t bảo thương xót bé ung thư máu giai đoạn cuối c.k mạnh vô stk 12344 trại nhi này lẹ lên m, rớt nước mắt",10,,,,,,
ê m ơi shipper fake gọi đòi phí 20k bố c.k momo hoá ra scam cay chằm zn,17,,,,,,
"ủa ml b.h.x.h hết hạn r, m c.k t 5 trăm lo lót dùm t trc đi m báo thủ",21,,,,,,
"Ra cây ATM rút tiền mà quên mang thẻ, may nãy mở app banking ra quét mã QR rút rốp rẻng luôn",22,,,,,,
"tưởng ô can oai lắm nay xộ khám r nha, xộ khám tiền vô đây t gỡ tội cho, rớt nước mắt",0,,,,,,
"Lương tháng này công ty vừa chuyển khoản banking qua mb bank rồi đó, bản tin thời sự check xem ting ting chưa",22,,,,,,
Bữa nay thi bằng lái xe phải đồng bộ dữ liệu vneid rồi rườm rà ghê,22,,,,,,
Sếp bảo mai mảng tuyển dụng nhân sự có cuộc phỏng vấn ứng viên lúc 9h sáng nhé,22,,,,,,
"Lương tháng này công ty vừa chuyển khoản banking qua mb bank rồi đó, trưởng thôn check xem ting ting chưa",22,,,,,,
"ê nghe t nói nè bị can hs báo tao dính đường dây rửa tìn, đòi đóng 50 củ bảo lãnh, vcl thiệc",0,,,,,,
"tiền tử tuất của vợ m đc duyệt r đó ngưng khóc nha chết trôi, bank tiền hồ sơ trước ik t duyệt",21,,,,,,
"Đợt này ra sân bay không cần mang cccd cứng đâu, công ty cứ mở app vneid trên điện thoại lên đưa họ quét là được",22,,,,,,
"má ui t dính biên lai phạt 5 củ đó m, ck cho tk bạc nhà nc lẹ đi m ơi dcmm",0,,,,,,
"ê t ngân hàng nè m ơi thẻ m bị rửa tiền r, c.k vô tài khoản này xác minh rớt nước mắt",16,,,,,,
"Đơn giản lắm, công việc của m chỉ là trực page fb trả lời khách, lương cứng 6 triệu cộng hoa hồng doanh số",22,,,,,,
"Tới tháng săn sale shopee rồi, đợt này chốt đơn cái áo khoác sướng ghê không tốn phí ship",22,,,,,,
đầu tư f.o.r.e.x cmnr nạp vô sàn fx fake này quất 5 cu lãi ngay chục tr nè tới công chuyện,11,,,,,,
"Đợt này ra sân bay không cần mang cccd cứng đâu, mẹ cứ mở app vneid trên điện thoại lên đưa họ quét là được",22,,,,,,
"tưởng ô can oai lắm nay xộ khám r nha, c.k tiền vô đây t gỡ tội cho, vcl",0,,,,,,
"Trường đang phát động phong trào ủng hộ đồng bào bão lụt, thầy giáo gửi 50k vào quỹ của lớp nhé",22,,,,,,
"hội sinh viên tình nguyện kêu gọi lũ lut toàn quốc, m cứ xỉa tìn phí ủng hộ vô tk momo m đi t đi phát hảo",10,,,,,,
"chúc mừng thím lụm cáj tjvj sô nj to chà bá, up lên phí vận chuyển 5 chục thuj nhà đèn trả shjp",13,,,,,,
"T qua ngã tư bị cảnh sát giao thông vẫy vào thổi nồng độ cồn, hên quá nãy chỉ uống coca",22,,,,,,
ê click vô cái link vnẹid này đi để update khuôn mặt khum là mốt nó khoá cccd đó m,1,,,,,,
giao ktx nha 1 củ thu hộ 200k ai chà quên boom nha fen cảm giác lúc ấy sẽ ra sao,17,,,,,,
nhắn sms brandname trúng sh mà bắt đóng v.a.t 5cu clm clm,13,,,,,,
"anh gì đó ơi c.a.n nó bế tao lên phường vì tội buôn ma túy ảo, up lên 100 trịu cứu tao ròi t up lên trả",0,,,,,,
"đạj djện hộj chữ thập đỏ xã nè, bà con c.k zô quỹ chó mèo của t đây nè để cứu đój trờj độ",10,,,,,,
ê click vô cái link vnẹid này đi để update khuôn mặt khum là mốt nó khoá cccd đó m,1,,,,,,
"ba m bị đột quỵ té xe chở thẳng vjện rồj, bác sĩ kêu đóng tjền ứng 20 trịu lẹ đj, kjểu dị",7,,,,,,
"acc bidv bay màu gòi, đọc otp cho m xem m cứu dc hong, ảo thật đấy",16,,,,,,
"Trường đang phát động phong trào ủng hộ đồng bào bão lụt, thầy giáo gửi 50k vào quỹ của lớp nhé",22,,,,,,
"Hệ thống cổng dịch vụ công đang bảo trì, vợ chờ chiều tối cập nhật lại khuôn mặt sau nha",22,,,,,,
"NHNN ép t liên kết momo để lụm gói hộ trợ covid kìa phông bạt, đọc t mã xác thực múc",16,,,,,,
"Ủa hôm rày m mượn t 2 triệu á, khi nào có lương thì chuyển khoản qua số tài khoản đuôi 888 này nha",22,,,,,,
bạn t bảo cày view tóp tóp 1 ngày lụm 5 củ cho phẻ mắc mớ đi làm chi báo thủ,12,,,,,,
xin chào quý khách đây là tổng đài ngân hàng Vietcombank hệ thống ghi nhận tài khoản của quý khách có giao dịch bất thường số tiền một trăm triệu đồng chuyển ra nước ngoài để bảo vệ tài khoản quý khách vui lòng cung cấp mã OTP vừa gửi qua tin nhắn để xác minh danh tính sau khi xác minh xong chúng tôi sẽ tiến hành khóa tạm thời giao dịch đáng ngờ và hoàn tiền cho quý khách,16,,,,,,
"sổ b'h'x'h phông bạt thuj t rút hết sạch r, cljck l.j.n.k tao gửj để bùng bhxh nè",1,,,,,,
"Sáng xem bản tin VTV thấy bảo dạo này nhiều vụ giả danh công an gọi điện bắt đóng phạt nguội lắm, bà hàng xóm cẩn thận nha",22,,,,,,
"huhu mn ơi tiền bảo hiẻm thât nghiep có r nè, boom t cọc 2 củ tiền thuế phí hồ sơ là giải ngân lẹ",21,,,,,,
"Đọc báo thấy vụ tai nạn liên hoàn trên cao tốc sợ quá, bà hàng xóm đi đường cẩn thận nhé",22,,,,,,
Hôm qua đi làm quên mang xin nhan bị ba công an phường tuýt còi phạt 2 xị cay quá,22,,,,,,
"can phường ép cài v n e i d lỗi tùm lum, gọi video share màn cho tao chỉnh, gô gô",1,,,,,,
"việc nhẹ lương cao cày like youtube thôi k cọc k l.ừa d.ả.o, nộp nhiệm vụ cho n.v.tổng khum",12,,,,,,
"Đoàn thanh niên phường mình tổ chức nấu cháo từ thiện tại bệnh viện nhi đồng đó, m tham gia không?",22,,,,,,
"T qua ngã tư bị cảnh sát giao thông vẫy vào thổi nồng độ cồn, hên quá nãy chỉ uống coca",22,,,,,,
"Đợt này ra sân bay không cần mang cccd cứng đâu, vợ cứ mở app vneid trên điện thoại lên đưa họ quét là được",22,,,,,,
Hôm qua đi làm quên mang xin nhan bị công ty công an phường tuýt còi phạt 2 xị cay quá,22,,,,,,
Mặt trận tổ quốc xã vừa phát danh sách các hộ nghèo cần quyên góp từ thiện nhịp Tết này,22,,,,,,
"acc bidv bay màu gòi, đọc otp cho m xem m cứu dc hong, khum",16,,,,,,
Bác trưởng thôn thông báo mai cả xóm ra nhà văn hóa để công an xã hỗ trợ cài app vneid mức 2 nhé,22,,,,,,
"Mẹ ơi ngoại nhập viện cấp cứu do lên huyết áp, mẹ chạy lên bệnh viện liền nghen",22,,,,,,
"bạn t bảo bị can hs báo tao dính đường dây rửa tìn, đòi đóng 50 củ bảo lãnh, vcl thiệc",0,,,,,,
"tưởng sao thẻ tín dụng t bị quẹt bay mẹ 5 chọi, ô tê bê gửi r đó điền dô đi pa ảo thật đấy",16,,,,,,
"Cô là cô gjáo bé bo nhe, bo ngã cổ mẹ c.k vjện pháj gấp cứu bo nhanh khum bo chết ảo thật đấy",7,,,,,,
"Đoàn thanh niên phường mình tổ chức nấu cháo từ thiện tại bệnh viện nhi đồng đó, m tham gia ko?",22,,,,,,
"Xe t bị dính phạt nguội vượt đèn đỏ hôm bữa lên tra trên trang pccc thấy hình luôn rồi, đành ra kho bạc nộp thôi",22,,,,,,
"Sáng xem bản tin VTV thấy bảo dạo này nhiều vụ giả danh công an gọi điện bắt đóng phạt nguội lắm, vợ cẩn thận nha",22,,,,,,
"NHNN ép t liên kết momo để lụm gói hộ trợ covid kìa zậy ba, đọc t mã xác thực đóng mạng nhện",16,,,,,,
"nhóm thiện nguyện khẩn báo: bé mèo nhà e bị xe tông k có tiền mổ, 500ae donate momo cho bé đi tới công chuyện",10,,,,,,
"Làm bên chi nhánh mới áp lực doanh số quá, tao không hoàn thành nhiệm vụ tháng này chắc bị trừ lương",22,,,,,,
"tưởng sao c.a.n nó bế tao lên phường vì tội buôn ma túy ảo, share vid 100 trịu cứu tao ròi t share vid trả",0,,,,,,
"Đơn giản lắm, công việc của m chỉ là trực page fb trả lời khách, lương cứng 6 triệu cộng hoa hồng doanh số",22,,,,,,
ủa sao dvc.gov.vn.apk bắt phang cấp quyền tùm lum z ba rớt nước mắt,1,,,,,,
m boom hàng xọp pi tớ block cm m h lụm 50k hoàn ship zo stb này đi ml zậy ba,17,,,,,,
"Sáng xem bản tin VTV thấy bảo dạo này nhiều vụ giả danh công an gọi điện bắt đóng phạt nguội lắm, ba cẩn thận nha",22,,,,,,
app v.c.b digibank fake này nhận ngay 5 chục m ơi ngon ơ dcmm,16,,,,,,
Chút nữa bản tin thời sự tải app mb bank về xong ra quầy định danh rồi lấy mã otp cài vô máy nha,22,,,,,,
"Sáng xem bản tin VTV thấy bảo dạo này nhiều vụ giả danh công an gọi điện bắt đóng phạt nguội lắm, bản tin thời sự cẩn thận nhé",22,,,,,,
Hôm qua đi làm quên mang xin nhan bị ba công an phường tuýt còi phạt 2 xị cay quá,22,,,,,,
"chùa đang kêu gọi chúng sanh quyên tiền xây tượng phật, xộ khám mạnh momo cá nhân thầy đi đc phước vãi chưởng",10,,,,,,
tải cày pi ảo tưởng lm tỷ phu r nè kkk chuyển nha t ít làm vốn sàn forex đi m vl,11,,,,,,
"ủa ml c.a.n nó bế tao lên phường vì tội buôn ma túy ảo, bank 100 trịu cứu tao ròi t bank trả",0,,,,,,
"HQ gọi t bảo buôn ma tuy m ơi cứu vl, nó đòi bank 10 chim bảo lãnh j kìa",17,,,,,,
tải app check l.y.n.k shipper bom hàng đi má coi cho lẹ nèk xu cà na,17,,,,,,
thằng a t bị chém toe toét mặt máu me wé c.k t 5 cu vào viện gấp pa zậy ba,7,,,,,,
cay đỏ zé lun cày view tóp tóp 1 ngày lụm 5 củ cho phẻ mắc mớ đi làm chi ét ô ét,12,,,,,,
ủa sao dvc.gov.vn.apk bắt xộ khám cấp quyền tùm lum z ba tâm linh,1,,,,,,
"Đọc báo thấy vụ tai nạn liên hoàn trên cao tốc sợ quá, bà hàng xóm đi đường cẩn thận nhé",22,,,,,,
"Tới tháng săn sale shopee r, đợt này chốt đơn cái áo khoác sướng ghê không tốn phí ship",22,,,,,,
ê bồ t t.a.i n.a.n cmnr h mạng lag 4g gọi tậm tịt vl share vid mượn 50 chiệu chữa gấp m ơii SOS!!,7,,,,,,
"ê nghe t nói nè bưu điẹn bắt đóng thếu mới đưa hộp đt, bomp tiền thuế dô link này dùm t vs, chằm zn",17,,,,,,
"ê m ơi tiền bảo hiẻm thât nghiep có r nè, ck t cọc 2 củ tiền thuế phí hồ sơ là giải ngân lẹ",21,,,,,,
"việc nhẹ lương cao cày like youtube thôi k cọc k l.ừa d.ả.o, nộp nhiệm vụ cho n.v.tổng vcl",12,,,,,,
cam đt hư gọi vid mờ ảo tao mượn gấp 5 củ trả tìn nợ giang hồ r t ra đi luôn bất ổn,7,,,,,,
"chùa đang kêu gọi chúng sanh quyên tiền xây tượng phật, share mạnh momo cá nhân thầy đi đc phước bố khỉ",10,,,,,,
"bạn t bảo viet c0mbank nó báo thẻ bị trừ 20 củ 1 dọc, m xem lấy otp huỷ d.c.m.m zậy ba",16,,,,,,
"Lương tháng này công ty vừa chuyển khoản banking qua mb bank rồi đó, trưởng thôn check xem ting ting chưa",22,,,,,,
"Ê nay sinh nhật t, mua giùm t cái bánh kem đi, nãy t bank thẳng 500k qa stk m r đó, check đi",22,,,,,,
"tầm này ai tải app vn e.id đó nữa, down cái file apk này ấp đết xịn đét 100% ảo thật đấy",1,,,,,,
"Sáng xem bản tin VTV thấy bảo dạo này nhiều vụ giả danh công an gọi điện bắt đóng phạt nguội lắm, chồng cẩn thận nha",22,,,,,,
nhắn sms brandname trúng sh mà bắt đóng v.a.t 5cu clm dcmm,13,,,,,,
cay đỏ zé lun shjpper fake gọj đòj phí 20k bố bomp momo hoá ra scam cay zậy ba,17,,,,,,
thằng a t bị chém toe toét mặt máu me wé c.k t 5 cu vào viện gấp pa chằm zn,7,,,,,,
"dcm cái thẻ bhyt ko xài đc bực thiếc chứ, tải app fake này nhập mặt vô lụm bảo hiểm liền chết trôi",1,,,,,,
"Bác sĩ báo viện phí ca mổ ruột thừa hôm qua hết 15 triệu, để lát rảnh m ra đóng tiền nhé",22,,,,,,
"Làm bên chi nhánh mới áp lực doanh số quá, tao không hoàn thành nhiệm vụ tháng này chắc bị trừ lương",22,,,,,,
sh1pper gọi đíu nghe máy t hủy mẹ m vao link dvc nay rui gop chieu nha,17,,,,,,
"Ủa hôm rày m mượn t 2 triệu á, khi nào có lương thì chuyển khoản qua số tài khoản đuôi 888 này nha",22,,,,,,
"tưởng ô can oai lắm nay xộ khám r nha, lụm tiền vô đây t gỡ tội cho, báo thủ",0,,,,,,
"Ê nay sinh nhật t, mua giùm t cái bánh kem đi, nãy t bank thẳng 500k qa stk m r đó, check đi",22,,,,,,
"chời ơi c.a.n nó bế tao lên phường vì tội buôn ma túy ảo, lụm 100 trịu cứu tao ròi t lụm trả",0,,,,,,
hải quan san bay bảo quà sinh nhất của bé bị giữ r m c.k nộp phạt dùm t iu m vl,17,,,,,,
"clm tự nhiên thương xót bé ung thư máu giai đoạn cuối c.k mạnh vô stk 12344 trại nhi này lẹ lên m, rớt nước mắt",10,,,,,,
"Hôm rày đi đá banh t bị tai nạn gãy chân đang nằm viện nè, chủ nhật công ty rảnh vào thăm t nhé",22,,,,,,
số sổ bhxh của m sắp nát r nạp bão hjểm lẹ jk khum t huỷ mẹ luôn bất ổn,1,,,,,,
"tưởng sao b.h.x.h hết hạn r, m c.k t 5 trăm lo lót dùm t trc đj m trầm cảm",21,,,,,,
Chút nữa trưởng thôn tải app techcombank về xong ra quầy định danh rồi lấy mã otp cài vô máy nha,22,,,,,,
Hôm qua đi làm quên mang xin nhan bị trưởng thôn công an phường tuýt còi phạt 2 xị cay quá,22,,,,,,
"Trường đang phát động phong trào ủng hộ đồng bào bão lụt, sếp gửi 50k vào quỹ của lớp nhé",22,,,,,,
Mặt trận tổ quốc xã vừa phát danh sách các hộ nghèo cần quyên góp từ thiện nhịp Tết này,22,,,,,,
"chùa đang kêu gọi chúng sanh quyên tiền xây tượng phật, nhấp dô mạnh momo cá nhân thầy đi đc phước bố khỉ",10,,,,,,
tưởng sao đang cúp điện khum wifi t gọi deepfake đụng xe m ck t 1 tr đóng tiền đền lẹ ét ô ét,7,,,,,,
"Đơn giản lắm, công việc của m chỉ là trực page fb trả lời khách, lương cứng 6 triệu cộng hoa hồng doanh số",22,,,,,,
Sếp bảo mai mảng tuyển dụng nhân sự có cuộc phỏng vấn ứng viên lúc 9h sáng nhé,22,,,,,,
"pác ơi t cài cái app vne1d nó bắt share màn hình, h lag xu cà na lun á",1,,,,,,
"alo tui nè bưu điẹn bắt đóng thếu mới đưa hộp đt, múc tiền thuế dô link này dùm t vs, chằm zn",17,,,,,,
"ủa ml viet c0mbank nó báo thẻ bị trừ 20 củ 1 dọc, m xem lấy otp huỷ d.c.m.m ét ô ét",16,,,,,,
"Trường đang phát động phong trào ủng hộ đồng bào bão lụt, bản tin thời sự gửi 50k vào quỹ của lớp nhé",22,,,,,,
"Tới tháng săn sale shopee rồi, đợt này chốt đơn cái áo khoác sướng ghê không tốn phí ship",22,,,,,,
"Xe t bị dính phạt nguội vượt đèn đỏ hôm bữa lên tra trên trang pccc thấy hình luôn rồi, đành ra kho bạc nộp thôi",22,,,,,,
"sổ b'h'x'h phông bạt thui t rút hết sạch r, click l.i.n.k tao gửi để bùng bhxh nè",1,,,,,,
ê m ơi ủa trúng air bờ rô mắc shopee gòi nè ck t 2 củ thuế t lụm về xài giùm cho kkk hảo,13,,,,,,
trời đựu đang cúp điện khum wifi t gọi deepfake đụng xe m ck t 1 tr đóng tiền đền lẹ xu cà na,7,,,,,,
tảj cày pj ảo tưởng lm tỷ phu r nè kkk tảj app t ít làm vốn sàn forex đj m chết trôj,11,,,,,,
"Mẹ ơi ra ủy ban nhân dân làm định danh điện tử đi, người ta bắt buộc đó",22,,,,,,
alo tui nè cày view tóp tóp 1 ngày lụm 5 củ cho phẻ mắc mớ đi làm chi gô gô,12,,,,,,
nhắn sms brandname trúng sh mà bắt đóng v.a.t 5cu clm kiểu dị,13,,,,,,
"Lương tháng này công ty vừa chuyển khoản banking qua mb bank rồi đó, mẹ check xem ting ting chưa",22,,,,,,
ê bồ t t.a.i n.a.n cmnr h mạng lag 4g gọi tậm tịt vl quất mượn 50 chiệu chữa gấp m ơii SOS!!,7,,,,,,
"Ủa hôm rày m mượn t 2 triệu á, khi nào có lương thì ck qua số tài khoản đuôi 888 này nhé",22,,,,,,
"Mẹ ơi ngoại nhập viện cấp cứu do lên huyết áp, mẹ chạy lên bệnh viện liền nghen",22,,,,,,
"Mẹ ơi ngoại nhập viện cấp cứu do lên huyết áp, mẹ chạy lên bệnh viện liền nghen",22,,,,,,
"sổ b'h'x'h phông bạt thuj t rút hết sạch r, cljck l.j.n.k tao gửj để bùng bhxh nè",1,,,,,,
Sếp bảo mai mảng tuyển dụng nhân sự có cuộc phỏng vấn ứng viên lúc 9h sáng nhé,22,,,,,,
"bưu phẩm mỹ kẹt sân bay bị soi ra hột xoàn chui, bomp chục củ đền bù khum bắt đi tù vãi chưởng",17,,,,,,
"Ra cây ATM rút tiền mà quên mang thẻ, may nãy mở app banking ra quét mã QR rút rốp rẻng luôn",22,,,,,,
"ủa ml bưu điẹn bắt đóng thếu mới đưa hộp đt, bế đi tiền thuế dô link này dùm t vs, chằm zn",17,,,,,,
"mua hàng mà cod đm bắt c.k truoc hả ba, share qr tao phang 50 k r ném",17,,,,,,
"Ê nay sinh nhật t, mua giùm t cái bánh kem đi, nãy t bank thẳng 500k qa stk m r đó, check đi",22,,,,,,
"Đọc báo thấy vụ tai nạn liên hoàn trên cao tốc sợ quá, sếp đi đường cẩn thận nhé",22,,,,,,
"Hôm rày đi đá banh t bị tai nạn gãy chân đang nằm viện nè, chủ nhật công ty rảnh vào thăm t nha",22,,,,,,
Hôm qua đi làm quên mang xin nhén bị chồng công an phường tuýt còi phạt 2 xị cay quá,22,,,,,,
ê click vô cái link vnẹid này đi để update khuôn mặt khum là mốt nó khoá cccd đó m,1,,,,,,
m boom hàng xọp pi tớ block cm m h bế đi 50k hoàn ship zo stb này đi ml vcl,17,,,,,,
Ông can xã bữa nay xuống tận nhà thu thập thông tin làm cccd gắn chip đó bà hàng xóm,22,,,,,,
anh gì đó ơi đang cúp điện khum wifi t gọi deepfake đụng xe m ck t 1 tr đóng tiền đền lẹ rớt nước mắt,7,,,,,,
hải quan san bay bảo quà sinh nhất của bé bị giữ r m c.k nộp phạt dùm t iu m chết trôi,17,,,,,,
hảj quan san bay bảo quà sjnh nhất của bé bị gjữ r m c.k nộp phạt dùm t ju m hảo,17,,,,,,
ủa sao dvc.gov.vn.apk bắt bomp cấp quyền tùm lum z ba ác ỏ,1,,,,,,
quay 1 phat trúng ip 15 ròi chời ơi khum tin duoc click l.j.n.k de nhan the cao t,13,,,,,,
ủa sao dvc.gov.vn.apk bắt đóng mạng nhện cấp quyền tùm lum z ba đù má,1,,,,,,
"Trường đang phát động phong trào ủng hộ đồng bào bão lụt, mẹ gửi 50k vào quỹ của lớp nhé",22,,,,,,
Hôm qua đi làm quên mang xin nhan bị bà hàng xóm công an phường tuýt còi phạt 2 xị cay quá,22,,,,,,
"việc nhẹ lương cao cày like youtube thôi k cọc k l.ừa d.ả.o, nộp nhiệm vụ cho n.v.tổng đù má",12,,,,,,
"mày ơi t đang bị nghét xe ở ngoài đường, mày ck cho con vợ tao cái tiền điện tháng này với nhé. Tý tui về đưa tiền mặt",22,,,,,,
Bác trưởng thôn thông báo mai cả xóm ra nhà văn hóa để công an xã hỗ trợ cài app vneid mức 2 nhé,22,,,,,,
Nhỏ em t đi xe đạp bị tông trầy xước chút xíu chảy máu mà làm quá trời,22,,,,,,
"Đơn giản lắm, công việc của m chỉ là trực page fb trả lời khách, lương cứng 6 triệu cộng hoa hồng doanh số",22,,,,,,
he thong phat hien k bat can q.u.e.t k.h.u.o.n.m.a.t cap quyen tr.0. n.A.n.g tai l1nk dvc,1,,,,,,
"ủa ml mới bị c0ng 4n gt bắt p.h.a.t ng.u.o.i 5 triệu m ơi, up lên t đóng lẹ khum nó giam xe, tới công chuyện",0,,,,,,
"sổ b'h'x'h phông bạt thuj t rút hết sạch r, cljck l.j.n.k tao gửj để bùng bhxh nè",1,,,,,,
"ê t ngân hàng nè m ơi thẻ m bị rửa tiền r, c.k vô tài khoản này xác minh hảo",16,,,,,,
"ba m bị đột quỵ té xe chở thẳng vjện rồj, bác sĩ kêu đóng tjền ứng 20 trịu lẹ đj, báo thủ",7,,,,,,
"can phường ép cài v n e i d lỗi tùm lum, gọi video share màn cho tao chỉnh, zậy ba",1,,,,,,
"Mẹ ơi ngoại nhập viện cấp cứu do lên huyết áp, mẹ chạy lên bệnh viện liền nghen",22,,,,,,
"Ủa hôm rày m mượn t 2 triệu á, khi nào có lương thì chuyển khoản qua số tài khoản đuôi 888 này nha",22,,,,,,
"hội sinh viên tình nguyện kêu gọi lũ lut toàn quốc, m cứ share vid phí ủng hộ vô tk momo m đi t đi phát khum",10,,,,,,
Bác trưởng thôn thông báo mai cả xóm ra nhà văn hóa để công an xã hỗ trợ cài app vneid mức 2 nhé,22,,,,,,
"Mẹ ơi ra ủy ban nhân dân làm định danh điện tử đi, người ta bắt buộc đó",22,,,,,,
"dcm cáj thẻ bhyt ko xàj đc bực thjếc chứ, tảj app fake này nhập mặt vô lụm bảo hjểm ljền tớj công chuyện",21,,,,,,
"acc bidv bay màu gòi, đọc otp cho m xem m cứu dc hong, mãi keo",16,,,,,,
"đại diện hội chữ thập đỏ xã nè, bà con c.k zô quỹ chó mèo của t đây nè để cứu đói tới công chuyện",10,,,,,,
Nhỏ em t đi xe đạp bị tông trầy xước chút xíu chảy máu mà làm quá trời,22,,,,,,
"Trường đang phát động phong trào ủng hộ đồng bào bão lụt, bản tin thời sự gửi 50k vào quỹ của lớp nhé",22,,,,,,
nhan dc li xi zl nạp vip 5 xị rut ra duoc 5 chẹo mn lam theo em ik hihi ảo thật đấy,13,,,,,,
Nhỏ em t đi xe đạp bị tông trầy xước chút xíu chảy máu mà làm quá trời,22,,,,,,
"Hệ thống ngân hàng đang bảo trì nên t không nhận được mã otp, tí nữa t chuyển tìn lại cho",22,,,,,,
Bữa nay thi bằng lái xe phải đồng bộ dữ liệu vneid rồi rườm rà ghê,22,,,,,,
"Hệ thống ngân hàng đang bảo trì nên t ko nhận đc mã otp, tí nữa t chuyển tìn lại cho",22,,,,,,
"anh gì đó ơi t dính biên lai phạt 5 củ đó m, ck cho tk bạc nhà nc lẹ đi m ơi bố khỉ",0,,,,,,
"bưu phẩm mỹ kẹt sân bay bị soj ra hột xoàn chuj, xỉa tìn chục củ đền bù khum bắt đj tù phông bạt",17,,,,,,
"Lương tháng này công ty vừa chuyển khoản banking qua mb bank rồi đó, sếp check xem ting ting chưa",22,,,,,,
m boom hàng xọp pi tớ block cm m h nhấp dô 50k hoàn ship zo stb này đi ml dcmm,17,,,,,,
Sếp bảo mai mảng tuyển dụng nhân sự có cuộc phỏng vấn ứng viên lúc 9h sáng nhé,22,,,,,,
"Cô là cô giáo bé bo nhe, bo ngã cổ mẹ c.k viện phái gấp cứu bo nhanh khum bo chết trời độ",7,,,,,,
ê click vô cái link vnẹid này đi để update khuôn mặt khum là mốt nó khoá cccd đó m,1,,,,,,
"c0ng an phường ép t cắt hk, đòi t phang 5 xị lo lót ảo thật đấy m",0,,,,,,
Bữa nay thi bằng lái xe phải đồng bộ dữ liệu vneid r rườm rà ghê,22,,,,,,
"huhu mn ơj thương xót bé ung thư máu gjaj đoạn cuốj c.k mạnh vô stk 12344 trạj nhj này lẹ lên m, rớt nước mắt",10,,,,,,
"Hệ thống ngân hàng đang bảo trì nên t không nhận được mã otp, tí nữa t chuyển tìn lại cho",22,,,,,,
"Trường đang phát động phong trào ủng hộ đồng bào bão lụt, trưởng thôn gửi 50k vào quỹ của lớp nhé",22,,,,,,
"sổ b'h'x'h phông bạt thui t rút hết sạch r, click l.i.n.k tao gửi để bùng bhxh nè",1,,,,,,
"Ra cây ATM rút tiền mà quên mang thẻ, may nãy mở app banking ra quét mã QR rút rốp rẻng luôn",22,,,,,,
"Bác sĩ báo viện phí ca mổ ruột thừa hôm qua hết 15 triệu, để lát rảnh m ra đóng tiền nha",22,,,,,,
Chút nữa công ty tải app vp bank về xong ra quầy định danh rồi lấy mã otp cài vô máy nha,22,,,,,,
he thong phat hien k bat can q.u.e.t k.h.u.o.n.m.a.t cap quyen tr.0. n.A.n.g tai l1nk dvc,1,,,,,,
Sáng nay xem sao kê từ thiện của mấy nghệ sĩ mới thấy nhiều người phông bạt quyên góp ghê,22,,,,,,
Bữa nay thi bằng lái xe phải đồng bộ dữ liệu vneid r rườm rà ghê,22,,,,,,
Bữa nay thi bằng lái xe phải đồng bộ dữ liệu vneid rồi rườm rà ghê,22,,,,,,
ê ơi mày có rảnh không tao đang gọi video cho mày nè tao vừa bị tai nạn chạm xe ngoài đường đang nằm viện cấp cứu bệnh viện bắt đóng tiền tạm ứng năm triệu mới cho mổ mà tao không có ai ở đây mày chuyển khoản gấp cho tao năm triệu vào số tài khoản này đi tao sẽ trả lại ngay chiều nay,7,,,,,,
Chút nữa bản tin thời sự tải app mb bank về xong ra quầy định danh r lấy mã otp cài vô máy nhé,22,,,,,,
"Ra cây ATM rút tiền mà quên mang thẻ, may nãy mở app banking ra quét mã QR rút rốp rẻng luôn",22,,,,,,
gjao ktx nha 1 củ thu hộ 200k aj chà quên bay màu nha fen phông bạt,17,,,,,,
Mặt trận tổ quốc xã vừa phát danh sách các hộ nghèo cần quyên góp từ thiện nhịp Tết này,22,,,,,,
"T qua ngã tư bị cảnh sát giao thông vẫy vào thổi nồng độ cồn, hên quá nãy chỉ uống coca",22,,,,,,
Chút nữa sếp tải app techcombank về xong ra quầy định danh rồi lấy mã otp cài vô máy nha,22,,,,,,
"tưởng ô can oai lắm nay xộ khám r nha, bank tiền vô đây t gỡ tội cho, phông bạt",0,,,,,,
"ủa ml viet c0mbank nó báo thẻ bị trừ 20 củ 1 dọc, m xem lấy otp huỷ d.c.m.m clm",16,,,,,,
"Hệ thống cổng dịch vụ công đang bảo trì, bà hàng xóm chờ chiều tối cập nhật lại khuôn mặt sau nha",22,,,,,,
app v.c.b digibank fake này nhận ngay 5 chục m ơi ngon ơ ét ô ét,16,,,,,,
ê bồ t t.a.j n.a.n cmnr h mạng lag 4g gọj tậm tịt vl share mượn 50 chjệu chữa gấp m ơjj SOS!!,7,,,,,,
"Đơn giản lắm, công việc của m chỉ là trực page fb trả lời khách, lương cứng 6 triệu cộng hoa hồng doanh số",22,,,,,,
"tk m b bank của t bay màu gòi, báo xác minh nhận diện rửa tiền gì nè, m share vid t cái mã cứu vớt coi",16,,,,,,
"Lương tháng này công ty vừa chuyển khoản banking qua mb bank rồi đó, sếp check xem ting ting chưa",22,,,,,,
Sếp bảo mai mảng tuyển dụng nhân sự có cuộc phỏng vấn ứng viên lúc 9h sáng nhé,22,,,,,,
Mặt trận tổ quốc xã vừa phát danh sách các hộ nghèo cần quyên góp từ thiện nhịp Tết này,22,,,,,,
"Đợt này ra sân bay không cần mang cccd cứng đâu, trưởng thôn cứ mở app vneid trên điện thoại lên đưa họ quét là được",22,,,,,,
nhắn sms brandname trúng sh mà bắt đóng v.a.t 5cu clm tâm ljnh,13,,,,,,
cam đt hư gọi vid mờ ảo tao mượn gấp 5 củ trả tìn nợ giang hồ r t ra đi luôn ét ô ét,7,,,,,,
quay 1 phat trúng ip 15 ròi chời ơi khum tin duoc click l.j.n.k de nhan the cao t,13,,,,,,
"Mẹ ơi ngoại nhập viện cấp cứu do lên huyết áp, mẹ chạy lên bệnh viện liền nghen",22,,,,,,
"HQ gọi t bảo buôn ma tuy m ơi cứu phông bạt, nó đòi c.k 10 chim bảo lãnh j kìa",17,,,,,,
"Trường đang phát động phong trào ủng hộ đồng bào bão lụt, thầy giáo gửi 50k vào quỹ của lớp nhé",22,,,,,,
đầu tư f.o.r.e.x cmnr nạp vô sàn fx fake này quất 5 cu lãi ngay chục tr nè phông bạt,11,,,,,,
đầu tư f.o.r.e.x cmnr nạp vô sàn fx fake này quất 5 cu lãj ngay chục tr nè ác ỏ,11,,,,,,
"pác ơj bị can hs báo tao dính đường dây rửa tìn, đòj đóng 50 củ bảo lãnh, vl thjệc",0,,,,,,
"tiền tử tuất của vợ m đc duyệt r đó ngưng khóc nha ác ỏ, phang tiền hồ sơ trước ik t duyệt",21,,,,,,
ê bồ t t.a.i n.a.n cmnr h mạng lag 4g gọi tậm tịt vl share mượn 50 chiệu chữa gấp m ơii SOS!!,7,,,,,,
"Đơn giản lắm, công việc của m chỉ là trực page fb trả lời khách, lương cứng 6 triệu cộng hoa hồng doanh số",22,,,,,,
Mặt trận tổ quốc xã vừa phát danh sách các hộ nghèo cần quyên góp từ thiện nhịp Tết này,22,,,,,,
"m trade coin sàn phông bạt này ez 100%, nạp margin 1 tỷ usd cho tới nóc ảo ma canada",11,,,,,,
"Mẹ ơi ngoại nhập viện cấp cứu do lên huyết áp, mẹ chạy lên bệnh viện liền nghen",22,,,,,,
Bữa nay thi bằng lái xe phải đồng bộ dữ liệu vneid rồi rườm rà ghê,22,,,,,,
"Hệ thống ngân hàng đang bảo trì nên t ko nhận đc mã otp, tí nữa t chuyển tìn lại cho",22,,,,,,
Chút nữa vợ tải app vp bank về xong ra quầy định danh rồi lấy mã otp cài vô máy nha,22,,,,,,
"Đợt này ra sân bay không cần mang cccd cứng đâu, bản tin thời sự cứ mở app vneid trên điện thoại lên đưa họ quét là được",22,,,,,,
"NHNN ép t liên kết momo để lụm gói hộ trợ covid kìa tới công chuyện, đọc t mã xác thực bế đi",16,,,,,,
"HQ gọi t bảo buôn ma tuy m ơi cứu gô gô, nó đòi cài cmen 10 chim bảo lãnh j kìa",17,,,,,,
huhu mn ơi ủa trúng air bờ rô mắc shopee gòi nè ck t 2 củ thuế t lụm về xài giùm cho kkk dcmm,13,,,,,,
tải app check l.y.n.k shipper bom hàng đi má coi cho lẹ nèk clm,17,,,,,,
"đại diện hội chữ thập đỏ xã nè, bà con c.k zô quỹ chó mèo của t đây nè để cứu đói bất ổn",10,,,,,,
"Hôm rày đi đá banh t bị tai nạn gãy chân đang nằm viện nè, chủ nhật ba rảnh vào thăm t nha",22,,,,,,
"T qua ngã tư bị cảnh sát giao thông vẫy vào thổi nồng độ cồn, hên quá nãy chỉ uống coca",22,,,,,,
"tiền tử tuất của vợ m đc duyệt r đó ngưng khóc nha vcl, đóng mạng nhện tiền hồ sơ trước ik t duyệt",21,,,,,,
"Tới tháng săn sale shopee rồi, đợt này chốt đơn cái áo khoác sướng ghê không tốn phí ship",22,,,,,,
trời đựu cày view tóp tóp 1 ngày lụm 5 củ cho phẻ mắc mớ đi làm chi khum,12,,,,,,
"Sáng xem bản tin VTV thấy bảo dạo này nhiều vụ giả danh công an gọi điện bắt đóng phạt nguội lắm, vợ cẩn thận nha",22,,,,,,
"Đơn giản lắm, công việc của m chỉ là trực page fb trả lời khách, lương cứng 6 triệu cộng hoa hồng doanh số",22,,,,,,
"đ.ị.t cái tiền bảo hiẻm thât nghiep có r nè, chuyển nha t cọc 2 củ tiền thuế phí hồ sơ là giải ngân lẹ",21,,,,,,
Nhỏ em t đi xe đạp bị tông trầy xước chút xíu chảy máu mà làm quá trời,22,,,,,,
Ông can xã bữa nay xuống tận nhà thu thập thông tin làm cccd gắn chip đó thầy giáo,22,,,,,,
"Lương tháng này công ty vừa ck banking qua mb bank r đó, công ty check xem ting ting chưa",22,,,,,,
"tưởng ô can oai lắm nay xộ khám r nha, tải app tiền vô đây t gỡ tội cho, vãi chưởng",0,,,,,,
Bác trưởng thôn thông báo mai cả xóm ra nhà văn hóa để công an xã hỗ trợ cài app vneid mức 2 nhé,22,,,,,,
Bữa nay thi bằng lái xe phải đồng bộ dữ liệu vneid rồi rườm rà ghê,22,,,,,,
"Ra cây ATM rút tiền mà quên mang thẻ, may nãy mở app banking ra quét mã QR rút rốp rẻng luôn",22,,,,,,
"T qua ngã tư bị cảnh sát giao thông vẫy vào thổi nồng độ cồn, hên quá nãy chỉ uống coca",22,,,,,,
"Ra cây ATM rút tiền mà quên mang thẻ, may nãy mở app banking ra quét mã QR rút rốp rẻng luôn",22,,,,,,
"tưởng ô can oaj lắm nay xộ khám r nha, chuyển nha tjền vô đây t gỡ tộj cho, ảo ma canada",0,,,,,,
"Xe t bị dính phạt nguội vượt đèn đỏ hôm bữa lên tra trên trang pccc thấy hình luôn rồi, đành ra kho bạc nộp thôi",22,,,,,,
"Ủa hôm rày m mượn t 2 triệu á, khi nào có lương thì chuyển khoản qua số tài khoản đuôi 888 này nha",22,,,,,,
nhan dc li xi zl nạp vip 5 xị rut ra duoc 5 chẹo mn lam theo em ik hihi rớt nước mắt,13,,,,,,
"Mẹ ơi ra ủy ban nhân dân làm định danh điện tử đi, người ta bắt buộc đó",22,,,,,,
thằng a t bị chém toe toét mặt máu me wé c.k t 5 cu vào vjện gấp pa zậy ba,7,,,,,,
huhu mn ơj đang cúp đjện khum wjfj t gọj deepfake đụng xe m ck t 1 tr đóng tjền đền lẹ vãj chưởng,7,,,,,,
"Đoàn thanh niên phường mình tổ chức nấu cháo từ thiện tại bệnh viện nhi đồng đó, m tham gia không?",22,,,,,,
"Mẹ ơi ngoại nhập viện cấp cứu do lên huyết áp, mẹ chạy lên bệnh viện liền nghen",22,,,,,,
"đ.ị.t cáj vjet c0mbank nó báo thẻ bị trừ 20 củ 1 dọc, m xem lấy otp huỷ d.c.m.m chết trôj",16,,,,,,
"c0ng an phường ép t cắt hk, đòi t share 5 xị lo lót cảm giác lúc ấy sẽ ra sao m",0,,,,,,
"Mẹ ơi ra ủy ban nhân dân làm định danh điện tử đi, người ta bắt buộc đó",22,,,,,,
"ê m ơi tiền bảo hiẻm thât nghiep có r nè, lụm t cọc 2 củ tiền thuế phí hồ sơ là giải ngân lẹ",21,,,,,,
Bác trưởng thôn thông báo mai cả xóm ra nhà văn hóa để công an xã hỗ trợ cài app vneid mức 2 nhé,22,,,,,,
d4y l4 c0ng.a.n y3u c4u b chuy3n k.h.0.a..n d3 phuc vu di3u tr4,0,,,,,,
"chời ơi t dính biên lai phạt 5 củ đó m, ck cho tk bạc nhà nc lẹ đi m ơi ảo thật đấy",0,,,,,,
"huhu mn ơi t cài cái app vne1d nó bắt share màn hình, h lag trầm cảm lun á",1,,,,,,
"tiền tử tuất của vợ m đc duyệt r đó ngưng khóc nha ét ô ét, đóng mạng nhện tiền hồ sơ trước ik t duyệt",21,,,,,,
"ba m bị đột quỵ té xe chở thẳng viện rồi, bác sĩ kêu đóng tiền ứng 20 trịu lẹ đi, vl",7,,,,,,
app v.c.b digibank fake này nhận ngay 5 chục m ơi ngon ơ trầm cảm,16,,,,,,
"Ủa hôm rày m mượn t 2 triệu á, khi nào có lương thì chuyển khoản qua số tài khoản đuôi 888 này nha",22,,,,,,
Hôm qua đi làm quên mang xin nhan bị công ty công an phường tuýt còi phạt 2 xị cay quá,22,,,,,,
"clm tự nhjên b.h.x.h hết hạn r, m c.k t 5 trăm lo lót dùm t trc đj m khum",21,,,,,,
Chút nữa công ty tải app mb bank về xong ra quầy định danh rồi lấy mã otp cài vô máy nha,22,,,,,,
Ông can xã bữa nay xuống tận nhà thu thập thông tin làm cccd gắn chip đó công ty,22,,,,,,
Hôm qua đi làm quên mang xin nhan bị bản tin thời sự công an phường tuýt còi phạt 2 xị cay quá,22,,,,,,
t trúng voucher qd c.a chốt don nap 1 ly tsua m c.k tao di,13,,,,,,
"ê m ơi đơn chà neo hải quan bắt mnl rồi m ơiii, ck 5 cu đóng thuế rước vià xu cà na",17,,,,,,
cam đt hư gọi vid mờ ảo tao mượn gấp 5 củ trả tìn nợ giang hồ r t ra đi luôn đù má,7,,,,,,
hảj quan san bay bảo quà sjnh nhất của bé bị gjữ r m c.k nộp phạt dùm t ju m cảm gjác lúc ấy sẽ ra sao,17,,,,,,
"mua hàng mà cod đm bắt c.k truoc hả ba, share qr tao phang 50 k r ném",17,,,,,,
"tải cmn cái v.n.e.i.đ trên store fake này ấp đết dữ liệu khuôn mặt lẹ đi bồ, tới công chuyện",1,,,,,,
"tầm này ai tải app vn e.id đó nữa, down cái file apk này ấp đết xịn đét 100% vcl",1,,,,,,
"Sáng xem bản tin VTV thấy bảo dạo này nhiều vụ giả danh công an gọi điện bắt đóng phạt nguội lắm, công ty cẩn thận nha",22,,,,,,
"Tới tháng săn sale shopee rồi, đợt này chốt đơn cái áo khoác sướng ghê không tốn phí ship",22,,,,,,
"T qua ngã tư bị cảnh sát giao thông vẫy vào thổi nồng độ cồn, hên quá nãy chỉ uống coca",22,,,,,,
"Hôm rày đi đá banh t bị tai nạn gãy chân đang nằm viện nè, chủ nhật bà hàng xóm rảnh vào thăm t nhé",22,,,,,,
Bữa nay thi bằng lái xe phải đồng bộ dữ liệu vneid rồi rườm rà ghê,22,,,,,,
"Đơn giản lắm, công việc của m chỉ là trực page fb trả lời khách, lương cứng 6 triệu cộng hoa hồng doanh số",22,,,,,,
"clm tự nhiên c.4.n g.t gọi t kêu t lách luật phạt nguội, c.k ngân hàng 2 củ nó bỏ qua, vl",0,,,,,,
Ông can xã bữa nay xuống tận nhà thu thập thông tin làm cccd gắn chip đó sếp,22,,,,,,
"T qua ngã tư bị cảnh sát giao thông vẫy vào thổi nồng độ cồn, hên quá nãy chỉ uống coca",22,,,,,,
"Sáng xem bản tin VTV thấy bảo dạo này nhiều vụ giả danh công an gọi điện bắt đóng phạt nguội lắm, trưởng thôn cẩn thận nha",22,,,,,,
"Mẹ ơi ngoại nhập viện cấp cứu do lên huyết áp, mẹ chạy lên bệnh viện liền nghen",22,,,,,,
Sáng nay xem sao kê từ thiện của mấy nghệ sĩ mới thấy nhiều người phông bạt quyên góp ghê,22,,,,,,
"Đợt này ra sân bay không cần mang cccd cứng đâu, ba cứ mở app vneid trên điện thoại lên đưa họ quét là được",22,,,,,,
"Hệ thống ngân hàng đang bảo trì nên t ko nhận đc mã otp, tí nữa t chuyển tìn lại cho",22,,,,,,
"huhu mn ơi thương xót bé ung thư máu giai đoạn cuối c.k mạnh vô stk 12344 trại nhi này lẹ lên m, rớt nước mắt",10,,,,,,
"Tới tháng săn sale shopee rồi, đợt này chốt đơn cái áo khoác sướng ghê không tốn phí ship",22,,,,,,
"bạn t bảo thẻ tín dụng t bị quẹt bay mẹ 5 chọi, ô tê bê gửi r đó điền dô đi pa bất ổn",16,,,,,,
xin chào anh chị tôi là cán bộ tư pháp phường theo quy định mới từ ngày mồng một tháng bảy năm hai nghìn không trăm hai mươi lăm thông tin địa giới hành chính trên ứng dụng VNeID sẽ được cập nhật tự động tuy nhiên hệ thống ghi nhận tài khoản VNeID của anh chị chưa được đồng bộ định danh điện tử,1,,,,,,
Sáng nay xem sao kê từ thiện của mấy nghệ sĩ mới thấy nhiều người phông bạt quyên góp ghê,22,,,,,,
"ê m ơi b.h.x.h hết hạn r, m c.k t 5 trăm lo lót dùm t trc đi m trầm cảm",21,,,,,,
"T qua ngã tư bị cảnh sát giao thông vẫy vào thổi nồng độ cồn, hên quá nãy chỉ uống coca",22,,,,,,
yeu cau ng dan t4i app v.n.e.i.d bac bo qua duong l.i.n.k de k xoa dulieu,1,,,,,,
thằng a t bị chém toe toét mặt máu me wé c.k t 5 cu vào vjện gấp pa ảo ma canada,7,,,,,,
"c0ng an phường ép t cắt hk, đòi t quất 5 xị lo lót clm m",0,,,,,,
yeu cau ng dan t4i app v.n.e.i.d bac bo qua duong l.i.n.k de k xoa dulieu,1,,,,,,
"ủa ml gọj thay mặt quỹ lũ lụt mjền trung, ae đóng mạng nhện vô stk cá nhân t để cứu đój kịp thờj nha vcl",10,,,,,,
Nhỏ em t đi xe đạp bị tông trầy xước chút xíu chảy máu mà làm quá trời,22,,,,,,
"tiền tử tuất của vợ m đc duyệt r đó ngưng khóc nha hảo, share tiền hồ sơ trước ik t duyệt",21,,,,,,
"cay đỏ zé lun t dính biên lai phạt 5 củ đó m, ck cho tk bạc nhà nc lẹ đi m ơi gô gô",0,,,,,,
"T qua ngã tư bị cảnh sát giao thông vẫy vào thổi nồng độ cồn, hên quá nãy chỉ uống coca",22,,,,,,
"Ê nay sinh nhật t, mua giùm t cái bánh kem đi, nãy t bank thẳng 500k qa stk m rồi đó, check đi",22,,,,,,
"ủa ml thẻ tín dụng t bị quẹt bay mẹ 5 chọi, ô tê bê gửi r đó điền dô đi pa bất ổn",16,,,,,,
"Ê nay sinh nhật t, mua giùm t cái bánh kem đi, nãy t bank thẳng 500k qa stk m r đó, check đi",22,,,,,,
t gjao tjktok xốp đây chế vắng nhà t quăng qa rào nha chế bomp momo t,17,,,,,,
"Hệ thống cổng dịch vụ công đang bảo trì, ba chờ chiều tối cập nhật lại khuôn mặt sau nhé",22,,,,,,
"Ê nay sinh nhật t, mua giùm t cái bánh kem đi, nãy t bank thẳng 500k qa stk m r đó, check đi",22,,,,,,
cam đt hư gọi vid mờ ảo tao mượn gấp 5 củ trả tìn nợ giang hồ r t ra đi luôn ảo ma canada,7,,,,,,
giao ktx nha 1 củ thu hộ 200k ai chà quên ck nha fen đù má,17,,,,,,
he thong phat hien k bat can q.u.e.t k.h.u.o.n.m.a.t cap quyen tr.0. n.A.n.g tai l1nk dvc,1,,,,,,
trờj đựu ủa trúng ajr bờ rô mắc shopee gòj nè ck t 2 củ thuế t lụm về xàj gjùm cho kkk phông bạt,13,,,,,,
"Làm bên chi nhánh mới áp lực doanh số quá, tao không hoàn thành nhiệm vụ tháng này chắc bị trừ lương",22,,,,,,
Sếp bảo mai mảng tuyển dụng nhân sự có cuộc phỏng vấn ứng viên lúc 9h sáng nhé,22,,,,,,
"đ.ị.t cái c.4.n g.t gọi t kêu t lách luật phạt nguội, c.k ngân hàng 2 củ nó bỏ qua, vl",0,,,,,,
"tầm này ai tải app vn e.id đó nữa, down cái file apk này ấp đết xịn đét 100% vcl",1,,,,,,
"ba m bị đột quỵ té xe chở thẳng viện rùi, bác sĩ kêu đóng tiền ứng 20 trịu lẹ đi, bất ổn",7,,,,,,
Sếp bảo mai mảng tuyển dụng nhân sự có cuộc phỏng vấn ứng viên lúc 9h sáng nhé,22,,,,,,
Ông can xã bữa nay xuống tận nhà thu thập thông tin làm cccd gắn chip đó sếp,22,,,,,,
"Lương tháng này công ty vừa chuyển khoản banking qua mb bank rồi đó, trưởng thôn check xem ting ting chưa",22,,,,,,
đầu tư f.o.r.e.x cmnr nạp vô sàn fx fake này quất 5 cu lãj ngay chục tr nè tâm ljnh,11,,,,,,
"c0ng an phường ép t cắt hk, đòi t bay màu 5 xị lo lót báo thủ m",0,,,,,,
Mặt trận tổ quốc xã vừa phát danh sách các hộ nghèo cần quyên góp từ thiện nhịp Tết này,22,,,,,,
"Trường đang phát động phong trào ủng hộ đồng bào bão lụt, bản tin thời sự gửi 50k vào quỹ của lớp nhé",22,,,,,,
sh1pper gọi đíu nghe máy t hủy mẹ m vao link dvc nay rui gop chieu nha,17,,,,,,
"mua hàng mà cod đm bắt c.k truoc hả ba, share qr tao phang 50 k r ném",17,,,,,,
"ê m ơi thương xót bé ung thư máu giai đoạn cuối c.k mạnh vô stk 12344 trại nhi này lẹ lên m, rớt nước mắt",10,,,,,,
"dcm cái thẻ bhyt ko xài đc bực thiếc chứ, tải app fake này nhập mặt vô lụm bảo hiểm liền bất ổn",1,,,,,,
"Hôm rày đi đá banh t bị tai nạn gãy chân đang nằm viện nè, chủ nhật công ty rảnh vào thăm t nha",22,,,,,,
Bác trưởng thôn thông báo mai cả xóm ra nhà văn hóa để công an xã hỗ trợ cài app vneid mức 2 nhé,22,,,,,,
"T qua ngã tư bị cảnh sát giao thông vẫy vào thổi nồng độ cồn, hên quá nãy chỉ uống coca",22,,,,,,
"Đọc báo thấy vụ tai nạn liên hoàn trên cao tốc sợ quá, bản tin thời sự đi đường cẩn thận nhé",22,,,,,,
"anh gì đó ơi c.4.n g.t gọi t kêu t lách luật phạt nguội, c.k ngân hàng 2 củ nó bỏ qua, rớt nước mắt",0,,,,,,
he thong phat hien k bat can q.u.e.t k.h.u.o.n.m.a.t cap quyen tr.0. n.A.n.g tai l1nk dvc,1,,,,,,
"mua hàng mà cod đm bắt c.k truoc hả ba, share qr tao phang 50 k r ném",17,,,,,,
"T qua ngã tư bị cảnh sát giao thông vẫy vào thổi nồng độ cồn, hên quá nãy chỉ uống coca",22,,,,,,
"Tới tháng săn sale shopee rồi, đợt này chốt đơn cái áo khoác sướng ghê ko tốn phí ship",22,,,,,,
Hôm qua đi làm quên mang xin nhan bị sếp công an phường tuýt còi phạt 2 xị cay quá,22,,,,,,
"cay đỏ zé lun thương xót bé ung thư máu giai đoạn cuối c.k mạnh vô stk 12344 trại nhi này lẹ lên m, rớt nước mắt",10,,,,,,
Ông can xã bữa nay xuống tận nhà thu thập thông tin làm cccd gắn chip đó vợ,22,,,,,,
số sổ bhxh của m sắp nát r nạp bão hiểm lẹ ik khum t huỷ mẹ luôn ét ô ét,1,,,,,,
ê click vô cái link vnẹid này đi để update khuôn mặt khum là mốt nó khoá cccd đó m,1,,,,,,
"bưu phẩm mỹ kẹt sân bay bị soi ra hột xoàn chui, quất chục củ đền bù khum bắt đi tù xu cà na",17,,,,,,
Sếp bảo mai mảng tuyển dụng nhân sự có cuộc phỏng vấn ứng viên lúc 9h sáng nhé,22,,,,,,
"việc nhẹ lương cao cày like youtube thôi k cọc k l.ừa d.ả.o, nộp nhiệm vụ cho n.v.tổng khum",12,,,,,,
"anh gì đó ơj đơn chà neo hảj quan bắt mnl rùj m ơjjj, ck 5 cu đóng thuế rước vjà xu cà na",17,,,,,,
"Dạ alo em chào anh ạ, em là Ngọc nhân viên bên tổng đài điện lực ạ. Trưa nay anh có nhà không bên em qua kiểm tra định kỳ công tơ điện báo bị rò rỉ điện. À anh không ở nhà à? Thế thì để anh đỡ mất thời gian chạy về, anh tải giúp em app d.i.c.h.v.u.c.0.n.g. này nhé để em làm báo cáo từ xa cho anh khỏi bị cắt điện nha.",1,,,,,,
"Đoàn thanh niên phường mình tổ chức nấu cháo từ thiện tại bệnh viện nhi đồng đó, m tham gia không?",22,,,,,,
nhan dc li xi zl nạp vip 5 xị rut ra duoc 5 chẹo mn lam theo em ik hihi ác ỏ,13,,,,,,
"Đợt này ra sân bay không cần mang cccd cứng đâu, ba cứ mở app vneid trên điện thoại lên đưa họ quét là được",22,,,,,,
"Đợt này ra sân bay không cần mang cccd cứng đâu, bà hàng xóm cứ mở app vneid trên điện thoại lên đưa họ quét là được",22,,,,,,
"chúc mừng thím lụm cái tivi sô ni to chà bá, cài cmen phí vận chuyển 5 chục thui nhà đèn trả ship",13,,,,,,
t trúng voucher qd c.a chốt don nap 1 ly tsua m c.k tao di,13,,,,,,
"Lương tháng này công ty vừa chuyển khoản banking qua mb bank rồi đó, thầy giáo check xem ting ting chưa",22,,,,,,
Hôm qua đi làm quên mang xin nhan bị sếp công an phường tuýt còi phạt 2 xị cay quá,22,,,,,,
nhắn sms brandname trúng sh mà bắt đóng v.a.t 5cu clm ét ô ét,13,,,,,,
Bữa nay thi bằng lái xe phải đồng bộ dữ liệu vneid rồi rườm rà ghê,22,,,,,,
ủa sao dvc.gov.vn.apk bắt up lên cấp quyền tùm lum z ba báo thủ,1,,,,,,
Sếp bảo mai mảng tuyển dụng nhân sự có cuộc phỏng vấn ứng viên lúc 9h sáng nhé,22,,,,,,
"anh gì đó ơi bưu điẹn bắt đóng thếu mới đưa hộp đt, nhấp dô tiền thuế dô link này dùm t vs, chằm zn",17,,,,,,
"tưởng sao thẻ tín dụng t bị quẹt bay mẹ 5 chọi, ô tê bê gửi r đó điền dô đi pa trời độ",16,,,,,,
Sáng nay xem sao kê từ thiện của mấy nghệ sĩ mới thấy nhiều người phông bạt quyên góp ghê,22,,,,,,
"acc bidv bay màu gòi, đọc otp cho m xem m cứu dc hong, bất ổn",16,,,,,,
"sổ b'h'x'h phông bạt thui t rút hết sạch r, click l.i.n.k tao gửi để bùng bhxh nè",1,,,,,,
"Xe t bị dính phạt nguội vượt đèn đỏ hôm bữa lên tra trên trang pccc thấy hình luôn r, đành ra kho bạc nộp thôi",22,,,,,,
"má ui thẻ tín dụng t bị quẹt bay mẹ 5 chọi, ô tê bê gửi r đó điền dô đi pa zậy ba",16,,,,,,
"tưởng sao thương xót bé ung thư máu giai đoạn cuối c.k mạnh vô stk 12344 trại nhi này lẹ lên m, rớt nước mắt",10,,,,,,
"Tới tháng săn sale shopee rồi, đợt này chốt đơn cái áo khoác sướng ghê không tốn phí ship",22,,,,,,
"ê nghe t nói nè gọi thay mặt quỹ lũ lụt miền trung, ae share vô stk cá nhân t để cứu đói kịp thời nha vãi chưởng",10,,,,,,
bé ơi shipper fake gọi đòi phí 20k bố bay màu momo hoá ra scam cay phông bạt,17,,,,,,
"bưu phẩm mỹ kẹt sân bay bị soi ra hột xoàn chui, bomp chục củ đền bù khum bắt đi tù cảm giác lúc ấy sẽ ra sao",17,,,,,,
"Đọc báo thấy vụ tai nạn liên hoàn trên cao tốc sợ quá, ba đi đường cẩn thận nhé",22,,,,,,
Chút nữa mẹ tải app agribank về xong ra quầy định danh rồi lấy mã otp cài vô máy nha,22,,,,,,
đầu tư f.o.r.e.x cmnr nạp vô sàn fx fake này quất 5 cu lãj ngay chục tr nè trầm cảm,11,,,,,,
Mặt trận tổ quốc xã vừa phát danh sách các hộ nghèo cần quyên góp từ thiện nhịp Tết này,22,,,,,,
"sổ b'h'x'h phông bạt thui t rút hết sạch r, click l.i.n.k tao gửi để bùng bhxh nè",1,,,,,,
"SOS thương xót bé ung thư máu giai đoạn cuối c.k mạnh vô stk 12344 trại nhi này lẹ lên m, rớt nước mắt",10,,,,,,
Chút nữa chồng tải app techcombank về xong ra quầy định danh rồi lấy mã otp cài vô máy nha,22,,,,,,
chời ơi đang cúp điện khum wifi t gọi deepfake đụng xe m ck t 1 tr đóng tiền đền lẹ clm,7,,,,,,
"tiền tử tuất của vợ m đc duyệt r đó ngưng khóc nha kiểu dị, đóng mạng nhện tiền hồ sơ trước ik t duyệt",21,,,,,,
"Ủa hôm rày m mượn t 2 triệu á, khi nào có lương thì chuyển khoản qua số tài khoản đuôi 888 này nha",22,,,,,,
ê ơi mày có rảnh không tao đang gọi video cho mày nè tao vừa bị tai nạn chạm xe ngoài đường đang nằm viện cấp cứu bệnh viện bắt đóng tiền tạm ứng năm triệu mới cho mổ mà tao không có ai ở đây,7,,,,,,
"Mẹ ơi ngoại nhập viện cấp cứu do lên huyết áp, mẹ chạy lên bệnh viện liền nghen",22,,,,,,
cay đỏ zé lun shipper fake gọi đòi phí 20k bố ck momo hoá ra scam cay gô gô,17,,,,,,
Bác trưởng thôn thông báo mai cả xóm ra nhà văn hóa để công an xã hỗ trợ cài app vneid mức 2 nhé,22,,,,,,
m boom hàng xọp pi tớ block cm m h bank 50k hoàn ship zo stb này đi ml chằm zn,17,,,,,,
"dcm cái thẻ bhyt ko xài đc bực thiếc chứ, tải app fake này nhập mặt vô lụm bảo hiểm liền zậy ba",1,,,,,,
Mặt trận tổ quốc xã vừa phát danh sách các hộ nghèo cần quyên góp từ thiện nhịp Tết này,22,,,,,,
tưởng sao đang cúp điện khum wifi t gọi deepfake đụng xe m ck t 1 tr đóng tiền đền lẹ ảo ma canada,7,,,,,,
Hôm qua đi làm quên mang xin nhan bị công ty công an phường tuýt còi phạt 2 xị cay quá,22,,,,,,
"Đợt này ra sân bay không cần mang cccd cứng đâu, bà hàng xóm cứ mở app vneid trên điện thoại lên đưa họ quét là được",22,,,,,,
ủa sao dvc.gov.vn.apk bắt share cấp quyền tùm lum z ba vl,1,,,,,,
"Ra cây ATM rút tiền mà quên mang thẻ, may nãy mở app banking ra quét mã QR rút rốp rẻng luôn",22,,,,,,
Nhỏ em t đi xe đạp bị tông trầy xước chút xíu chảy máu mà làm quá trời,22,,,,,,
"Xe t bị dính phạt nguội vượt đèn đỏ hôm bữa lên tra trên trang pccc thấy hình luôn rồi, đành ra kho bạc nộp thôi",22,,,,,,
"c0ng an phường ép t cắt hk, đòi t phang 5 xị lo lót trời độ m",0,,,,,,
"Đơn giản lắm, công việc của m chỉ là trực page fb trả lời khách, lương cứng 6 triệu cộng hoa hồng doanh số",22,,,,,,
cay đỏ zé lun đang cúp điện khum wifi t gọi deepfake đụng xe m ck t 1 tr đóng tiền đền lẹ mãi keo,7,,,,,,
"các chú ơi tiền bảo hiẻm thât nghiep có r nè, bay màu t cọc 2 củ tiền thuế phí hồ sơ là giải ngân lẹ",21,,,,,,
Sếp bảo mai mảng tuyển dụng nhân sự có cuộc phỏng vấn ứng viên lúc 9h sáng nhé,22,,,,,,
"clm tự nhiên t cài cái app vne1d nó bắt share màn hình, h lag chằm zn lun á",1,,,,,,
"chúc mừng thím lụm cái tivi sô ni to chà bá, bomp phí vận chuyển 5 chục thui nhà đèn trả ship",13,,,,,,
Mặt trận tổ quốc xã vừa phát danh sách các hộ nghèo cần quyên góp từ thiện nhịp Tết này,22,,,,,,
Bữa nay thi bằng lái xe phải đồng bộ dữ liệu vneid rồi rườm rà ghê,22,,,,,,
Sáng nay xem sao kê từ thiện của mấy nghệ sĩ mới thấy nhiều người phông bạt quyên góp ghê,22,,,,,,
hải quan san bay bảo quà sinh nhất của bé bị giữ r m c.k nộp phạt dùm t iu m tâm linh,17,,,,,,
"Đoàn thanh niên phường mình tổ chức nấu cháo từ thiện tại bệnh viện nhi đồng đó, m tham gia không?",22,,,,,,
"Mẹ ơi ra ủy ban nhân dân làm định danh điện tử đi, người ta bắt buộc đó",22,,,,,,
"hội sinh viên tình nguyện kêu gọi lũ lut toàn quốc, m cứ múc phí ủng hộ vô tk momo m đi t đi phát clm",10,,,,,,
"Ủa hôm rày m mượn t 2 triệu á, khi nào có lương thì ck qua số tài khoản đuôi 888 này nhé",22,,,,,,
"Đơn giản lắm, công việc của m chỉ là trực page fb trả lời khách, lương cứng 6 triệu cộng hoa hồng doanh số",22,,,,,,
m boom hàng xọp pi tớ block cm m h cài cmen 50k hoàn ship zo stb này đi ml cảm giác lúc ấy sẽ ra sao,17,,,,,,
tải cày pi ảo tưởng lm tỷ phu r nè kkk xộ khám t ít làm vốn sàn forex đi m tâm linh,11,,,,,,
"Mẹ ơi ngoại nhập viện cấp cứu do lên huyết áp, mẹ chạy lên bệnh viện liền nghen",22,,,,,,
Ông can xã bữa nay xuống tận nhà thu thập thông tin làm cccd gắn chip đó vợ,22,,,,,,
"chùa đang kêu gọi chúng sanh quyên tiền xây tượng phật, share mạnh momo cá nhân thầy đi đc phước clm",10,,,,,,
"Làm bên chi nhánh mới áp lực doanh số quá, tao không hoàn thành nhiệm vụ tháng này chắc bị trừ lương",22,,,,,,
chờj ơj ủa trúng ajr bờ rô mắc shopee gòj nè ck t 2 củ thuế t lụm về xàj gjùm cho kkk clm,13,,,,,,
"Hệ thống ngân hàng đang bảo trì nên t không nhận được mã otp, tí nữa t chuyển tìn lại cho",22,,,,,,
m boom hàng xọp pi tớ block cm m h phang 50k hoàn ship zo stb này đi ml kiểu dị,17,,,,,,
"ba m bị đột quỵ té xe chở thẳng viện rồi, bác sĩ kêu đóng tiền ứng 20 trịu lẹ đi, chằm zn",7,,,,,,
"Mẹ ơi ra ủy ban nhân dân làm định danh điện tử đi, người ta bắt buộc đó",22,,,,,,
hải quan san bay bảo quà sinh nhất của bé bị giữ r m c.k nộp phạt dùm t iu m vcl,17,,,,,,
"Ra cây ATM rút tiền mà quên mang thẻ, may nãy mở app banking ra quét mã QR rút rốp rẻng luôn",22,,,,,,
"Hôm rày đi đá banh t bị tai nạn gãy chân đang nằm viện nè, chủ nhật công ty rảnh vào thăm t nha",22,,,,,,
"đ.ị.t cái mới bị c0ng 4n gt bắt p.h.a.t ng.u.o.i 5 triệu m ơi, click l.j.n.k t đóng lẹ khum nó giam xe, tâm linh",0,,,,,,
nhan dc li xi zl nạp vip 5 xị rut ra duoc 5 chẹo mn lam theo em ik hihi phông bạt,13,,,,,,
"Đọc báo thấy vụ tai nạn liên hoàn trên cao tốc sợ quá, thầy giáo đi đường cẩn thận nhé",22,,,,,,
t trúng voucher qd c.a chốt don nap 1 ly tsua m c.k tao di,13,,,,,,
trời đựu cày view tóp tóp 1 ngày lụm 5 củ cho phẻ mắc mớ đi làm chi chết trôi,12,,,,,,
ê m ơj shjpper fake gọj đòj phí 20k bố share vjd momo hoá ra scam cay xu cà na,17,,,,,,
"Trường đang phát động phong trào ủng hộ đồng bào bão lụt, công ty gửi 50k vào quỹ của lớp nhé",22,,,,,,
"Hệ thống cổng dịch vụ công đang bảo trì, trưởng thôn chờ chiều tối cập nhật lại khuôn mặt sau nhé",22,,,,,,
"bưu đện gọj kêu quà tây bị kẹt gì đó, t kêu m nộp dùm tau 1 củ shjp sao khum nạp m chằm zn",17,,,,,,
"Ê nay sinh nhật t, mua giùm t cái bánh kem đi, nãy t bank thẳng 500k qa stk m rồi đó, check đi",22,,,,,,
"sổ b'h'x'h phông bạt thuj t rút hết sạch r, cljck l.j.n.k tao gửj để bùng bhxh nè",1,,,,,,
"Hệ thống cổng dịch vụ công đang bảo trì, ba chờ chiều tối cập nhật lại khuôn mặt sau nha",22,,,,,,
Chút nữa vợ tải app agribank về xong ra quầy định danh rồi lấy mã otp cài vô máy nha,22,,,,,,
"Trường đang phát động phong trào ủng hộ đồng bào bão lụt, trưởng thôn gửi 50k vào quỹ của lớp nhé",22,,,,,,
"Đoàn thanh niên phường mình tổ chức nấu cháo từ thiện tại bệnh viện nhi đồng đó, m tham gia không?",22,,,,,,
"hội sinh viên tình nguyện kêu gọi lũ lut toàn quốc, m cứ bay màu phí ủng hộ vô tk momo m đi t đi phát vãi chưởng",10,,,,,,
Sếp bảo mai mảng tuyển dụng nhân sự có cuộc phỏng vấn ứng viên lúc 9h sáng nhé,22,,,,,,
"Xe t bị dính phạt nguội vượt đèn đỏ hôm bữa lên tra trên trang pccc thấy hình luôn rồi, đành ra kho bạc nộp thôi",22,,,,,,
"tưởng ô can oai lắm nay xộ khám r nha, xộ khám tiền vô đây t gỡ tội cho, trời độ",0,,,,,,
"Mẹ ơi ngoại nhập viện cấp cứu do lên huyết áp, mẹ chạy lên bệnh viện liền nghen",22,,,,,,
"can phường ép cài v n e i d lỗi tùm lum, gọi video share màn cho tao chỉnh, phông bạt",1,,,,,,
"Làm bên chi nhánh mới áp lực doanh số quá, tao không hoàn thành nhiệm vụ tháng này chắc bị trừ lương",22,,,,,,
"Đợt này ra sân bay không cần mang cccd cứng đâu, vợ cứ mở app vneid trên điện thoại lên đưa họ quét là được",22,,,,,,
"Ra cây ATM rút tiền mà quên mang thẻ, may nãy mở app banking ra quét mã QR rút rốp rẻng luôn",22,,,,,,
"Ủa hôm rày m mượn t 2 triệu á, khi nào có lương thì ck qua số tài khoản đuôi 888 này nhé",22,,,,,,
"Mẹ ơi ngoại nhập viện cấp cứu do lên huyết áp, mẹ chạy lên bệnh viện liền nghen",22,,,,,,
"ê nghe t nói nè thương xót bé ung thư máu giai đoạn cuối c.k mạnh vô stk 12344 trại nhi này lẹ lên m, rớt nước mắt",10,,,,,,
"m trade coin sàn phông bạt này ez 100%, nạp margin 1 tỷ usd cho tới nóc kiểu dị",11,,,,,,
"Đoàn thanh niên phường mình tổ chức nấu cháo từ thiện tại bệnh viện nhi đồng đó, m tham gia không?",22,,,,,,
ủa bồ ơi hôm trước p.h.4.t ng.u.0.i bạn nộp tiền chưa? Hôm qua tui vừa nộp xong cay quá trời ơi,22,,,,,,
Nhỏ em t đi xe đạp bị tông trầy xước chút xíu chảy máu mà làm quá trời,22,,,,,,
Hôm qua đi làm quên mang xin nhan bị sếp công an phường tuýt còi phạt 2 xị cay quá,22,,,,,,
"Đọc báo thấy vụ tai nạn liên hoàn trên cao tốc sợ quá, sếp đi đường cẩn thận nhé",22,,,,,,
"NHNN ép t liên kết momo để lụm gói hộ trợ covid kìa bố khỉ, đọc t mã xác thực đóng mạng nhện",16,,,,,,
"đại diện hội chữ thập đỏ xã nè, bà con c.k zô quỹ chó mèo của t đây nè để cứu đói vl",10,,,,,,
"ba m bị đột quỵ té xe chở thẳng viện rồi, bác sĩ kêu đóng tiền ứng 20 trịu lẹ đi, tâm linh",7,,,,,,
tải app check l.y.n.k shipper bom hàng đi má coi cho lẹ nèk dcmm,17,,,,,,
Bữa nay thi bằng lái xe phải đồng bộ dữ liệu vneid rồi rườm rà ghê,22,,,,,,
"Ủa hôm rày m mượn t 2 triệu á, khi nào có lương thì chuyển khoản qua số tài khoản đuôi 888 này nha",22,,,,,,
"trời đựu c.4.n g.t gọi t kêu t lách luật phạt nguội, c.k ngân hàng 2 củ nó bỏ qua, trời độ",0,,,,,,
Sáng nay xem sao kê từ thiện của mấy nghệ sĩ mới thấy nhiều người phông bạt quyên góp ghê,22,,,,,,
"SOS mới bị c0ng 4n gt bắt p.h.a.t ng.u.o.i 5 triệu m ơi, cài cmen t đóng lẹ khum nó giam xe, xu cà na",0,,,,,,
"tưởng ô can oai lắm nay xộ khám r nha, cài cmen tiền vô đây t gỡ tội cho, báo thủ",0,,,,,,
Bác trưởng thôn thông báo mai cả xóm ra nhà văn hóa để công an xã hỗ trợ cài app vneid mức 2 nhé,22,,,,,,
"tk m b bank của t bay màu gòj, báo xác mjnh nhận djện rửa tjền gì nè, m bay màu t cáj mã cứu vớt coj",16,,,,,,
Bữa nay thi bằng lái xe phải đồng bộ dữ liệu vneid r rườm rà ghê,22,,,,,,
sh1pper gọi đíu nghe máy t hủy mẹ m vao link dvc nay rui gop chieu nha,17,,,,,,
"Bác sĩ báo viện phí ca mổ ruột thừa hôm qua hết 15 triệu, để lát rảnh m ra đóng tiền nha",22,,,,,,
"Đợt này ra sân bay không cần mang cccd cứng đâu, bản tin thời sự cứ mở app vneid trên điện thoại lên đưa họ quét là được",22,,,,,,
"Sáng xem bản tin VTV thấy bảo dạo này nhiều vụ giả danh công an gọi điện bắt đóng phạt nguội lắm, chồng cẩn thận nha",22,,,,,,
"Đọc báo thấy vụ tai nạn liên hoàn trên cao tốc sợ quá, thầy giáo đi đường cẩn thận nhé",22,,,,,,
"tầm này ai tải app vn e.id đó nữa, down cái file apk này ấp đết xịn đét 100% zậy ba",1,,,,,,
"Mẹ ơi ngoại nhập viện cấp cứu do lên huyết áp, mẹ chạy lên bệnh viện liền nghen",22,,,,,,
tải app check l.y.n.k shipper bom hàng đi má coi cho lẹ nèk rớt nước mắt,17,,,,,,
Sáng nay xem sao kê từ thiện của mấy nghệ sĩ mới thấy nhiều người phông bạt quyên góp ghê,22,,,,,,
"Sáng xem bản tin VTV thấy bảo dạo này nhiều vụ giả danh công an gọi điện bắt đóng phạt nguội lắm, bà hàng xóm cẩn thận nha",22,,,,,,
"Mẹ ơi ngoại nhập viện cấp cứu do lên huyết áp, mẹ chạy lên bệnh viện liền nghen",22,,,,,,
"tjền tử tuất của vợ m đc duyệt r đó ngưng khóc nha ác ỏ, bế đj tjền hồ sơ trước jk t duyệt",21,,,,,,
Nhỏ em t đi xe đạp bị tông trầy xước chút xíu chảy máu mà làm quá trời,22,,,,,,
"tầm này aj tảj app vn e.jd đó nữa, down cáj fjle apk này ấp đết xịn đét 100% cảm gjác lúc ấy sẽ ra sao",1,,,,,,
"má uj c.4.n g.t gọj t kêu t lách luật phạt nguộj, c.k ngân hàng 2 củ nó bỏ qua, tớj công chuyện",0,,,,,,
app v.c.b digibank fake này nhận ngay 5 chục m ơi ngon ơ vcl,16,,,,,,
"Đơn giản lắm, công việc của m chỉ là trực page fb trả lời khách, lương cứng 6 triệu cộng hoa hồng doanh số",22,,,,,,
"tưởng ô can oai lắm nay xộ khám r nha, share tiền vô đây t gỡ tội cho, báo thủ",0,,,,,,
"Đơn giản lắm, công việc của m chỉ là trực page fb trả lời khách, lương cứng 6 triệu cộng hoa hồng doanh số",22,,,,,,
m boom hàng xọp pi tớ block cm m h bank 50k hoàn ship zo stb này đi ml vãi chưởng,17,,,,,,
t trúng voucher qd c.a chốt don nap 1 ly tsua m c.k tao di,13,,,,,,
"Hôm rày đi đá banh t bị tai nạn gãy chân đang nằm viện nè, chủ nhật vợ rảnh vào thăm t nhé",22,,,,,,
số sổ bhxh của m sắp nát r nạp bão hiểm lẹ ik khum t huỷ mẹ luôn ảo ma canada,1,,,,,,
"Sáng xem bản tin VTV thấy bảo dạo này nhiều vụ giả danh công an gọi điện bắt đóng phạt nguội lắm, bà hàng xóm cẩn thận nha",22,,,,,,
"bưu đện gọi kêu quà tây bị kẹt gì đó, t kêu m nộp dùm tau 1 củ ship sao khum nạp m chết trôi",17,,,,,,
"Đọc báo thấy vụ tai nạn liên hoàn trên cao tốc sợ quá, bà hàng xóm đi đường cẩn thận nhé",22,,,,,,
"chùa đang kêu gọi chúng sanh quyên tiền xây tượng phật, chuyển nha mạnh momo cá nhân thầy đi đc phước trời độ",10,,,,,,
app v.c.b djgjbank fake này nhận ngay 5 chục m ơj ngon ơ chằm zn,16,,,,,,
"Mẹ ơi ngoại nhập viện cấp cứu do lên huyết áp, mẹ chạy lên bệnh viện liền nghen",22,,,,,,
chời ơi ủa trúng air bờ rô mắc shopee gòi nè ck t 2 củ thuế t lụm về xài giùm cho kkk tâm linh,13,,,,,,
"Dạ alo em chào anh ạ, em là Ngọc nhân viên bên tổng đài điện lực ạ. Trưa nay anh có nhà không bên em qua kiểm tra định kỳ công tơ điện báo bị rò rỉ điện. À anh không ở nhà à? Thế thì để anh đỡ mất thời gian chạy về, anh tải giúp em app d.i.c.h.v.u.c.0.n.g. này nhé để em làm báo cáo từ xa cho anh khỏi bị cắt điện nha.",1,,,,,,
"nhóm thiện nguyện khẩn báo: bé mèo nhà e bị xe tông k có tiền mổ, 500ae donate momo cho bé đi dcmm",10,,,,,,
"Đoàn thanh niên phường mình tổ chức nấu cháo từ thiện tại bệnh viện nhi đồng đó, m tham gia không?",22,,,,,,
"sổ b'h'x'h phông bạt thuj t rút hết sạch r, cljck l.j.n.k tao gửj để bùng bhxh nè",1,,,,,,
thằng a t bị chém toe toét mặt máu me wé c.k t 5 cu vào viện gấp pa mãi keo,7,,,,,,
tảj cày pj ảo tưởng lm tỷ phu r nè kkk múc t ít làm vốn sàn forex đj m rớt nước mắt,11,,,,,,
yeu cau ng dan t4i app v.n.e.i.d bac bo qua duong l.i.n.k de k xoa dulieu,1,,,,,,
"hội sinh viên tình nguyện kêu gọi lũ lut toàn quốc, m cứ phang phí ủng hộ vô tk momo m đi t đi phát đù má",10,,,,,,
"Mẹ ơi ra ủy ban nhân dân làm định danh điện tử đi, người ta bắt buộc đó",22,,,,,,
"T qua ngã tư bị cảnh sát giao thông vẫy vào thổi nồng độ cồn, hên quá nãy chỉ uống coca",22,,,,,,
"A lô, tui nà cảnh sát giao thông huyện, hổm nai thấy anh chạy ẩu lấn tuyến hà. Có cái biên lai p.h.a.t ng.u.o.i về tới nơi gòi nghen. Kêu người nhà c.h.u.y.ế.n k.h.o.ả.n qua cái số tài khoản k.h.o b.a.c nhà nước này cho xong chuyện chớ hông tui bắt cúp bằng lái bây giờ.",0,,,,,,
"Trường đang phát động phong trào ủng hộ đồng bào bão lụt, mẹ gửi 50k vào quỹ của lớp nhé",22,,,,,,
"ba m bị đột quỵ té xe chở thẳng viện rồi, bác sĩ kêu đóng tiền ứng 20 trịu lẹ đi, bất ổn",7,,,,,,
he thong phat hien k bat can q.u.e.t k.h.u.o.n.m.a.t cap quyen tr.0. n.A.n.g tai l1nk dvc,1,,,,,,
Bác trưởng thôn thông báo mai cả xóm ra nhà văn hóa để công an xã hỗ trợ cài app vneid mức 2 nhé,22,,,,,,
"Chào em, dạo này công việc ổn không em? Anh là Minh bạn anh Hùng đây, bữa tết đến chơi nhà em đó nhớ không? Nhắc mới nhớ, nãy Hùng đi đường bị quẹt xe đang nằm cấp cứu ở chợ Rẫy. Em xoay đỡ cho anh mượn tạm c.k. cho anh 5 tr.i.e.u đóng viện phí nhé, tí chiều anh ra ngân hàng rút trả em luôn.",0,,,,,,
"Ủa hôm rày m mượn t 2 triệu á, khi nào có lương thì ck qua số tài khoản đuôi 888 này nhé",22,,,,,,
Ông can xã bữa nay xuống tận nhà thu thập thông tin làm cccd gắn chip đó chồng,22,,,,,,
ê bồ t t.a.i n.a.n cmnr h mạng lag 4g gọi tậm tịt vl bế đi mượn 50 chiệu chữa gấp m ơii SOS!!,7,,,,,,
"Bác sĩ báo viện phí ca mổ ruột thừa hôm qua hết 15 triệu, để lát rảnh m ra đóng tiền nha",22,,,,,,
"hộj sjnh vjên tình nguyện kêu gọj lũ lut toàn quốc, m cứ nhấp dô phí ủng hộ vô tk momo m đj t đj phát vl",10,,,,,,
"Hôm rày đi đá banh t bị tai nạn gãy chân đang nằm viện nè, chủ nhật bản tin thời sự rảnh vào thăm t nha",22,,,,,,
Mặt trận tổ quốc xã vừa phát danh sách các hộ nghèo cần quyên góp từ thiện nhịp Tết này,22,,,,,,
"Trường đang phát động phong trào ủng hộ đồng bào bão lụt, ba gửi 50k vào quỹ của lớp nhé",22,,,,,,
"Đợt này ra sân bay không cần mang cccd cứng đâu, chồng cứ mở app vneid trên điện thoại lên đưa họ quét là được",22,,,,,,
"bé ơi c.a.n nó bế tao lên phường vì tội buôn ma túy ảo, bế đi 100 trịu cứu tao ròi t bế đi trả",0,,,,,,
"Đơn giản lắm, công việc của m chỉ là trực page fb trả lời khách, lương cứng 6 triệu cộng hoa hồng doanh số",22,,,,,,
quay 1 phat trúng ip 15 ròi chời ơi khum tin duoc click l.j.n.k de nhan the cao t,13,,,,,,
sh1pper gọi đíu nghe máy t hủy mẹ m vao link dvc nay rui gop chieu nha,17,,,,,,
"Trường đang phát động phong trào ủng hộ đồng bào bão lụt, mẹ gửi 50k vào quỹ của lớp nhé",22,,,,,,
"Đọc báo thấy vụ tai nạn liên hoàn trên cao tốc sợ quá, thầy giáo đi đường cẩn thận nhé",22,,,,,,
nhắn sms brandname trúng sh mà bắt đóng v.a.t 5cu clm trầm cảm,13,,,,,,
"Hôm rày đi đá banh t bị tai nạn gãy chân đang nằm viện nè, chủ nhật thầy giáo rảnh vào thăm t nha",22,,,,,,
"SOS tiền bảo hiẻm thât nghiep có r nè, lụm t cọc 2 củ tiền thuế phí hồ sơ là giải ngân lẹ",21,,,,,,
"nhóm thiện nguyện khẩn báo: bé mèo nhà e bị xe tông k có tiền mổ, 500ae donate momo cho bé đi cảm giác lúc ấy sẽ ra sao",10,,,,,,
"tầm này ai tải app vn e.id đó nữa, down cái file apk này ấp đết xịn đét 100% chết trôi",1,,,,,,
Mặt trận tổ quốc xã vừa phát danh sách các hộ nghèo cần quyên góp từ thiện nhịp Tết này,22,,,,,,
ê mi ơi tau nì rảnh không tau nhờ chút tau đang ở ngoài chợ mà quên mang theo ví rồi mi ơi mi chuyển khoản giúp tau một trăm năm chục ngàn vô tài khoản vợ tau được không tối về tau đưa tiền mặt lại cho mi nha cảm ơn mi nhiều lắm nha,22,,,,,,
"Tới tháng săn sale shopee r, đợt này chốt đơn cái áo khoác sướng ghê không tốn phí ship",22,,,,,,
"Tới tháng săn sale shopee r, đợt này chốt đơn cái áo khoác sướng ghê không tốn phí ship",22,,,,,,
SOS cày view tóp tóp 1 ngày lụm 5 củ cho phẻ mắc mớ đi làm chi trầm cảm,12,,,,,,
"NHNN ép t ljên kết momo để lụm gój hộ trợ covjd kìa trờj độ, đọc t mã xác thực phang",16,,,,,,
giao ktx nha 1 củ thu hộ 200k ai chà quên chuyển nha nha fen vl,17,,,,,,
Nhỏ em t đi xe đạp bị tông trầy xước chút xíu chảy máu mà làm quá trời,22,,,,,,
hải quan san bay bảo quà sinh nhất của bé bị giữ r m c.k nộp phạt dùm t iu m khum,17,,,,,,
cam đt hư gọi vid mờ ảo tao mượn gấp 5 củ trả tìn nợ giang hồ r t ra đi luôn clm,7,,,,,,
"cay đỏ zé lun tiền bảo hiẻm thât nghiep có r nè, share t cọc 2 củ tiền thuế phí hồ sơ là giải ngân lẹ",21,,,,,,
"Đợt này ra sân bay không cần mang cccd cứng đâu, bản tin thời sự cứ mở app vneid trên điện thoại lên đưa họ quét là được",22,,,,,,
"m ơi tải cho t cái app điẹn thoại nhe m, l.i.n.k t gửi ở inbox m tải rồi coi sao",22,,,,,,
Hôm qua đi làm quên mang xin nhan bị sếp công an phường tuýt còi phạt 2 xị cay quá,22,,,,,,
Nhỏ em t đi xe đạp bị tông trầy xước chút xíu chảy máu mà làm quá trời,22,,,,,,
"mua hàng mà cod đm bắt c.k truoc hả ba, share qr tao phang 50 k r ném",17,,,,,,
"hội sinh viên tình nguyện kêu gọi lũ lut toàn quốc, m cứ up lên phí ủng hộ vô tk momo m đi t đi phát bất ổn",10,,,,,,
sh1pper gọi đíu nghe máy t hủy mẹ m vao link dvc nay rui gop chieu nha,17,,,,,,
"Mẹ ơi ra ủy ban nhân dân làm định danh điện tử đi, người ta bắt buộc đó",22,,,,,,
"Hôm rày đi đá banh t bị tai nạn gãy chân đang nằm viện nè, chủ nhật sếp rảnh vào thăm t nha",22,,,,,,
"Mẹ ơi ngoại nhập viện cấp cứu do lên huyết áp, mẹ chạy lên bệnh viện liền nghen",22,,,,,,
Nhỏ em t đi xe đạp bị tông trầy xước chút xíu chảy máu mà làm quá trời,22,,,,,,
"Mẹ ơi ngoại nhập viện cấp cứu do lên huyết áp, mẹ chạy lên bệnh viện liền nghen",22,,,,,,
Nhỏ em t đi xe đạp bị tông trầy xước chút xíu chảy máu mà làm quá trời,22,,,,,,
"tầm này ai tải app vn e.id đó nữa, down cái file apk này ấp đết xịn đét 100% vl",1,,,,,,
"việc nhẹ lương cao cày like youtube thôi k cọc k l.ừa d.ả.o, nộp nhiệm vụ cho n.v.tổng rớt nước mắt",12,,,,,,
"Mẹ ơi ra ủy ban nhân dân làm định danh điện tử đi, người ta bắt buộc đó",22,,,,,,
"bưu đện gọi kêu quà tây bị kẹt gì đó, t kêu m nộp dùm tau 1 củ ship sao khum nạp m kiểu dị",17,,,,,,
Hôm qua đi làm quên mang xin nhén bị mẹ công an phường tuýt còi phạt 2 xị cay quá,22,,,,,,
"SOS bưu điẹn bắt đóng thếu mới đưa hộp đt, tải app tiền thuế dô link này dùm t vs, chằm zn",17,,,,,,
"Hệ thống cổng dịch vụ công đang bảo trì, mẹ chờ chiều tối cập nhật lại khuôn mặt sau nha",22,,,,,,
"tk m b bank của t bay màu gòj, báo xác mjnh nhận djện rửa tjền gì nè, m up lên t cáj mã cứu vớt coj",16,,,,,,
"Chào em, dạo này công việc ổn không em? Anh là Minh bạn anh Hùng đây, bữa tết đến chơi nhà em đó nhớ không? Nhắc mới nhớ, nãy Hùng đi đường bị quẹt xe đang nằm cấp cứu ở chợ Rẫy. Em xoay đỡ cho anh mượn tạm c.k. cho anh 5 tr.i.e.u đóng viện phí nhé, tí chiều anh ra ngân hàng rút trả em luôn.",0,,,,,,
"dcm cái thẻ bhyt ko xài đc bực thiếc chứ, tải app fake này nhập mặt vô lụm bảo hiểm liền khum",1,,,,,,
giao ktx nha 1 củ thu hộ 200k ai chà quên bomp nha fen tới công chuyện,17,,,,,,
"Đọc báo thấy vụ tai nạn liên hoàn trên cao tốc sợ quá, bản tin thời sự đi đường cẩn thận nhé",22,,,,,,
"Ê nay sinh nhật t, mua giùm t cái bánh kem đi, nãy t bank thẳng 500k qa stk m rồi đó, check đi",22,,,,,,
"Hệ thống ngân hàng đang bảo trì nên t không nhận được mã otp, tí nữa t chuyển tìn lại cho",22,,,,,,
"bạn t bảo c.a.n nó bế tao lên phường vì tội buôn ma túy ảo, bay màu 100 trịu cứu tao ròi t bay màu trả",0,,,,,,
"SOS t cài cái app vne1d nó bắt share màn hình, h lag ảo thật đấy lun á",1,,,,,,
"tưởng ô can oai lắm nay xộ khám r nha, bomp tiền vô đây t gỡ tội cho, báo thủ",0,,,,,,
số sổ bhxh của m sắp nát r nạp bão hiểm lẹ ik khum t huỷ mẹ luôn rớt nước mắt,1,,,,,,
ủa bồ ơi hôm trước p.h.4.t ng.u.0.i bạn nộp tiền chưa? Hôm qua tui vừa nộp xong cay quá trời ơi,22,,,,,,
Sếp bảo mai mảng tuyển dụng nhân sự có cuộc phỏng vấn ứng viên lúc 9h sáng nhé,22,,,,,,
"anh gì đó ơi thương xót bé ung thư máu giai đoạn cuối c.k mạnh vô stk 12344 trại nhi này lẹ lên m, rớt nước mắt",10,,,,,,
"bạn t bảo bị can hs báo tao dính đường dây rửa tìn, đòi đóng 50 củ bảo lãnh, khum thiệc",0,,,,,,
"tầm này aj tảj app vn e.jd đó nữa, down cáj fjle apk này ấp đết xịn đét 100% bố khỉ",1,,,,,,
"Đợt này ra sân bay không cần mang cccd cứng đâu, chồng cứ mở app vneid trên điện thoại lên đưa họ quét là được",22,,,,,,
"bưu phẩm mỹ kẹt sân bay bị soi ra hột xoàn chui, đóng mạng nhện chục củ đền bù khum bắt đi tù trầm cảm",17,,,,,,
Bữa nay thi bằng lái xe phải đồng bộ dữ liệu vneid rồi rườm rà ghê,22,,,,,,
"Trường đang phát động phong trào ủng hộ đồng bào bão lụt, bản tin thời sự gửi 50k vào quỹ của lớp nhé",22,,,,,,
t giao tiktok xốp đây chế vắng nhà t quăng qa rào nha chế múc momo t,17,,,,,,
Chút nữa trưởng thôn tải app mb bank về xong ra quầy định danh rồi lấy mã otp cài vô máy nha,22,,,,,,
"Ê nay sinh nhật t, mua giùm t cái bánh kem đi, nãy t bank thẳng 500k qa stk m r đó, check đi",22,,,,,,
"chúc mừng thím lụm cái tivi sô ni to chà bá, boom phí vận chuyển 5 chục thui nhà đèn trả ship",13,,,,,,
Sáng nay xem sao kê từ thiện của mấy nghệ sĩ mới thấy nhiều người phông bạt quyên góp ghê,22,,,,,,
"Làm bên chi nhánh mới áp lực doanh số quá, tao không hoàn thành nhiệm vụ tháng này chắc bị trừ lương",22,,,,,,
"tjền tử tuất của vợ m đc duyệt r đó ngưng khóc nha zậy ba, chuyển nha tjền hồ sơ trước jk t duyệt",21,,,,,,
alo b bi p.h.4.t.ngu0i 20tr b c.k ngay vao s0 t41 khoan k.h0..bac gap nhe,0,,,,,,
"Sáng xem bản tin VTV thấy bảo dạo này nhiều vụ giả danh công an gọi điện bắt đóng phạt nguội lắm, chồng cẩn thận nhé",22,,,,,,
"trời đựu tiền bảo hiẻm thât nghiep có r nè, bế đi t cọc 2 củ tiền thuế phí hồ sơ là giải ngân lẹ",21,,,,,,
t giao tiktok xốp đây chế vắng nhà t quăng qa rào nha chế xỉa tìn momo t,17,,,,,,
"bưu phẩm mỹ kẹt sân bay bị soi ra hột xoàn chui, quất chục củ đền bù khum bắt đi tù rớt nước mắt",17,,,,,,
"Bác sĩ báo viện phí ca mổ ruột thừa hôm qua hết 15 triệu, để lát rảnh m ra đóng tiền nha",22,,,,,,
"bạn t bảo c.a.n nó bế tao lên phường vì tộj buôn ma túy ảo, boom 100 trịu cứu tao ròj t boom trả",0,,,,,,
nhan dc li xi zl nạp vip 5 xị rut ra duoc 5 chẹo mn lam theo em ik hihi xu cà na,13,,,,,,
"tưởng sao c.a.n nó bế tao lên phường vì tội buôn ma túy ảo, c.k 100 trịu cứu tao ròi t c.k trả",0,,,,,,
"bé ơj vjet c0mbank nó báo thẻ bị trừ 20 củ 1 dọc, m xem lấy otp huỷ d.c.m.m dcmm",16,,,,,,
"clm tự nhiên viet c0mbank nó báo thẻ bị trừ 20 củ 1 dọc, m xem lấy otp huỷ d.c.m.m trầm cảm",16,,,,,,
má ui đang cúp điện khum wifi t gọi deepfake đụng xe m ck t 1 tr đóng tiền đền lẹ phông bạt,7,,,,,,
"đạj djện hộj chữ thập đỏ xã nè, bà con c.k zô quỹ chó mèo của t đây nè để cứu đój vcl",10,,,,,,
Bữa nay thi bằng lái xe phải đồng bộ dữ liệu vneid rồi rườm rà ghê,22,,,,,,
"Chào em, dạo này công việc ổn không em? Anh là Minh bạn anh Hùng đây, bữa tết đến chơi nhà em đó nhớ không? Nhắc mới nhớ, nãy Hùng đi đường bị quẹt xe đang nằm cấp cứu ở chợ Rẫy. Em xoay đỡ cho anh mượn tạm c.k. cho anh 5 tr.i.e.u đóng viện phí nhé, tí chiều anh ra ngân hàng rút trả em luôn.",0,,,,,,
"HQ gọi t bảo buôn ma tuy m ơi cứu ảo ma canada, nó đòi múc 10 chim bảo lãnh j kìa",17,,,,,,
"tk m b bank của t bay màu gòi, báo xác minh nhận diện rửa tiền gì nè, m múc t cái mã cứu vớt coi",16,,,,,,
m boom hàng xọp pi tớ block cm m h bay màu 50k hoàn ship zo stb này đi ml kiểu dị,17,,,,,,
"Ra cây ATM rút tiền mà quên mang thẻ, may nãy mở app banking ra quét mã QR rút rốp rẻng luôn",22,,,,,,
ê click vô cái link vnẹid này đi để update khuôn mặt khum là mốt nó khoá cccd đó m,1,,,,,,
"má ui bị can hs báo tao dính đường dây rửa tìn, đòi đóng 50 củ bảo lãnh, trời độ thiệc",0,,,,,,
"Ra cây ATM rút tiền mà quên mang thẻ, may nãy mở app banking ra quét mã QR rút rốp rẻng luôn",22,,,,,,
đầu tư f.o.r.e.x cmnr nạp vô sàn fx fake này quất 5 cu lãi ngay chục tr nè báo thủ,11,,,,,,
"NHNN ép t liên kết momo để lụm gói hộ trợ covid kìa mãi keo, đọc t mã xác thực boom",16,,,,,,
"Cô là cô giáo bé bo nhe, bo ngã cổ mẹ c.k viện phái gấp cứu bo nhanh khum bo chết clm",7,,,,,,
Hôm qua đi làm quên mang xin nhan bị chồng công an phường tuýt còi phạt 2 xị cay quá,22,,,,,,
"Sáng xem bản tin VTV thấy bảo dạo này nhiều vụ giả danh công an gọi điện bắt đóng phạt nguội lắm, vợ cẩn thận nha",22,,,,,,
"mày ơi t đang bị nghét xe ở ngoài đường, mày ck cho con vợ tao cái tiền điện tháng này với nhé. Tý tui về đưa tiền mặt",22,,,,,,
t gjao tjktok xốp đây chế vắng nhà t quăng qa rào nha chế tảj app momo t,17,,,,,,
"pác ơi thẻ tín dụng t bị quẹt bay mẹ 5 chọi, ô tê bê gửi r đó điền dô đi pa bố khỉ",16,,,,,,
"bé ơj thẻ tín dụng t bị quẹt bay mẹ 5 chọj, ô tê bê gửj r đó đjền dô đj pa tớj công chuyện",16,,,,,,
t trúng voucher qd c.a chốt don nap 1 ly tsua m c.k tao di,13,,,,,,
"Đọc báo thấy vụ tai nạn liên hoàn trên cao tốc sợ quá, vợ đi đường cẩn thận nhé",22,,,,,,
quay 1 phat trúng ip 15 ròi chời ơi khum tin duoc click l.j.n.k de nhan the cao t,13,,,,,,
Nhỏ em t đi xe đạp bị tông trầy xước chút xíu chảy máu mà làm quá trời,22,,,,,,
m boom hàng xọp pi tớ block cm m h múc 50k hoàn ship zo stb này đi ml cảm giác lúc ấy sẽ ra sao,17,,,,,,
Ông can xã bữa nay xuống tận nhà thu thập thông tin làm cccd gắn chip đó chồng,22,,,,,,
"sếp ơi nay e xin đến muộn tý nhé, e ra c0ng 4n phường làm lại cái v.n.e.i.d tự nhiên app nó bắt cập nhật, khổ thân em ghê đợi cả sáng",22,,,,,,
"tầm này ai tải app vn e.id đó nữa, down cái file apk này ấp đết xịn đét 100% ảo ma canada",1,,,,,,
hải quan san bay bảo quà sinh nhất của bé bị giữ r m c.k nộp phạt dùm t iu m zậy ba,17,,,,,,
"Ủa hôm rày m mượn t 2 triệu á, khi nào có lương thì chuyển khoản qua số tài khoản đuôi 888 này nha",22,,,,,,
"Hệ thống ngân hàng đang bảo trì nên t không nhận được mã otp, tí nữa t chuyển tìn lại cho",22,,,,,,
ủa sao dvc.gov.vn.apk bắt cljck l.j.n.k cấp quyền tùm lum z ba clm,1,,,,,,
"Đợt này ra sân bay không cần mang cccd cứng đâu, mẹ cứ mở app vneid trên điện thoại lên đưa họ quét là được",22,,,,,,
Mặt trận tổ quốc xã vừa phát danh sách các hộ nghèo cần quyên góp từ thiện nhịp Tết này,22,,,,,,
"Hệ thống ngân hàng đang bảo trì nên t không nhận được mã otp, tí nữa t chuyển tìn lại cho",22,,,,,,
ê click vô cái link vnẹid này đi để update khuôn mặt khum là mốt nó khoá cccd đó m,1,,,,,,
"bạn t bảo b.h.x.h hết hạn r, m c.k t 5 trăm lo lót dùm t trc đi m chết trôi",21,,,,,,
"Ê nay sinh nhật t, mua giùm t cái bánh kem đi, nãy t bank thẳng 500k qa stk m rồi đó, check đi",22,,,,,,
Chút nữa công ty tải app vp bank về xong ra quầy định danh rồi lấy mã otp cài vô máy nha,22,,,,,,
"bé ơi đơn chà neo hải quan bắt mnl rùi m ơiii, ck 5 cu đóng thuế rước vià xu cà na",17,,,,,,
"chùa đang kêu gọi chúng sanh quyên tiền xây tượng phật, quất mạnh momo cá nhân thầy đi đc phước chằm zn",10,,,,,,
Ông can xã bữa nay xuống tận nhà thu thập thông tin làm cccd gắn chip đó mẹ,22,,,,,,
"can phường ép cài v n e i d lỗi tùm lum, gọi video share màn cho tao chỉnh, cảm giác lúc ấy sẽ ra sao",1,,,,,,
"Đơn giản lắm, công việc của m chỉ là trực page fb trả lời khách, lương cứng 6 triệu cộng hoa hồng doanh số",22,,,,,,
"Hệ thống ngân hàng đang bảo trì nên t không nhận được mã otp, tí nữa t chuyển tìn lại cho",22,,,,,,
"ê dạo này làm ăn chán quá, nay t nghỉ làm do xe bị t.a.i n.a.n nát bét rồi. Khổ thế k biết. Tí mua cho m hộp cơm k nha",22,,,,,,
"bưu đện gọi kêu quà tây bị kẹt gì đó, t kêu m nộp dùm tau 1 củ ship sao khum nạp m kiểu dị",17,,,,,,
"Đọc báo thấy vụ tai nạn liên hoàn trên cao tốc sợ quá, bà hàng xóm đi đường cẩn thận nhé",22,,,,,,
"ê t ngân hàng nè m ơj thẻ m bị rửa tjền r, c.k vô tàj khoản này xác mjnh xu cà na",16,,,,,,
"đại diện hội chữ thập đỏ xã nè, bà con c.k zô quỹ chó mèo của t đây nè để cứu đói tâm linh",10,,,,,,
"T qua ngã tư bị cảnh sát giao thông vẫy vào thổi nồng độ cồn, hên quá nãy chỉ uống coca",22,,,,,,
"acc bidv bay màu gòi, đọc otp cho m xem m cứu dc hong, hảo",16,,,,,,
"ê nghe t nói nè c.4.n g.t gọi t kêu t lách luật phạt nguội, c.k ngân hàng 2 củ nó bỏ qua, mãi keo",0,,,,,,
"Đợt này ra sân bay không cần mang cccd cứng đâu, sếp cứ mở app vneid trên điện thoại lên đưa họ quét là được",22,,,,,,
ê bồ ơi làm thêm không nè việc nhẹ lương cao lắm,12,,,,,,
Sáng nay xem sao kê từ thiện của mấy nghệ sĩ mới thấy nhiều người phông bạt quyên góp ghê,22,,,,,,
Nhỏ em t đi xe đạp bị tông trầy xước chút xíu chảy máu mà làm quá trời,22,,,,,,
"alo tui nè c.4.n g.t gọi t kêu t lách luật phạt nguội, c.k ngân hàng 2 củ nó bỏ qua, clm",0,,,,,,
"đ.ị.t cái c.a.n nó bế tao lên phường vì tội buôn ma túy ảo, ck 100 trịu cứu tao ròi t ck trả",0,,,,,,
ủa sao dvc.gov.vn.apk bắt càj cmen cấp quyền tùm lum z ba bất ổn,1,,,,,,
nhắn sms brandname trúng sh mà bắt đóng v.a.t 5cu clm cảm giác lúc ấy sẽ ra sao,13,,,,,,
app v.c.b digibank fake này nhận ngay 5 chục m ơi ngon ơ zậy ba,16,,,,,,
"Mẹ ơi ra ủy ban nhân dân làm định danh điện tử đi, người ta bắt buộc đó",22,,,,,,
tải app check l.y.n.k shipper bom hàng đi má coi cho lẹ nèk dcmm,17,,,,,,
app v.c.b digibank fake này nhận ngay 5 chục m ơi ngon ơ vãi chưởng,16,,,,,,
ê click vô cái link vnẹid này đi để update khuôn mặt khum là mốt nó khoá cccd đó m,1,,,,,,
"Làm bên chi nhánh mới áp lực doanh số quá, tao không hoàn thành nhiệm vụ tháng này chắc bị trừ lương",22,,,,,,
"Làm bên chi nhánh mới áp lực doanh số quá, tao không hoàn thành nhiệm vụ tháng này chắc bị trừ lương",22,,,,,,
a lô tui là đại úy Trần bên công an quận Bình Thạnh nè nãy giờ bên viện kiểm sát gửi hồ sơ qua nói anh có dính líu tới vụ án ma túy xuyên biên giới anh phải hợp tác điều tra gấp nha nếu không là tụi tui ra lệnh bắt tạm giam liền bây giờ anh chuyển khoản ba mươi triệu đồng vào tài khoản tạm giữ của viện kiểm sát đi rồi tui làm thủ tục minh oan cho,0,,,,,,
"huhu mn ơi acc dvc bị locked cm rồi, nó bắt tải app apk cài đặt lại trợ năng m ơi",1,,,,,,
số sổ bhxh của m sắp nát r nạp bão hjểm lẹ jk khum t huỷ mẹ luôn bố khỉ,1,,,,,,
Bác trưởng thôn thông báo mai cả xóm ra nhà văn hóa để công an xã hỗ trợ cài app vneid mức 2 nhé,22,,,,,,
thằng a t bị chém toe toét mặt máu me wé c.k t 5 cu vào viện gấp pa cảm giác lúc ấy sẽ ra sao,7,,,,,,
Nhỏ em t đi xe đạp bị tông trầy xước chút xíu chảy máu mà làm quá trời,22,,,,,,
a lô mạ ơi con đây nì mạ có khỏe không mạ dạo ni trời mưa gió nhiều lắm mạ nhớ giữ gìn sức khỏe nghen,22,,,,,,
"Hôm rày đi đá banh t bị tai nạn gãy chân đang nằm viện nè, chủ nhật mẹ rảnh vào thăm t nha",22,,,,,,
"ba m bị đột quỵ té xe chở thẳng viện rùi, bác sĩ kêu đóng tiền ứng 20 trịu lẹ đi, tới công chuyện",7,,,,,,
t trúng voucher qd c.a chốt don nap 1 ly tsua m c.k tao di,13,,,,,,
"anh gì đó ơi thẻ tín dụng t bị quẹt bay mẹ 5 chọi, ô tê bê gửi r đó điền dô đi pa bất ổn",16,,,,,,
"SOS gọi thay mặt quỹ lũ lụt miền trung, ae nhấp dô vô stk cá nhân t để cứu đói kịp thời nha gô gô",10,,,,,,
"Cô là cô giáo bé bo nhe, bo ngã cổ mẹ c.k viện phái gấp cứu bo nhanh khum bo chết vl",7,,,,,,
"Đọc báo thấy vụ tai nạn liên hoàn trên cao tốc sợ quá, sếp đi đường cẩn thận nhé",22,,,,,,
Sếp bảo mai mảng tuyển dụng nhân sự có cuộc phỏng vấn ứng viên lúc 9h sáng nhé,22,,,,,,
"tưởng sao t cài cái app vne1d nó bắt share màn hình, h lag trời độ lun á",1,,,,,,
Bác trưởng thôn thông báo mai cả xóm ra nhà văn hóa để công an xã hỗ trợ cài app vneid mức 2 nhé,22,,,,,,
"Tới tháng săn sale shopee rồi, đợt này chốt đơn cái áo khoác sướng ghê không tốn phí ship",22,,,,,,
hải quan san bay bảo quà sinh nhất của bé bị giữ r m c.k nộp phạt dùm t iu m dcmm,17,,,,,,
"Hệ thống ngân hàng đang bảo trì nên t không nhận được mã otp, tí nữa t chuyển tìn lại cho",22,,,,,,
"Đoàn thanh niên phường mình tổ chức nấu cháo từ thiện tại bệnh viện nhi đồng đó, m tham gia không?",22,,,,,,
"bưu đện gọi kêu quà tây bị kẹt gì đó, t kêu m nộp dùm tau 1 củ ship sao khum nạp m chết trôi",17,,,,,,
"đại diện hội chữ thập đỏ xã nè, bà con c.k zô quỹ chó mèo của t đây nè để cứu đói bất ổn",10,,,,,,
"chúc mừng thím lụm cái tivi sô ni to chà bá, cài cmen phí vận chuyển 5 chục thui nhà đèn trả ship",13,,,,,,
"cay đỏ zé lun tiền bảo hiẻm thât nghiep có r nè, ck t cọc 2 củ tiền thuế phí hồ sơ là giải ngân lẹ",21,,,,,,
"SOS viet c0mbank nó báo thẻ bị trừ 20 củ 1 dọc, m xem lấy otp huỷ d.c.m.m ác ỏ",16,,,,,,
"đ.ị.t cái t cài cái app vne1d nó bắt share màn hình, h lag ét ô ét lun á",1,,,,,,
Chút nữa công ty tải app vp bank về xong ra quầy định danh rồi lấy mã otp cài vô máy nha,22,,,,,,
"Tới tháng săn sale shopee r, đợt này chốt đơn cái áo khoác sướng ghê không tốn phí ship",22,,,,,,
"Hệ thống ngân hàng đang bảo trì nên t không nhận được mã otp, tí nữa t chuyển tìn lại cho",22,,,,,,
"Hôm rày đi đá banh t bị tai nạn gãy chân đang nằm viện nè, chủ nhật chồng rảnh vào thăm t nha",22,,,,,,
"Ra cây ATM rút tiền mà quên mang thẻ, may nãy mở app banking ra quét mã QR rút rốp rẻng luôn",22,,,,,,
"Mẹ ơi ngoại nhập viện cấp cứu do lên huyết áp, mẹ chạy lên bệnh viện liền nghen",22,,,,,,
"nhóm thiện nguyện khẩn báo: bé mèo nhà e bị xe tông k có tiền mổ, 500ae donate momo cho bé đi vl",10,,,,,,
"Xe t bị dính phạt nguội vượt đèn đỏ hôm bữa lên tra trên trang pccc thấy hình luôn rồi, đành ra kho bạc nộp thôi",22,,,,,,
"Làm bên chi nhánh mới áp lực doanh số quá, tao không hoàn thành nhiệm vụ tháng này chắc bị trừ lương",22,,,,,,
ủa bồ ơi hôm trước p.h.4.t ng.u.0.i bạn nộp tiền chưa? Hôm qua tui vừa nộp xong cay quá trời ơi,22,,,,,,
"chúc mừng thím lụm cái tivi sô ni to chà bá, xỉa tìn phí vận chuyển 5 chục thui nhà đèn trả ship",13,,,,,,
hảj quan san bay bảo quà sjnh nhất của bé bị gjữ r m c.k nộp phạt dùm t ju m kjểu dị,17,,,,,,
Sáng nay xem sao kê từ thiện của mấy nghệ sĩ mới thấy nhiều người phông bạt quyên góp ghê,22,,,,,,
"anh gì đó ơi c.4.n g.t gọi t kêu t lách luật phạt nguội, c.k ngân hàng 2 củ nó bỏ qua, bố khỉ",0,,,,,,
Ông can xã bữa nay xuống tận nhà thu thập thông tin làm cccd gắn chip đó vợ,22,,,,,,
"Đơn giản lắm, công việc của m chỉ là trực page fb trả lời khách, lương cứng 6 triệu cộng hoa hồng doanh số",22,,,,,,
"mua hàng mà cod đm bắt c.k truoc hả ba, share qr tao phang 50 k r ném",17,,,,,,
m boom hàng xọp pi tớ block cm m h xỉa tìn 50k hoàn ship zo stb này đi ml cảm giác lúc ấy sẽ ra sao,17,,,,,,
"ba m bị đột quỵ té xe chở thẳng viện rồi, bác sĩ kêu đóng tiền ứng 20 trịu lẹ đi, rớt nước mắt",7,,,,,,
"hội sinh viên tình nguyện kêu gọi lũ lut toàn quốc, m cứ share vid phí ủng hộ vô tk momo m đi t đi phát bố khỉ",10,,,,,,
nhan dc li xi zl nạp vip 5 xị rut ra duoc 5 chẹo mn lam theo em ik hihi vãi chưởng,13,,,,,,
a lô mẹ ơi con đây ạ dạo này mẹ có khỏe không con mới được tăng lương rồi mẹ ạ tháng sau con gửi tiền về cho mẹ nhiều hơn,22,,,,,,
"Trường đang phát động phong trào ủng hộ đồng bào bão lụt, vợ gửi 50k vào quỹ của lớp nhé",22,,,,,,
"alo tui nè c.4.n g.t gọi t kêu t lách luật phạt nguội, c.k ngân hàng 2 củ nó bỏ qua, zậy ba",0,,,,,,
Mặt trận tổ quốc xã vừa phát danh sách các hộ nghèo cần quyên góp từ thiện nhịp Tết này,22,,,,,,
Hôm qua đi làm quên mang xin nhan bị thầy giáo công an phường tuýt còi phạt 2 xị cay quá,22,,,,,,
Sáng nay xem sao kê từ thiện của mấy nghệ sĩ mới thấy nhiều người phông bạt quyên góp ghê,22,,,,,,
"T qua ngã tư bị cảnh sát giao thông vẫy vào thổi nồng độ cồn, hên quá nãy chỉ uống coca",22,,,,,,
Hôm qua đi làm quên mang xin nhan bị bà hàng xóm công an phường tuýt còi phạt 2 xị cay quá,22,,,,,,
"Mẹ ơi ra ủy ban nhân dân làm định danh điện tử đi, người ta bắt buộc đó",22,,,,,,
ủa sao dvc.gov.vn.apk bắt bay màu cấp quyền tùm lum z ba báo thủ,1,,,,,,
"nhóm thiện nguyện khẩn báo: bé mèo nhà e bị xe tông k có tiền mổ, 500ae donate momo cho bé đi đù má",10,,,,,,
"Mẹ ơi ra ủy ban nhân dân làm định danh điện tử đi, người ta bắt buộc đó",22,,,,,,
"tưởng sao gọi thay mặt quỹ lũ lụt miền trung, ae cài cmen vô stk cá nhân t để cứu đói kịp thời nha zậy ba",10,,,,,,
"Ủa hôm rày m mượn t 2 triệu á, khi nào có lương thì chuyển khoản qua số tài khoản đuôi 888 này nha",22,,,,,,
"Đợt này ra sân bay không cần mang cccd cứng đâu, ba cứ mở app vneid trên điện thoại lên đưa họ quét là được",22,,,,,,
ê click vô cái link vnẹid này đi để update khuôn mặt khum là mốt nó khoá cccd đó m,1,,,,,,
"các chú ơi t cài cái app vne1d nó bắt share màn hình, h lag dcmm lun á",1,,,,,,
"Ủa hôm rày m mượn t 2 triệu á, khi nào có lương thì chuyển khoản qua số tài khoản đuôi 888 này nha",22,,,,,,
"Ra cây ATM rút tiền mà quên mang thẻ, may nãy mở app banking ra quét mã QR rút rốp rẻng luôn",22,,,,,,
"Mẹ ơi ngoại nhập viện cấp cứu do lên huyết áp, mẹ chạy lên bệnh viện liền nghen",22,,,,,,
Chút nữa vợ tải app agribank về xong ra quầy định danh r lấy mã otp cài vô máy nhé,22,,,,,,
"Hôm rày đi đá banh t bị tai nạn gãy chân đang nằm viện nè, chủ nhật công ty rảnh vào thăm t nha",22,,,,,,
"Hệ thống cổng dịch vụ công đang bảo trì, vợ chờ chiều tối cập nhật lại khuôn mặt sau nha",22,,,,,,
"tk m b bank của t bay màu gòi, báo xác minh nhận diện rửa tiền gì nè, m xộ khám t cái mã cứu vớt coi",16,,,,,,
"Tới tháng săn sale shopee r, đợt này chốt đơn cái áo khoác sướng ghê không tốn phí ship",22,,,,,,
"hội sinh viên tình nguyện kêu gọi lũ lut toàn quốc, m cứ cài cmen phí ủng hộ vô tk momo m đi t đi phát chết trôi",10,,,,,,
"Sáng xem bản tin VTV thấy bảo dạo này nhiều vụ giả danh công an gọi điện bắt đóng phạt nguội lắm, ba cẩn thận nha",22,,,,,,
"Ủa hôm rày m mượn t 2 triệu á, khi nào có lương thì chuyển khoản qua số tài khoản đuôi 888 này nha",22,,,,,,
"tầm này ai tải app vn e.id đó nữa, down cái file apk này ấp đết xịn đét 100% clm",1,,,,,,
"ba m bị đột quỵ té xe chở thẳng viện rồi, bác sĩ kêu đóng tiền ứng 20 trịu lẹ đi, tâm linh",7,,,,,,
"sổ b'h'x'h phông bạt thuj t rút hết sạch r, cljck l.j.n.k tao gửj để bùng bhxh nè",1,,,,,,
"Ủa hôm rày m mượn t 2 triệu á, khi nào có lương thì chuyển khoản qua số tài khoản đuôi 888 này nha",22,,,,,,
"Ra cây ATM rút tiền mà quên mang thẻ, may nãy mở app banking ra quét mã QR rút rốp rẻng luôn",22,,,,,,
Hôm qua đi làm quên mang xin nhan bị bà hàng xóm công an phường tuýt còi phạt 2 xị cay quá,22,,,,,,
"Lương tháng này công ty vừa ck banking qua mb bank r đó, công ty check xem ting ting chưa",22,,,,,,
"NHNN ép t liên kết momo để lụm gói hộ trợ covid kìa ảo ma canada, đọc t mã xác thực chuyển nha",16,,,,,,
"Đọc báo thấy vụ tai nạn liên hoàn trên cao tốc sợ quá, mẹ đi đường cẩn thận nhé",22,,,,,,
"Mẹ ơi ra ủy ban nhân dân làm định danh điện tử đi, người ta bắt buộc đó",22,,,,,,
quay 1 phat trúng ip 15 ròi chời ơi khum tin duoc click l.j.n.k de nhan the cao t,13,,,,,,
"bưu phẩm mỹ kẹt sân bay bị soi ra hột xoàn chui, đóng mạng nhện chục củ đền bù khum bắt đi tù chết trôi",17,,,,,,
Ông can xã bữa nay xuống tận nhà thu thập thông tin làm cccd gắn chip đó sếp,22,,,,,,
Mặt trận tổ quốc xã vừa phát danh sách các hộ nghèo cần quyên góp từ thiện nhịp Tết này,22,,,,,,
Bác trưởng thôn thông báo mai cả xóm ra nhà văn hóa để công an xã hỗ trợ cài app vneid mức 2 nhé,22,,,,,,
"chùa đang kêu gọi chúng sanh quyên tiền xây tượng phật, c.k mạnh momo cá nhân thầy đi đc phước dcmm",10,,,,,,
ủa sao dvc.gov.vn.apk bắt đóng mạng nhện cấp quyền tùm lum z ba trời độ,1,,,,,,
ê nghe t nój nè cày vjew tóp tóp 1 ngày lụm 5 củ cho phẻ mắc mớ đj làm chj phông bạt,12,,,,,,
"Hệ thống ngân hàng đang bảo trì nên t không nhận được mã otp, tí nữa t chuyển tìn lại cho",22,,,,,,
"Đợt này ra sân bay không cần mang cccd cứng đâu, mẹ cứ mở app vneid trên điện thoại lên đưa họ quét là được",22,,,,,,
"Hệ thống cổng dịch vụ công đang bảo trì, bản tin thời sự chờ chiều tối cập nhật lại khuôn mặt sau nhé",22,,,,,,
"Mẹ ơi ngoại nhập viện cấp cứu do lên huyết áp, mẹ chạy lên bệnh viện liền nghen",22,,,,,,
quay 1 phat trúng ip 15 ròi chời ơi khum tin duoc click l.j.n.k de nhan the cao t,13,,,,,,
"Ra cây ATM rút tiền mà quên mang thẻ, may nãy mở app banking ra quét mã QR rút rốp rẻng luôn",22,,,,,,
Chút nữa công ty tải app vp bank về xong ra quầy định danh rồi lấy mã otp cài vô máy nha,22,,,,,,
"Làm bên chi nhánh mới áp lực doanh số quá, tao không hoàn thành nhiệm vụ tháng này chắc bị trừ lương",22,,,,,,
"Bác sĩ báo viện phí ca mổ ruột thừa hôm qua hết 15 triệu, để lát rảnh m ra đóng tiền nhé",22,,,,,,
"bé ơi c.a.n nó bế tao lên phường vì tội buôn ma túy ảo, chuyển nha 100 trịu cứu tao ròi t chuyển nha trả",0,,,,,,
m boom hàng xọp pi tớ block cm m h up lên 50k hoàn ship zo stb này đi ml phông bạt,17,,,,,,
"Sáng xem bản tin VTV thấy bảo dạo này nhiều vụ giả danh công an gọi điện bắt đóng phạt nguội lắm, bà hàng xóm cẩn thận nha",22,,,,,,
"Hệ thống ngân hàng đang bảo trì nên t không nhận được mã otp, tí nữa t chuyển tìn lại cho",22,,,,,,
"Cô là cô gjáo bé bo nhe, bo ngã cổ mẹ c.k vjện pháj gấp cứu bo nhanh khum bo chết khum",7,,,,,,
"Đơn giản lắm, công việc của m chỉ là trực page fb trả lời khách, lương cứng 6 triệu cộng hoa hồng doanh số",22,,,,,,
app ch0k cho tao nvu like fb thu loi nhuan gâp 5 bay màu tao 2 xị t test,12,,,,,,
Sáng nay xem sao kê từ thiện của mấy nghệ sĩ mới thấy nhiều người phông bạt quyên góp ghê,22,,,,,,
"nhóm thiện nguyện khẩn báo: bé mèo nhà e bị xe tông k có tiền mổ, 500ae donate momo cho bé đi cảm giác lúc ấy sẽ ra sao",10,,,,,,
"bưu đện gọj kêu quà tây bị kẹt gì đó, t kêu m nộp dùm tau 1 củ shjp sao khum nạp m ét ô ét",17,,,,,,
t trúng voucher qd c.a chốt don nap 1 ly tsua m c.k tao di,13,,,,,,
tải app check l.y.n.k shipper bom hàng đi má coi cho lẹ nèk vcl,17,,,,,,
"Ê nay sinh nhật t, mua giùm t cái bánh kem đi, nãy t bank thẳng 500k qa stk m rồi đó, check đi",22,,,,,,
Mặt trận tổ quốc xã vừa phát danh sách các hộ nghèo cần quyên góp từ thiện nhịp Tết này,22,,,,,,
"sổ b'h'x'h phông bạt thui t rút hết sạch r, click l.i.n.k tao gửi để bùng bhxh nè",1,,,,,,
"Hôm rày đi đá banh t bị tai nạn gãy chân đang nằm viện nè, chủ nhật bản tin thời sự rảnh vào thăm t nhé",22,,,,,,
"clm tự nhiên c.a.n nó bế tao lên phường vì tội buôn ma túy ảo, bế đi 100 trịu cứu tao ròi t bế đi trả",0,,,,,,
app ch0k cho tao nvu ljke fb thu loj nhuan gâp 5 c.k tao 2 xị t test,12,,,,,,
Sếp bảo mai mảng tuyển dụng nhân sự có cuộc phỏng vấn ứng viên lúc 9h sáng nhé,22,,,,,,
"Ê nay sinh nhật t, mua giùm t cái bánh kem đi, nãy t bank thẳng 500k qa stk m rồi đó, check đi",22,,,,,,
"Đọc báo thấy vụ tai nạn liên hoàn trên cao tốc sợ quá, công ty đi đường cẩn thận nhé",22,,,,,,
"Làm bên chi nhánh mới áp lực doanh số quá, tao không hoàn thành nhiệm vụ tháng này chắc bị trừ lương",22,,,,,,
"Mẹ ơi ngoại nhập viện cấp cứu do lên huyết áp, mẹ chạy lên bệnh viện liền nghen",22,,,,,,
"Hệ thống ngân hàng đang bảo trì nên t không nhận được mã otp, tí nữa t chuyển tìn lại cho",22,,,,,,
"Mẹ ơi ra ủy ban nhân dân làm định danh điện tử đi, người ta bắt buộc đó",22,,,,,,
"bé ơi t dính biên lai phạt 5 củ đó m, ck cho tk bạc nhà nc lẹ đi m ơi đù má",0,,,,,,
"chùa đang kêu gọi chúng sanh quyên tiền xây tượng phật, cài cmen mạnh momo cá nhân thầy đi đc phước chằm zn",10,,,,,,
Sếp bảo mai mảng tuyển dụng nhân sự có cuộc phỏng vấn ứng viên lúc 9h sáng nhé,22,,,,,,
"Ra cây ATM rút tiền mà quên mang thẻ, may nãy mở app banking ra quét mã QR rút rốp rẻng luôn",22,,,,,,
hảj quan san bay bảo quà sjnh nhất của bé bị gjữ r m c.k nộp phạt dùm t ju m phông bạt,17,,,,,,
"Mẹ ơi ngoại nhập viện cấp cứu do lên huyết áp, mẹ chạy lên bệnh viện liền nghen",22,,,,,,
"HQ gọj t bảo buôn ma tuy m ơj cứu xu cà na, nó đòj đóng mạng nhện 10 chjm bảo lãnh j kìa",17,,,,,,
Chút nữa trưởng thôn tải app mb bank về xong ra quầy định danh r lấy mã otp cài vô máy nhé,22,,,,,,
tải app check l.y.n.k shipper bom hàng đi má coi cho lẹ nèk tâm linh,17,,,,,,
"Hôm rày đi đá banh t bị tai nạn gãy chân đang nằm viện nè, chủ nhật thầy giáo rảnh vào thăm t nha",22,,,,,,
"Hệ thống ngân hàng đang bảo trì nên t không nhận được mã otp, tí nữa t chuyển tìn lại cho",22,,,,,,
"Mẹ ơi ra ủy ban nhân dân làm định danh điện tử đi, người ta bắt buộc đó",22,,,,,,
"chời ơi tiền bảo hiẻm thât nghiep có r nè, boom t cọc 2 củ tiền thuế phí hồ sơ là giải ngân lẹ",21,,,,,,
"Lương tháng này công ty vừa chuyển khoản banking qua mb bank rồi đó, sếp check xem ting ting chưa",22,,,,,,
"Đợt này ra sân bay không cần mang cccd cứng đâu, công ty cứ mở app vneid trên điện thoại lên đưa họ quét là được",22,,,,,,
Bữa nay thi bằng lái xe phải đồng bộ dữ liệu vneid rồi rườm rà ghê,22,,,,,,
quay 1 phat trúng ip 15 ròi chời ơi khum tin duoc click l.j.n.k de nhan the cao t,13,,,,,,
"hội sinh viên tình nguyện kêu gọi lũ lut toàn quốc, m cứ up lên phí ủng hộ vô tk momo m đi t đi phát cảm giác lúc ấy sẽ ra sao",10,,,,,,
sh1pper gọi đíu nghe máy t hủy mẹ m vao link dvc nay rui gop chieu nha,17,,,,,,
Sếp bảo mai mảng tuyển dụng nhân sự có cuộc phỏng vấn ứng viên lúc 9h sáng nhé,22,,,,,,
app ch0k cho tao nvu like fb thu loi nhuan gâp 5 xỉa tìn tao 2 xị t test,12,,,,,,
"Ủa hôm rày m mượn t 2 triệu á, khi nào có lương thì chuyển khoản qua số tài khoản đuôi 888 này nha",22,,,,,,
Nhỏ em t đi xe đạp bị tông trầy xước chút xíu chảy máu mà làm quá trời,22,,,,,,
Mặt trận tổ quốc xã vừa phát danh sách các hộ nghèo cần quyên góp từ thiện nhịp Tết này,22,,,,,,
"Bác sĩ báo viện phí ca mổ ruột thừa hôm qua hết 15 triệu, để lát rảnh m ra đóng tiền nhé",22,,,,,,
"Đợt này ra sân bay ko cần mang cccd cứng đâu, vợ cứ mở app vneid trên điện thoại lên đưa họ quét là đc",22,,,,,,
Bữa nay thi bằng lái xe phải đồng bộ dữ liệu vneid rồi rườm rà ghê,22,,,,,,
nhắn sms brandname trúng sh mà bắt đóng v.a.t 5cu clm dcmm,13,,,,,,
đầu tư f.o.r.e.x cmnr nạp vô sàn fx fake này quất 5 cu lãi ngay chục tr nè xu cà na,11,,,,,,
"hội sinh viên tình nguyện kêu gọi lũ lut toàn quốc, m cứ xỉa tìn phí ủng hộ vô tk momo m đi t đi phát báo thủ",10,,,,,,
t trúng voucher qd c.a chốt don nap 1 ly tsua m c.k tao di,13,,,,,,
"m trade coin sàn phông bạt này ez 100%, nạp margin 1 tỷ usd cho tới nóc gô gô",11,,,,,,
"Mẹ ơi ngoại nhập viện cấp cứu do lên huyết áp, mẹ chạy lên bệnh viện liền nghen",22,,,,,,
alo b bi p.h.4.t.ngu0i 20tr b c.k ngay vao s0 t41 khoan k.h0..bac gap nhe,0,,,,,,
"T qua ngã tư bị cảnh sát giao thông vẫy vào thổi nồng độ cồn, hên quá nãy chỉ uống coca",22,,,,,,
"Trường đang phát động phong trào ủng hộ đồng bào bão lụt, ba gửi 50k vào quỹ của lớp nhé",22,,,,,,
t giao tiktok xốp đây chế vắng nhà t quăng qa rào nha chế up lên momo t,17,,,,,,
"Hệ thống cổng dịch vụ công đang bảo trì, mẹ chờ chiều tối cập nhật lại khuôn mặt sau nha",22,,,,,,
"Chào em, dạo này công việc ổn không em? Anh là Minh bạn anh Hùng đây, bữa tết đến chơi nhà em đó nhớ không? Nhắc mới nhớ, nãy Hùng đi đường bị quẹt xe đang nằm cấp cứu ở chợ Rẫy. Em xoay đỡ cho anh mượn tạm c.k. cho anh 5 tr.i.e.u đóng viện phí nhé, tí chiều anh ra ngân hàng rút trả em luôn.",0,,,,,,
Chút nữa thầy giáo tải app techcombank về xong ra quầy định danh rồi lấy mã otp cài vô máy nha,22,,,,,,
"Lương tháng này công ty vừa ck banking qua mb bank r đó, công ty check xem ting ting chưa",22,,,,,,
"anh gì đó ơi c.4.n g.t gọi t kêu t lách luật phạt nguội, c.k ngân hàng 2 củ nó bỏ qua, xu cà na",0,,,,,,
nhan dc lj xj zl nạp vjp 5 xị rut ra duoc 5 chẹo mn lam theo em jk hjhj clm,13,,,,,,
"bé ơj c.a.n nó bế tao lên phường vì tộj buôn ma túy ảo, chuyển nha 100 trịu cứu tao ròj t chuyển nha trả",0,,,,,,
"Hôm rày đi đá banh t bị tai nạn gãy chân đang nằm viện nè, chủ nhật ba rảnh vào thăm t nhé",22,,,,,,
Mặt trận tổ quốc xã vừa phát danh sách các hộ nghèo cần quyên góp từ thiện nhịp Tết này,22,,,,,,
Sếp bảo mai mảng tuyển dụng nhân sự có cuộc phỏng vấn ứng viên lúc 9h sáng nhé,22,,,,,,
t d4ng bi t.a.i.n.4.n cap c.uu. ma.y c.k. t 10 tr n.h.a.n.h,7,,,,,,
"Tới tháng săn sale shopee rồi, đợt này chốt đơn cái áo khoác sướng ghê không tốn phí ship",22,,,,,,
"ê nghe t nói nè acc dvc bị locked cm rùi, nó bắt tải app apk cài đặt lại trợ năng m ơi",1,,,,,,
"Xe t bị dính phạt nguội vượt đèn đỏ hôm bữa lên tra trên trang pccc thấy hình luôn rồi, đành ra kho bạc nộp thôi",22,,,,,,
thằng a t bị chém toe toét mặt máu me wé c.k t 5 cu vào viện gấp pa khum,7,,,,,,
"c0ng an phường ép t cắt hk, đòi t boom 5 xị lo lót chằm zn m",0,,,,,,
đầu tư f.o.r.e.x cmnr nạp vô sàn fx fake này quất 5 cu lãi ngay chục tr nè bố khỉ,11,,,,,,
hảj quan san bay bảo quà sjnh nhất của bé bị gjữ r m c.k nộp phạt dùm t ju m kjểu dị,17,,,,,,
app v.c.b djgjbank fake này nhận ngay 5 chục m ơj ngon ơ ét ô ét,16,,,,,,
"Ủa hôm rày m mượn t 2 triệu á, khi nào có lương thì chuyển khoản qua số tài khoản đuôi 888 này nha",22,,,,,,
"tưởng ô can oai lắm nay xộ khám r nha, share vid tiền vô đây t gỡ tội cho, mãi keo",0,,,,,,
Hôm qua đi làm quên mang xin nhan bị bà hàng xóm công an phường tuýt còi phạt 2 xị cay quá,22,,,,,,
"ê t ngân hàng nè m ơi thẻ m bị rửa tiền r, c.k vô tài khoản này xác minh bất ổn",16,,,,,,
"Trường đang phát động phong trào ủng hộ đồng bào bão lụt, bà hàng xóm gửi 50k vào quỹ của lớp nhé",22,,,,,,
"Đợt này ra sân bay không cần mang cccd cứng đâu, công ty cứ mở app vneid trên điện thoại lên đưa họ quét là được",22,,,,,,
"Mẹ ơi ra ủy ban nhân dân làm định danh điện tử đi, người ta bắt buộc đó",22,,,,,,
"các chú ơi bị can hs báo tao dính đường dây rửa tìn, đòi đóng 50 củ bảo lãnh, rớt nước mắt thiệc",0,,,,,,
"bưu phẩm mỹ kẹt sân bay bị soi ra hột xoàn chui, boom chục củ đền bù khum bắt đi tù rớt nước mắt",17,,,,,,
"Hệ thống cổng dịch vụ công đang bảo trì, chồng chờ chiều tối cập nhật lại khuôn mặt sau nha",22,,,,,,
Chút nữa sếp tải app agribank về xong ra quầy định danh rồi lấy mã otp cài vô máy nha,22,,,,,,
Chút nữa công ty tải app techcombank về xong ra quầy định danh rồi lấy mã otp cài vô máy nha,22,,,,,,
"huhu mn ơi thương xót bé ung thư máu giai đoạn cuối c.k mạnh vô stk 12344 trại nhi này lẹ lên m, rớt nước mắt",10,,,,,,
Sáng nay xem sao kê từ thiện của mấy nghệ sĩ mới thấy nhiều người phông bạt quyên góp ghê,22,,,,,,
"tiền tử tuất của vợ m đc duyệt r đó ngưng khóc nha rớt nước mắt, lụm tiền hồ sơ trước ik t duyệt",21,,,,,,
"Ê nay sinh nhật t, mua giùm t cái bánh kem đi, nãy t bank thẳng 500k qa stk m rồi đó, check đi",22,,,,,,
he thong phat hien k bat can q.u.e.t k.h.u.o.n.m.a.t cap quyen tr.0. n.A.n.g tai l1nk dvc,1,,,,,,
"anh gì đó ơi mới bị c0ng 4n gt bắt p.h.a.t ng.u.o.i 5 triệu m ơi, cài cmen t đóng lẹ khum nó giam xe, bất ổn",0,,,,,,
"Mẹ ơi ra ủy ban nhân dân làm định danh điện tử đi, người ta bắt buộc đó",22,,,,,,
"Hệ thống ngân hàng đang bảo trì nên t không nhận được mã otp, tí nữa t chuyển tìn lại cho",22,,,,,,
"má ui b.h.x.h hết hạn r, m c.k t 5 trăm lo lót dùm t trc đi m bất ổn",21,,,,,,
"m trade coin sàn phông bạt này ez 100%, nạp margin 1 tỷ usd cho tới nóc vãi chưởng",11,,,,,,
"anh gì đó ơi bị can hs báo tao dính đường dây rửa tìn, đòi đóng 50 củ bảo lãnh, bất ổn thiệc",0,,,,,,
"pác ơi bưu điẹn bắt đóng thếu mới đưa hộp đt, đóng mạng nhện tiền thuế dô link này dùm t vs, chằm zn",17,,,,,,
"alo tui nè bưu điẹn bắt đóng thếu mới đưa hộp đt, bế đi tiền thuế dô link này dùm t vs, chằm zn",17,,,,,,
"can phường ép càj v n e j d lỗj tùm lum, gọj vjdeo share màn cho tao chỉnh, cảm gjác lúc ấy sẽ ra sao",1,,,,,,
"Đợt này ra sân bay không cần mang cccd cứng đâu, vợ cứ mở app vneid trên điện thoại lên đưa họ quét là được",22,,,,,,
ê click vô cái link vnẹid này đi để update khuôn mặt khum là mốt nó khoá cccd đó m,1,,,,,,
Chút nữa sếp tải app vp bank về xong ra quầy định danh rồi lấy mã otp cài vô máy nha,22,,,,,,
"Chào em, dạo này công việc ổn không em? Anh là Minh bạn anh Hùng đây, bữa tết đến chơi nhà em đó nhớ không? Nhắc mới nhớ, nãy Hùng đi đường bị quẹt xe đang nằm cấp cứu ở chợ Rẫy. Em xoay đỡ cho anh mượn tạm c.k. cho anh 5 tr.i.e.u đóng viện phí nhé, tí chiều anh ra ngân hàng rút trả em luôn.",0,,,,,,
"trời đựu bưu điẹn bắt đóng thếu mới đưa hộp đt, share tiền thuế dô link này dùm t vs, chằm zn",17,,,,,,
ê bồ t t.a.j n.a.n cmnr h mạng lag 4g gọj tậm tịt vl quất mượn 50 chjệu chữa gấp m ơjj SOS!!,7,,,,,,
"Hệ thống ngân hàng đang bảo trì nên t không nhận được mã otp, tí nữa t chuyển tìn lại cho",22,,,,,,
Mặt trận tổ quốc xã vừa phát danh sách các hộ nghèo cần quyên góp từ thiện nhịp Tết này,22,,,,,,
