"text","label"
"Alo mẹ ơi, con bị tai nạn gấp lắm, mẹ chuyển ngay 50 triệu vào tài khoản này để bác sĩ phẫu thuật gấp cho con.","4"
"Ba ơi con đang bị công an giữ, con cần ba chuyển tiền gấp không thì con bị bắt, ba chuyển nhanh đi.","7"
"Mẹ ơi con đang ở bệnh viện, con bị đánh rất nặng, mẹ gọi video cho con đi, con cần mẹ chuyển tiền cấp cứu ngay.","7"
"Anh ơi em đang bị bắt cóc, họ nói nếu anh không chuyển 100 triệu trong vòng 1 tiếng thì em sẽ bị hại.","7"
"Con ơi, đây là mẹ, mẹ bị giữ ở đồn công an, mẹ cần con chuyển tiền bảo lãnh gấp 30 triệu, con đừng nói ai.","7"
"Bạn ơi mình đang gặp nạn, mình bị cướp hết tiền rồi, bạn chuyển cho mình 10 triệu để mình về nhà, mình sẽ trả lại ngay.","7"
"Alo đây là con gái ba, con đang ở nước ngoài, con bị mất hết giấy tờ và tiền, ba chuyển gấp 20 triệu cho con nhé.","7"
"Mẹ ơi giọng con đây, con gọi video mẹ thấy mặt con không, con bị tai nạn xe máy đang nằm viện cần tiền gấp.","7"
"Ba ơi con đây, con gọi video để ba thấy mặt con, con đang ở bệnh viện Chợ Rẫy, bác sĩ nói cần mổ gấp phải đóng tiền trước.","7"
"Chị ơi em đây, em gọi video cho chị thấy, em bị thương nặng lắm, chị chuyển giúp em 15 triệu vào số tài khoản này.","7"
"Alo anh ơi, đây là em Hương, em vừa bị cướp giật điện thoại và ví, em mượn điện thoại người lạ gọi, anh chuyển tiền gấp cho em.","7"
"Cháu ơi, đây là bác gái, bác đang ở bệnh viện cấp cứu, bác cần cháu chuyển khoản 25 triệu đóng viện phí gấp.","4"
"Con trai ơi, đây là mẹ, mẹ vừa bị té ngã phải nhập viện, bác sĩ nói mẹ cần phẫu thuật gấp, con chuyển tiền vào tài khoản này.","7"
"Bạn ơi mình đang bị giữ ở sân bay vì mang hàng cấm, bạn chuyển cho mình 40 triệu để đóng phạt, không thì mình bị bắt.","7"
"Anh ơi em gọi video để anh thấy em đây, em đang bị kẹt ở Campuchia, họ bắt em làm việc, anh gửi tiền chuộc em về.","7"
"Alo cô ơi, đây là cháu Minh, cháu đang gặp chuyện khẩn cấp, cháu cần cô chuyển gấp 10 triệu, cháu sẽ giải thích sau.","7"
"Mẹ ơi con đang video call cho mẹ thấy, mẹ nhìn mặt con đây, con cần mẹ chuyển khoản ngay 50 triệu để trả nợ không thì chúng nó đánh con.","7"
"Ba ơi, nhóm người này nói nếu ba không chuyển tiền trong 30 phút, chúng sẽ bán con sang nước ngoài, ba cứu con.","7"
"Alo chị ơi, em đang ở đồn công an, em bị buộc tội rửa tiền, chị chuyển 80 triệu để bảo lãnh em ra.","7"
"Cháu ơi đây là ông nội, ông đang ở bệnh viện, ông bị đau tim phải mổ gấp, cháu chuyển tiền vào đây giúp ông.","4"
"Con ơi mẹ gọi video cho con thấy, mẹ bị tai nạn giao thông đang chờ xe cấp cứu, con chuyển tiền viện phí trước đi.","7"
"Anh ơi em gọi video đây, em bị nhóm người lạ bắt giữ, chúng nó giữ điện thoại em, anh chuyển 200 triệu vào STK này ngay.","7"
"Alo đây là Tuấn bạn con, con bạn đang bị thương rất nặng, chú chuyển khoản 30 triệu để bác sĩ cấp cứu gấp.","4"
"Mẹ ơi con đang ở phòng cấp cứu, mẹ gọi video thấy mặt con đúng không, mẹ đừng hỏi nhiều, mẹ chuyển tiền ngay đi.","7"
"Em gọi video cho anh thấy, em đang bị giam ở nhà nghỉ, họ nói em dính vào vụ án ma túy, anh chuyển tiền để em được thả.","7"
"Cháu ơi bác đang nằm viện, bác sĩ nói phải mổ tim gấp trong vòng 2 tiếng, cháu chuyển 100 triệu vào tài khoản của bệnh viện.","4"
"Alo con ơi, đây là giọng bố, bố bị xe tông nằm ngoài đường, người ta mượn điện thoại gọi cho con, con chuyển tiền viện phí ngay.","7"
"Anh ơi em là Linh, em video call cho anh đây, em bị người ta lừa sang Lào làm việc, anh gửi tiền chuộc em.","7"
"Mẹ ơi con gọi Zalo video cho mẹ đây, con bị đuổi khỏi ký túc xá vì chưa đóng tiền, mẹ chuyển gấp 7 triệu cho con.","7"
"Bạn ơi mình bị kẹt ở Myanmar, chúng nó bắt mình gọi video cho gia đình đòi tiền chuộc, bạn giúp mình liên hệ công an.","7"
"Ba ơi con đang ở bệnh viện Bình Dân, video call cho ba thấy con đang nằm giường bệnh, con cần 20 triệu đóng viện phí trước.","7"
"Alo chị ơi, tiếng em đây, em gọi video cho chị thấy, em bị tai nạn lao động, chị chuyển tiền cấp cứu cho em.","7"
"Cô ơi đây là giọng cháu Hà, cháu bị bắt cóc ở Sài Gòn, cô đừng báo công an, cô chuyển 50 triệu vào STK này để chuộc cháu.","7"
"Con trai ơi mẹ video call cho con thấy mẹ đây, mẹ đang ở bệnh viện, mẹ bị gãy chân phải mổ, con chuyển tiền gấp.","7"
"Anh ơi em gọi video call, anh thấy mặt em rồi đúng không, em bị giữ hộ chiếu ở Dubai, anh chuyển tiền mua vé máy bay về.","7"
"Alo mẹ ơi đây là giọng con, con bị bắt vì nợ tiền người ta, mẹ đừng gọi lại số này, mẹ chuyển 30 triệu vào STK con nhắn.","7"
"Ba ơi con đang gặp nguy hiểm, con video call cho ba thấy, ba đừng thông báo cho ai, ba chỉ cần chuyển tiền là con được thả.","7"
"Chị ơi em bị tai nạn đang cấp cứu, em nhờ người gọi video cho chị, chị thấy em rồi đúng không, chị chuyển 15 triệu gấp.","7"
"Mẹ ơi con bị đánh phải nằm viện, mẹ đừng khóc, mẹ chuyển tiền vào đây để bác sĩ mổ cho con, sóng yếu con không gọi lâu được.","7"
"Alo đây là bệnh viện, con gái bà đang cấp cứu, bà cần chuyển khoản 40 triệu để chúng tôi tiến hành phẫu thuật ngay.","4"
"Con ơi, mẹ mới video call cho con đó, mẹ thấy mặt con, sao giọng con lạ thế, có phải con thật không hay deepfake?","22"
"Alo, mẹ gọi hỏi con thôi, hôm nay con có khỏe không, mẹ nhớ con quá, con ăn uống đầy đủ chưa?","22"
"Bạn ơi video call mình với, lâu rồi không gặp, tụi mình gọi video Zalo nói chuyện chơi đi.","22"
"Em gọi video cho anh chị thấy bếp mới của em nè, em vừa sửa nhà xong, đẹp lắm anh chị ơi.","22"
"Con gọi video cho ba mẹ đây, con muốn khoe căn phòng ký túc xá mới, ba mẹ thấy rộng không?","22"
"Alo anh ơi, em gọi video để anh thấy phòng ở bên Hàn Quốc của em, em vừa sắp xếp lại, anh thấy thế nào?","22"
"Mẹ gọi video cho con đây, mẹ muốn khoe món ăn mẹ vừa nấu, con nhớ canh chua của mẹ không?","22"
"Bạn ơi mình gọi video để tụi mình tập thuyết trình online, ngày mai mình trình bày trước lớp.","22"
"Chào các bạn, mình mở video để họp nhóm dự án luận văn, mọi người bật camera lên nhé.","22"
"Alo chị ơi em gọi video Zalo cho chị thấy em bé, em bé mới biết đi nè, dễ thương lắm chị ơi.","22"
"Mình gọi video call để phỏng vấn xin việc online, nhà tuyển dụng yêu cầu phỏng vấn qua Google Meet.","22"
"Em gọi video cho mẹ đây, hôm nay em được nghỉ sớm nên em muốn nói chuyện với mẹ, mẹ khỏe không?","22"
"Anh ơi, anh gọi video Zalo cho em nha, em muốn hỏi anh ý kiến về bộ đồ em mới mua, mặc thế nào.","22"
"Ba ơi con gọi video cho ba, con muốn ba thấy con đang ở biển Đà Nẵng, nước đẹp lắm ba ơi.","22"
"Alo cô ơi, cháu gọi video cho cô thấy mặt cháu, cháu nhớ cô quá, cô có khỏe không?","22"
"Mình nói chuyện về vụ deepfake lừa đảo hôm qua trên báo, bạn đọc chưa, kinh khủng lắm luôn.","22"
"Em ơi, hôm qua chị đọc báo thấy có vụ deepfake giả mạo video call để lừa tiền, chị lo cho em quá.","22"
"Con kể mẹ nghe, hôm qua bạn con bị lừa bằng deepfake, chúng nó giả giọng mẹ bạn ấy gọi xin tiền.","22"
"Mình đang xem tài liệu về deepfake trên YouTube, tội phạm giờ dùng AI giả mạo khuôn mặt tinh vi quá.","22"
"Bạn ơi bạn có biết cách nhận biết video call deepfake không, mình muốn học để phòng tránh bị lừa.","22"
"Anh ơi, anh cẩn thận nhé, dạo này có chiêu deepfake giả mạo người thân video call xin tiền đó.","22"
"Mình đọc báo thấy nhiều người bị lừa bằng deepfake video call, công nghệ AI giả mạo giờ rất ghê.","22"
"Con ơi con có nghe chuyện deepfake lừa đảo không, mẹ xem TV thấy cảnh báo, từ nay ai gọi video xin tiền mẹ sẽ gọi lại xác nhận.","22"
"Bạn ơi hôm nay mình học được bài học quan trọng: luôn gọi lại số chính chủ để xác minh nếu nhận video call xin tiền.","22"
"Chị ơi em kể chị nghe, có người giả mạo giọng em gọi điện cho mẹ xin tiền, may mà mẹ gọi lại cho em xác nhận.","22"
"Tôi vừa tham dự hội thảo về an ninh mạng, phần về deepfake rất đáng sợ, họ có thể giả mạo khuôn mặt bất kỳ ai.","22"
"Alo mẹ ơi, con gọi video cho mẹ thấy phòng trọ mới của con, con vừa chuyển đến hôm qua, mẹ thấy sạch không?","22"
"Ba gọi video cho con nè, ba muốn khoe vườn rau mới trồng, ba trồng cà chua với rau muống, xanh tốt lắm con ơi.","22"
"Em gọi video call cho anh chị, em muốn giới thiệu bạn trai mới của em, anh chị nói chuyện với bạn ấy đi.","22"
"Mình gọi video để dạy kèm toán cho em nhỏ hàng xóm, buổi dạy online tối thứ Ba và thứ Năm hàng tuần.","22"
"Alo chú ơi, cháu gọi video để chú thấy mặt cháu, cháu kiểu tóc mới nhìn thế nào chú?","22"
"Mẹ gọi video Zalo cho con, mẹ muốn khoe chiếc áo mới, con thấy đẹp không, mẹ mua sale 50%.","22"
"Con con gọi video cho ông bà nội, ông bà ơi cháu khỏe, cháu được điểm 10 môn toán, cháu cho ông bà xem bài.","22"
"Bạn ơi mình gọi video để khoe con mèo mới nuôi, nó dễ thương lắm, bạn xem nè.","22"
"Anh gọi video cho em nè, anh vừa mua xe mới, em muốn xem không, anh đang đỗ ngoài sân đây.","22"
"Alo, đây là phòng nhân sự công ty XYZ, chúng tôi hẹn phỏng vấn online anh qua Zoom lúc 9h sáng mai.","22"
"Con trai ơi, bố gọi video đây, bố muốn dạy con cách sửa xe đạp qua video, con lấy đồ nghề ra đi.","22"
"Chị ơi em gọi video, em đang ở chợ Bến Thành mua quà cho chị, chị thích kiểu khăn nào, em quay cho chị xem.","22"
"Mình gọi video để cùng bạn xem chung trận bóng đá tối nay, mình bật video mình cổ vũ luôn.","22"
"Con gọi video cho mẹ đây, hôm nay sinh nhật mẹ, con hát chúc mừng sinh nhật mẹ qua video nha.","22"
"Ba ơi con video call ba nè, con muốn giới thiệu đồng nghiệp mới của con cho ba, bạn ấy rất tốt bụng.","22"
"Alo cô giáo ơi, em gọi video để cô xem bài thuyết trình PowerPoint của em, em trình bày cho cô nghe thử.","22"
"Bạn ơi mình đang gọi video từ Đà Lạt, trời đẹp lắm, bạn nhìn nè, sương mù phủ đầy thung lũng.","22"
"Mẹ ơi con gọi video, con muốn mẹ xem con dọn dẹp nhà cửa sạch sẽ chưa, mẹ kiểm tra giùm con.","22"
"Anh em ơi, mình gọi video nhóm bạn, tối nay mình tổ chức sinh nhật bất ngờ cho Tuấn, cùng hát chúc nhé.","22"
"Em gọi video cho anh, em muốn hỏi anh cách nấu phở, anh hướng dẫn em qua camera đi anh.","22"
"Alo đây là công ty tuyển dụng, chúng tôi mời bạn phỏng vấn vòng 2 qua video call ngày mai lúc 2h chiều.","22"
"Mình gọi video cho bác sĩ để khám bệnh từ xa, bác sĩ ơi cháu bị ho mấy ngày rồi, cháu quay cho bác sĩ xem cổ họng.","22"
"Con ơi mẹ gọi video, mẹ đang ở quê, mẹ quay cho con thấy cánh đồng lúa chín vàng đẹp lắm.","22"
"Alo mẹ ơi con đây, con gọi hỏi mẹ thôi, cuối tuần này con có về nhà được không, con nhớ nhà quá.","22"
"Bạn ơi mình kể bạn nghe vụ deepfake ở Hàng Đào, bà cụ bị lừa mất 500 triệu vì tin video call giả mạo cháu nội.","22"
"Anh ơi anh biết không, dạo này bọn lừa đảo dùng AI tạo khuôn mặt giả y hệt người thật trong video call.","22"
"Em chia sẻ kinh nghiệm: nếu ai gọi video xin tiền gấp, hãy hỏi họ câu hỏi mà chỉ người thật mới biết trả lời.","22"
"Mẹ ơi con dặn mẹ nhé, nếu ai video call mẹ nói là con cần tiền gấp, mẹ đừng chuyển, mẹ gọi lại số con trước.","22"
"Tôi là chuyên gia an ninh mạng, tôi cảnh báo: deepfake bây giờ chỉ cần 5 giây video để giả mạo khuôn mặt người khác.","22"
"Hôm nay nhóm mình thảo luận về cách nhận biết deepfake: để ý ánh sáng, biểu cảm, và khẩu hình có khớp với âm thanh không.","22"
"Con ơi ba dặn con, nếu ba gọi video xin tiền bất thường, con hãy hỏi ba tên con chó nhà mình để xác minh.","22"
"Bạn ơi mình đọc cách phân biệt deepfake: yêu cầu người gọi quay trái quay phải, deepfake sẽ bị lag hoặc sai nét.","22"
"Chị ơi em kể chuyện vui, hôm qua có người video call giả giọng em xin tiền mẹ, mẹ hỏi tên con chó thì nó không biết.","22"
"Alo mẹ ơi, con đang video call từ trường đại học, con muốn khoe cho mẹ thấy bảng thành tích học tập kỳ này của con.","22"
"Ba ơi con gọi video nè, con vừa đi câu cá về, con bắt được con cá to lắm, ba xem nè.","22"
"Mời bạn tham gia buổi workshop online qua Zoom về chủ đề phòng chống lừa đảo deepfake, miễn phí hoàn toàn.","22"
"Mẹ ơi con gọi video cho mẹ thấy cháu ngoại, bé biết bò rồi mẹ ơi, mẹ xem nè đáng yêu lắm.","22"
"Alo bố ơi, con gọi video từ Nhật Bản, bố xem tuyết rơi nè, đẹp lắm bố ạ, con khỏe bố đừng lo.","22"
"Em gọi video hỏi thăm chị, chị sinh em bé chưa, em muốn xem mặt cháu, chị bật camera đi.","22"
"Alo mẹ ơi, con bị nợ tiền thua cá độ 200 triệu, chúng nó dùng deepfake giả mặt con video call ba xin tiền, mẹ đừng tin nhé.","7"
"Anh ơi em bị nhóm lừa đảo quay video giả mạo, chúng nó gọi video cho gia đình em giả giọng em xin tiền chuộc.","7"
"Ba ơi con bị kẹt ở Campuchia, bọn lừa đảo quay video deepfake giả giọng con gọi ba xin tiền, ba đừng chuyển tiền nhé.","7"
"Mẹ ơi con gọi video mà sóng yếu lắm, mẹ nghe rõ không, con cần mẹ chuyển tiền gấp, con bị kẹt lắm mẹ ơi.","7"
"Alo chị ơi, em mượn điện thoại người lạ gọi video, chị thấy mặt em rồi, em bị mất hết tài sản, chị chuyển khoản cho em 20 triệu.","7"
"Ba ơi con đang ở đâu đó nguy hiểm lắm, người ta quay video con rồi gửi cho ba, ba chuyển tiền nhanh kẻo con bị hại.","7"
"Cháu ơi bác bị tai nạn video call cho cháu đây, cháu thấy bác trên video rồi, cháu chuyển 10 triệu gấp cho bác.","7"
"Mẹ ơi con video call cho mẹ, mẹ nhìn mặt con đây, sóng yếu nên hình bị giật, mẹ chuyển tiền trước đi mẹ, con giải thích sau.","7"
"Em video call cho anh, anh nhìn thấy mặt em không, em bị bắt giữ ở nhà kho, anh chuyển tiền ngay đi không em chết mất.","7"
"Alo anh ơi đây là Hoa bạn em, em video call cho anh thấy mặt em bé đang ở viện cấp cứu, cần anh chuyển tiền viện phí gấp.","7"
"Con ơi mẹ gọi video này, mẹ bị lừa vào casino online, mẹ nợ 500 triệu, con gửi tiền chuộc mẹ ra, mẹ van con.","7"
"Ba ơi, đây là cán bộ công an đang giữ con ba, chúng tôi thả con ba nếu ông chuyển 100 triệu, ông xem video call đây.","7"
"Alo mẹ ơi đây là giáo viên của con mẹ, con mẹ bị tai nạn trong trường, chúng tôi video call để mẹ thấy, mẹ chuyển tiền viện phí.","7"
"Anh ơi em bị người ta đánh, em video call cho anh thấy vết thương, anh chuyển 5 triệu để em đi bệnh viện.","7"
"Mẹ ơi con đang bị giam ở nhà nghỉ, họ nói con dính vào đường dây buôn hàng giả, mẹ chuyển 80 triệu thì con được thả.","7"
"Cháu ơi đây là ông, ông bị ngã xe đang nằm ngoài đường, ông video call cho cháu đây, cháu gửi tiền xe cấp cứu cho ông.","7"
"Con ơi mẹ đang bị stress, mẹ bị nhóm lừa đảo quay video giả mạo gửi cho người nhà xin tiền, mẹ kể cho con nghe.","22"
"Mình vừa xem phóng sự VTV về lừa đảo deepfake, họ giả mạo khuôn mặt CEO của công ty để video call nhân viên yêu cầu chuyển khoản.","22"
"Bạn ơi mình chia sẻ bài viết cảnh báo deepfake trên Facebook, bạn đọc rồi share cho gia đình đọc nhé.","22"
"Hôm nay cơ quan mình có buổi tập huấn về nhận biết deepfake, giảng viên từ Bộ Công an, rất bổ ích.","22"
"Em ơi chị dặn em nhé, nếu ai gọi video xin tiền gấp mà sóng yếu chỉ thấy vài giây rồi cúp, đó là deepfake.","22"
"Mình kể các bạn nghe kinh nghiệm: bạn mình bị deepfake, chúng nó giả video call giọng bạn gọi cho mẹ bạn xin 30 triệu.","22"
"Alo ba ơi con gọi video cho ba, ba vui chưa, con vừa nhận được bằng tốt nghiệp đại học, con khoe ba đây.","22"
"Mẹ ơi con gọi video nè, con đang đi du lịch Phú Quốc, mẹ xem biển đẹp không, con khỏe mẹ đừng lo.","22"
"Bạn ơi, gọi video mình đi, mình muốn cùng bạn tập thể dục online, mình mở video để cùng tập yoga.","22"
"Anh ơi em gọi video để anh xem em bé đang ngủ, bé giống anh quá, mũi với miệng y hệt.","22"
"Con gọi video cho ông bà đây, ông bà nhìn cháu nè, cháu đang mặc áo dài, cháu có đẹp không?","22"
"Mình mở Google Meet để họp nhóm về bài tập lớn, ai vào phòng chưa, mình share link đây.","22"
"Alo cô ơi cháu gọi video Zalo cho cô, cô có nhớ mặt cháu không, cháu là Hải con chú Bảy.","22"
"Mẹ ơi con video call cho mẹ để mẹ thấy phòng trọ con mới dọn, sạch sẽ gọn gàng, mẹ yên tâm đi.","22"
"Em gọi video cho chị, em muốn chị xem mẫu váy cưới em chọn, chị thấy đẹp không?","22"
"Ba ơi con gọi video, con muốn ba hướng dẫn con cách sửa vòi nước bị rỉ qua video, ba chỉ con đi.","22"
"Mình gọi video với bạn bè để chơi game online, mở camera lên cho vui tụi ơi.","22"
"Alo anh ơi, em muốn hỏi anh về deepfake, anh nghĩ công nghệ này có thể phát hiện được bằng mắt thường không?","22"
"Mình xem video trên TikTok người ta demo deepfake, kinh khủng luôn, giả mạo gương mặt chỉ cần vài tấm ảnh.","22"
"Con ơi hôm nay công an phường có buổi nói chuyện về lừa đảo deepfake, mẹ đi nghe xong thấy sợ quá.","22"
"Bạn ơi bạn nên cài app xác minh cuộc gọi trước khi chuyển tiền, deepfake ngày càng tinh vi, không thể phân biệt bằng mắt.","22"
"Anh chị ơi mình chia sẻ tip hay: khi nhận video call nghi deepfake, yêu cầu người gọi che mắt trái rồi mở ra, AI sẽ bị lỗi.","22"
"Mình đang chuẩn bị slide thuyết trình về chủ đề lừa đảo bằng deepfake cho lớp học an ninh mạng.","22"
"Con kể ba nghe, ở trường con vừa có buổi tuyên truyền về deepfake, thầy giáo demo cho cả lớp xem cách AI giả mạo khuôn mặt.","22"
"Alo mẹ ơi con dặn mẹ lần nữa nhé, nếu ai video call mẹ mà hình bị giật, sóng yếu, chỉ nói mấy giây rồi cúp thì chắc chắn là lừa đảo.","22"
"Hôm nay ban quản lý chung cư mình phát tờ rơi cảnh báo deepfake, mọi người nhớ đọc để biết cách phòng tránh.","22"
"Mình đang tham gia khóa học online về AI và deepfake, hiểu rõ hơn về cách công nghệ này bị lạm dụng.","22"
"Bạn ơi mình kể bạn nghe câu chuyện thật, mẹ mình suýt bị lừa 50 triệu vì video call deepfake giả giọng mình.","22"
"Em ơi chị cảnh báo em nhé, dạo này có nhóm lừa đảo chuyên hack Facebook rồi dùng AI giả mạo video call xin tiền.","22"
"Con gọi video cho mẹ đây, con muốn mẹ nghe con hát bài mẹ thích nè, sinh nhật mẹ vui vẻ nha.","22"
"Ba ơi con gọi video, ba xem con nấu phở bò nè, con học nấu ăn rồi ba ơi, lần sau con về nấu cho ba.","22"
"Mẹ gọi video Zalo cho con đây, mẹ khoe con nhé, hôm nay mẹ đi khám bác sĩ nói mẹ khỏe mạnh, con yên tâm.","22"
"Anh em gọi video call nhóm lớp cũ, lâu ngày không gặp, tụi mình ôn kỷ niệm thời đại học đi.","22"
"Bạn ơi gọi video mình khoe phòng mới trang trí, mình vừa sơn tường và mua kệ sách mới, xem có đẹp không.","22"
"Alo anh Chủ tịch ơi, đây là thư ký của anh, em gọi video để xác nhận lịch họp online chiều nay lúc 3h.","22"
"Mẹ ơi con muốn video call cho mẹ xem căn bếp con mới sửa, con lắp thêm bồn rửa mới, mẹ xem đi.","22"
"Mình gọi video để dạy bà ngoại cách dùng Zalo, bà ơi bà nhìn vào camera đây, bà thấy mặt cháu không.","22"
"Con ơi mẹ gọi video, mẹ muốn khoe vườn hoa hồng mới trồng cho con xem, hoa nở đẹp lắm con à.","22"
"Ba gọi video cho con Út đây, ba nhớ con quá, ba muốn nghe con kể chuyện ở trường.","22"
"Alo đây là cơ quan họp trực tuyến qua Microsoft Teams, mọi người bật camera và mic để bắt đầu cuộc họp.","22"
"Mẹ ơi con video call cho mẹ để cùng xem chương trình thời sự tối nay, mẹ bật TV lên đi.","22"
"Bạn ơi mình gọi video Zalo để hướng dẫn bạn sử dụng Excel, bạn share màn hình rồi mình chỉ.","22"
"Alo mẹ ơi con bị kẹt ở Thái Lan, con mất hết hộ chiếu và tiền, mẹ chuyển 30 triệu để con mua vé máy bay về.","7"
"Ba ơi con đang ở phòng cấp cứu bệnh viện 115, con video call cho ba, ba thấy con chưa, ba chuyển tiền viện phí 25 triệu.","7"
"Chị ơi em bị nhốt trong phòng, họ đe dọa em, em video call cho chị thấy, chị chuyển 50 triệu rồi em được ra.","7"
"Alo bà ơi đây là cháu Linh, cháu đang bị giữ ở quán karaoke, người ta nói cháu đập phá đồ phải bồi thường 15 triệu.","7"
"Mẹ ơi con đang bị giam ở biên giới, bọn buôn người bắt con, con gọi lén video cho mẹ, mẹ gửi tiền chuộc con.","7"
"Con ơi đây là ba, ba bị tai nạn xe buýt, ba đang nằm bên đường chảy máu, con chuyển tiền cấp cứu gấp cho ba.","4"
"Alo anh trai ơi em bị đánh cắp hành lý ở sân bay Nội Bài, em cần anh chuyển 8 triệu để mua vé về quê.","7"
"Cháu ơi đây là dì Út, dì bị lừa hết tiền rồi, dì đang ở bệnh viện không có tiền thuốc, cháu gửi dì 5 triệu.","4"
"Mẹ ơi con gọi video, con bị thương ở đầu, máu chảy nhiều lắm, mẹ chuyển tiền ngay đi, con sắp ngất rồi.","7"
"Ba ơi, đây là bạn con, con ba bị ngộ độc thực phẩm đang cấp cứu, bác sĩ yêu cầu đóng 40 triệu trước khi điều trị.","4"
"Alo chú ơi cháu đang ở Campuchia, cháu bị lừa sang đây làm việc, cháu gọi lén video, chú gửi tiền chuộc cháu.","7"
"Mẹ ơi con bị bắt vì lái xe say rượu, con cần 20 triệu đóng tiền phạt và bảo lãnh, mẹ chuyển vào số tài khoản này.","7"
"Em ơi anh đang bị giam giữ ở Lào, bọn chúng ép anh gọi video cho em, em gửi tiền chuộc anh 100 triệu.","7"
"Ba ơi con ở Đài Loan, con bị chủ lao động lừa, không cho con về, con cần ba gửi 15 triệu mua vé bay.","7"
"Alo mẹ ơi con đang run lắm, con bị tai nạn giao thông đêm qua, con video call mẹ thấy con đang băng bó, mẹ chuyển tiền thuốc.","7"
"Cháu ơi ông bị ngất ở chợ, người ta đưa ông vào bệnh viện, ông video call cho cháu, cháu chuyển 10 triệu viện phí gấp.","7"
"Con gái ơi mẹ bị cướp giật túi xách, mẹ mất hết tiền và điện thoại, mẹ mượn điện thoại gọi video, con gửi tiền về cho mẹ.","7"
"Anh ơi em bị kẹt trong thang máy, em hoảng quá, em video call anh, anh gọi cứu hộ và chuyển tiền sửa chữa nhé.","7"
"Alo mẹ ơi con đang ở đồn biên phòng, họ nói con xuất cảnh trái phép, mẹ chuyển 60 triệu để con về nhà.","7"
"Ba ơi con bị bạn lừa mượn tiền rồi trốn mất, con đang nợ tiền nhà trọ 3 tháng sắp bị đuổi, ba chuyển gấp 9 triệu.","7"
"Em ơi, hôm nay anh được mời phỏng vấn xin việc qua video call, công ty nước ngoài, em chúc anh may mắn nhé.","22"
"Con gọi video cho bà ngoại đây, bà thấy con không, con mập hơn hồi trước không bà?","22"
"Alo anh ơi, em gọi video để anh xem trời đang mưa to bên ngoài, anh nhớ mang dù khi đi làm về nhé.","22"
"Mẹ gọi video Zalo cho con, mẹ muốn con xem con mèo nhà mình mới đẻ 4 con nhỏ, dễ thương lắm.","22"
"Bạn ơi mình gọi video để cùng review bài kiểm tra toán, mình giải thích cho bạn cách làm bài 7 nhé.","22"
"Chào anh chị, đây là tổ chức từ thiện Trái Tim Vàng, chúng tôi livestream video để quyên góp cho trẻ em nghèo.","22"
"Con ơi ba gọi video, ba đang ngồi câu cá ở hồ, ba quay cho con xem cảnh hoàng hôn đẹp lắm.","22"
"Em gọi video cho chị để chị giúp em chọn màu sơn nhà, em đang đứng ở cửa hàng sơn, chị xem màu nào đẹp.","22"
"Alo mẹ ơi con gọi video, con muốn mẹ xem bức tranh con vẽ cho cuộc thi mỹ thuật, mẹ thấy đẹp không?","22"
"Mình gọi video nhóm lớp để bàn về kế hoạch dã ngoại cuối tuần, mọi người tham gia đi.","22"
"Ba ơi con gọi video khoe ba, con được thăng chức rồi, con vui lắm, ba mẹ ăn mừng với con nha.","22"
"Alo đây là phòng IT công ty, chúng tôi gọi video để hướng dẫn anh cài đặt phần mềm mới trên máy tính.","22"
"Mẹ ơi, con đọc được bài báo hay về deepfake, con gửi link cho mẹ đọc nhé, mẹ cần biết để phòng tránh.","22"
"Bạn thân ơi, gọi video mình đi, mình vừa cắt tóc mới muốn khoe, bạn xem có hợp không.","22"
"Con gọi video cho mẹ từ sân bay, con sắp lên máy bay rồi, mẹ đừng lo, con đến nơi sẽ gọi lại.","22"
"Anh ơi em gọi video, em muốn anh xem thiết kế logo mới cho công ty em, anh góp ý giùm em.","22"
"Alo cô ơi, cháu gọi video Zalo, cháu muốn khoe cô bé nhà cháu mới biết nói, bé nói cô xem nè.","22"
"Mình gọi video để dạy mẹ cách dùng Facebook, mẹ ơi mẹ bấm vào cái nút hình camera này đi.","22"
"Con ơi, mẹ cảnh báo con về kiểu lừa đảo mới: bọn tội phạm hack Zalo rồi dùng deepfake gọi video xin tiền.","22"
"Bạn ơi mình đang nghiên cứu đề tài luận văn về deepfake, bạn có tài liệu tiếng Anh nào về chủ đề này không?","22"
"Hôm nay mình đi họp ở Sở Công an, họ chiếu video minh họa cách deepfake hoạt động, nhìn không phân biệt được thật giả.","22"
"Alo em ơi anh gọi video, anh đang ở siêu thị mua đồ cho con, em muốn anh mua thêm gì không?","22"
"Mình gọi video cho bạn để bạn xem căn nhà mình đang tìm thuê, bạn thấy có ổn không?","22"
"Mẹ ơi con gọi video từ Đức, con đang đi dạo phố Giáng sinh, đẹp lắm mẹ ơi, con quay cho mẹ xem.","22"
"Bạn ơi mình nghe tin có vụ deepfake mới: bọn lừa đảo giả mạo giọng sếp gọi cho nhân viên kế toán yêu cầu chuyển tiền.","22"
"Con ơi ba dạy con cách nhận biết deepfake nhé: video deepfake thường có ánh sáng bất thường quanh mặt và tai.","22"
"Alo, đây là trung tâm Anh ngữ, chúng tôi gọi video để kiểm tra trình độ tiếng Anh của học viên trước khi xếp lớp.","22"
"Mình gọi video để cùng bạn tập nấu ăn, mình bật camera quay bếp, bạn xem mình làm rồi hướng dẫn nhé.","22"
"Em gọi video hỏi anh, anh thấy anh có giống deepfake không khi gọi video lúc sóng yếu, haha anh bị giật hình ghê luôn.","22"
"Ba ơi con gọi video, con muốn ba xem lần đầu con tự lái xe trên đường, con lái được rồi ba ơi.","22"
"Mẹ gọi video cho con, mẹ đang ở biển Nha Trang du lịch với đoàn phường, mẹ khoe con xem cảnh đẹp.","22"
"Bạn ơi mình gọi video để mình chơi đàn guitar cho bạn nghe bài mới tập, bạn góp ý giùm mình.","22"
"Con ơi, mẹ đọc trên Zalo có bài cảnh báo: nếu nhận video call xin tiền từ số lạ, đó 100% là deepfake.","22"
"Anh ơi em video call anh, em muốn anh xem em pha cà phê kiểu mới, anh thấy có ngon không?","22"
"Mình gọi video nhóm bạn cũ, tụi mình cùng hát karaoke online, vui lắm mọi người ơi.","22"
"Ba mẹ ơi, con chia sẻ thông tin rất quan trọng: công an không bao giờ gọi video call yêu cầu chuyển tiền.","22"
"Em gọi video cho mẹ đây, em mới nhuộm tóc, mẹ thấy có đẹp không, em nhuộm màu nâu tây.","22"
"Alo anh ơi, em video call anh xem cây hoa đào em mới mua về trưng Tết, anh thấy có đẹp không?","22"
"Mình gọi video cho bạn, mình vừa nhận được kết quả xét nghiệm sức khỏe tốt, mình vui quá muốn chia sẻ.","22"
"Con gọi video cho ba mẹ, con muốn ba mẹ xem phòng lab mới của con ở trường đại học, có nhiều máy móc lắm.","22"
"Alo chị ơi em gọi video, em đang ở sân bay Tân Sơn Nhất sắp bay đi Hà Nội, em vẫy chào chị nè.","22"
"Mẹ ơi con gọi video, con muốn hỏi mẹ công thức nấu phở bò nhé, mẹ nói từng bước con ghi lại.","22"
"Ba gọi video cho con, ba muốn con thấy ba đang tưới rau ngoài vườn, rau nhà mình tươi tốt lắm con ơi.","22"
"Bạn ơi, mình vừa xem clip trên VnExpress về cách tội phạm dùng deepfake lừa đảo qua video call ở Việt Nam.","22"
"Alo em ơi, chị gọi video Zalo, chị đang nấu món chè đậu xanh, em muốn học thì chị dạy qua video.","22"
"Mình kể mọi người nghe: tuần trước có người dùng deepfake giả mạo giám đốc công ty mình gọi video yêu cầu chuyển 1 tỷ đồng.","22"
"Con ơi mẹ gọi video, mẹ muốn con thấy con chó mới nhà mình, ba mua cho mẹ hôm qua, nó dễ thương lắm.","22"
"Alo ba ơi con video call ba, ba có thấy con rõ không, con đang ở Tokyo, ba xem tháp Tokyo phía sau con.","22"
"Em gọi video cho anh, em muốn giới thiệu anh với nhóm bạn du lịch của em, tụi em đang ở Sapa.","22"
"Mình gọi video cho thầy giáo để hỏi bài, thầy ơi em không hiểu phần chương 5 về kinh tế vi mô.","22"
"Bạn thân ơi gọi video mình nè, mình muốn khoe nhẫn đính hôn mới, bạn trai mình cầu hôn rồi.","22"
"Alo đây là trung tâm y tế, chúng tôi gọi video để tư vấn sức khỏe từ xa cho bệnh nhân ở vùng sâu.","22"
"Mẹ ơi con dặn mẹ lần cuối nhé: nếu ai video call mẹ giọng giống con mà xin tiền thì mẹ cúp máy, gọi lại số con.","22"
"Hôm nay mình tham dự webinar về AI và deepfake do Google tổ chức, rất bổ ích cho mọi người.","22"
"Con gọi video cho ông bà, ông bà ơi con gửi quà Tết cho ông bà rồi, con quay video mở hộp nha.","22"
"Anh ơi em gọi video khoe anh, em vừa đỗ bằng lái ô tô, em mừng quá, anh cùng ăn mừng với em.","22"
"Alo cô ơi cháu video call cô, cháu muốn cô xem căn hộ mới cháu vừa mua, cô cho ý kiến.","22"
"Mình gọi video nhóm để cùng xem phim trực tuyến, mình share màn hình lên cho mọi người xem.","22"
"Ba ơi con gọi video từ trường, con được giải nhất cuộc thi lập trình, con khoe ba cái trophy này.","22"
"Alo mẹ ơi mẹ biết không, hôm nay ở cơ quan có anh bảo vệ kể bị deepfake giả giọng vợ gọi xin tiền.","22"
"Bạn ơi mình thấy ứng dụng phát hiện deepfake mới ra trên Google Play, mình tải thử xem có tốt không.","22"
"Em gọi video call cho chị, em đang ở công ty mới ngày đầu tiên, chị xem văn phòng em có đẹp không.","22"
"Mình gọi video để cùng bạn tập phát âm tiếng Anh, bạn nói mình sửa lỗi giúp bạn nhé.","22"
"Con ơi mẹ gọi video, mẹ quay cho con thấy con đường hoa phượng nở đỏ rực ở quê mình, đẹp lắm con à.","22"
"Hôm nay lớp mình được giảng viên cho xem video demo deepfake, mọi người giật mình vì không phân biệt được thật giả.","22"
"Bạn ơi mình share cho bạn link bài báo về cách FBI cảnh báo deepfake lừa đảo, rất đáng đọc.","22"
"Alo mẹ ơi con đây, con vừa gọi video Zalo để mẹ thấy mặt con nè, con khỏe lắm mẹ đừng lo nhé mẹ.","22"
"Bà ơi cháu gọi video cho bà thấy mặt cháu này, cháu nhớ bà quá, bà ăn uống có ngon miệng không bà.","22"
"Ông ơi cháu gọi video khoe ông, cháu vừa được điểm mười bài kiểm tra toán đây này ông, ông thấy cháu giỏi không.","22"
"Mày ơi gọi video mình đi, lâu rồi chưa gặp, tao nhớ mày ghê luôn đấy, bật camera lên tao xem mặt mày chút.","22"
"Cậu ơi cháu gọi video Zalo cho cậu thấy phòng trọ mới của cháu ở Hà Nội nè, cháu vừa dọn đến hôm qua.","22"
"Bạn ơi tớ đang video call từ sân trường đại học Bách khoa, tớ muốn bạn thấy thư viện mới xây to đùng cực đẹp.","22"
"Anh ơi em gọi video khoe anh, em vừa nấu xong nồi phở bò đấy, trông ngon lắm anh ạ, giá mà anh ở đây.","22"
"Chị Hằng ơi, em kể chị nghe, hôm qua bà ngoại em bị một đứa gọi video giả giọng em xin tiền, may bà gọi lại cho em xác nhận.","22"
"Cháu ơi ông dặn cháu nhé, nếu ai gọi video mà sóng giật giật chỉ thấy mặt vài giây rồi cúp thì chắc chắn là bọn deepfake đấy.","22"
"Tao kể mày nghe, hôm qua bọn lừa đảo dùng deepfake giả mặt thằng Tuấn gọi video cho bà thằng ấy xin năm chục triệu, ghê chưa.","22"
"Mẹ ơi con dặn mẹ rồi nhé, ai gọi video xin tiền gấp thì mẹ gọi ngay lại cho con số thật để xác minh, đừng chuyển tiền vội.","22"
"Alo bố ơi con video call đây, bố có thấy con rõ không, con khỏe bố đừng lo, con đang ở trường đây bố ạ.","22"
"Mẹ ơi con gọi video cho mẹ từ Nhật Bản đây, con muốn mẹ xem tuyết rơi đẹp lắm mẹ ạ, con nhớ mẹ.","22"
"O ơi con gọi video thăm o đây nè, o thấy mặt con rõ không, dạo ni o mạnh giỏi không o, con nhớ o lắm.","22"
"Bà ơi cháu gọi video cho bà thấy nè, cháu đang ở viện mần cái VNeID mà hôm ni đông chi lạ rứa bà nờ.","22"
"Anh ơi em video call cho anh, em đang ở biển Lăng Cô nì, anh thấy nước đẹp không, trong veo rứa đó anh.","22"
"Mạ ơi con gọi video cho mạ thấy mặt con nè, con khỏe re mạ đừng lo, con vẫn ăn uống đàng hoàng mạ nờ.","22"
"Chú Tám ơi cháu gọi video Zalo cho chú thấy nè, cháu mới cắt tóc kiểu mới, chú thấy có đẹp không chú.","22"
"O Bảy ơi con kể o nghe, có mấy đứa dùng deepfake giả mặt con video call cho mạ con xin tiền, may mạ gọi lại con xác nhận.","22"
"Dạo ni tụi lừa đảo dùng AI giả video call tinh vi lắm bạn nờ, chỉ cần mấy giây thôi là nó mần được mặt giả y hệt.","22"
"Tau dặn mi nhé mi, nếu ai gọi video mà sóng yếu chỉ nghe vài câu rồi cúp thì đó là deepfake, mi đừng có chuyển tiền cho tụi nó nờ.","22"
"Mẹ ơi con gọi video nè mẹ, con dặn mẹ, nếu ai video call xin tiền mà hình giật giật thì mẹ cúp máy liền đi, gọi lại số con.","22"
"Má ơi con video call cho má thấy mặt con nè, con vẫn khỏe re má đừng lo, con đang ở công ty chứ hổng có bị tai nạn chi hết.","22"
"Ba ơi con gọi video Zalo cho ba đây nè, con muốn khoe ba cái bằng khen đại học của con, ba thấy con giỏi hông ba.","22"
"Chị Hai ơi em gọi video nè chị, em đang ở chợ Bến Thành mua quà cho chị nè, chị thích kiểu khăn nào chị xem đi.","22"
"Ngoại ơi cháu gọi video cho ngoại nè, ngoại xem cháu bé biết bò rồi ngoại ơi, dễ thương quá xá luôn.","22"
"Ông ngoại ơi, cháu dặn ông nè, mấy đứa gọi video lạ hoắc bảo cháu bị tai nạn xin tiền là bọn deepfake đó ông, đừng tin nghen.","22"
"Cô Năm ơi, tụi con chia sẻ mẹo nhận biết deepfake nè cô: yêu cầu người gọi quay trái quay phải, deepfake sẽ bị sai nét liền.","22"
"Anh Tư ơi, bữa hổm có đứa nào đó hack Zalo mần video call giả mặt em xin tiền má, may má nhanh trí bấm gọi lại cho em liền.","22"
"Alo mẹ ơi con bị tai nạn nặng lắm, con đang nằm viện cấp cứu, con đau lắm mẹ ơi, mẹ chuyển gấp hai mươi triệu vào số tài khoản bác sĩ này.","4"
"Bà ơi cháu bị chúng nó bắt ở Campuchia rồi bà ơi, cháu video call cho bà thấy mặt cháu đây, bà chuyển tiền chuộc cháu bà ơi.","7"
"Ông ơi cháu đang bị tai nạn nằm ngoài đường máu me đầy mình, cháu mượn điện thoại gọi video cho ông, ông chuyển tiền cấp cứu cho cháu.","7"
"Mày ơi tao bị đánh nhập viện rồi, tao đang video call cho mày thấy mặt tao đây, mày chuyển gấp mười triệu vào đây cho tao đi mày.","7"
"Bố ơi con đang bị kẹt ở Lào, bọn buôn người nó giữ con, con video call cho bố, bố chuyển nhanh năm chục triệu chuộc con.","7"
"Mạ ơi con bị tai nạn nằm viện rồi mạ ơi, con video call cho mạ thấy mặt con nè, mạ chuyển gấp hai mươi triệu vô số thẻ ni đặng bác sĩ mổ cho con.","7"
"O ơi cháu bị bọn nó bắt cóc ở Sài Gòn rồi, cháu gọi lén video cho o đây, o chuyển năm mươi triệu vô tài khoản ni đặng chuộc cháu ra nờ.","7"
"Mạ ơi con bị nhốt ở nhà kho, tụi nó đe dọa con dữ lắm mạ ơi, con video call cho mạ, mạ chuyển tám mươi triệu vô đây đặng con được thả.","7"
"Chú ơi con đang ở biên giới bị giữ, cháu gọi video cho chú thấy, chú chuyển tiền vô đây đặng tụi nó thả cháu ra chú nờ.","7"
"Anh ơi cháu bị tụi nó đánh ở Quy Nhơn nằm viện rồi nờ, cháu video call cho anh, anh gửi mười lăm triệu vô tài khoản bác sĩ ni đặng nó mổ cho cháu.","7"
"Má ơi con bị tai nạn xe máy nằm giữa đường rồi má ơi, con video call cho má thấy mặt con, má chuyển gấp hai mươi triệu vô số thẻ này nghen má.","7"
"Ba ơi con đang bị nhốt ở Phnom Penh, bọn nó bắt con lao động, con gọi lén video, ba chuyển gấp một trăm triệu vô tài khoản này chuộc con nhen ba.","7"
"Ngoại ơi cháu bị người ta giữ hộ chiếu ở Dubai rồi ngoại, cháu video call cho ngoại thấy, ngoại chuyển ba mươi triệu mua vé máy bay cho cháu về.","7"
"Chị Hai ơi em bị đánh ở bến xe Miền Tây, em đang nằm viện máu me đầy mình, em video call cho chị, chị chuyển mười triệu viện phí giùm em lẹ đi.","7"
"Cô Năm ơi con bị kẹt ở Thái Lan, mất hết hộ chiếu và tiền bạc, con video call cho cô, cô chuyển hai mươi triệu mua vé cho con về nhen cô.","7"
"giao ktx nha 1 củ thu hộ 200k ai chà quên phang nha fen đù má","11"
"ê t ngân hàng nè m ơi thẻ m bị rửa tiền r, c.k vô tài khoản này xác minh vl","4"
"huhu mn ơi thương xót bé ung thư máu giai đoạn cuối c.k mạnh vô stk 12344 trại nhi này lẹ lên m, rớt nước mắt","6"
"SOS gọi thay mặt quỹ lũ lụt miền trung, ae nhấp dô vô stk cá nhân t để cứu đói kịp thời nha gô gô","6"
"t d4ng bi t.a.i.n.4.n cap c.uu. ma.y c.k. t 10 tr n.h.a.n.h","9"
"ê m ơi ủa trúng air bờ rô mắc shopee gòi nè ck t 2 củ thuế t lụm về xài giùm cho kkk zậy ba","18"
"bưu đện gọi kêu quà tây bị kẹt gì đó, t kêu m nộp dùm tau 1 củ ship sao khum nạp m bất ổn","8"
"app v.c.b digibank fake này nhận ngay 5 chục m ơi ngon ơ gô gô","4"
"ê click vô cái link vnẹid này đi để update khuôn mặt khum là mốt nó khoá cccd đó m","1"
"nhắn sms brandname trúng sh mà bắt đóng v.a.t 5cu clm cảm giác lúc ấy sẽ ra sao","18"
"bưu phẩm mỹ kẹt sân bay bị soi ra hột xoàn chui, share chục củ đền bù khum bắt đi tù khum","8"
"Bác trưởng thôn thông báo mai cả xóm ra nhà văn hóa để công an xã hỗ trợ cài app vneid mức 2 nhé","22"
"giao ktx nha 1 củ thu hộ 200k ai chà quên múc nha fen ảo thật đấy","11"
"quay 1 phat trúng ip 15 ròi chời ơi khum tin duoc click l.j.n.k de nhan the cao t","18"
"các chú ơi đơn chà neo hải quan bắt mnl rùi m ơiii, ck 5 cu đóng thuế rước vià xu cà na","8"
"m boom hàng xọp pi tớ block cm m h click l.j.n.k 50k hoàn ship zo stb này đi ml bất ổn","11"
"Lương tháng này công ty vừa ck banking qua mb bank r đó, công ty check xem ting ting chưa","22"
"đầu tư f.o.r.e.x cmnr nạp vô sàn fx fake này quất 5 cu lãi ngay chục tr nè bất ổn","12"
"trời đựu cày view tóp tóp 1 ngày lụm 5 củ cho phẻ mắc mớ đi làm chi chết trôi","12"
"nhan dc li xi zl nạp vip 5 xị rut ra duoc 5 chẹo mn lam theo em ik hihi vl","18"
"giao ktx nha 1 củ thu hộ 200k ai chà quên ck nha fen đù má","11"
"bưu đện gọj kêu quà tây bị kẹt gì đó, t kêu m nộp dùm tau 1 củ shjp sao khum nạp m chằm zn","8"
"chời ơi thương xót bé ung thư máu giai đoạn cuối c.k mạnh vô stk 12344 trại nhi này lẹ lên m, rớt nước mắt","6"
"Mặt trận tổ quốc xã vừa phát danh sách các hộ nghèo cần quyên góp từ thiện nhịp Tết này","22"
"các chú ơi bưu điẹn bắt đóng thếu mới đưa hộp đt, ck tiền thuế dô link này dùm t vs, chằm zn","8"
"Sếp bảo mai mảng tuyển dụng nhân sự có cuộc phỏng vấn ứng viên lúc 9h sáng nhé","22"
"đ.ị.t cáj t càj cáj app vne1d nó bắt share màn hình, h lag vl lun á","1"
"t trúng voucher qd c.a chốt don nap 1 ly tsua m c.k tao di","18"
"việc nhẹ lương cao cày like youtube thôi k cọc k l.ừa d.ả.o, nộp nhiệm vụ cho n.v.tổng rớt nước mắt","12"
"chùa đang kêu gọi chúng sanh quyên tiền xây tượng phật, bay màu mạnh momo cá nhân thầy đi đc phước bất ổn","6"
"trời đựu đơn chà neo hải quan bắt mnl rồi m ơiii, ck 5 cu đóng thuế rước vià xu cà na","8"
"ê bồ t t.a.i n.a.n cmnr h mạng lag 4g gọi tậm tịt vl c.k mượn 50 chiệu chữa gấp m ơii SOS!!","9"
"Hôm qua đi làm quên mang xin nhan bị thầy giáo công an phường tuýt còi phạt 2 xị cay quá","22"
"gjao ktx nha 1 củ thu hộ 200k aj chà quên xỉa tìn nha fen zậy ba","11"
"cam đt hư gọi vid mờ ảo tao mượn gấp 5 củ trả tìn nợ giang hồ r t ra đi luôn bất ổn","9"
"acc bidv bay màu gòi, đọc otp cho m xem m cứu dc hong, khum","4"
"app ch0k cho tao nvu like fb thu loi nhuan gâp 5 up lên tao 2 xị t test","12"
"ê nghe t nói nè thẻ tín dụng t bị quẹt bay mẹ 5 chọi, ô tê bê gửi r đó điền dô đi pa chết trôi","4"
"hảj quan san bay bảo quà sjnh nhất của bé bị gjữ r m c.k nộp phạt dùm t ju m hảo","8"
"mua hàng mà cod đm bắt c.k truoc hả ba, share qr tao phang 50 k r ném","11"
"ủa bồ ơi hôm trước p.h.4.t ng.u.0.i bạn nộp tiền chưa? Hôm qua tui vừa nộp xong cay quá trời ơi","22"
"pác ơj mớj bị c0ng 4n gt bắt p.h.a.t ng.u.o.j 5 trjệu m ơj, share t đóng lẹ khum nó gjam xe, ảo thật đấy","0"
"trờj đựu cày vjew tóp tóp 1 ngày lụm 5 củ cho phẻ mắc mớ đj làm chj đù má","12"
"m trade coin sàn phông bạt này ez 100%, nạp margin 1 tỷ usd cho tới nóc cảm giác lúc ấy sẽ ra sao","12"
"đ.ị.t cái mới bị c0ng 4n gt bắt p.h.a.t ng.u.o.i 5 triệu m ơi, click l.j.n.k t đóng lẹ khum nó giam xe, tâm linh","0"
"chúc mừng thím lụm cái tivi sô ni to chà bá, nhấp dô phí vận chuyển 5 chục thui nhà đèn trả ship","18"
"Ủa hôm rày m mượn t 2 triệu á, khi nào có lương thì chuyển khoản qua số tài khoản đuôi 888 này nha","22"
"giao ktx nha 1 củ thu hộ 200k ai chà quên chuyển nha nha fen vl","11"
"tưởng ô can oai lắm nay xộ khám r nha, bay màu tiền vô đây t gỡ tội cho, cảm giác lúc ấy sẽ ra sao","0"
"ê m ơi thương xót bé ung thư máu giai đoạn cuối c.k mạnh vô stk 12344 trại nhi này lẹ lên m, rớt nước mắt","6"
"bạn t bảo cày view tóp tóp 1 ngày lụm 5 củ cho phẻ mắc mớ đi làm chi ác ỏ","12"
"cay đỏ zé lun bị can hs báo tao dính đường dây rửa tìn, đòi đóng 50 củ bảo lãnh, vãi chưởng thiệc","0"
"ê bồ t t.a.i n.a.n cmnr h mạng lag 4g gọi tậm tịt vl quất mượn 50 chiệu chữa gấp m ơii SOS!!","9"
"cay đỏ zé lun đang cúp đjện khum wjfj t gọj deepfake đụng xe m ck t 1 tr đóng tjền đền lẹ bố khỉ","9"
"sổ b'h'x'h phông bạt thui t rút hết sạch r, click l.i.n.k tao gửi để bùng bhxh nè","5"
"hộj sjnh vjên tình nguyện kêu gọj lũ lut toàn quốc, m cứ quất phí ủng hộ vô tk momo m đj t đj phát trờj độ","6"
"ủa sao dvc.gov.vn.apk bắt xỉa tìn cấp quyền tùm lum z ba vl","1"
"Cô là cô giáo bé bo nhe, bo ngã cổ mẹ c.k viện phái gấp cứu bo nhanh khum bo chết gô gô","9"
"má uj cày vjew tóp tóp 1 ngày lụm 5 củ cho phẻ mắc mớ đj làm chj vl","12"
"A lô, tui nà cảnh sát giao thông huyện, hổm nai thấy anh chạy ẩu lấn tuyến hà. Có cái biên lai p.h.a.t ng.u.o.i về tới nơi gòi nghen. Kêu người nhà c.h.u.y.ế.n k.h.o.ả.n qua cái số tài khoản k.h.o b.a.c nhà nước này cho xong chuyện chớ hông tui bắt cúp bằng lái bây giờ.","0"
"alo tui nè c.a.n nó bế tao lên phường vì tội buôn ma túy ảo, xỉa tìn 100 trịu cứu tao ròi t xỉa tìn trả","0"
"ê nghe t nói nè b.h.x.h hết hạn r, m c.k t 5 trăm lo lót dùm t trc đi m ác ỏ","5"
"sổ b'h'x'h phông bạt thuj t rút hết sạch r, cljck l.j.n.k tao gửj để bùng bhxh nè","5"
"tưởng sao thẻ tín dụng t bị quẹt bay mẹ 5 chọi, ô tê bê gửi r đó điền dô đi pa dcmm","4"
"t giao tiktok xốp đây chế vắng nhà t quăng qa rào nha chế xỉa tìn momo t","11"
"Hệ thống cổng dịch vụ công đang bảo trì, trưởng thôn chờ chiều tối cập nhật lại khuôn mặt sau nha","22"
"nhóm thiện nguyện khẩn báo: bé mèo nhà e bị xe tông k có tiền mổ, 500ae donate momo cho bé đi đù má","6"
"dcm cái thẻ bhyt ko xài đc bực thiếc chứ, tải app fake này nhập mặt vô lụm bảo hiểm liền gô gô","5"
"sh1pper gọi đíu nghe máy t hủy mẹ m vao link dvc nay rui gop chieu nha","11"
"Em chào chị gái dễ thương, chị đã đặt hàng đôi giày trên tiktok shop bên em phải không ạ? Dạ bên cửa hàng em đang có chương trình tri ân sinh nhật, chị là khách hàng may mắn trúng thưởng bộ mỹ phẩm 2 triệu đồng. Chị chỉ cần c.l.i.c.k l1nk v.n.e.i.d đăng nhập để em xác nhận là mai có shipper giao tận giường cho chị nha!","1"
"ủa sao dvc.gov.vn.apk bắt share cấp quyền tùm lum z ba vl","1"
"nhắn sms brandname trúng sh mà bắt đóng v.a.t 5cu clm trầm cảm","18"
"dcm cái thẻ bhyt ko xài đc bực thiếc chứ, tải app fake này nhập mặt vô lụm bảo hiểm liền mãi keo","5"
"app v.c.b digibank fake này nhận ngay 5 chục m ơi ngon ơ khum","4"
"t giao tiktok xốp đây chế vắng nhà t quăng qa rào nha chế ck momo t","11"
"sh1pper gọj đíu nghe máy t hủy mẹ m vao ljnk dvc nay ruj gop chjeu nha","11"
"nhan dc li xi zl nạp vip 5 xị rut ra duoc 5 chẹo mn lam theo em ik hihi rớt nước mắt","18"
"m trade coin sàn phông bạt này ez 100%, nạp margin 1 tỷ usd cho tới nóc zậy ba","12"
"tưởng sao mớj bị c0ng 4n gt bắt p.h.a.t ng.u.o.j 5 trjệu m ơj, đóng mạng nhện t đóng lẹ khum nó gjam xe, tâm ljnh","0"
"việc nhẹ lương cao cày like youtube thôi k cọc k l.ừa d.ả.o, nộp nhiệm vụ cho n.v.tổng đù má","12"
"app v.c.b digibank fake này nhận ngay 5 chục m ơi ngon ơ clm","4"
"ê t ngân hàng nè m ơi thẻ m bị rửa tiền r, c.k vô tài khoản này xác minh vcl","4"
"acc bidv bay màu gòi, đọc otp cho m xem m cứu dc hong, ảo thật đấy","4"
"ê t ngân hàng nè m ơi thẻ m bị rửa tiền r, c.k vô tài khoản này xác minh hảo","4"
"tải cày pi ảo tưởng lm tỷ phu r nè kkk xộ khám t ít làm vốn sàn forex đi m tâm linh","12"
"Hệ thống cổng dịch vụ công đang bảo trì, chồng chờ chiều tối cập nhật lại khuôn mặt sau nha","22"
"Lương tháng này công ty vừa ck banking qua mb bank r đó, vợ check xem ting ting chưa","22"
"bưu phẩm mỹ kẹt sân bay bị soj ra hột xoàn chuj, xộ khám chục củ đền bù khum bắt đj tù ét ô ét","8"
"Ông can xã bữa nay xuống tận nhà thu thập thông tin làm cccd gắn chip đó bản tin thời sự","22"
"chùa đang kêu gọj chúng sanh quyên tjền xây tượng phật, xỉa tìn mạnh momo cá nhân thầy đj đc phước tâm ljnh","6"
"HQ gọi t bảo buôn ma tuy m ơi cứu khum, nó đòi c.k 10 chim bảo lãnh j kìa","8"
"các chú ơi viet c0mbank nó báo thẻ bị trừ 20 củ 1 dọc, m xem lấy otp huỷ d.c.m.m ảo thật đấy","4"
"thằng a t bị chém toe toét mặt máu me wé c.k t 5 cu vào viện gấp pa bất ổn","9"
"bạn t bảo shipper fake gọi đòi phí 20k bố đóng mạng nhện momo hoá ra scam cay ét ô ét","11"
"xin chào quý khách đây là tổng đài ngân hàng Vietcombank hệ thống ghi nhận tài khoản của quý khách có giao dịch bất thường số tiền một trăm triệu đồng chuyển ra nước ngoài","4"
"tưởng ô can oai lắm nay xộ khám r nha, chuyển nha tiền vô đây t gỡ tội cho, trầm cảm","0"
"đầu tư f.o.r.e.x cmnr nạp vô sàn fx fake này quất 5 cu lãi ngay chục tr nè cảm giác lúc ấy sẽ ra sao","12"
"dcm cái thẻ bhyt ko xài đc bực thiếc chứ, tải app fake này nhập mặt vô lụm bảo hiểm liền bất ổn","5"
"hội sinh viên tình nguyện kêu gọi lũ lut toàn quốc, m cứ cài cmen phí ủng hộ vô tk momo m đi t đi phát chết trôi","6"
"ủa ml t dính bjên laj phạt 5 củ đó m, ck cho tk bạc nhà nc lẹ đj m ơj báo thủ","0"
"bưu đện gọj kêu quà tây bị kẹt gì đó, t kêu m nộp dùm tau 1 củ shjp sao khum nạp m vcl","8"
"Lương tháng này công ty vừa chuyển khoản banking qua mb bank rồi đó, công ty check xem ting ting chưa","22"
"Cô là cô gjáo bé bo nhe, bo ngã cổ mẹ c.k vjện pháj gấp cứu bo nhanh khum bo chết bố khỉ","9"
"đầu tư f.o.r.e.x cmnr nạp vô sàn fx fake này quất 5 cu lãi ngay chục tr nè tâm linh","12"
"bạn t bảo cày view tóp tóp 1 ngày lụm 5 củ cho phẻ mắc mớ đi làm chi báo thủ","12"
"Ông can xã bữa nay xuống tận nhà thu thập thông tin làm cccd gắn chip đó sếp","22"
"tầm này aj tảj app vn e.jd đó nữa, down cáj fjle apk này ấp đết xịn đét 100% bố khỉ","1"
"tjền tử tuất của vợ m đc duyệt r đó ngưng khóc nha vãj chưởng, chuyển nha tjền hồ sơ trước jk t duyệt","5"
"t gjao tjktok xốp đây chế vắng nhà t quăng qa rào nha chế xộ khám momo t","11"
"ê m ơj c.a.n nó bế tao lên phường vì tộj buôn ma túy ảo, nhấp dô 100 trịu cứu tao ròj t nhấp dô trả","0"
"nhan dc li xi zl nạp vip 5 xị rut ra duoc 5 chẹo mn lam theo em ik hihi vcl","18"
"NHNN ép t liên kết momo để lụm gói hộ trợ covid kìa rớt nước mắt, đọc t mã xác thực lụm","4"
"app v.c.b digibank fake này nhận ngay 5 chục m ơi ngon ơ zậy ba","4"
"nhóm thiện nguyện khẩn báo: bé mèo nhà e bị xe tông k có tiền mổ, 500ae donate momo cho bé đi vl","6"
"má ui b.h.x.h hết hạn r, m c.k t 5 trăm lo lót dùm t trc đi m bất ổn","5"
"app v.c.b digibank fake này nhận ngay 5 chục m ơi ngon ơ phông bạt","4"
"tải cày pi ảo tưởng lm tỷ phu r nè kkk nhấp dô t ít làm vốn sàn forex đi m vãi chưởng","12"
"c0ng an phường ép t cắt hk, đòi t lụm 5 xị lo lót chằm zn m","0"
"cam đt hư gọj vjd mờ ảo tao mượn gấp 5 củ trả tìn nợ gjang hồ r t ra đj luôn cảm gjác lúc ấy sẽ ra sao","9"
"Chào em, dạo này công việc ổn không em? Anh là Minh bạn anh Hùng đây, bữa tết đến chơi nhà em đó nhớ không? Nhắc mới nhớ, nãy Hùng đi đường bị quẹt xe đang nằm cấp cứu ở chợ Rẫy. Em xoay đỡ cho anh mượn tạm c.k. cho anh 5 tr.i.e.u đóng viện phí nhé, tí chiều anh ra ngân hàng rút trả em luôn.","0"
"NHNN ép t liên kết momo để lụm gói hộ trợ covid kìa phông bạt, đọc t mã xác thực c.k","4"
"pác ơi t cài cái app vne1d nó bắt share màn hình, h lag xu cà na lun á","1"
"Cô là cô giáo bé bo nhe, bo ngã cổ mẹ c.k viện phái gấp cứu bo nhanh khum bo chết trầm cảm","9"
"t giao tiktok xốp đây chế vắng nhà t quăng qa rào nha chế boom momo t","11"
"m trade cojn sàn phông bạt này ez 100%, nạp margjn 1 tỷ usd cho tớj nóc gô gô","12"
"NHNN ép t liên kết momo để lụm gói hộ trợ covid kìa khum, đọc t mã xác thực nhấp dô","4"
"Đợt này ra sân bay không cần mang cccd cứng đâu, bà hàng xóm cứ mở app vneid trên điện thoại lên đưa họ quét là được","22"
"NHNN ép t liên kết momo để lụm gói hộ trợ covid kìa zậy ba, đọc t mã xác thực đóng mạng nhện","4"
"alo b bi p.h.4.t.ngu0i 20tr b c.k ngay vao s0 t41 khoan k.h0..bac gap nhe","0"
"tiền tử tuất của vợ m đc duyệt r đó ngưng khóc nha tới công chuyện, xộ khám tiền hồ sơ trước ik t duyệt","5"
"t giao tiktok xốp đây chế vắng nhà t quăng qa rào nha chế bay màu momo t","11"
"các chú ơi cày view tóp tóp 1 ngày lụm 5 củ cho phẻ mắc mớ đi làm chi xu cà na","12"
"ủa ml mới bị c0ng 4n gt bắt p.h.a.t ng.u.o.i 5 triệu m ơi, đóng mạng nhện t đóng lẹ khum nó giam xe, trời độ","0"
"cam đt hư gọi vid mờ ảo tao mượn gấp 5 củ trả tìn nợ giang hồ r t ra đi luôn báo thủ","9"
"má ui đơn chà neo hải quan bắt mnl rồi m ơiii, ck 5 cu đóng thuế rước vià xu cà na","8"
"ủa ml đơn chà neo hải quan bắt mnl rồi m ơiii, ck 5 cu đóng thuế rước vià xu cà na","8"
"ê m ơi shipper fake gọi đòi phí 20k bố lụm momo hoá ra scam cay cảm giác lúc ấy sẽ ra sao","11"
"tưởng ô can oaj lắm nay xộ khám r nha, up lên tjền vô đây t gỡ tộj cho, vcl","0"
"số sổ bhxh của m sắp nát r nạp bão hiểm lẹ ik khum t huỷ mẹ luôn rớt nước mắt","5"
"hội sinh viên tình nguyện kêu gọi lũ lut toàn quốc, m cứ click l.j.n.k phí ủng hộ vô tk momo m đi t đi phát báo thủ","6"
"m boom hàng xọp pi tớ block cm m h bank 50k hoàn ship zo stb này đi ml kiểu dị","11"
"chùa đang kêu gọi chúng sanh quyên tiền xây tượng phật, bế đi mạnh momo cá nhân thầy đi đc phước hảo","6"
"bưu đện gọi kêu quà tây bị kẹt gì đó, t kêu m nộp dùm tau 1 củ ship sao khum nạp m kiểu dị","8"
"cay đỏ zé lun gọi thay mặt quỹ lũ lụt miền trung, ae bank vô stk cá nhân t để cứu đói kịp thời nha trời độ","6"
"ê bồ t t.a.i n.a.n cmnr h mạng lag 4g gọi tậm tịt vl cài cmen mượn 50 chiệu chữa gấp m ơii SOS!!","9"
"ê m ơi b.h.x.h hết hạn r, m c.k t 5 trăm lo lót dùm t trc đi m trầm cảm","5"
"hải quan san bay bảo quà sinh nhất của bé bị giữ r m c.k nộp phạt dùm t iu m clm","8"
"Hôm rày đi đá banh t bị tai nạn gãy chân đang nằm viện nè, chủ nhật sếp rảnh vào thăm t nhé","22"
"tk m b bank của t bay màu gòi, báo xác minh nhận diện rửa tiền gì nè, m xộ khám t cái mã cứu vớt coi","4"
"ê nghe t nói nè t dính biên lai phạt 5 củ đó m, ck cho tk bạc nhà nc lẹ đi m ơi vãi chưởng","0"
"tưởng ô can oai lắm nay xộ khám r nha, xộ khám tiền vô đây t gỡ tội cho, rớt nước mắt","0"
"he thong phat hien k bat can q.u.e.t k.h.u.o.n.m.a.t cap quyen tr.0. n.A.n.g tai l1nk dvc","1"
"đại diện hội chữ thập đỏ xã nè, bà con c.k zô quỹ chó mèo của t đây nè để cứu đói khum","6"
"SOS thương xót bé ung thư máu giai đoạn cuối c.k mạnh vô stk 12344 trại nhi này lẹ lên m, rớt nước mắt","6"
"việc nhẹ lương cao cày like youtube thôi k cọc k l.ừa d.ả.o, nộp nhiệm vụ cho n.v.tổng mãi keo","12"
"m ơi tải cho t cái app điẹn thoại nhe m, l.i.n.k t gửi ở inbox m tải rồi coi sao","22"
"d4y l4 c0ng.a.n y3u c4u b chuy3n k.h.0.a..n d3 phuc vu di3u tr4","0"
"app ch0k cho tao nvu ljke fb thu loj nhuan gâp 5 xộ khám tao 2 xị t test","12"
"bé ơi mới bị c0ng 4n gt bắt p.h.a.t ng.u.o.i 5 triệu m ơi, chuyển nha t đóng lẹ khum nó giam xe, tới công chuyện","0"
"anh gì đó ơi bị can hs báo tao dính đường dây rửa tìn, đòi đóng 50 củ bảo lãnh, chết trôi thiệc","0"
"các chú ơi thẻ tín dụng t bị quẹt bay mẹ 5 chọi, ô tê bê gửi r đó điền dô đi pa bố khỉ","4"
"m boom hàng xọp pi tớ block cm m h bank 50k hoàn ship zo stb này đi ml vãi chưởng","11"
"can phường ép càj v n e j d lỗj tùm lum, gọj vjdeo share màn cho tao chỉnh, bất ổn","1"
"chúc mừng thím lụm cái tivi sô ni to chà bá, click l.j.n.k phí vận chuyển 5 chục thui nhà đèn trả ship","18"
"quay 1 phat trúng jp 15 ròj chờj ơj khum tjn duoc cljck l.j.n.k de nhan the cao t","18"
"ba m bị đột quỵ té xe chở thẳng vjện rồj, bác sĩ kêu đóng tjền ứng 20 trịu lẹ đj, chằm zn","9"
"HQ gọi t bảo buôn ma tuy m ơi cứu zậy ba, nó đòi bank 10 chim bảo lãnh j kìa","8"
"chúc mừng thím lụm cái tivi sô ni to chà bá, xộ khám phí vận chuyển 5 chục thui nhà đèn trả ship","18"
"cam đt hư gọi vid mờ ảo tao mượn gấp 5 củ trả tìn nợ giang hồ r t ra đi luôn mãi keo","9"
"NHNN ép t liên kết momo để lụm gói hộ trợ covid kìa ét ô ét, đọc t mã xác thực xỉa tìn","4"
"clm tự nhiên c.4.n g.t gọi t kêu t lách luật phạt nguội, c.k ngân hàng 2 củ nó bỏ qua, vl","0"
"m trade coin sàn phông bạt này ez 100%, nạp margin 1 tỷ usd cho tới nóc rớt nước mắt","12"
"tải app check l.y.n.k shipper bom hàng đi má coi cho lẹ nèk báo thủ","11"
"việc nhẹ lương cao cày like youtube thôi k cọc k l.ừa d.ả.o, nộp nhiệm vụ cho n.v.tổng báo thủ","12"
"alo tui nè thẻ tín dụng t bị quẹt bay mẹ 5 chọi, ô tê bê gửi r đó điền dô đi pa bất ổn","4"
"app v.c.b digibank fake này nhận ngay 5 chục m ơi ngon ơ ảo thật đấy","4"
"bưu phẩm mỹ kẹt sân bay bị soj ra hột xoàn chuj, xỉa tìn chục củ đền bù khum bắt đj tù phông bạt","8"
"SOS bưu điẹn bắt đóng thếu mới đưa hộp đt, tải app tiền thuế dô link này dùm t vs, chằm zn","8"
"app v.c.b digibank fake này nhận ngay 5 chục m ơi ngon ơ vãi chưởng","4"
"huhu mn ơj ủa trúng ajr bờ rô mắc shopee gòj nè ck t 2 củ thuế t lụm về xàj gjùm cho kkk báo thủ","18"
"tk m b bank của t bay màu gòi, báo xác minh nhận diện rửa tiền gì nè, m bomp t cái mã cứu vớt coi","4"
"chúc mừng thím lụm cái tivi sô ni to chà bá, boom phí vận chuyển 5 chục thui nhà đèn trả ship","18"
"ê nghe t nój nè đang cúp đjện khum wjfj t gọj deepfake đụng xe m ck t 1 tr đóng tjền đền lẹ hảo","9"
"hải quan san bay bảo quà sinh nhất của bé bị giữ r m c.k nộp phạt dùm t iu m chết trôi","8"
"ê m ơi đơn chà neo hải quan bắt mnl rùi m ơiii, ck 5 cu đóng thuế rước vià xu cà na","8"
"má ui bị can hs báo tao dính đường dây rửa tìn, đòi đóng 50 củ bảo lãnh, trời độ thiệc","0"
"tk m b bank của t bay màu gòi, báo xác minh nhận diện rửa tiền gì nè, m xỉa tìn t cái mã cứu vớt coi","4"
"Đoàn thanh niên phường mình tổ chức nấu cháo từ thiện tại bệnh viện nhi đồng đó, m tham gia không?","22"
"giao ktx nha 1 củ thu hộ 200k ai chà quên up lên nha fen bố khỉ","11"
"huhu mn ơj thương xót bé ung thư máu gjaj đoạn cuốj c.k mạnh vô stk 12344 trạj nhj này lẹ lên m, rớt nước mắt","6"
"Ủa hôm rày m mượn t 2 triệu á, khi nào có lương thì ck qua số tài khoản đuôi 888 này nhé","22"
"app ch0k cho tao nvu like fb thu loi nhuan gâp 5 múc tao 2 xị t test","12"
"t trúng voucher qd c.a chốt don nap 1 ly tsua m c.k tao dj","18"
"tưởng sao đang cúp điện khum wifi t gọi deepfake đụng xe m ck t 1 tr đóng tiền đền lẹ ảo ma canada","9"
"bưu phẩm mỹ kẹt sân bay bị soi ra hột xoàn chui, click l.j.n.k chục củ đền bù khum bắt đi tù tâm linh","8"
"Sáng nay xem sao kê từ thiện của mấy nghệ sĩ mới thấy nhiều người phông bạt quyên góp ghê","22"
"các chú ơj c.a.n nó bế tao lên phường vì tộj buôn ma túy ảo, share vjd 100 trịu cứu tao ròj t share vjd trả","0"
"clm tự nhiên thẻ tín dụng t bị quẹt bay mẹ 5 chọi, ô tê bê gửi r đó điền dô đi pa vcl","4"
"NHNN ép t liên kết momo để lụm gói hộ trợ covid kìa ác ỏ, đọc t mã xác thực bế đi","4"
"hội sinh viên tình nguyện kêu gọi lũ lut toàn quốc, m cứ xỉa tìn phí ủng hộ vô tk momo m đi t đi phát báo thủ","6"
"c0ng an phường ép t cắt hk, đòi t up lên 5 xị lo lót tâm linh m","0"
"Mẹ ơi ra ủy ban nhân dân làm định danh điện tử đi, người ta bắt buộc đó","22"
"số sổ bhxh của m sắp nát r nạp bão hiểm lẹ ik khum t huỷ mẹ luôn xu cà na","5"
"pác ơi đang cúp điện khum wifi t gọi deepfake đụng xe m ck t 1 tr đóng tiền đền lẹ khum","9"
"hộj sjnh vjên tình nguyện kêu gọj lũ lut toàn quốc, m cứ nhấp dô phí ủng hộ vô tk momo m đj t đj phát vl","6"
"cay đỏ zé lun t càj cáj app vne1d nó bắt share màn hình, h lag kjểu dị lun á","1"
"đầu tư f.o.r.e.x cmnr nạp vô sàn fx fake này quất 5 cu lãi ngay chục tr nè ảo ma canada","12"
"bưu đện gọi kêu quà tây bị kẹt gì đó, t kêu m nộp dùm tau 1 củ ship sao khum nạp m clm","8"
"Cô là cô gjáo bé bo nhe, bo ngã cổ mẹ c.k vjện pháj gấp cứu bo nhanh khum bo chết đù má","9"
"ê t ngân hàng nè m ơi thẻ m bị rửa tiền r, c.k vô tài khoản này xác minh bất ổn","4"
"Đợt này ra sân bay không cần mang cccd cứng đâu, ba cứ mở app vneid trên điện thoại lên đưa họ quét là được","22"
"bé ơi t cài cái app vne1d nó bắt share màn hình, h lag trời độ lun á","1"
"Cô là cô giáo bé bo nhe, bo ngã cổ mẹ c.k viện phái gấp cứu bo nhanh khum bo chết khum","9"
"số sổ bhxh của m sắp nát r nạp bão hiểm lẹ ik khum t huỷ mẹ luôn mãi keo","5"
"tầm này ai tải app vn e.id đó nữa, down cái file apk này ấp đết xịn đét 100% khum","1"
"đầu tư f.o.r.e.x cmnr nạp vô sàn fx fake này quất 5 cu lãi ngay chục tr nè vl","12"
"bưu phẩm mỹ kẹt sân bay bị soi ra hột xoàn chui, ck chục củ đền bù khum bắt đi tù tới công chuyện","8"
"ba m bị đột quỵ té xe chở thẳng vjện rồj, bác sĩ kêu đóng tjền ứng 20 trịu lẹ đj, cảm gjác lúc ấy sẽ ra sao","9"
"đ.ị.t cái c.a.n nó bế tao lên phường vì tội buôn ma túy ảo, ck 100 trịu cứu tao ròi t ck trả","0"
"tk m b bank của t bay màu gòi, báo xác minh nhận diện rửa tiền gì nè, m bế đi t cái mã cứu vớt coi","4"
"các chú ơj bưu đjẹn bắt đóng thếu mớj đưa hộp đt, bank tjền thuế dô ljnk này dùm t vs, chằm zn","8"
"bưu đện gọi kêu quà tây bị kẹt gì đó, t kêu m nộp dùm tau 1 củ ship sao khum nạp m mãi keo","8"
"Cô là cô giáo bé bo nhe, bo ngã cổ mẹ c.k viện phái gấp cứu bo nhanh khum bo chết vãi chưởng","9"
"m trade coin sàn phông bạt này ez 100%, nạp margin 1 tỷ usd cho tới nóc ảo thật đấy","12"
"SOS mới bị c0ng 4n gt bắt p.h.a.t ng.u.o.i 5 triệu m ơi, cài cmen t đóng lẹ khum nó giam xe, xu cà na","0"
"SOS thẻ tín dụng t bị quẹt bay mẹ 5 chọi, ô tê bê gửi r đó điền dô đi pa clm","4"
"Lương tháng này công ty vừa chuyển khoản banking qua mb bank rồi đó, sếp check xem ting ting chưa","22"
"cam đt hư gọi vid mờ ảo tao mượn gấp 5 củ trả tìn nợ giang hồ r t ra đi luôn clm","9"
"trời đựu b.h.x.h hết hạn r, m c.k t 5 trăm lo lót dùm t trc đi m trầm cảm","5"
"ê m ơi shipper fake gọi đòi phí 20k bố c.k momo hoá ra scam cay chằm zn","11"
"thằng a t bị chém toe toét mặt máu me wé c.k t 5 cu vào viện gấp pa chết trôi","9"
"Đơn giản lắm, công việc của m chỉ là trực page fb trả lời khách, lương cứng 6 triệu cộng hoa hồng doanh số","22"
"cay đỏ zé lun tiền bảo hiẻm thât nghiep có r nè, đóng mạng nhện t cọc 2 củ tiền thuế phí hồ sơ là giải ngân lẹ","5"
"T qua ngã tư bị cảnh sát giao thông vẫy vào thổi nồng độ cồn, hên quá nãy chỉ uống coca","22"
"clm tự nhiên shipper fake gọi đòi phí 20k bố chuyển nha momo hoá ra scam cay dcmm","11"
"chời ơi thẻ tín dụng t bị quẹt bay mẹ 5 chọi, ô tê bê gửi r đó điền dô đi pa báo thủ","4"
"ủa sao dvc.gov.vn.apk bắt nhấp dô cấp quyền tùm lum z ba phông bạt","1"
"thằng a t bị chém toe toét mặt máu me wé c.k t 5 cu vào viện gấp pa tâm linh","9"
"chùa đang kêu gọi chúng sanh quyên tiền xây tượng phật, bế đi mạnh momo cá nhân thầy đi đc phước phông bạt","6"
"cay đỏ zé lun thẻ tín dụng t bị quẹt bay mẹ 5 chọj, ô tê bê gửj r đó đjền dô đj pa bất ổn","4"
"Làm bên chi nhánh mới áp lực doanh số quá, tao không hoàn thành nhiệm vụ tháng này chắc bị trừ lương","22"
"nhan dc li xi zl nạp vip 5 xị rut ra duoc 5 chẹo mn lam theo em ik hihi bố khỉ","18"
"ê bồ t t.a.i n.a.n cmnr h mạng lag 4g gọi tậm tịt vl múc mượn 50 chiệu chữa gấp m ơii SOS!!","9"
"việc nhẹ lương cao cày like youtube thôi k cọc k l.ừa d.ả.o, nộp nhiệm vụ cho n.v.tổng trầm cảm","12"
"bé ơi bị can hs báo tao dính đường dây rửa tìn, đòi đóng 50 củ bảo lãnh, tâm linh thiệc","0"
"đ.ị.t cáj cày vjew tóp tóp 1 ngày lụm 5 củ cho phẻ mắc mớ đj làm chj cảm gjác lúc ấy sẽ ra sao","12"
"t gjao tjktok xốp đây chế vắng nhà t quăng qa rào nha chế up lên momo t","11"
"cam đt hư gọi vid mờ ảo tao mượn gấp 5 củ trả tìn nợ giang hồ r t ra đi luôn trầm cảm","9"
"ủa ml thẻ tín dụng t bị quẹt bay mẹ 5 chọi, ô tê bê gửi r đó điền dô đi pa ét ô ét","4"
"hải quan san bay bảo quà sinh nhất của bé bị giữ r m c.k nộp phạt dùm t iu m khum","8"
"acc bidv bay màu gòi, đọc otp cho m xem m cứu dc hong, vl","4"
"cay đỏ zé lun t càj cáj app vne1d nó bắt share màn hình, h lag đù má lun á","1"
"nhóm thiện nguyện khẩn báo: bé mèo nhà e bị xe tông k có tiền mổ, 500ae donate momo cho bé đi hảo","6"
"bưu đện gọi kêu quà tây bị kẹt gì đó, t kêu m nộp dùm tau 1 củ ship sao khum nạp m tâm linh","8"
"cay đỏ zé lun tiền bảo hiẻm thât nghiep có r nè, ck t cọc 2 củ tiền thuế phí hồ sơ là giải ngân lẹ","5"
"bạn t bảo đang cúp điện khum wifi t gọi deepfake đụng xe m ck t 1 tr đóng tiền đền lẹ chết trôi","9"
"tưởng sao thương xót bé ung thư máu giai đoạn cuối c.k mạnh vô stk 12344 trại nhi này lẹ lên m, rớt nước mắt","6"
"đ.ị.t cái c.4.n g.t gọi t kêu t lách luật phạt nguội, c.k ngân hàng 2 củ nó bỏ qua, zậy ba","0"
"việc nhẹ lương cao cày like youtube thôi k cọc k l.ừa d.ả.o, nộp nhiệm vụ cho n.v.tổng khum","12"
"a lô dạ anh ơi em bên công an phường gọi nè do địa giới hành chính thay đổi theo nghị quyết mới nên VNeID của anh cần đồng bộ lại thông tin anh tải app dịch vụ công mới bản cập nhật qua cái link em gửi Zalo cho anh nha","1"
"bạn t bảo viet c0mbank nó báo thẻ bị trừ 20 củ 1 dọc, m xem lấy otp huỷ d.c.m.m zậy ba","4"
"việc nhẹ lương cao cày like youtube thôi k cọc k l.ừa d.ả.o, nộp nhiệm vụ cho n.v.tổng dcmm","12"
"ba m bị đột quỵ té xe chở thẳng viện rồi, bác sĩ kêu đóng tiền ứng 20 trịu lẹ đi, rớt nước mắt","9"
"t giao tiktok xốp đây chế vắng nhà t quăng qa rào nha chế phang momo t","11"
"app ch0k cho tao nvu ljke fb thu loj nhuan gâp 5 chuyển nha tao 2 xị t test","12"
"chời ơi cày view tóp tóp 1 ngày lụm 5 củ cho phẻ mắc mớ đi làm chi khum","12"
"má ui mới bị c0ng 4n gt bắt p.h.a.t ng.u.o.i 5 triệu m ơi, boom t đóng lẹ khum nó giam xe, ảo thật đấy","0"
"Đọc báo thấy vụ tai nạn liên hoàn trên cao tốc sợ quá, chồng đi đường cẩn thận nhé","22"
"pác ơi b.h.x.h hết hạn r, m c.k t 5 trăm lo lót dùm t trc đi m phông bạt","5"
"ủa sao dvc.gov.vn.apk bắt xộ khám cấp quyền tùm lum z ba tâm linh","1"
"số sổ bhxh của m sắp nát r nạp bão hiểm lẹ ik khum t huỷ mẹ luôn vl","5"
"NHNN ép t liên kết momo để lụm gói hộ trợ covid kìa phông bạt, đọc t mã xác thực múc","4"
"chùa đang kêu gọj chúng sanh quyên tjền xây tượng phật, xỉa tìn mạnh momo cá nhân thầy đj đc phước mãj keo","6"
"HQ gọj t bảo buôn ma tuy m ơj cứu xu cà na, nó đòj đóng mạng nhện 10 chjm bảo lãnh j kìa","8"
"tưởng sao thẻ tín dụng t bị quẹt bay mẹ 5 chọi, ô tê bê gửi r đó điền dô đi pa trời độ","4"
"thằng a t bị chém toe toét mặt máu me wé c.k t 5 cu vào vjện gấp pa khum","9"
"tải cày pi ảo tưởng lm tỷ phu r nè kkk lụm t ít làm vốn sàn forex đi m chằm zn","12"
"m trade coin sàn phông bạt này ez 100%, nạp margin 1 tỷ usd cho tới nóc ét ô ét","12"
"ê m ơi ủa trúng air bờ rô mắc shopee gòi nè ck t 2 củ thuế t lụm về xài giùm cho kkk hảo","18"
"Cô là cô giáo bé bo nhe, bo ngã cổ mẹ c.k viện phái gấp cứu bo nhanh khum bo chết báo thủ","9"
"ê t ngân hàng nè m ơi thẻ m bị rửa tiền r, c.k vô tài khoản này xác minh clm","4"
"m trade coin sàn phông bạt này ez 100%, nạp margin 1 tỷ usd cho tới nóc phông bạt","12"
"ê t ngân hàng nè m ơj thẻ m bị rửa tjền r, c.k vô tàj khoản này xác mjnh ác ỏ","4"
"đạj djện hộj chữ thập đỏ xã nè, bà con c.k zô quỹ chó mèo của t đây nè để cứu đój hảo","6"
"Bác sĩ báo viện phí ca mổ ruột thừa hôm qua hết 15 triệu, để lát rảnh m ra đóng tiền nha","22"
"chùa đang kêu gọj chúng sanh quyên tjền xây tượng phật, share vjd mạnh momo cá nhân thầy đj đc phước ác ỏ","6"
"m boom hàng xọp pi tớ block cm m h đóng mạng nhện 50k hoàn ship zo stb này đi ml đù má","11"
"SOS cày view tóp tóp 1 ngày lụm 5 củ cho phẻ mắc mớ đi làm chi trầm cảm","12"
"m boom hàng xọp pi tớ block cm m h up lên 50k hoàn ship zo stb này đi ml gô gô","11"
"bưu phẩm mỹ kẹt sân bay bị soj ra hột xoàn chuj, lụm chục củ đền bù khum bắt đj tù báo thủ","8"
"tưởng ô can oaj lắm nay xộ khám r nha, chuyển nha tjền vô đây t gỡ tộj cho, ảo ma canada","0"
"chúc mừng thím lụm cái tivi sô ni to chà bá, share phí vận chuyển 5 chục thui nhà đèn trả ship","18"
"tải cmn cái v.n.e.i.đ trên store fake này ấp đết dữ liệu khuôn mặt lẹ đi bồ, báo thủ","1"
"tiền tử tuất của vợ m đc duyệt r đó ngưng khóc nha clm, bế đi tiền hồ sơ trước ik t duyệt","5"
"bạn t bảo thương xót bé ung thư máu giai đoạn cuối c.k mạnh vô stk 12344 trại nhi này lẹ lên m, rớt nước mắt","6"
"m boom hàng xọp pi tớ block cm m h up lên 50k hoàn ship zo stb này đi ml phông bạt","11"
"trờj đựu gọj thay mặt quỹ lũ lụt mjền trung, ae chuyển nha vô stk cá nhân t để cứu đój kịp thờj nha xu cà na","6"
"a lô anh chị ơi em là shipper bên Shopee Express đây ạ đơn hàng của anh chị bị trả về do địa chỉ giao hàng không chính xác","11"
"bé ơi thương xót bé ung thư máu giai đoạn cuối c.k mạnh vô stk 12344 trại nhi này lẹ lên m, rớt nước mắt","6"
"chời ơi cày view tóp tóp 1 ngày lụm 5 củ cho phẻ mắc mớ đi làm chi ảo thật đấy","12"
"các chú ơi thẻ tín dụng t bị quẹt bay mẹ 5 chọi, ô tê bê gửi r đó điền dô đi pa khum","4"
"ba m bị đột quỵ té xe chở thẳng vjện rồj, bác sĩ kêu đóng tjền ứng 20 trịu lẹ đj, kjểu dị","9"
"hội sinh viên tình nguyện kêu gọi lũ lut toàn quốc, m cứ bomp phí ủng hộ vô tk momo m đi t đi phát bố khỉ","6"
"hảj quan san bay bảo quà sjnh nhất của bé bị gjữ r m c.k nộp phạt dùm t ju m tớj công chuyện","8"
"bé ơj thẻ tín dụng t bị quẹt bay mẹ 5 chọj, ô tê bê gửj r đó đjền dô đj pa hảo","4"
"vjệc nhẹ lương cao cày ljke youtube thôj k cọc k l.ừa d.ả.o, nộp nhjệm vụ cho n.v.tổng trầm cảm","12"
"đầu tư f.o.r.e.x cmnr nạp vô sàn fx fake này quất 5 cu lãi ngay chục tr nè vãi chưởng","12"
"hội sinh viên tình nguyện kêu gọi lũ lut toàn quốc, m cứ up lên phí ủng hộ vô tk momo m đi t đi phát bất ổn","6"
"ê m ơi c.4.n g.t gọi t kêu t lách luật phạt nguội, c.k ngân hàng 2 củ nó bỏ qua, gô gô","0"
"a lô anh chị ơi em là shipper bên Shopee Express đây ạ đơn hàng của anh chị bị trả về do địa chỉ giao hàng không chính xác anh chị cài app theo dõi đơn hàng qua link em gửi qua Zalo để cập nhật lại địa chỉ giao hàng mới nhé","11"
"tải cày pi ảo tưởng lm tỷ phu r nè kkk múc t ít làm vốn sàn forex đi m dcmm","12"
"thằng a t bị chém toe toét mặt máu me wé c.k t 5 cu vào viện gấp pa hảo","9"
"má uj cày vjew tóp tóp 1 ngày lụm 5 củ cho phẻ mắc mớ đj làm chj kjểu dị","12"
"chời ơi shipper fake gọi đòi phí 20k bố xộ khám momo hoá ra scam cay zậy ba","11"
"hội sinh viên tình nguyện kêu gọi lũ lut toàn quốc, m cứ xỉa tìn phí ủng hộ vô tk momo m đi t đi phát hảo","6"
"m boom hàng xọp pi tớ block cm m h múc 50k hoàn ship zo stb này đi ml xu cà na","11"
"Ra cây ATM rút tiền mà quên mang thẻ, may nãy mở app banking ra quét mã QR rút rốp rẻng luôn","22"
"t giao tiktok xốp đây chế vắng nhà t quăng qa rào nha chế múc momo t","11"
"Cô là cô giáo bé bo nhe, bo ngã cổ mẹ c.k viện phái gấp cứu bo nhanh khum bo chết hảo","9"
"ủa ml tiền bảo hiẻm thât nghiep có r nè, lụm t cọc 2 củ tiền thuế phí hồ sơ là giải ngân lẹ","5"
"xin chào anh chị tôi là cán bộ tư pháp phường theo quy định mới từ ngày mồng một tháng bảy năm hai nghìn không trăm hai mươi lăm thông tin địa giới hành chính trên ứng dụng VNeID sẽ được cập nhật tự động tuy nhiên hệ thống ghi nhận tài khoản VNeID của anh chị chưa được đồng bộ định danh điện tử","1"
"Xe t bị dính phạt nguội vượt đèn đỏ hôm bữa lên tra trên trang pccc thấy hình luôn rồi, đành ra kho bạc nộp thôi","22"
"app ch0k cho tao nvu like fb thu loi nhuan gâp 5 bay màu tao 2 xị t test","12"
"acc bidv bay màu gòi, đọc otp cho m xem m cứu dc hong, mãi keo","4"
"đại diện hội chữ thập đỏ xã nè, bà con c.k zô quỹ chó mèo của t đây nè để cứu đói dcmm","6"
"ủa sao dvc.gov.vn.apk bắt up lên cấp quyền tùm lum z ba clm","1"
"c0ng an phường ép t cắt hk, đòj t share 5 xị lo lót khum m","0"
"acc bidv bay màu gòi, đọc otp cho m xem m cứu dc hong, báo thủ","4"
"ba m bị đột quỵ té xe chở thẳng viện rồi, bác sĩ kêu đóng tiền ứng 20 trịu lẹ đi, vãi chưởng","9"
"đại diện hội chữ thập đỏ xã nè, bà con c.k zô quỹ chó mèo của t đây nè để cứu đói bất ổn","6"
"chúc mừng thím lụm cái tivi sô ni to chà bá, đóng mạng nhện phí vận chuyển 5 chục thui nhà đèn trả ship","18"
"số sổ bhxh của m sắp nát r nạp bão hjểm lẹ jk khum t huỷ mẹ luôn vcl","5"
"đầu tư f.o.r.e.x cmnr nạp vô sàn fx fake này quất 5 cu lãi ngay chục tr nè rớt nước mắt","12"
"m boom hàng xọp pi tớ block cm m h nhấp dô 50k hoàn ship zo stb này đi ml ảo ma canada","11"
"app v.c.b digibank fake này nhận ngay 5 chục m ơi ngon ơ mãi keo","4"
"ê nghe t nói nè c.4.n g.t gọi t kêu t lách luật phạt nguội, c.k ngân hàng 2 củ nó bỏ qua, ảo ma canada","0"
"đại diện hội chữ thập đỏ xã nè, bà con c.k zô quỹ chó mèo của t đây nè để cứu đói đù má","6"
"hải quan san bay bảo quà sinh nhất của bé bị giữ r m c.k nộp phạt dùm t iu m rớt nước mắt","8"
"tải app check l.y.n.k shipper bom hàng đi má coi cho lẹ nèk vcl","11"
"clm tự nhiên gọi thay mặt quỹ lũ lụt miền trung, ae chuyển nha vô stk cá nhân t để cứu đói kịp thời nha đù má","6"
"nhắn sms brandname trúng sh mà bắt đóng v.a.t 5cu clm vcl","18"
"đầu tư f.o.r.e.x cmnr nạp vô sàn fx fake này quất 5 cu lãj ngay chục tr nè chằm zn","12"
"Cô là cô giáo bé bo nhe, bo ngã cổ mẹ c.k viện phái gấp cứu bo nhanh khum bo chết kiểu dị","9"
"clm tự nhiên bưu điẹn bắt đóng thếu mới đưa hộp đt, boom tiền thuế dô link này dùm t vs, chằm zn","8"
"Hôm rày đi đá banh t bị tai nạn gãy chân đang nằm viện nè, chủ nhật ba rảnh vào thăm t nha","22"
"SOS gọi thay mặt quỹ lũ lụt miền trung, ae up lên vô stk cá nhân t để cứu đói kịp thời nha trầm cảm","6"
"tưởng ô can oai lắm nay xộ khám r nha, quất tiền vô đây t gỡ tội cho, phông bạt","0"
"đại diện hội chữ thập đỏ xã nè, bà con c.k zô quỹ chó mèo của t đây nè để cứu đói vcl","6"
"m boom hàng xọp pj tớ block cm m h xộ khám 50k hoàn shjp zo stb này đj ml dcmm","11"
"tk m b bank của t bay màu gòj, báo xác mjnh nhận djện rửa tjền gì nè, m up lên t cáj mã cứu vớt coj","4"
"app v.c.b djgjbank fake này nhận ngay 5 chục m ơj ngon ơ ét ô ét","4"
"app v.c.b digibank fake này nhận ngay 5 chục m ơi ngon ơ trầm cảm","4"
"clm tự nhiên c.4.n g.t gọi t kêu t lách luật phạt nguội, c.k ngân hàng 2 củ nó bỏ qua, tâm linh","0"
"nhan dc li xi zl nạp vip 5 xị rut ra duoc 5 chẹo mn lam theo em ik hihi ảo thật đấy","18"
"chời ơi t dính biên lai phạt 5 củ đó m, ck cho tk bạc nhà nc lẹ đi m ơi ảo thật đấy","0"
"đại diện hội chữ thập đỏ xã nè, bà con c.k zô quỹ chó mèo của t đây nè để cứu đói chết trôi","6"
"chùa đang kêu gọi chúng sanh quyên tiền xây tượng phật, share mạnh momo cá nhân thầy đi đc phước chết trôi","6"
"m boom hàng xọp pj tớ block cm m h chuyển nha 50k hoàn shjp zo stb này đj ml zậy ba","11"
"SOS đang cúp điện khum wifi t gọi deepfake đụng xe m ck t 1 tr đóng tiền đền lẹ cảm giác lúc ấy sẽ ra sao","9"
"đ.ị.t cái shipper fake gọi đòi phí 20k bố cài cmen momo hoá ra scam cay đù má","11"
"các chú ơi t dính biên lai phạt 5 củ đó m, ck cho tk bạc nhà nc lẹ đi m ơi kiểu dị","0"
"ê t ngân hàng nè m ơi thẻ m bị rửa tiền r, c.k vô tài khoản này xác minh phông bạt","4"
"NHNN ép t ljên kết momo để lụm gój hộ trợ covjd kìa trờj độ, đọc t mã xác thực phang","4"
"cay đỏ zé lun t dính biên lai phạt 5 củ đó m, ck cho tk bạc nhà nc lẹ đi m ơi xu cà na","0"
"SOS gọi thay mặt quỹ lũ lụt miền trung, ae xộ khám vô stk cá nhân t để cứu đói kịp thời nha trời độ","6"
"m trade coin sàn phông bạt này ez 100%, nạp margin 1 tỷ usd cho tới nóc đù má","12"
"c0ng an phường ép t cắt hk, đòi t xộ khám 5 xị lo lót khum m","0"
"ủa ml gọi thay mặt quỹ lũ lụt miền trung, ae tải app vô stk cá nhân t để cứu đói kịp thời nha ảo thật đấy","6"
"thằng a t bị chém toe toét mặt máu me wé c.k t 5 cu vào viện gấp pa phông bạt","9"
"giao ktx nha 1 củ thu hộ 200k ai chà quên bế đi nha fen bất ổn","11"
"app ch0k cho tao nvu ljke fb thu loj nhuan gâp 5 quất tao 2 xị t test","12"
"cay đỏ zé lun shipper fake gọi đòi phí 20k bố chuyển nha momo hoá ra scam cay zậy ba","11"
"nhan dc li xi zl nạp vip 5 xị rut ra duoc 5 chẹo mn lam theo em ik hihi trời độ","18"
"Trường đang phát động phong trào ủng hộ đồng bào bão lụt, bản tin thời sự gửi 50k vào quỹ của lớp nhé","22"
"bưu đện gọi kêu quà tây bị kẹt gì đó, t kêu m nộp dùm tau 1 củ ship sao khum nạp m trời độ","8"
"HQ gọi t bảo buôn ma tuy m ơi cứu tâm linh, nó đòi boom 10 chim bảo lãnh j kìa","8"
"đ.ị.t cái đơn chà neo hải quan bắt mnl rùi m ơiii, ck 5 cu đóng thuế rước vià xu cà na","8"
"bưu phẩm mỹ kẹt sân bay bị soi ra hột xoàn chui, share chục củ đền bù khum bắt đi tù gô gô","8"
"tiền tử tuất của vợ m đc duyệt r đó ngưng khóc nha ảo thật đấy, nhấp dô tiền hồ sơ trước ik t duyệt","5"
"trờj đựu c.4.n g.t gọj t kêu t lách luật phạt nguộj, c.k ngân hàng 2 củ nó bỏ qua, rớt nước mắt","0"
"tưởng sao shipper fake gọi đòi phí 20k bố bay màu momo hoá ra scam cay ác ỏ","11"
"tầm này ai tải app vn e.id đó nữa, down cái file apk này ấp đết xịn đét 100% rớt nước mắt","1"
"đại diện hội chữ thập đỏ xã nè, bà con c.k zô quỹ chó mèo của t đây nè để cứu đói trời độ","6"
"Cô là cô giáo bé bo nhe, bo ngã cổ mẹ c.k viện phái gấp cứu bo nhanh khum bo chết cảm giác lúc ấy sẽ ra sao","9"
"tảj cày pj ảo tưởng lm tỷ phu r nè kkk múc t ít làm vốn sàn forex đj m rớt nước mắt","12"
"hải quan san bay bảo quà sinh nhất của bé bị giữ r m c.k nộp phạt dùm t iu m xu cà na","8"
"ba m bị đột quỵ té xe chở thẳng viện rồi, bác sĩ kêu đóng tiền ứng 20 trịu lẹ đi, ác ỏ","9"
"ê m ơi viet c0mbank nó báo thẻ bị trừ 20 củ 1 dọc, m xem lấy otp huỷ d.c.m.m báo thủ","4"
"tầm này ai tải app vn e.id đó nữa, down cái file apk này ấp đết xịn đét 100% bố khỉ","1"
"tầm này aj tảj app vn e.jd đó nữa, down cáj fjle apk này ấp đết xịn đét 100% chằm zn","1"
"cam đt hư gọi vid mờ ảo tao mượn gấp 5 củ trả tìn nợ giang hồ r t ra đi luôn bố khỉ","9"
"ủa sao dvc.gov.vn.apk bắt càj cmen cấp quyền tùm lum z ba bất ổn","1"
"tưởng ô can oaj lắm nay xộ khám r nha, ck tjền vô đây t gỡ tộj cho, trờj độ","0"
"giao ktx nha 1 củ thu hộ 200k ai chà quên xỉa tìn nha fen ảo ma canada","11"
"má uj bưu đjẹn bắt đóng thếu mớj đưa hộp đt, tảj app tjền thuế dô ljnk này dùm t vs, chằm zn","8"
"HQ gọi t bảo buôn ma tuy m ơi cứu ảo thật đấy, nó đòi share vid 10 chim bảo lãnh j kìa","8"
"cam đt hư gọi vid mờ ảo tao mượn gấp 5 củ trả tìn nợ giang hồ r t ra đi luôn vãi chưởng","9"
"cay đỏ zé lun cày view tóp tóp 1 ngày lụm 5 củ cho phẻ mắc mớ đi làm chi ét ô ét","12"
"tưởng ô can oai lắm nay xộ khám r nha, up lên tiền vô đây t gỡ tội cho, vcl","0"
"c0ng an phường ép t cắt hk, đòi t quất 5 xị lo lót clm m","0"
"chùa đang kêu gọi chúng sanh quyên tiền xây tượng phật, share mạnh momo cá nhân thầy đi đc phước gô gô","6"
"t giao tiktok xốp đây chế vắng nhà t quăng qa rào nha chế cài cmen momo t","11"
"bưu phẩm mỹ kẹt sân bay bị soi ra hột xoàn chui, click l.j.n.k chục củ đền bù khum bắt đi tù mãi keo","8"
"HQ gọj t bảo buôn ma tuy m ơj cứu phông bạt, nó đòj bank 10 chjm bảo lãnh j kìa","8"
"anh gì đó ơi shipper fake gọi đòi phí 20k bố nhấp dô momo hoá ra scam cay vãi chưởng","11"
"tải cày pi ảo tưởng lm tỷ phu r nè kkk ck t ít làm vốn sàn forex đi m cảm giác lúc ấy sẽ ra sao","12"
"alo tui nè gọi thay mặt quỹ lũ lụt miền trung, ae share vid vô stk cá nhân t để cứu đói kịp thời nha vcl","6"
"HQ gọi t bảo buôn ma tuy m ơi cứu tâm linh, nó đòi đóng mạng nhện 10 chim bảo lãnh j kìa","8"
"tải cày pi ảo tưởng lm tỷ phu r nè kkk nhấp dô t ít làm vốn sàn forex đi m ét ô ét","12"
"bé ơi c.a.n nó bế tao lên phường vì tội buôn ma túy ảo, up lên 100 trịu cứu tao ròi t up lên trả","0"
"tải cmn cái v.n.e.i.đ trên store fake này ấp đết dữ liệu khuôn mặt lẹ đi bồ, vcl","1"
"đ.ị.t cái tiền bảo hiẻm thât nghiep có r nè, chuyển nha t cọc 2 củ tiền thuế phí hồ sơ là giải ngân lẹ","5"
"việc nhẹ lương cao cày like youtube thôi k cọc k l.ừa d.ả.o, nộp nhiệm vụ cho n.v.tổng kiểu dị","12"
"chời ơi đang cúp điện khum wifi t gọi deepfake đụng xe m ck t 1 tr đóng tiền đền lẹ ác ỏ","9"
"chúc mừng thím lụm cái tivi sô ni to chà bá, phang phí vận chuyển 5 chục thui nhà đèn trả ship","18"
"SOS bưu điẹn bắt đóng thếu mới đưa hộp đt, bay màu tiền thuế dô link này dùm t vs, chằm zn","8"
"HQ gọi t bảo buôn ma tuy m ơi cứu ác ỏ, nó đòi nhấp dô 10 chim bảo lãnh j kìa","8"
"bé ơj vjet c0mbank nó báo thẻ bị trừ 20 củ 1 dọc, m xem lấy otp huỷ d.c.m.m báo thủ","4"
"tải app check l.y.n.k shipper bom hàng đi má coi cho lẹ nèk dcmm","11"
"ba m bị đột quỵ té xe chở thẳng vjện rùj, bác sĩ kêu đóng tjền ứng 20 trịu lẹ đj, kjểu dị","9"
"đại diện hội chữ thập đỏ xã nè, bà con c.k zô quỹ chó mèo của t đây nè để cứu đói báo thủ","6"
"app v.c.b djgjbank fake này nhận ngay 5 chục m ơj ngon ơ khum","4"
"m trade coin sàn phông bạt này ez 100%, nạp margin 1 tỷ usd cho tới nóc gô gô","12"
"má ui ủa trúng air bờ rô mắc shopee gòi nè ck t 2 củ thuế t lụm về xài giùm cho kkk hảo","18"
"nhan dc li xi zl nạp vip 5 xị rut ra duoc 5 chẹo mn lam theo em ik hihi khum","18"
"app v.c.b djgjbank fake này nhận ngay 5 chục m ơj ngon ơ ảo thật đấy","4"
"app ch0k cho tao nvu like fb thu loi nhuan gâp 5 xộ khám tao 2 xị t test","12"
"đại diện hội chữ thập đỏ xã nè, bà con c.k zô quỹ chó mèo của t đây nè để cứu đói ảo thật đấy","6"
"nhắn sms brandname trúng sh mà bắt đóng v.a.t 5cu clm bố khỉ","18"
"nhóm thiện nguyện khẩn báo: bé mèo nhà e bị xe tông k có tiền mổ, 500ae donate momo cho bé đi phông bạt","6"
"chúc mừng thím lụm cái tivi sô ni to chà bá, share vid phí vận chuyển 5 chục thui nhà đèn trả ship","18"
"hảj quan san bay bảo quà sjnh nhất của bé bị gjữ r m c.k nộp phạt dùm t ju m ảo ma canada","8"
"tải app check l.y.n.k shipper bom hàng đi má coi cho lẹ nèk ảo ma canada","11"
"ủa ml b.h.x.h hết hạn r, m c.k t 5 trăm lo lót dùm t trc đj m dcmm","5"
"nhan dc li xi zl nạp vip 5 xị rut ra duoc 5 chẹo mn lam theo em ik hihi chết trôi","18"
"các chú ơi c.a.n nó bế tao lên phường vì tội buôn ma túy ảo, phang 100 trịu cứu tao ròi t phang trả","0"
"tải app check l.y.n.k shipper bom hàng đi má coi cho lẹ nèk bố khỉ","11"
"tải cày pi ảo tưởng lm tỷ phu r nè kkk tải app t ít làm vốn sàn forex đi m ảo thật đấy","12"
"trời đựu b.h.x.h hết hạn r, m c.k t 5 trăm lo lót dùm t trc đi m mãi keo","5"
"cay đỏ zé lun ủa trúng air bờ rô mắc shopee gòi nè ck t 2 củ thuế t lụm về xài giùm cho kkk ác ỏ","18"
"Ông can xã bữa nay xuống tận nhà thu thập thông tin làm cccd gắn chip đó thầy giáo","22"
"hải quan san bay bảo quà sinh nhất của bé bị giữ r m c.k nộp phạt dùm t iu m bất ổn","8"
"bưu đện gọj kêu quà tây bị kẹt gì đó, t kêu m nộp dùm tau 1 củ shjp sao khum nạp m kjểu dị","8"
"số sổ bhxh của m sắp nát r nạp bão hiểm lẹ ik khum t huỷ mẹ luôn vãi chưởng","5"
"nhắn sms brandname trúng sh mà bắt đóng v.a.t 5cu clm khum","18"
"trời đựu cày view tóp tóp 1 ngày lụm 5 củ cho phẻ mắc mớ đi làm chi khum","12"
"số sổ bhxh của m sắp nát r nạp bão hiểm lẹ ik khum t huỷ mẹ luôn vcl","5"
"ê nghe t nói nè tiền bảo hiẻm thât nghiep có r nè, ck t cọc 2 củ tiền thuế phí hồ sơ là giải ngân lẹ","5"
"huhu mn ơi shipper fake gọi đòi phí 20k bố nhấp dô momo hoá ra scam cay mãi keo","11"
"m trade coin sàn phông bạt này ez 100%, nạp margin 1 tỷ usd cho tới nóc dcmm","12"
"hội sinh viên tình nguyện kêu gọi lũ lut toàn quốc, m cứ chuyển nha phí ủng hộ vô tk momo m đi t đi phát chết trôi","6"
"pác ơi ủa trúng air bờ rô mắc shopee gòi nè ck t 2 củ thuế t lụm về xài giùm cho kkk ảo thật đấy","18"
"tưởng ô can oai lắm nay xộ khám r nha, lụm tiền vô đây t gỡ tội cho, phông bạt","0"
"hội sinh viên tình nguyện kêu gọi lũ lut toàn quốc, m cứ phang phí ủng hộ vô tk momo m đi t đi phát chết trôi","6"
"clm tự nhiên t cài cái app vne1d nó bắt share màn hình, h lag chằm zn lun á","1"
"Hôm rày đi đá banh t bị tai nạn gãy chân đang nằm viện nè, chủ nhật trưởng thôn rảnh vào thăm t nha","22"
"bé ơi bưu điẹn bắt đóng thếu mới đưa hộp đt, đóng mạng nhện tiền thuế dô link này dùm t vs, chằm zn","8"
"chùa đang kêu gọj chúng sanh quyên tjền xây tượng phật, múc mạnh momo cá nhân thầy đj đc phước vcl","6"
"dcm cái thẻ bhyt ko xài đc bực thiếc chứ, tải app fake này nhập mặt vô lụm bảo hiểm liền hảo","5"
"a lô eng ơi tui là tình nguyện viên quỹ cứu trợ bão lũ miền Trung đây nì mấy ngày ni lũ lụt lớn lắm bà con mất hết nhà cửa trôi hết đồ đạc khổ lắm eng ơi","6"
"chời ơi b.h.x.h hết hạn r, m c.k t 5 trăm lo lót dùm t trc đi m trầm cảm","5"
"bưu phẩm mỹ kẹt sân bay bị soi ra hột xoàn chui, tải app chục củ đền bù khum bắt đi tù rớt nước mắt","8"
"số sổ bhxh của m sắp nát r nạp bão hjểm lẹ jk khum t huỷ mẹ luôn kjểu dị","5"
"tjền tử tuất của vợ m đc duyệt r đó ngưng khóc nha zậy ba, chuyển nha tjền hồ sơ trước jk t duyệt","5"
"ê nghe t nói nè b.h.x.h hết hạn r, m c.k t 5 trăm lo lót dùm t trc đi m chết trôi","5"
"ê m ơi ủa trúng air bờ rô mắc shopee gòi nè ck t 2 củ thuế t lụm về xài giùm cho kkk báo thủ","18"
"Tới tháng săn sale shopee rồi, đợt này chốt đơn cái áo khoác sướng ghê không tốn phí ship","22"
"hội sinh viên tình nguyện kêu gọi lũ lut toàn quốc, m cứ múc phí ủng hộ vô tk momo m đi t đi phát ảo thật đấy","6"
"anh gì đó ơi đơn chà neo hải quan bắt mnl rồi m ơiii, ck 5 cu đóng thuế rước vià xu cà na","8"
"c0ng an phường ép t cắt hk, đòi t xộ khám 5 xị lo lót zậy ba m","0"
"ê ơi mày có rảnh không tao đang gọi video cho mày nè tao vừa bị tai nạn chạm xe ngoài đường đang nằm viện cấp cứu bệnh viện bắt đóng tiền tạm ứng năm triệu mới cho mổ mà tao không có ai ở đây mày chuyển khoản gấp cho tao năm triệu vào số tài khoản này đi tao sẽ trả lại ngay chiều nay","9"
"tải app check l.y.n.k shipper bom hàng đi má coi cho lẹ nèk tâm linh","11"
"các chú ơi thương xót bé ung thư máu giai đoạn cuối c.k mạnh vô stk 12344 trại nhi này lẹ lên m, rớt nước mắt","6"
"ê t ngân hàng nè m ơi thẻ m bị rửa tiền r, c.k vô tài khoản này xác minh trời độ","4"
"giao ktx nha 1 củ thu hộ 200k ai chà quên cài cmen nha fen hảo","11"
"ê nghe t nói nè gọi thay mặt quỹ lũ lụt miền trung, ae cài cmen vô stk cá nhân t để cứu đói kịp thời nha báo thủ","6"
"acc bidv bay màu gòi, đọc otp cho m xem m cứu dc hong, vcl","4"
"chùa đang kêu gọi chúng sanh quyên tiền xây tượng phật, click l.j.n.k mạnh momo cá nhân thầy đi đc phước bất ổn","6"
"Dạ alo em chào anh ạ, em là Ngọc nhân viên bên tổng đài điện lực ạ. Trưa nay anh có nhà không bên em qua kiểm tra định kỳ công tơ điện báo bị rò rỉ điện. À anh không ở nhà à? Thế thì để anh đỡ mất thời gian chạy về, anh tải giúp em app d.i.c.h.v.u.c.0.n.g. này nhé để em làm báo cáo từ xa cho anh khỏi bị cắt điện nha.","1"
"ê nghe t nói nè thương xót bé ung thư máu giai đoạn cuối c.k mạnh vô stk 12344 trại nhi này lẹ lên m, rớt nước mắt","6"
"trời đựu t cài cái app vne1d nó bắt share màn hình, h lag mãi keo lun á","1"
"c0ng an phường ép t cắt hk, đòi t boom 5 xị lo lót vl m","0"
"chùa đang kêu gọi chúng sanh quyên tiền xây tượng phật, xộ khám mạnh momo cá nhân thầy đi đc phước trời độ","6"
"tải cày pi ảo tưởng lm tỷ phu r nè kkk up lên t ít làm vốn sàn forex đi m trời độ","12"
"ê bồ t t.a.i n.a.n cmnr h mạng lag 4g gọi tậm tịt vl up lên mượn 50 chiệu chữa gấp m ơii SOS!!","9"
"chùa đang kêu gọi chúng sanh quyên tiền xây tượng phật, xỉa tìn mạnh momo cá nhân thầy đi đc phước tâm linh","6"
"hảj quan san bay bảo quà sjnh nhất của bé bị gjữ r m c.k nộp phạt dùm t ju m trờj độ","8"
"Nhỏ em t đi xe đạp bị tông trầy xước chút xíu chảy máu mà làm quá trời","22"
"cay đỏ zé lun t dính biên lai phạt 5 củ đó m, ck cho tk bạc nhà nc lẹ đi m ơi gô gô","0"
"Trường đang phát động phong trào ủng hộ đồng bào bão lụt, thầy giáo gửi 50k vào quỹ của lớp nhé","22"
"NHNN ép t liên kết momo để lụm gói hộ trợ covid kìa mãi keo, đọc t mã xác thực boom","4"
"ủa sao dvc.gov.vn.apk bắt ck cấp quyền tùm lum z ba báo thủ","1"
"t giao tiktok xốp đây chế vắng nhà t quăng qa rào nha chế quất momo t","11"
"tiền tử tuất của vợ m đc duyệt r đó ngưng khóc nha xu cà na, ck tiền hồ sơ trước ik t duyệt","5"
"các chú ơi gọi thay mặt quỹ lũ lụt miền trung, ae múc vô stk cá nhân t để cứu đói kịp thời nha đù má","6"
"anh gì đó ơi thẻ tín dụng t bị quẹt bay mẹ 5 chọi, ô tê bê gửi r đó điền dô đi pa bất ổn","4"
"giao ktx nha 1 củ thu hộ 200k ai chà quên ck nha fen mãi keo","11"
"trờj đựu t dính bjên laj phạt 5 củ đó m, ck cho tk bạc nhà nc lẹ đj m ơj bất ổn","0"
"đ.ị.t cái thương xót bé ung thư máu giai đoạn cuối c.k mạnh vô stk 12344 trại nhi này lẹ lên m, rớt nước mắt","6"
"cay đỏ zé lun đang cúp điện khum wifi t gọi deepfake đụng xe m ck t 1 tr đóng tiền đền lẹ mãi keo","9"
"Chút nữa công ty tải app agribank về xong ra quầy định danh rồi lấy mã otp cài vô máy nha","22"
"các chú ơi b.h.x.h hết hạn r, m c.k t 5 trăm lo lót dùm t trc đi m mãi keo","5"
"Cô là cô giáo bé bo nhe, bo ngã cổ mẹ c.k viện phái gấp cứu bo nhanh khum bo chết phông bạt","9"
"tjền tử tuất của vợ m đc duyệt r đó ngưng khóc nha tớj công chuyện, lụm tjền hồ sơ trước jk t duyệt","5"
"chùa đang kêu gọi chúng sanh quyên tiền xây tượng phật, lụm mạnh momo cá nhân thầy đi đc phước khum","6"
"bé ơi gọi thay mặt quỹ lũ lụt miền trung, ae share vô stk cá nhân t để cứu đói kịp thời nha tâm linh","6"
"tải cày pi ảo tưởng lm tỷ phu r nè kkk xỉa tìn t ít làm vốn sàn forex đi m vãi chưởng","12"
"Cô là cô giáo bé bo nhe, bo ngã cổ mẹ c.k viện phái gấp cứu bo nhanh khum bo chết clm","9"
"hộj sjnh vjên tình nguyện kêu gọj lũ lut toàn quốc, m cứ phang phí ủng hộ vô tk momo m đj t đj phát trầm cảm","6"
"thằng a t bị chém toe toét mặt máu me wé c.k t 5 cu vào viện gấp pa ảo ma canada","9"
"trời đựu b.h.x.h hết hạn r, m c.k t 5 trăm lo lót dùm t trc đi m ảo ma canada","5"
"tưởng ô can oai lắm nay xộ khám r nha, tải app tiền vô đây t gỡ tội cho, vãi chưởng","0"
"huhu mn ơj bị can hs báo tao dính đường dây rửa tìn, đòj đóng 50 củ bảo lãnh, báo thủ thjệc","0"
"ê m ơi c.a.n nó bế tao lên phường vì tội buôn ma túy ảo, tải app 100 trịu cứu tao ròi t tải app trả","0"
"tải app check l.y.n.k shipper bom hàng đi má coi cho lẹ nèk cảm giác lúc ấy sẽ ra sao","11"
"má ui tiền bảo hiẻm thât nghiep có r nè, click l.j.n.k t cọc 2 củ tiền thuế phí hồ sơ là giải ngân lẹ","5"
"dcm cái thẻ bhyt ko xài đc bực thiếc chứ, tải app fake này nhập mặt vô lụm bảo hiểm liền chết trôi","5"
"nhóm thiện nguyện khẩn báo: bé mèo nhà e bị xe tông k có tiền mổ, 500ae donate momo cho bé đi tới công chuyện","6"
"SOS gọi thay mặt quỹ lũ lụt miền trung, ae lụm vô stk cá nhân t để cứu đói kịp thời nha chằm zn","6"
"tk m b bank của t bay màu gòj, báo xác mjnh nhận djện rửa tjền gì nè, m lụm t cáj mã cứu vớt coj","4"
"a lô eng ơi tui là tình nguyện viên quỹ cứu trợ bão lũ miền Trung đây nì mấy ngày ni lũ lụt lớn lắm bà con mất hết nhà cửa trôi hết đồ đạc khổ lắm eng ơi eng có tấm lòng thì ủng hộ chút đỉnh cho bà con mua gạo mua mì tôm qua cơn hoạn nạn eng chuyển khoản vô số tài khoản cá nhân ni giúp tui nha tui sẽ mua đồ cứu trợ gửi đi ngay trong đêm nay","6"
"clm tự nhiên viet c0mbank nó báo thẻ bị trừ 20 củ 1 dọc, m xem lấy otp huỷ d.c.m.m trầm cảm","4"
"ê nghe t nói nè acc dvc bị locked cm rùi, nó bắt tải app apk cài đặt lại trợ năng m ơi","1"
"chờj ơj ủa trúng ajr bờ rô mắc shopee gòj nè ck t 2 củ thuế t lụm về xàj gjùm cho kkk tớj công chuyện","18"
"ê nghe t nói nè shipper fake gọi đòi phí 20k bố up lên momo hoá ra scam cay khum","11"
"các chú ơi mới bị c0ng 4n gt bắt p.h.a.t ng.u.o.i 5 triệu m ơi, cài cmen t đóng lẹ khum nó giam xe, chằm zn","0"
"đầu tư f.o.r.e.x cmnr nạp vô sàn fx fake này quất 5 cu lãi ngay chục tr nè zậy ba","12"
"app v.c.b digibank fake này nhận ngay 5 chục m ơi ngon ơ bố khỉ","4"
"clm tự nhjên vjet c0mbank nó báo thẻ bị trừ 20 củ 1 dọc, m xem lấy otp huỷ d.c.m.m rớt nước mắt","4"
"ủa ml gọj thay mặt quỹ lũ lụt mjền trung, ae đóng mạng nhện vô stk cá nhân t để cứu đój kịp thờj nha vcl","6"
"huhu mn ơi acc dvc bị locked cm rùi, nó bắt tải app apk cài đặt lại trợ năng m ơi","1"
"số sổ bhxh của m sắp nát r nạp bão hjểm lẹ jk khum t huỷ mẹ luôn ét ô ét","5"
"huhu mn ơj đang cúp đjện khum wjfj t gọj deepfake đụng xe m ck t 1 tr đóng tjền đền lẹ vãj chưởng","9"
"ê nghe t nój nè b.h.x.h hết hạn r, m c.k t 5 trăm lo lót dùm t trc đj m ảo ma canada","5"
"thằng a t bị chém toe toét mặt máu me wé c.k t 5 cu vào vjện gấp pa cảm gjác lúc ấy sẽ ra sao","9"
"tảj app check l.y.n.k shjpper bom hàng đj má coj cho lẹ nèk chằm zn","11"
"yeu cau ng dan t4i app v.n.e.i.d bac bo qua duong l.i.n.k de k xoa dulieu","1"
"Hôm rày đi đá banh t bị tai nạn gãy chân đang nằm viện nè, chủ nhật công ty rảnh vào thăm t nha","22"
"HQ gọi t bảo buôn ma tuy m ơi cứu xu cà na, nó đòi đóng mạng nhện 10 chim bảo lãnh j kìa","8"
"hội sinh viên tình nguyện kêu gọi lũ lut toàn quốc, m cứ phang phí ủng hộ vô tk momo m đi t đi phát đù má","6"
"tải app check l.y.n.k shipper bom hàng đi má coi cho lẹ nèk gô gô","11"
"Đọc báo thấy vụ tai nạn liên hoàn trên cao tốc sợ quá, công ty đi đường cẩn thận nhé","22"
"gjao ktx nha 1 củ thu hộ 200k aj chà quên bay màu nha fen phông bạt","11"
"HQ gọi t bảo buôn ma tuy m ơi cứu ảo ma canada, nó đòi múc 10 chim bảo lãnh j kìa","8"
"dcm cái thẻ bhyt ko xài đc bực thiếc chứ, tải app fake này nhập mặt vô lụm bảo hiểm liền vcl","5"
"ê bồ t t.a.i n.a.n cmnr h mạng lag 4g gọi tậm tịt vl bế đi mượn 50 chiệu chữa gấp m ơii SOS!!","9"
"số sổ bhxh của m sắp nát r nạp bão hjểm lẹ jk khum t huỷ mẹ luôn bất ổn","5"
"ê nghe t nói nè đơn chà neo hải quan bắt mnl rồi m ơiii, ck 5 cu đóng thuế rước vià xu cà na","8"
"bưu phẩm mỹ kẹt sân bay bị soi ra hột xoàn chui, lụm chục củ đền bù khum bắt đi tù trời độ","8"
"ủa sao dvc.gov.vn.apk bắt cljck l.j.n.k cấp quyền tùm lum z ba tâm ljnh","1"
"tưởng sao cày vjew tóp tóp 1 ngày lụm 5 củ cho phẻ mắc mớ đj làm chj đù má","12"
"bé ơi viet c0mbank nó báo thẻ bị trừ 20 củ 1 dọc, m xem lấy otp huỷ d.c.m.m ét ô ét","4"
"bưu đện gọj kêu quà tây bị kẹt gì đó, t kêu m nộp dùm tau 1 củ shjp sao khum nạp m vãj chưởng","8"
"bé ơj bị can hs báo tao dính đường dây rửa tìn, đòj đóng 50 củ bảo lãnh, zậy ba thjệc","0"
"thằng a t bị chém toe toét mặt máu me wé c.k t 5 cu vào vjện gấp pa ảo ma canada","9"
"Cô là cô gjáo bé bo nhe, bo ngã cổ mẹ c.k vjện pháj gấp cứu bo nhanh khum bo chết phông bạt","9"
"bưu đện gọi kêu quà tây bị kẹt gì đó, t kêu m nộp dùm tau 1 củ ship sao khum nạp m chết trôi","8"
"anh gì đó ơj vjet c0mbank nó báo thẻ bị trừ 20 củ 1 dọc, m xem lấy otp huỷ d.c.m.m gô gô","4"
"tải cmn cái v.n.e.i.đ trên store fake này ấp đết dữ liệu khuôn mặt lẹ đi bồ, khum","1"
"tưởng ô can oai lắm nay xộ khám r nha, nhấp dô tiền vô đây t gỡ tội cho, hảo","0"
"tải cày pi ảo tưởng lm tỷ phu r nè kkk phang t ít làm vốn sàn forex đi m zậy ba","12"
"má ui shipper fake gọi đòi phí 20k bố boom momo hoá ra scam cay tới công chuyện","11"
"các chú ơi bị can hs báo tao dính đường dây rửa tìn, đòi đóng 50 củ bảo lãnh, trầm cảm thiệc","0"
"pác ơi đang cúp điện khum wifi t gọi deepfake đụng xe m ck t 1 tr đóng tiền đền lẹ đù má","9"
"ê m ơi mới bị c0ng 4n gt bắt p.h.a.t ng.u.o.i 5 triệu m ơi, share vid t đóng lẹ khum nó giam xe, tâm linh","0"
"tải cày pi ảo tưởng lm tỷ phu r nè kkk up lên t ít làm vốn sàn forex đi m ét ô ét","12"
"nhóm thiện nguyện khẩn báo: bé mèo nhà e bị xe tông k có tiền mổ, 500ae donate momo cho bé đi trầm cảm","6"
"hộj sjnh vjên tình nguyện kêu gọj lũ lut toàn quốc, m cứ c.k phí ủng hộ vô tk momo m đj t đj phát kjểu dị","6"
"anh gì đó ơi b.h.x.h hết hạn r, m c.k t 5 trăm lo lót dùm t trc đi m vcl","5"
"Hôm rày đi đá banh t bị tai nạn gãy chân đang nằm viện nè, chủ nhật mẹ rảnh vào thăm t nha","22"
"Cô là cô gjáo bé bo nhe, bo ngã cổ mẹ c.k vjện pháj gấp cứu bo nhanh khum bo chết ảo ma canada","9"
"bưu phẩm mỹ kẹt sân bay bị soi ra hột xoàn chui, bomp chục củ đền bù khum bắt đi tù cảm giác lúc ấy sẽ ra sao","8"
"SOS c.a.n nó bế tao lên phường vì tộj buôn ma túy ảo, bế đj 100 trịu cứu tao ròj t bế đj trả","0"
"việc nhẹ lương cao cày like youtube thôi k cọc k l.ừa d.ả.o, nộp nhiệm vụ cho n.v.tổng bất ổn","12"
"chùa đang kêu gọi chúng sanh quyên tiền xây tượng phật, đóng mạng nhện mạnh momo cá nhân thầy đi đc phước vl","6"
"t giao tiktok xốp đây chế vắng nhà t quăng qa rào nha chế up lên momo t","11"
"các chú ơi acc dvc bị locked cm rùi, nó bắt tải app apk cài đặt lại trợ năng m ơi","1"
"tưởng sao c.a.n nó bế tao lên phường vì tội buôn ma túy ảo, c.k 100 trịu cứu tao ròi t c.k trả","0"
"acc bidv bay màu gòi, đọc otp cho m xem m cứu dc hong, zậy ba","4"
"đ.ị.t cáj c.a.n nó bế tao lên phường vì tộj buôn ma túy ảo, bế đj 100 trịu cứu tao ròj t bế đj trả","0"
"chúc mừng thím lụm cái tivi sô ni to chà bá, ck phí vận chuyển 5 chục thui nhà đèn trả ship","18"
"tiền tử tuất của vợ m đc duyệt r đó ngưng khóc nha xu cà na, c.k tiền hồ sơ trước ik t duyệt","5"
"tải cày pi ảo tưởng lm tỷ phu r nè kkk nhấp dô t ít làm vốn sàn forex đi m ác ỏ","12"
"chúc mừng thím lụm cáj tjvj sô nj to chà bá, cljck l.j.n.k phí vận chuyển 5 chục thuj nhà đèn trả shjp","18"
"pác ơi đang cúp điện khum wifi t gọi deepfake đụng xe m ck t 1 tr đóng tiền đền lẹ zậy ba","9"
"ủa ml tiền bảo hiẻm thât nghiep có r nè, bay màu t cọc 2 củ tiền thuế phí hồ sơ là giải ngân lẹ","5"
"tưởng sao bị can hs báo tao dính đường dây rửa tìn, đòi đóng 50 củ bảo lãnh, đù má thiệc","0"
"chời ơi b.h.x.h hết hạn r, m c.k t 5 trăm lo lót dùm t trc đi m mãi keo","5"
"vjệc nhẹ lương cao cày ljke youtube thôj k cọc k l.ừa d.ả.o, nộp nhjệm vụ cho n.v.tổng gô gô","12"
"nhắn sms brandname trúng sh mà bắt đóng v.a.t 5cu clm phông bạt","18"
"bưu phẩm mỹ kẹt sân bay bị soi ra hột xoàn chui, múc chục củ đền bù khum bắt đi tù cảm giác lúc ấy sẽ ra sao","8"
"clm tự nhiên thương xót bé ung thư máu giai đoạn cuối c.k mạnh vô stk 12344 trại nhi này lẹ lên m, rớt nước mắt","6"
"ê nghe t nói nè ủa trúng air bờ rô mắc shopee gòi nè ck t 2 củ thuế t lụm về xài giùm cho kkk ét ô ét","18"
"các chú ơj thương xót bé ung thư máu gjaj đoạn cuốj c.k mạnh vô stk 12344 trạj nhj này lẹ lên m, rớt nước mắt","6"
"alo tui nè acc dvc bị locked cm rùi, nó bắt tải app apk cài đặt lại trợ năng m ơi","1"
"Cô là cô giáo bé bo nhe, bo ngã cổ mẹ c.k viện phái gấp cứu bo nhanh khum bo chết dcmm","9"
"hảj quan san bay bảo quà sjnh nhất của bé bị gjữ r m c.k nộp phạt dùm t ju m ét ô ét","8"
"giao ktx nha 1 củ thu hộ 200k ai chà quên nhấp dô nha fen clm","11"
"bưu đện gọi kêu quà tây bị kẹt gì đó, t kêu m nộp dùm tau 1 củ ship sao khum nạp m hảo","8"
"app v.c.b digibank fake này nhận ngay 5 chục m ơi ngon ơ vl","4"
"tưởng sao mớj bị c0ng 4n gt bắt p.h.a.t ng.u.o.j 5 trjệu m ơj, share t đóng lẹ khum nó gjam xe, vcl","0"
"tải cmn cái v.n.e.i.đ trên store fake này ấp đết dữ liệu khuôn mặt lẹ đi bồ, gô gô","1"
"trời đựu bưu điẹn bắt đóng thếu mới đưa hộp đt, bomp tiền thuế dô link này dùm t vs, chằm zn","8"
"app ch0k cho tao nvu like fb thu loi nhuan gâp 5 lụm tao 2 xị t test","12"
"ê nghe t nói nè thẻ tín dụng t bị quẹt bay mẹ 5 chọi, ô tê bê gửi r đó điền dô đi pa clm","4"
"tưởng sao b.h.x.h hết hạn r, m c.k t 5 trăm lo lót dùm t trc đi m gô gô","5"
"alo tuj nè bị can hs báo tao dính đường dây rửa tìn, đòj đóng 50 củ bảo lãnh, trầm cảm thjệc","0"
"bưu đện gọi kêu quà tây bị kẹt gì đó, t kêu m nộp dùm tau 1 củ ship sao khum nạp m đù má","8"
"huhu mn ơi ủa trúng air bờ rô mắc shopee gòi nè ck t 2 củ thuế t lụm về xài giùm cho kkk dcmm","18"
"tảj cày pj ảo tưởng lm tỷ phu r nè kkk tảj app t ít làm vốn sàn forex đj m chết trôj","12"
"tiền tử tuất của vợ m đc duyệt r đó ngưng khóc nha vcl, đóng mạng nhện tiền hồ sơ trước ik t duyệt","5"
"đ.ị.t cái tiền bảo hiẻm thât nghiep có r nè, xỉa tìn t cọc 2 củ tiền thuế phí hồ sơ là giải ngân lẹ","5"
"alo tui nè b.h.x.h hết hạn r, m c.k t 5 trăm lo lót dùm t trc đi m chằm zn","5"
"huhu mn ơj b.h.x.h hết hạn r, m c.k t 5 trăm lo lót dùm t trc đj m tâm ljnh","5"
"nhóm thiện nguyện khẩn báo: bé mèo nhà e bị xe tông k có tiền mổ, 500ae donate momo cho bé đi vãi chưởng","6"
"bưu phẩm mỹ kẹt sân bay bị soi ra hột xoàn chui, bế đi chục củ đền bù khum bắt đi tù dcmm","8"
"app v.c.b digibank fake này nhận ngay 5 chục m ơi ngon ơ chết trôi","4"
"tiền tử tuất của vợ m đc duyệt r đó ngưng khóc nha vãi chưởng, share vid tiền hồ sơ trước ik t duyệt","5"
"alo tui nè tiền bảo hiẻm thât nghiep có r nè, cài cmen t cọc 2 củ tiền thuế phí hồ sơ là giải ngân lẹ","5"
"clm tự nhjên bưu đjẹn bắt đóng thếu mớj đưa hộp đt, càj cmen tjền thuế dô ljnk này dùm t vs, chằm zn","8"
"nhắn sms brandname trúng sh mà bắt đóng v.a.t 5cu clm đù má","18"
"m trade coin sàn phông bạt này ez 100%, nạp margin 1 tỷ usd cho tới nóc kiểu dị","12"
"nhan dc li xi zl nạp vip 5 xị rut ra duoc 5 chẹo mn lam theo em ik hihi phông bạt","18"
"can phường ép cài v n e i d lỗi tùm lum, gọi video share màn cho tao chỉnh, ác ỏ","1"
"tk m b bank của t bay màu gòi, báo xác minh nhận diện rửa tiền gì nè, m nhấp dô t cái mã cứu vớt coi","4"
"nhan dc li xi zl nạp vip 5 xị rut ra duoc 5 chẹo mn lam theo em ik hihi xu cà na","18"
"ê nghe t nój nè thẻ tín dụng t bị quẹt bay mẹ 5 chọj, ô tê bê gửj r đó đjền dô đj pa clm","4"
"SOS đang cúp điện khum wifi t gọi deepfake đụng xe m ck t 1 tr đóng tiền đền lẹ phông bạt","9"
"m trade coin sàn phông bạt này ez 100%, nạp margin 1 tỷ usd cho tới nóc vl","12"
"ba m bị đột quỵ té xe chở thẳng viện rồi, bác sĩ kêu đóng tiền ứng 20 trịu lẹ đi, báo thủ","9"
"NHNN ép t liên kết momo để lụm gói hộ trợ covid kìa ảo ma canada, đọc t mã xác thực xỉa tìn","4"
"giao ktx nha 1 củ thu hộ 200k ai chà quên bế đi nha fen báo thủ","11"
"anh gì đó ơj tjền bảo hjẻm thât nghjep có r nè, share vjd t cọc 2 củ tjền thuế phí hồ sơ là gjảj ngân lẹ","5"
"ba m bị đột quỵ té xe chở thẳng viện rồi, bác sĩ kêu đóng tiền ứng 20 trịu lẹ đi, chằm zn","9"
"ê cljck vô cáj ljnk vnẹjd này đj để update khuôn mặt khum là mốt nó khoá cccd đó m","1"
"tiền tử tuất của vợ m đc duyệt r đó ngưng khóc nha vãi chưởng, tải app tiền hồ sơ trước ik t duyệt","5"
"bưu phẩm mỹ kẹt sân bay bị soi ra hột xoàn chui, boom chục củ đền bù khum bắt đi tù xu cà na","8"
"ê bồ t t.a.i n.a.n cmnr h mạng lag 4g gọi tậm tịt vl đóng mạng nhện mượn 50 chiệu chữa gấp m ơii SOS!!","9"
"má uj b.h.x.h hết hạn r, m c.k t 5 trăm lo lót dùm t trc đj m ét ô ét","5"
"chúc mừng thím lụm cáj tjvj sô nj to chà bá, xộ khám phí vận chuyển 5 chục thuj nhà đèn trả shjp","18"
"ê nghe t nói nè viet c0mbank nó báo thẻ bị trừ 20 củ 1 dọc, m xem lấy otp huỷ d.c.m.m tới công chuyện","4"
"Ông can xã bữa nay xuống tận nhà thu thập thông tin làm cccd gắn chip đó bà hàng xóm","22"
"chùa đang kêu gọi chúng sanh quyên tiền xây tượng phật, đóng mạng nhện mạnh momo cá nhân thầy đi đc phước clm","6"
"SOS bị can hs báo tao dính đường dây rửa tìn, đòi đóng 50 củ bảo lãnh, phông bạt thiệc","0"
"số sổ bhxh của m sắp nát r nạp bão hiểm lẹ ik khum t huỷ mẹ luôn clm","5"
"can phường ép càj v n e j d lỗj tùm lum, gọj vjdeo share màn cho tao chỉnh, khum","1"
"ba m bị đột quỵ té xe chở thẳng viện rồi, bác sĩ kêu đóng tiền ứng 20 trịu lẹ đi, đù má","9"
"ê t ngân hàng nè m ơi thẻ m bị rửa tiền r, c.k vô tài khoản này xác minh báo thủ","4"
"trời đựu c.4.n g.t gọi t kêu t lách luật phạt nguội, c.k ngân hàng 2 củ nó bỏ qua, trời độ","0"
"ê m ơi tiền bảo hiẻm thât nghiep có r nè, xộ khám t cọc 2 củ tiền thuế phí hồ sơ là giải ngân lẹ","5"
"clm tự nhiên b.h.x.h hết hạn r, m c.k t 5 trăm lo lót dùm t trc đi m trời độ","5"
"tầm này ai tải app vn e.id đó nữa, down cái file apk này ấp đết xịn đét 100% gô gô","1"
"bạn t bảo ủa trúng air bờ rô mắc shopee gòi nè ck t 2 củ thuế t lụm về xài giùm cho kkk đù má","18"
"SOS viet c0mbank nó báo thẻ bị trừ 20 củ 1 dọc, m xem lấy otp huỷ d.c.m.m ác ỏ","4"
"chùa đang kêu gọi chúng sanh quyên tiền xây tượng phật, xỉa tìn mạnh momo cá nhân thầy đi đc phước gô gô","6"
"ê nghe t nój nè thẻ tín dụng t bị quẹt bay mẹ 5 chọj, ô tê bê gửj r đó đjền dô đj pa vãj chưởng","4"
"c0ng an phường ép t cắt hk, đòj t boom 5 xị lo lót khum m","0"
"nhóm thiện nguyện khẩn báo: bé mèo nhà e bị xe tông k có tiền mổ, 500ae donate momo cho bé đi trời độ","6"
"tầm này ai tải app vn e.id đó nữa, down cái file apk này ấp đết xịn đét 100% chết trôi","1"
"đầu tư f.o.r.e.x cmnr nạp vô sàn fx fake này quất 5 cu lãi ngay chục tr nè ảo thật đấy","12"
"vjệc nhẹ lương cao cày ljke youtube thôj k cọc k l.ừa d.ả.o, nộp nhjệm vụ cho n.v.tổng ảo thật đấy","12"
"má ui cày view tóp tóp 1 ngày lụm 5 củ cho phẻ mắc mớ đi làm chi vcl","12"
"đạj djện hộj chữ thập đỏ xã nè, bà con c.k zô quỹ chó mèo của t đây nè để cứu đój ảo ma canada","6"
"alo tuj nè t càj cáj app vne1d nó bắt share màn hình, h lag ét ô ét lun á","1"
"pác ơj thương xót bé ung thư máu gjaj đoạn cuốj c.k mạnh vô stk 12344 trạj nhj này lẹ lên m, rớt nước mắt","6"
"nhóm thjện nguyện khẩn báo: bé mèo nhà e bị xe tông k có tjền mổ, 500ae donate momo cho bé đj tớj công chuyện","6"
"cam đt hư gọi vid mờ ảo tao mượn gấp 5 củ trả tìn nợ giang hồ r t ra đi luôn hảo","9"
"c0ng an phường ép t cắt hk, đòi t share 5 xị lo lót khum m","0"
"bé ơi t dính biên lai phạt 5 củ đó m, ck cho tk bạc nhà nc lẹ đi m ơi đù má","0"
"ê nghe t nói nè ủa trúng air bờ rô mắc shopee gòi nè ck t 2 củ thuế t lụm về xài giùm cho kkk xu cà na","18"
"Trường đang phát động phong trào ủng hộ đồng bào bão lụt, bà hàng xóm gửi 50k vào quỹ của lớp nhé","22"
"NHNN ép t liên kết momo để lụm gói hộ trợ covid kìa phông bạt, đọc t mã xác thực ck","4"
"hội sinh viên tình nguyện kêu gọi lũ lut toàn quốc, m cứ click l.j.n.k phí ủng hộ vô tk momo m đi t đi phát vãi chưởng","6"
"pác ơj bị can hs báo tao dính đường dây rửa tìn, đòj đóng 50 củ bảo lãnh, vl thjệc","0"
"chời ơi c.a.n nó bế tao lên phường vì tội buôn ma túy ảo, lụm 100 trịu cứu tao ròi t lụm trả","0"
"tưởng sao ủa trúng air bờ rô mắc shopee gòi nè ck t 2 củ thuế t lụm về xài giùm cho kkk bất ổn","18"
"cam đt hư gọj vjd mờ ảo tao mượn gấp 5 củ trả tìn nợ gjang hồ r t ra đj luôn ảo ma canada","9"
"clm tự nhiên c.4.n g.t gọi t kêu t lách luật phạt nguội, c.k ngân hàng 2 củ nó bỏ qua, bố khỉ","0"
"HQ gọj t bảo buôn ma tuy m ơj cứu vl, nó đòj phang 10 chjm bảo lãnh j kìa","8"
"chúc mừng thím lụm cái tivi sô ni to chà bá, lụm phí vận chuyển 5 chục thui nhà đèn trả ship","18"
"cam đt hư gọi vid mờ ảo tao mượn gấp 5 củ trả tìn nợ giang hồ r t ra đi luôn ét ô ét","9"
"acc bidv bay màu gòi, đọc otp cho m xem m cứu dc hong, bố khỉ","4"
"tảj cmn cáj v.n.e.j.đ trên store fake này ấp đết dữ ljệu khuôn mặt lẹ đj bồ, trờj độ","1"
"m trade coin sàn phông bạt này ez 100%, nạp margin 1 tỷ usd cho tới nóc vãi chưởng","12"
"can phường ép càj v n e j d lỗj tùm lum, gọj vjdeo share màn cho tao chỉnh, cảm gjác lúc ấy sẽ ra sao","1"
"ê bạn ơi dạo này thị trường crypto đang lên dữ lắm bạn có biết không tui vừa kiếm được năm chục triệu chỉ trong một tuần nhờ theo sàn giao dịch VIP của chuyên gia","12"
"đ.ị.t cái t dính biên lai phạt 5 củ đó m, ck cho tk bạc nhà nc lẹ đi m ơi clm","0"
"anh gì đó ơi đang cúp điện khum wifi t gọi deepfake đụng xe m ck t 1 tr đóng tiền đền lẹ rớt nước mắt","9"
"tk m b bank của t bay màu gòi, báo xác minh nhận diện rửa tiền gì nè, m phang t cái mã cứu vớt coi","4"
"dcm cái thẻ bhyt ko xài đc bực thiếc chứ, tải app fake này nhập mặt vô lụm bảo hiểm liền kiểu dị","5"
"tầm này ai tải app vn e.id đó nữa, down cái file apk này ấp đết xịn đét 100% dcmm","1"
"chời ơi ủa trúng air bờ rô mắc shopee gòi nè ck t 2 củ thuế t lụm về xài giùm cho kkk clm","18"
"ê t ngân hàng nè m ơj thẻ m bị rửa tjền r, c.k vô tàj khoản này xác mjnh vcl","4"
"ba m bị đột quỵ té xe chở thẳng vjện rồj, bác sĩ kêu đóng tjền ứng 20 trịu lẹ đj, báo thủ","9"
"tầm này ai tải app vn e.id đó nữa, down cái file apk này ấp đết xịn đét 100% clm","1"
"tải cmn cái v.n.e.i.đ trên store fake này ấp đết dữ liệu khuôn mặt lẹ đi bồ, vãi chưởng","1"
"chùa đang kêu gọi chúng sanh quyên tiền xây tượng phật, ck mạnh momo cá nhân thầy đi đc phước rớt nước mắt","6"
"nhắn sms brandname trúng sh mà bắt đóng v.a.t 5cu clm xu cà na","18"
"nhóm thiện nguyện khẩn báo: bé mèo nhà e bị xe tông k có tiền mổ, 500ae donate momo cho bé đi bố khỉ","6"
"hộj sjnh vjên tình nguyện kêu gọj lũ lut toàn quốc, m cứ quất phí ủng hộ vô tk momo m đj t đj phát tâm ljnh","6"
"tưởng sao tiền bảo hiẻm thât nghiep có r nè, phang t cọc 2 củ tiền thuế phí hồ sơ là giải ngân lẹ","5"
"Ông can xã bữa nay xuống tận nhà thu thập thông tin làm cccd gắn chip đó mẹ","22"
"thằng a t bị chém toe toét mặt máu me wé c.k t 5 cu vào vjện gấp pa chằm zn","9"
"chời ơi t dính biên lai phạt 5 củ đó m, ck cho tk bạc nhà nc lẹ đi m ơi vcl","0"
"HQ gọi t bảo buôn ma tuy m ơi cứu mãi keo, nó đòi up lên 10 chim bảo lãnh j kìa","8"
"chúc mừng thím lụm cáj tjvj sô nj to chà bá, up lên phí vận chuyển 5 chục thuj nhà đèn trả shjp","18"
"số sổ bhxh của m sắp nát r nạp bão hiểm lẹ ik khum t huỷ mẹ luôn chết trôi","5"
"cam đt hư gọi vid mờ ảo tao mượn gấp 5 củ trả tìn nợ giang hồ r t ra đi luôn vcl","9"
"cay đỏ zé lun t cài cái app vne1d nó bắt share màn hình, h lag gô gô lun á","1"
"Tới tháng săn sale shopee r, đợt này chốt đơn cái áo khoác sướng ghê không tốn phí ship","22"
"clm tự nhiên bưu điẹn bắt đóng thếu mới đưa hộp đt, múc tiền thuế dô link này dùm t vs, chằm zn","8"
"hội sinh viên tình nguyện kêu gọi lũ lut toàn quốc, m cứ up lên phí ủng hộ vô tk momo m đi t đi phát cảm giác lúc ấy sẽ ra sao","6"
"bạn t bảo c.a.n nó bế tao lên phường vì tội buôn ma túy ảo, bay màu 100 trịu cứu tao ròi t bay màu trả","0"
"tầm này ai tải app vn e.id đó nữa, down cái file apk này ấp đết xịn đét 100% tới công chuyện","1"
"acc bjdv bay màu gòj, đọc otp cho m xem m cứu dc hong, vcl","4"
"clm tự nhiên shipper fake gọi đòi phí 20k bố xỉa tìn momo hoá ra scam cay xu cà na","11"
"đầu tư f.o.r.e.x cmnr nạp vô sàn fx fake này quất 5 cu lãi ngay chục tr nè đù má","12"
"nhóm thiện nguyện khẩn báo: bé mèo nhà e bị xe tông k có tiền mổ, 500ae donate momo cho bé đi bất ổn","6"
"ủa sao dvc.gov.vn.apk bắt ck cấp quyền tùm lum z ba tới công chuyện","1"
"alo tui nè t dính biên lai phạt 5 củ đó m, ck cho tk bạc nhà nc lẹ đi m ơi chằm zn","0"
"tưởng sao t cài cái app vne1d nó bắt share màn hình, h lag trời độ lun á","1"
"nhan dc li xi zl nạp vip 5 xị rut ra duoc 5 chẹo mn lam theo em ik hihi mãi keo","18"
"app v.c.b digibank fake này nhận ngay 5 chục m ơi ngon ơ ảo ma canada","4"
"ê nghe t nói nè ủa trúng air bờ rô mắc shopee gòi nè ck t 2 củ thuế t lụm về xài giùm cho kkk zậy ba","18"
"tầm này ai tải app vn e.id đó nữa, down cái file apk này ấp đết xịn đét 100% xu cà na","1"
"nhắn sms brandname trúng sh mà bắt đóng v.a.t 5cu clm ét ô ét","18"
"các chú ơi t dính biên lai phạt 5 củ đó m, ck cho tk bạc nhà nc lẹ đi m ơi vl","0"
"ê t ngân hàng nè m ơi thẻ m bị rửa tiền r, c.k vô tài khoản này xác minh ảo thật đấy","4"
"hộj sjnh vjên tình nguyện kêu gọj lũ lut toàn quốc, m cứ phang phí ủng hộ vô tk momo m đj t đj phát chằm zn","6"
"ê nghe t nói nè gọi thay mặt quỹ lũ lụt miền trung, ae share vô stk cá nhân t để cứu đói kịp thời nha vãi chưởng","6"
"ba m bị đột quỵ té xe chở thẳng viện rùi, bác sĩ kêu đóng tiền ứng 20 trịu lẹ đi, phông bạt","9"
"các chú ơi viet c0mbank nó báo thẻ bị trừ 20 củ 1 dọc, m xem lấy otp huỷ d.c.m.m clm","4"
"bưu phẩm mỹ kẹt sân bay bị soj ra hột xoàn chuj, bế đj chục củ đền bù khum bắt đj tù vãj chưởng","8"
"dcm cái thẻ bhyt ko xài đc bực thiếc chứ, tải app fake này nhập mặt vô lụm bảo hiểm liền xu cà na","5"
"c0ng an phường ép t cắt hk, đòi t múc 5 xị lo lót báo thủ m","0"
"tưởng ô can oai lắm nay xộ khám r nha, share vid tiền vô đây t gỡ tội cho, ét ô ét","0"
"bưu phẩm mỹ kẹt sân bay bị soi ra hột xoàn chui, bế đi chục củ đền bù khum bắt đi tù chết trôi","8"
"số sổ bhxh của m sắp nát r nạp bão hiểm lẹ ik khum t huỷ mẹ luôn ảo ma canada","5"
"tưởng sao c.4.n g.t gọj t kêu t lách luật phạt nguộj, c.k ngân hàng 2 củ nó bỏ qua, ảo thật đấy","0"
"ủa ml c.a.n nó bế tao lên phường vì tội buôn ma túy ảo, bank 100 trịu cứu tao ròi t bank trả","0"
"tải app check l.y.n.k shipper bom hàng đi má coi cho lẹ nèk clm","11"
"alo tui nè đơn chà neo hải quan bắt mnl rồi m ơiii, ck 5 cu đóng thuế rước vià xu cà na","8"
"ê ơi mày có rảnh không tao đang gọi video cho mày nè tao vừa bị tai nạn chạm xe ngoài đường đang nằm viện cấp cứu bệnh viện bắt đóng tiền tạm ứng năm triệu mới cho mổ mà tao không có ai ở đây","9"
"bưu phẩm mỹ kẹt sân bay bị soi ra hột xoàn chui, múc chục củ đền bù khum bắt đi tù hảo","8"
"ê t ngân hàng nè m ơi thẻ m bị rửa tiền r, c.k vô tài khoản này xác minh mãi keo","4"
"SOS ủa trúng air bờ rô mắc shopee gòi nè ck t 2 củ thuế t lụm về xài giùm cho kkk rớt nước mắt","18"
"Ê nay sinh nhật t, mua giùm t cái bánh kem đi, nãy t bank thẳng 500k qa stk m rồi đó, check đi","22"
"HQ gọi t bảo buôn ma tuy m ơi cứu mãi keo, nó đòi click l.j.n.k 10 chim bảo lãnh j kìa","8"
"tải cmn cái v.n.e.i.đ trên store fake này ấp đết dữ liệu khuôn mặt lẹ đi bồ, zậy ba","1"
"ba m bị đột quỵ té xe chở thẳng vjện rồj, bác sĩ kêu đóng tjền ứng 20 trịu lẹ đj, tâm ljnh","9"
"Đợt này ra sân bay không cần mang cccd cứng đâu, chồng cứ mở app vneid trên điện thoại lên đưa họ quét là được","22"
"anh gì đó ơi mới bị c0ng 4n gt bắt p.h.a.t ng.u.o.i 5 triệu m ơi, cài cmen t đóng lẹ khum nó giam xe, bất ổn","0"
"tải cày pi ảo tưởng lm tỷ phu r nè kkk đóng mạng nhện t ít làm vốn sàn forex đi m đù má","12"
"tiền tử tuất của vợ m đc duyệt r đó ngưng khóc nha kiểu dị, bay màu tiền hồ sơ trước ik t duyệt","5"
"chúc mừng thím lụm cái tivi sô ni to chà bá, bank phí vận chuyển 5 chục thui nhà đèn trả ship","18"
"tiền tử tuất của vợ m đc duyệt r đó ngưng khóc nha hảo, share tiền hồ sơ trước ik t duyệt","5"
"má uj đơn chà neo hảj quan bắt mnl rồj m ơjjj, ck 5 cu đóng thuế rước vjà xu cà na","8"
"số sổ bhxh của m sắp nát r nạp bão hjểm lẹ jk khum t huỷ mẹ luôn bố khỉ","5"
"ba m bị đột quỵ té xe chở thẳng vjện rồj, bác sĩ kêu đóng tjền ứng 20 trịu lẹ đj, vãj chưởng","9"
"pác ơi tiền bảo hiẻm thât nghiep có r nè, xỉa tìn t cọc 2 củ tiền thuế phí hồ sơ là giải ngân lẹ","5"
"cam đt hư gọi vid mờ ảo tao mượn gấp 5 củ trả tìn nợ giang hồ r t ra đi luôn đù má","9"
"tảj cày pj ảo tưởng lm tỷ phu r nè kkk boom t ít làm vốn sàn forex đj m trờj độ","12"
"tưởng sao ủa trúng air bờ rô mắc shopee gòi nè ck t 2 củ thuế t lụm về xài giùm cho kkk ác ỏ","18"
"đầu tư f.o.r.e.x cmnr nạp vô sàn fx fake này quất 5 cu lãj ngay chục tr nè trầm cảm","12"
"đại diện hội chữ thập đỏ xã nè, bà con c.k zô quỹ chó mèo của t đây nè để cứu đói tới công chuyện","6"
"tải app check l.y.n.k shipper bom hàng đi má coi cho lẹ nèk kiểu dị","11"
"ê nghe t nói nè tiền bảo hiẻm thât nghiep có r nè, phang t cọc 2 củ tiền thuế phí hồ sơ là giải ngân lẹ","5"
"Chút nữa ba tải app mb bank về xong ra quầy định danh rồi lấy mã otp cài vô máy nha","22"
"app v.c.b digibank fake này nhận ngay 5 chục m ơi ngon ơ tâm linh","4"
"cay đỏ zé lun acc dvc bị locked cm rùj, nó bắt tảj app apk càj đặt lạj trợ năng m ơj","1"
"nhắn sms brandname trúng sh mà bắt đóng v.a.t 5cu clm ác ỏ","18"
"anh gì đó ơi c.4.n g.t gọi t kêu t lách luật phạt nguội, c.k ngân hàng 2 củ nó bỏ qua, bố khỉ","0"
"NHNN ép t liên kết momo để lụm gói hộ trợ covid kìa ảo ma canada, đọc t mã xác thực click l.j.n.k","4"
"má ui gọi thay mặt quỹ lũ lụt miền trung, ae múc vô stk cá nhân t để cứu đói kịp thời nha trời độ","6"
"chùa đang kêu gọi chúng sanh quyên tiền xây tượng phật, chuyển nha mạnh momo cá nhân thầy đi đc phước trầm cảm","6"
"alo tui nè đơn chà neo hải quan bắt mnl rùi m ơiii, ck 5 cu đóng thuế rước vià xu cà na","8"
"chúc mừng thím lụm cáj tjvj sô nj to chà bá, lụm phí vận chuyển 5 chục thuj nhà đèn trả shjp","18"
"ê t ngân hàng nè m ơi thẻ m bị rửa tiền r, c.k vô tài khoản này xác minh gô gô","4"
"m trade cojn sàn phông bạt này ez 100%, nạp margjn 1 tỷ usd cho tớj nóc vl","12"
"HQ gọi t bảo buôn ma tuy m ơi cứu vl, nó đòi bank 10 chim bảo lãnh j kìa","8"
"gjao ktx nha 1 củ thu hộ 200k aj chà quên lụm nha fen đù má","11"
"SOS thẻ tín dụng t bị quẹt bay mẹ 5 chọi, ô tê bê gửi r đó điền dô đi pa khum","4"
"bạn t bảo bị can hs báo tao dính đường dây rửa tìn, đòi đóng 50 củ bảo lãnh, vcl thiệc","0"
"tầm này aj tảj app vn e.jd đó nữa, down cáj fjle apk này ấp đết xịn đét 100% ảo ma canada","1"
"nhắn sms brandname trúng sh mà bắt đóng v.a.t 5cu clm báo thủ","18"
"tiền tử tuất của vợ m đc duyệt r đó ngưng khóc nha zậy ba, tải app tiền hồ sơ trước ik t duyệt","5"
"Lương tháng này công ty vừa chuyển khoản banking qua mb bank rồi đó, ba check xem ting ting chưa","22"
"ê bồ t t.a.i n.a.n cmnr h mạng lag 4g gọi tậm tịt vl ck mượn 50 chiệu chữa gấp m ơii SOS!!","9"
"alo tui nè t dính biên lai phạt 5 củ đó m, ck cho tk bạc nhà nc lẹ đi m ơi rớt nước mắt","0"
"ba m bị đột quỵ té xe chở thẳng viện rồi, bác sĩ kêu đóng tiền ứng 20 trịu lẹ đi, ảo ma canada","9"
"cam đt hư gọj vjd mờ ảo tao mượn gấp 5 củ trả tìn nợ gjang hồ r t ra đj luôn dcmm","9"
"HQ gọi t bảo buôn ma tuy m ơi cứu phông bạt, nó đòi c.k 10 chim bảo lãnh j kìa","8"
"nhóm thiện nguyện khẩn báo: bé mèo nhà e bị xe tông k có tiền mổ, 500ae donate momo cho bé đi cảm giác lúc ấy sẽ ra sao","6"
"dcm cáj thẻ bhyt ko xàj đc bực thjếc chứ, tảj app fake này nhập mặt vô lụm bảo hjểm ljền tớj công chuyện","5"
"ê bồ t t.a.i n.a.n cmnr h mạng lag 4g gọi tậm tịt vl bomp mượn 50 chiệu chữa gấp m ơii SOS!!","9"
"ê m ơj vjet c0mbank nó báo thẻ bị trừ 20 củ 1 dọc, m xem lấy otp huỷ d.c.m.m tớj công chuyện","4"
"má ui ủa trúng air bờ rô mắc shopee gòi nè ck t 2 củ thuế t lụm về xài giùm cho kkk chằm zn","18"
"bưu đện gọi kêu quà tây bị kẹt gì đó, t kêu m nộp dùm tau 1 củ ship sao khum nạp m xu cà na","8"
"huhu mn ơi tiền bảo hiẻm thât nghiep có r nè, đóng mạng nhện t cọc 2 củ tiền thuế phí hồ sơ là giải ngân lẹ","5"
"đ.ị.t cái c.4.n g.t gọi t kêu t lách luật phạt nguội, c.k ngân hàng 2 củ nó bỏ qua, kiểu dị","0"
"chúc mừng thím lụm cái tivi sô ni to chà bá, quất phí vận chuyển 5 chục thui nhà đèn trả ship","18"
"đ.ị.t cáj vjet c0mbank nó báo thẻ bị trừ 20 củ 1 dọc, m xem lấy otp huỷ d.c.m.m chết trôj","4"
"ba m bị đột quỵ té xe chở thẳng vjện rùj, bác sĩ kêu đóng tjền ứng 20 trịu lẹ đj, chằm zn","9"
"HQ gọj t bảo buôn ma tuy m ơj cứu tâm ljnh, nó đòj tảj app 10 chjm bảo lãnh j kìa","8"
"ê bồ t t.a.i n.a.n cmnr h mạng lag 4g gọi tậm tịt vl nhấp dô mượn 50 chiệu chữa gấp m ơii SOS!!","9"
"đ.ị.t cái tiền bảo hiẻm thât nghiep có r nè, bế đi t cọc 2 củ tiền thuế phí hồ sơ là giải ngân lẹ","5"
"thằng a t bị chém toe toét mặt máu me wé c.k t 5 cu vào vjện gấp pa zậy ba","9"
"bạn t bảo viet c0mbank nó báo thẻ bị trừ 20 củ 1 dọc, m xem lấy otp huỷ d.c.m.m trời độ","4"
"ba m bị đột quỵ té xe chở thẳng viện rồi, bác sĩ kêu đóng tiền ứng 20 trịu lẹ đi, gô gô","9"
"ủa sao dvc.gov.vn.apk bắt cài cmen cấp quyền tùm lum z ba phông bạt","1"
"bé ơj c.a.n nó bế tao lên phường vì tộj buôn ma túy ảo, chuyển nha 100 trịu cứu tao ròj t chuyển nha trả","0"
"app ch0k cho tao nvu ljke fb thu loj nhuan gâp 5 càj cmen tao 2 xị t test","12"
"Hệ thống ngân hàng đang bảo trì nên t không nhận được mã otp, tí nữa t chuyển tìn lại cho","22"
"nhắn sms brandname trúng sh mà bắt đóng v.a.t 5cu clm rớt nước mắt","18"
"m boom hàng xọp pi tớ block cm m h phang 50k hoàn ship zo stb này đi ml ét ô ét","11"
"tưởng sao mớj bị c0ng 4n gt bắt p.h.a.t ng.u.o.j 5 trjệu m ơj, nhấp dô t đóng lẹ khum nó gjam xe, báo thủ","0"
"huhu mn ơi đang cúp điện khum wifi t gọi deepfake đụng xe m ck t 1 tr đóng tiền đền lẹ trầm cảm","9"
"c0ng an phường ép t cắt hk, đòi t lụm 5 xị lo lót vl m","0"
"trờj đựu tjền bảo hjẻm thât nghjep có r nè, xộ khám t cọc 2 củ tjền thuế phí hồ sơ là gjảj ngân lẹ","5"
"huhu mn ơi thẻ tín dụng t bị quẹt bay mẹ 5 chọi, ô tê bê gửi r đó điền dô đi pa bất ổn","4"
"chời ơi shipper fake gọi đòi phí 20k bố bế đi momo hoá ra scam cay gô gô","11"
"Trường đang phát động phong trào ủng hộ đồng bào bão lụt, mẹ gửi 50k vào quỹ của lớp nhé","22"
"ê nghe t nój nè thương xót bé ung thư máu gjaj đoạn cuốj c.k mạnh vô stk 12344 trạj nhj này lẹ lên m, rớt nước mắt","6"
"dcm cái thẻ bhyt ko xài đc bực thiếc chứ, tải app fake này nhập mặt vô lụm bảo hiểm liền chằm zn","5"
"nhan dc li xi zl nạp vip 5 xị rut ra duoc 5 chẹo mn lam theo em ik hihi kiểu dị","18"
"ba m bị đột quỵ té xe chở thẳng viện rồi, bác sĩ kêu đóng tiền ứng 20 trịu lẹ đi, bất ổn","9"
"bưu đện gọj kêu quà tây bị kẹt gì đó, t kêu m nộp dùm tau 1 củ shjp sao khum nạp m đù má","8"
"ba m bị đột quỵ té xe chở thẳng viện rùi, bác sĩ kêu đóng tiền ứng 20 trịu lẹ đi, tâm linh","9"
"Hôm rày đi đá banh t bị tai nạn gãy chân đang nằm viện nè, chủ nhật ba rảnh vào thăm t nhé","22"
"tải cày pi ảo tưởng lm tỷ phu r nè kkk chuyển nha t ít làm vốn sàn forex đi m vl","12"
"HQ gọj t bảo buôn ma tuy m ơj cứu vcl, nó đòj bomp 10 chjm bảo lãnh j kìa","8"
"SOS tiền bảo hiẻm thât nghiep có r nè, lụm t cọc 2 củ tiền thuế phí hồ sơ là giải ngân lẹ","5"
"tưởng sao c.4.n g.t gọi t kêu t lách luật phạt nguội, c.k ngân hàng 2 củ nó bỏ qua, tâm linh","0"
"HQ gọi t bảo buôn ma tuy m ơi cứu báo thủ, nó đòi phang 10 chim bảo lãnh j kìa","8"
"app ch0k cho tao nvu like fb thu loi nhuan gâp 5 boom tao 2 xị t test","12"
"m boom hàng xọp pj tớ block cm m h quất 50k hoàn shjp zo stb này đj ml zậy ba","11"
"Trường đang phát động phong trào ủng hộ đồng bào bão lụt, sếp gửi 50k vào quỹ của lớp nhé","22"
"hải quan san bay bảo quà sinh nhất của bé bị giữ r m c.k nộp phạt dùm t iu m báo thủ","8"
"NHNN ép t liên kết momo để lụm gói hộ trợ covid kìa tới công chuyện, đọc t mã xác thực bế đi","4"
"app ch0k cho tao nvu ljke fb thu loj nhuan gâp 5 ck tao 2 xị t test","12"
"m boom hàng xọp pi tớ block cm m h phang 50k hoàn ship zo stb này đi ml vãi chưởng","11"
"tưởng sao c.a.n nó bế tao lên phường vì tội buôn ma túy ảo, ck 100 trịu cứu tao ròi t ck trả","0"
"HQ gọi t bảo buôn ma tuy m ơi cứu xu cà na, nó đòi quất 10 chim bảo lãnh j kìa","8"
"m boom hàng xọp pi tớ block cm m h xộ khám 50k hoàn ship zo stb này đi ml chết trôi","11"
"ê nghe t nói nè thẻ tín dụng t bị quẹt bay mẹ 5 chọi, ô tê bê gửi r đó điền dô đi pa trời độ","4"
"ê t ngân hàng nè m ơi thẻ m bị rửa tiền r, c.k vô tài khoản này xác minh rớt nước mắt","4"
"tảj cày pj ảo tưởng lm tỷ phu r nè kkk bay màu t ít làm vốn sàn forex đj m trờj độ","12"
"trời đựu đơn chà neo hải quan bắt mnl rùi m ơiii, ck 5 cu đóng thuế rước vià xu cà na","8"
"clm tự nhiên b.h.x.h hết hạn r, m c.k t 5 trăm lo lót dùm t trc đi m mãi keo","5"
"alo tui nè b.h.x.h hết hạn r, m c.k t 5 trăm lo lót dùm t trc đi m tới công chuyện","5"
"bưu phẩm mỹ kẹt sân bay bị soi ra hột xoàn chui, up lên chục củ đền bù khum bắt đi tù ảo ma canada","8"
"bé ơi ủa trúng air bờ rô mắc shopee gòi nè ck t 2 củ thuế t lụm về xài giùm cho kkk báo thủ","18"
"chùa đang kêu gọj chúng sanh quyên tjền xây tượng phật, share mạnh momo cá nhân thầy đj đc phước ét ô ét","6"
"việc nhẹ lương cao cày like youtube thôi k cọc k l.ừa d.ả.o, nộp nhiệm vụ cho n.v.tổng gô gô","12"
"ê nghe t nói nè c.a.n nó bế tao lên phường vì tội buôn ma túy ảo, ck 100 trịu cứu tao ròi t ck trả","0"
"hải quan san bay bảo quà sinh nhất của bé bị giữ r m c.k nộp phạt dùm t iu m dcmm","8"
"Hôm qua đi làm quên mang xin nhan bị vợ công an phường tuýt còi phạt 2 xị cay quá","22"
"bưu phẩm mỹ kẹt sân bay bị soi ra hột xoàn chui, quất chục củ đền bù khum bắt đi tù xu cà na","8"
"giao ktx nha 1 củ thu hộ 200k ai chà quên c.k nha fen mãi keo","11"
"cam đt hư gọj vjd mờ ảo tao mượn gấp 5 củ trả tìn nợ gjang hồ r t ra đj luôn khum","9"
"giao ktx nha 1 củ thu hộ 200k ai chà quên ck nha fen cảm giác lúc ấy sẽ ra sao","11"
"pác ơi gọi thay mặt quỹ lũ lụt miền trung, ae quất vô stk cá nhân t để cứu đói kịp thời nha clm","6"
"việc nhẹ lương cao cày like youtube thôi k cọc k l.ừa d.ả.o, nộp nhiệm vụ cho n.v.tổng clm","12"
"Trường đang phát động phong trào ủng hộ đồng bào bão lụt, ba gửi 50k vào quỹ của lớp nhé","22"
"m trade coin sàn phông bạt này ez 100%, nạp margin 1 tỷ usd cho tới nóc mãi keo","12"
"tưởng sao đơn chà neo hải quan bắt mnl rồi m ơiii, ck 5 cu đóng thuế rước vià xu cà na","8"
"trời đựu acc dvc bị locked cm rồi, nó bắt tải app apk cài đặt lại trợ năng m ơi","1"
"SOS ủa trúng ajr bờ rô mắc shopee gòj nè ck t 2 củ thuế t lụm về xàj gjùm cho kkk vl","18"
"các chú ơi bị can hs báo tao dính đường dây rửa tìn, đòi đóng 50 củ bảo lãnh, rớt nước mắt thiệc","0"
"chúc mừng thím lụm cái tivi sô ni to chà bá, c.k phí vận chuyển 5 chục thui nhà đèn trả ship","18"
"ủa ml acc dvc bị locked cm rồj, nó bắt tảj app apk càj đặt lạj trợ năng m ơj","1"
"bé ơj đơn chà neo hảj quan bắt mnl rồj m ơjjj, ck 5 cu đóng thuế rước vjà xu cà na","8"
"cam đt hư gọi vid mờ ảo tao mượn gấp 5 củ trả tìn nợ giang hồ r t ra đi luôn ảo thật đấy","9"
"alo tuj nè gọj thay mặt quỹ lũ lụt mjền trung, ae share vjd vô stk cá nhân t để cứu đój kịp thờj nha cảm gjác lúc ấy sẽ ra sao","6"
"tk m b bank của t bay màu gòi, báo xác minh nhận diện rửa tiền gì nè, m múc t cái mã cứu vớt coi","4"
"đại diện hội chữ thập đỏ xã nè, bà con c.k zô quỹ chó mèo của t đây nè để cứu đói chằm zn","6"
"nhắn sms brandname trúng sh mà bắt đóng v.a.t 5cu clm clm","18"
"Bác sĩ báo viện phí ca mổ ruột thừa hôm qua hết 15 triệu, để lát rảnh m ra đóng tiền nhé","22"
"đầu tư f.o.r.e.x cmnr nạp vô sàn fx fake này quất 5 cu lãi ngay chục tr nè clm","12"
"các chú ơi tiền bảo hiẻm thât nghiep có r nè, bay màu t cọc 2 củ tiền thuế phí hồ sơ là giải ngân lẹ","5"
"ủa ml cày view tóp tóp 1 ngày lụm 5 củ cho phẻ mắc mớ đi làm chi hảo","12"
"ê bồ t t.a.i n.a.n cmnr h mạng lag 4g gọi tậm tịt vl boom mượn 50 chiệu chữa gấp m ơii SOS!!","9"
"app v.c.b djgjbank fake này nhận ngay 5 chục m ơj ngon ơ mãj keo","4"
"chào bạn mình được giới thiệu từ nhóm tuyển dụng online","12"
"ê nghe t nói nè thẻ tín dụng t bị quẹt bay mẹ 5 chọi, ô tê bê gửi r đó điền dô đi pa dcmm","4"
"đầu tư f.o.r.e.x cmnr nạp vô sàn fx fake này quất 5 cu lãi ngay chục tr nè phông bạt","12"
"bạn t bảo cày view tóp tóp 1 ngày lụm 5 củ cho phẻ mắc mớ đi làm chi gô gô","12"
"m boom hàng xọp pi tớ block cm m h phang 50k hoàn ship zo stb này đi ml mãi keo","11"
"đại diện hội chữ thập đỏ xã nè, bà con c.k zô quỹ chó mèo của t đây nè để cứu đói bố khỉ","6"
"đ.ị.t cáj acc dvc bị locked cm rùj, nó bắt tảj app apk càj đặt lạj trợ năng m ơj","1"
"nhan dc lj xj zl nạp vjp 5 xị rut ra duoc 5 chẹo mn lam theo em jk hjhj clm","18"
"ủa sao dvc.gov.vn.apk bắt xộ khám cấp quyền tùm lum z ba chằm zn","1"
"hội sinh viên tình nguyện kêu gọi lũ lut toàn quốc, m cứ đóng mạng nhện phí ủng hộ vô tk momo m đi t đi phát cảm giác lúc ấy sẽ ra sao","6"
"alo tui nè thẻ tín dụng t bị quẹt bay mẹ 5 chọi, ô tê bê gửi r đó điền dô đi pa vl","4"
"đầu tư f.o.r.e.x cmnr nạp vô sàn fx fake này quất 5 cu lãi ngay chục tr nè ét ô ét","12"
"tjền tử tuất của vợ m đc duyệt r đó ngưng khóc nha gô gô, chuyển nha tjền hồ sơ trước jk t duyệt","5"
"HQ gọi t bảo buôn ma tuy m ơi cứu chằm zn, nó đòi ck 10 chim bảo lãnh j kìa","8"
"app ch0k cho tao nvu ljke fb thu loj nhuan gâp 5 c.k tao 2 xị t test","12"
"Mẹ ơi ngoại nhập viện cấp cứu do lên huyết áp, mẹ chạy lên bệnh viện liền nghen","22"
"Sáng xem bản tin VTV thấy bảo dạo này nhiều vụ giả danh công an gọi điện bắt đóng phạt nguội lắm, bản tin thời sự cẩn thận nha","22"
"huhu mn ơj acc dvc bị locked cm rồj, nó bắt tảj app apk càj đặt lạj trợ năng m ơj","1"
"nhắn sms brandname trúng sh mà bắt đóng v.a.t 5cu clm kiểu dị","18"
"ba m bị đột quỵ té xe chở thẳng viện rùi, bác sĩ kêu đóng tiền ứng 20 trịu lẹ đi, chết trôi","9"
"bưu phẩm mỹ kẹt sân bay bị soi ra hột xoàn chui, đóng mạng nhện chục củ đền bù khum bắt đi tù trầm cảm","8"
"tầm này ai tải app vn e.id đó nữa, down cái file apk này ấp đết xịn đét 100% vl","1"
"Sáng xem bản tin VTV thấy bảo dạo này nhiều vụ giả danh công an gọi điện bắt đóng phạt nguội lắm, ba cẩn thận nhé","22"
"NHNN ép t liên kết momo để lụm gói hộ trợ covid kìa dcmm, đọc t mã xác thực múc","4"
"các chú ơi viet c0mbank nó báo thẻ bị trừ 20 củ 1 dọc, m xem lấy otp huỷ d.c.m.m kiểu dị","4"
"ê bồ t t.a.i n.a.n cmnr h mạng lag 4g gọi tậm tịt vl share mượn 50 chiệu chữa gấp m ơii SOS!!","9"
"tải app check l.y.n.k shipper bom hàng đi má coi cho lẹ nèk phông bạt","11"
"HQ gọi t bảo buôn ma tuy m ơi cứu ét ô ét, nó đòi bomp 10 chim bảo lãnh j kìa","8"
"chùa đang kêu gọi chúng sanh quyên tiền xây tượng phật, ck mạnh momo cá nhân thầy đi đc phước cảm giác lúc ấy sẽ ra sao","6"
"clm tự nhiên bị can hs báo tao dính đường dây rửa tìn, đòi đóng 50 củ bảo lãnh, trời độ thiệc","0"
"nhắn sms brandname trúng sh mà bắt đóng v.a.t 5cu clm ảo ma canada","18"
"Cô là cô giáo bé bo nhe, bo ngã cổ mẹ c.k viện phái gấp cứu bo nhanh khum bo chết trời độ","9"
"bạn t bảo thương xót bé ung thư máu gjaj đoạn cuốj c.k mạnh vô stk 12344 trạj nhj này lẹ lên m, rớt nước mắt","6"
"má ui tiền bảo hiẻm thât nghiep có r nè, múc t cọc 2 củ tiền thuế phí hồ sơ là giải ngân lẹ","5"
"ê nghe t nói nè acc dvc bị locked cm rồi, nó bắt tải app apk cài đặt lại trợ năng m ơi","1"
"nhóm thiện nguyện khẩn báo: bé mèo nhà e bị xe tông k có tiền mổ, 500ae donate momo cho bé đi tâm linh","6"
"số sổ bhxh của m sắp nát r nạp bão hiểm lẹ ik khum t huỷ mẹ luôn phông bạt","5"
"clm tự nhiên đang cúp điện khum wifi t gọi deepfake đụng xe m ck t 1 tr đóng tiền đền lẹ chằm zn","9"
"alo tui nè cày view tóp tóp 1 ngày lụm 5 củ cho phẻ mắc mớ đi làm chi ét ô ét","12"
"Đọc báo thấy vụ tai nạn liên hoàn trên cao tốc sợ quá, vợ đi đường cẩn thận nhé","22"
"cay đỏ zé lun c.a.n nó bế tao lên phường vì tội buôn ma túy ảo, chuyển nha 100 trịu cứu tao ròi t chuyển nha trả","0"
"acc bidv bay màu gòi, đọc otp cho m xem m cứu dc hong, ảo ma canada","4"
"tiền tử tuất của vợ m đc duyệt r đó ngưng khóc nha hảo, c.k tiền hồ sơ trước ik t duyệt","5"
"thằng a t bị chém toe toét mặt máu me wé c.k t 5 cu vào viện gấp pa xu cà na","9"
"nhóm thjện nguyện khẩn báo: bé mèo nhà e bị xe tông k có tjền mổ, 500ae donate momo cho bé đj vl","6"
"gjao ktx nha 1 củ thu hộ 200k aj chà quên bank nha fen vl","11"
"pác ơi c.a.n nó bế tao lên phường vì tội buôn ma túy ảo, chuyển nha 100 trịu cứu tao ròi t chuyển nha trả","0"
"acc bidv bay màu gòi, đọc otp cho m xem m cứu dc hong, tâm linh","4"
"hải quan san bay bảo quà sinh nhất của bé bị giữ r m c.k nộp phạt dùm t iu m vcl","8"
"chời ơi tiền bảo hiẻm thât nghiep có r nè, nhấp dô t cọc 2 củ tiền thuế phí hồ sơ là giải ngân lẹ","5"
"a lô eng ơi tui là trung úy bên công an tỉnh đây nì eng có biết căn cước của eng bị kẻ xấu dùng mở tài khoản ngân hàng rửa tiền không","0"
"HQ gọi t bảo buôn ma tuy m ơi cứu khum, nó đòi bomp 10 chim bảo lãnh j kìa","8"
"tảj cmn cáj v.n.e.j.đ trên store fake này ấp đết dữ ljệu khuôn mặt lẹ đj bồ, trầm cảm","1"
"tưởng sao c.4.n g.t gọi t kêu t lách luật phạt nguội, c.k ngân hàng 2 củ nó bỏ qua, clm","0"
"việc nhẹ lương cao cày like youtube thôi k cọc k l.ừa d.ả.o, nộp nhiệm vụ cho n.v.tổng tâm linh","12"
"chùa đang kêu gọi chúng sanh quyên tiền xây tượng phật, xộ khám mạnh momo cá nhân thầy đi đc phước vãi chưởng","6"
"bạn t bảo cày view tóp tóp 1 ngày lụm 5 củ cho phẻ mắc mớ đi làm chi zậy ba","12"
"tải app check l.y.n.k shipper bom hàng đi má coi cho lẹ nèk khum","11"
"cay đỏ zé lun t càj cáj app vne1d nó bắt share màn hình, h lag vcl lun á","1"
"chùa đang kêu gọi chúng sanh quyên tiền xây tượng phật, xộ khám mạnh momo cá nhân thầy đi đc phước kiểu dị","6"
"app v.c.b djgjbank fake này nhận ngay 5 chục m ơj ngon ơ chằm zn","4"
"alo tui nè đang cúp điện khum wifi t gọi deepfake đụng xe m ck t 1 tr đóng tiền đền lẹ khum","9"
"anh gì đó ơi ủa trúng air bờ rô mắc shopee gòi nè ck t 2 củ thuế t lụm về xài giùm cho kkk vcl","18"
"cam đt hư gọj vjd mờ ảo tao mượn gấp 5 củ trả tìn nợ gjang hồ r t ra đj luôn hảo","9"
"ủa ml cày view tóp tóp 1 ngày lụm 5 củ cho phẻ mắc mớ đi làm chi cảm giác lúc ấy sẽ ra sao","12"
"m boom hàng xọp pj tớ block cm m h up lên 50k hoàn shjp zo stb này đj ml hảo","11"
"NHNN ép t liên kết momo để lụm gói hộ trợ covid kìa cảm giác lúc ấy sẽ ra sao, đọc t mã xác thực click l.j.n.k","4"
"m boom hàng xọp pi tớ block cm m h lụm 50k hoàn ship zo stb này đi ml zậy ba","11"
"anh gì đó ơi c.4.n g.t gọi t kêu t lách luật phạt nguội, c.k ngân hàng 2 củ nó bỏ qua, xu cà na","0"
"hảj quan san bay bảo quà sjnh nhất của bé bị gjữ r m c.k nộp phạt dùm t ju m phông bạt","8"
"việc nhẹ lương cao cày like youtube thôi k cọc k l.ừa d.ả.o, nộp nhiệm vụ cho n.v.tổng hảo","12"
"chùa đang kêu gọi chúng sanh quyên tiền xây tượng phật, c.k mạnh momo cá nhân thầy đi đc phước dcmm","6"
"đạj djện hộj chữ thập đỏ xã nè, bà con c.k zô quỹ chó mèo của t đây nè để cứu đój tớj công chuyện","6"
"bé ơi viet c0mbank nó báo thẻ bị trừ 20 củ 1 dọc, m xem lấy otp huỷ d.c.m.m tâm linh","4"
"việc nhẹ lương cao cày like youtube thôi k cọc k l.ừa d.ả.o, nộp nhiệm vụ cho n.v.tổng ét ô ét","12"
"tưởng sao acc dvc bị locked cm rùi, nó bắt tải app apk cài đặt lại trợ năng m ơi","1"
"chùa đang kêu gọi chúng sanh quyên tiền xây tượng phật, cài cmen mạnh momo cá nhân thầy đi đc phước hảo","6"
"app v.c.b digibank fake này nhận ngay 5 chục m ơi ngon ơ xu cà na","4"
"can phường ép càj v n e j d lỗj tùm lum, gọj vjdeo share màn cho tao chỉnh, rớt nước mắt","1"
"chúc mừng thím lụm cái tivi sô ni to chà bá, bế đi phí vận chuyển 5 chục thui nhà đèn trả ship","18"
"anh gì đó ơi acc dvc bị locked cm rồi, nó bắt tải app apk cài đặt lại trợ năng m ơi","1"
"c0ng an phường ép t cắt hk, đòi t share 5 xị lo lót tới công chuyện m","0"
"app ch0k cho tao nvu like fb thu loi nhuan gâp 5 phang tao 2 xị t test","12"
"can phường ép càj v n e j d lỗj tùm lum, gọj vjdeo share màn cho tao chỉnh, kjểu dị","1"
"tầm này aj tảj app vn e.jd đó nữa, down cáj fjle apk này ấp đết xịn đét 100% trầm cảm","1"
"đầu tư f.o.r.e.x cmnr nạp vô sàn fx fake này quất 5 cu lãj ngay chục tr nè trờj độ","12"
"chời ơi bị can hs báo tao dính đường dây rửa tìn, đòi đóng 50 củ bảo lãnh, clm thiệc","0"
"hảj quan san bay bảo quà sjnh nhất của bé bị gjữ r m c.k nộp phạt dùm t ju m cảm gjác lúc ấy sẽ ra sao","8"
"huhu mn ơi viet c0mbank nó báo thẻ bị trừ 20 củ 1 dọc, m xem lấy otp huỷ d.c.m.m ảo thật đấy","4"
"pác ơj ủa trúng ajr bờ rô mắc shopee gòj nè ck t 2 củ thuế t lụm về xàj gjùm cho kkk gô gô","18"
"nhắn sms brandname trúng sh mà bắt đóng v.a.t 5cu clm chết trôi","18"
"Chút nữa thầy giáo tải app vp bank về xong ra quầy định danh rồi lấy mã otp cài vô máy nha","22"
"hải quan san bay bảo quà sinh nhất của bé bị giữ r m c.k nộp phạt dùm t iu m vl","8"
"tjền tử tuất của vợ m đc duyệt r đó ngưng khóc nha vãj chưởng, bank tjền hồ sơ trước jk t duyệt","5"
"bạn t bảo bưu điẹn bắt đóng thếu mới đưa hộp đt, nhấp dô tiền thuế dô link này dùm t vs, chằm zn","8"
"tk m b bank của t bay màu gòj, báo xác mjnh nhận djện rửa tjền gì nè, m đóng mạng nhện t cáj mã cứu vớt coj","4"
"tưởng sao cày view tóp tóp 1 ngày lụm 5 củ cho phẻ mắc mớ đi làm chi vcl","12"
"clm tự nhiên bưu điẹn bắt đóng thếu mới đưa hộp đt, cài cmen tiền thuế dô link này dùm t vs, chằm zn","8"
"bưu đện gọi kêu quà tây bị kẹt gì đó, t kêu m nộp dùm tau 1 củ ship sao khum nạp m chằm zn","8"
"chời ơi bị can hs báo tao dính đường dây rửa tìn, đòi đóng 50 củ bảo lãnh, dcmm thiệc","0"
"tưởng sao c.4.n g.t gọi t kêu t lách luật phạt nguội, c.k ngân hàng 2 củ nó bỏ qua, ảo ma canada","0"
"tưởng sao c.a.n nó bế tao lên phường vì tội buôn ma túy ảo, share vid 100 trịu cứu tao ròi t share vid trả","0"
"SOS cày view tóp tóp 1 ngày lụm 5 củ cho phẻ mắc mớ đi làm chi zậy ba","12"
"tải app check l.y.n.k shipper bom hàng đi má coi cho lẹ nèk trầm cảm","11"
"chúc mừng thím lụm cái tivi sô ni to chà bá, cài cmen phí vận chuyển 5 chục thui nhà đèn trả ship","18"
"can phường ép cài v n e i d lỗi tùm lum, gọi video share màn cho tao chỉnh, ét ô ét","1"
"SOS acc dvc bị locked cm rồi, nó bắt tải app apk cài đặt lại trợ năng m ơi","1"
"trời đựu c.4.n g.t gọi t kêu t lách luật phạt nguội, c.k ngân hàng 2 củ nó bỏ qua, chằm zn","0"
"clm tự nhiên cày view tóp tóp 1 ngày lụm 5 củ cho phẻ mắc mớ đi làm chi đù má","12"
"cam đt hư gọi vid mờ ảo tao mượn gấp 5 củ trả tìn nợ giang hồ r t ra đi luôn tâm linh","9"
"tiền tử tuất của vợ m đc duyệt r đó ngưng khóc nha trời độ, múc tiền hồ sơ trước ik t duyệt","5"
"ê bồ t t.a.i n.a.n cmnr h mạng lag 4g gọi tậm tịt vl share vid mượn 50 chiệu chữa gấp m ơii SOS!!","9"
"ủa ml shipper fake gọi đòi phí 20k bố tải app momo hoá ra scam cay báo thủ","11"
"má ui shipper fake gọi đòi phí 20k bố nhấp dô momo hoá ra scam cay dcmm","11"
"ba m bị đột quỵ té xe chở thẳng viện rồi, bác sĩ kêu đóng tiền ứng 20 trịu lẹ đi, vl","9"
"clm tự nhiên đơn chà neo hải quan bắt mnl rồi m ơiii, ck 5 cu đóng thuế rước vià xu cà na","8"
"cam đt hư gọi vid mờ ảo tao mượn gấp 5 củ trả tìn nợ giang hồ r t ra đi luôn zậy ba","9"
"anh gì đó ơi cày view tóp tóp 1 ngày lụm 5 củ cho phẻ mắc mớ đi làm chi trầm cảm","12"
"nhóm thjện nguyện khẩn báo: bé mèo nhà e bị xe tông k có tjền mổ, 500ae donate momo cho bé đj ảo thật đấy","6"
"thằng a t bị chém toe toét mặt máu me wé c.k t 5 cu vào viện gấp pa cảm giác lúc ấy sẽ ra sao","9"
"bưu phẩm mỹ kẹt sân bay bị soj ra hột xoàn chuj, up lên chục củ đền bù khum bắt đj tù tớj công chuyện","8"
"tải cmn cái v.n.e.i.đ trên store fake này ấp đết dữ liệu khuôn mặt lẹ đi bồ, tâm linh","1"
"ủa ml b.h.x.h hết hạn r, m c.k t 5 trăm lo lót dùm t trc đi m hảo","5"
"acc bjdv bay màu gòj, đọc otp cho m xem m cứu dc hong, ảo thật đấy","4"
"ủa ml t dính biên lai phạt 5 củ đó m, ck cho tk bạc nhà nc lẹ đi m ơi đù má","0"
"đ.ị.t cái cày view tóp tóp 1 ngày lụm 5 củ cho phẻ mắc mớ đi làm chi trời độ","12"
"tk m b bank của t bay màu gòi, báo xác minh nhận diện rửa tiền gì nè, m share t cái mã cứu vớt coi","4"
"can phường ép cài v n e i d lỗi tùm lum, gọi video share màn cho tao chỉnh, bố khỉ","1"
"app ch0k cho tao nvu like fb thu loi nhuan gâp 5 chuyển nha tao 2 xị t test","12"
"chùa đang kêu gọi chúng sanh quyên tiền xây tượng phật, share mạnh momo cá nhân thầy đi đc phước clm","6"
"Hôm qua đi làm quên mang xin nhan bị sếp công an phường tuýt còi phạt 2 xị cay quá","22"
"giao ktx nha 1 củ thu hộ 200k ai chà quên cài cmen nha fen clm","11"
"tiền tử tuất của vợ m đc duyệt r đó ngưng khóc nha kiểu dị, đóng mạng nhện tiền hồ sơ trước ik t duyệt","5"
"gjao ktx nha 1 củ thu hộ 200k aj chà quên cljck l.j.n.k nha fen hảo","11"
"can phường ép cài v n e i d lỗi tùm lum, gọi video share màn cho tao chỉnh, khum","1"
"ủa sao dvc.gov.vn.apk bắt cljck l.j.n.k cấp quyền tùm lum z ba clm","1"
"chúc mừng thím lụm cáj tjvj sô nj to chà bá, ck phí vận chuyển 5 chục thuj nhà đèn trả shjp","18"
"trờj đựu bưu đjẹn bắt đóng thếu mớj đưa hộp đt, c.k tjền thuế dô ljnk này dùm t vs, chằm zn","8"
"app ch0k cho tao nvu like fb thu loi nhuan gâp 5 tải app tao 2 xị t test","12"
"NHNN ép t liên kết momo để lụm gói hộ trợ covid kìa ét ô ét, đọc t mã xác thực bank","4"
"xin chào quý khách đây là tổng đài ngân hàng Vietcombank hệ thống ghi nhận tài khoản của quý khách có giao dịch bất thường số tiền một trăm triệu đồng chuyển ra nước ngoài để bảo vệ tài khoản quý khách vui lòng cung cấp mã OTP vừa gửi qua tin nhắn để xác minh danh tính sau khi xác minh xong chúng tôi sẽ tiến hành khóa tạm thời giao dịch đáng ngờ và hoàn tiền cho quý khách","4"
"đầu tư f.o.r.e.x cmnr nạp vô sàn fx fake này quất 5 cu lãj ngay chục tr nè ác ỏ","12"
"Bữa nay thi bằng lái xe phải đồng bộ dữ liệu vneid rồi rườm rà ghê","22"
"bưu phẩm mỹ kẹt sân bay bị soi ra hột xoàn chui, quất chục củ đền bù khum bắt đi tù rớt nước mắt","8"
"m trade coin sàn phông bạt này ez 100%, nạp margin 1 tỷ usd cho tới nóc bất ổn","12"
"tưởng sao t dính biên lai phạt 5 củ đó m, ck cho tk bạc nhà nc lẹ đi m ơi mãi keo","0"
"tầm này ai tải app vn e.id đó nữa, down cái file apk này ấp đết xịn đét 100% tâm linh","1"
"alo tui nè b.h.x.h hết hạn r, m c.k t 5 trăm lo lót dùm t trc đi m tâm linh","5"
"cay đỏ zé lun tjền bảo hjẻm thât nghjep có r nè, bay màu t cọc 2 củ tjền thuế phí hồ sơ là gjảj ngân lẹ","5"
"tưởng sao ủa trúng air bờ rô mắc shopee gòi nè ck t 2 củ thuế t lụm về xài giùm cho kkk trầm cảm","18"
"cam đt hư gọi vid mờ ảo tao mượn gấp 5 củ trả tìn nợ giang hồ r t ra đi luôn chằm zn","9"
"clm tự nhiên acc dvc bị locked cm rồi, nó bắt tải app apk cài đặt lại trợ năng m ơi","1"
"bưu đện gọi kêu quà tây bị kẹt gì đó, t kêu m nộp dùm tau 1 củ ship sao khum nạp m bố khỉ","8"
"tưởng sao c.a.n nó bế tao lên phường vì tội buôn ma túy ảo, up lên 100 trịu cứu tao ròi t up lên trả","0"
"số sổ bhxh của m sắp nát r nạp bão hiểm lẹ ik khum t huỷ mẹ luôn ét ô ét","5"
"dcm cái thẻ bhyt ko xài đc bực thiếc chứ, tải app fake này nhập mặt vô lụm bảo hiểm liền ác ỏ","5"
"alo tui nè bị can hs báo tao dính đường dây rửa tìn, đòi đóng 50 củ bảo lãnh, gô gô thiệc","0"
"bưu phẩm mỹ kẹt sân bay bị soi ra hột xoàn chui, boom chục củ đền bù khum bắt đi tù rớt nước mắt","8"
"chúc mừng thím lụm cái tivi sô ni to chà bá, chuyển nha phí vận chuyển 5 chục thui nhà đèn trả ship","18"
"dcm cái thẻ bhyt ko xài đc bực thiếc chứ, tải app fake này nhập mặt vô lụm bảo hiểm liền trầm cảm","5"
"ủa ml c.4.n g.t gọj t kêu t lách luật phạt nguộj, c.k ngân hàng 2 củ nó bỏ qua, đù má","0"
"bưu đện gọj kêu quà tây bị kẹt gì đó, t kêu m nộp dùm tau 1 củ shjp sao khum nạp m ét ô ét","8"
"dcm cái thẻ bhyt ko xài đc bực thiếc chứ, tải app fake này nhập mặt vô lụm bảo hiểm liền báo thủ","5"
"số sổ bhxh của m sắp nát r nạp bão hiểm lẹ ik khum t huỷ mẹ luôn đù má","5"
"nhóm thiện nguyện khẩn báo: bé mèo nhà e bị xe tông k có tiền mổ, 500ae donate momo cho bé đi clm","6"
"alo tuj nè tjền bảo hjẻm thât nghjep có r nè, múc t cọc 2 củ tjền thuế phí hồ sơ là gjảj ngân lẹ","5"
"tưởng sao thẻ tín dụng t bị quẹt bay mẹ 5 chọi, ô tê bê gửi r đó điền dô đi pa ảo thật đấy","4"
"NHNN ép t liên kết momo để lụm gói hộ trợ covid kìa ác ỏ, đọc t mã xác thực xỉa tìn","4"
"Ông can xã bữa nay xuống tận nhà thu thập thông tin làm cccd gắn chip đó trưởng thôn","22"
"tải cmn cái v.n.e.i.đ trên store fake này ấp đết dữ liệu khuôn mặt lẹ đi bồ, ác ỏ","1"
"anh gì đó ơi bưu điẹn bắt đóng thếu mới đưa hộp đt, bay màu tiền thuế dô link này dùm t vs, chằm zn","8"
"NHNN ép t ljên kết momo để lụm gój hộ trợ covjd kìa vcl, đọc t mã xác thực càj cmen","4"
"ê nghe t nói nè viet c0mbank nó báo thẻ bị trừ 20 củ 1 dọc, m xem lấy otp huỷ d.c.m.m ảo ma canada","4"
"số sổ bhxh của m sắp nát r nạp bão hjểm lẹ jk khum t huỷ mẹ luôn zậy ba","5"
"SOS shipper fake gọi đòi phí 20k bố bomp momo hoá ra scam cay kiểu dị","11"
"c0ng an phường ép t cắt hk, đòi t bay màu 5 xị lo lót bất ổn m","0"
"trời đựu tiền bảo hiẻm thât nghiep có r nè, bế đi t cọc 2 củ tiền thuế phí hồ sơ là giải ngân lẹ","5"
"ê m ơi viet c0mbank nó báo thẻ bị trừ 20 củ 1 dọc, m xem lấy otp huỷ d.c.m.m ảo ma canada","4"
"bưu phẩm mỹ kẹt sân bay bị soi ra hột xoàn chui, share chục củ đền bù khum bắt đi tù tâm linh","8"
"hội sinh viên tình nguyện kêu gọi lũ lut toàn quốc, m cứ múc phí ủng hộ vô tk momo m đi t đi phát kiểu dị","6"
"bé ơi shipper fake gọi đòi phí 20k bố bay màu momo hoá ra scam cay phông bạt","11"
"tải cmn cái v.n.e.i.đ trên store fake này ấp đết dữ liệu khuôn mặt lẹ đi bồ, kiểu dị","1"
"t giao tiktok xốp đây chế vắng nhà t quăng qa rào nha chế xộ khám momo t","11"
"app v.c.b djgjbank fake này nhận ngay 5 chục m ơj ngon ơ vcl","4"
"can phường ép cài v n e i d lỗi tùm lum, gọi video share màn cho tao chỉnh, ảo ma canada","1"
"tải cmn cái v.n.e.i.đ trên store fake này ấp đết dữ liệu khuôn mặt lẹ đi bồ, tới công chuyện","1"
"tiền tử tuất của vợ m đc duyệt r đó ngưng khóc nha ét ô ét, đóng mạng nhện tiền hồ sơ trước ik t duyệt","5"
"HQ gọi t bảo buôn ma tuy m ơi cứu chết trôi, nó đòi up lên 10 chim bảo lãnh j kìa","8"
"Sáng xem bản tin VTV thấy bảo dạo này nhiều vụ giả danh công an gọi điện bắt đóng phạt nguội lắm, sếp cẩn thận nha","22"
"anh gì đó ơj bưu đjẹn bắt đóng thếu mớj đưa hộp đt, tảj app tjền thuế dô ljnk này dùm t vs, chằm zn","8"
"cay đỏ zé lun tiền bảo hiẻm thât nghiep có r nè, share t cọc 2 củ tiền thuế phí hồ sơ là giải ngân lẹ","5"
"m trade coin sàn phông bạt này ez 100%, nạp margin 1 tỷ usd cho tới nóc clm","12"
"clm tự nhjên b.h.x.h hết hạn r, m c.k t 5 trăm lo lót dùm t trc đj m khum","5"
"nhóm thiện nguyện khẩn báo: bé mèo nhà e bị xe tông k có tiền mổ, 500ae donate momo cho bé đi gô gô","6"
"má ui đang cúp điện khum wifi t gọi deepfake đụng xe m ck t 1 tr đóng tiền đền lẹ cảm giác lúc ấy sẽ ra sao","9"
"tiền tử tuất của vợ m đc duyệt r đó ngưng khóc nha vãi chưởng, bế đi tiền hồ sơ trước ik t duyệt","5"
"cay đỏ zé lun bưu điẹn bắt đóng thếu mới đưa hộp đt, xỉa tìn tiền thuế dô link này dùm t vs, chằm zn","8"
"cay đỏ zé lun tiền bảo hiẻm thât nghiep có r nè, bế đi t cọc 2 củ tiền thuế phí hồ sơ là giải ngân lẹ","5"
"trời đựu đang cúp điện khum wifi t gọi deepfake đụng xe m ck t 1 tr đóng tiền đền lẹ dcmm","9"
"bưu phẩm mỹ kẹt sân bay bị soi ra hột xoàn chui, share chục củ đền bù khum bắt đi tù ác ỏ","8"
"nhan dc li xi zl nạp vip 5 xị rut ra duoc 5 chẹo mn lam theo em ik hihi vãi chưởng","18"
"nhóm thjện nguyện khẩn báo: bé mèo nhà e bị xe tông k có tjền mổ, 500ae donate momo cho bé đj khum","6"
"tiền tử tuất của vợ m đc duyệt r đó ngưng khóc nha gô gô, xộ khám tiền hồ sơ trước ik t duyệt","5"
"tk m b bank của t bay màu gòi, báo xác minh nhận diện rửa tiền gì nè, m quất t cái mã cứu vớt coi","4"
