text,label
"Đây là công an thành phố, chúng tôi phát hiện số điện thoại của anh liên quan đến vụ án rửa tiền xuyên quốc gia",0
"Tôi là thiếu tá Nguyễn Văn Hùng bộ công an, anh đang bị điều tra vì tội lừa đảo chiếm đoạt tài sản",0
"Alo anh ơi, đây là công an quận Tân Bình, anh có lệnh triệu tập khẩn cấp vì liên quan đến đường dây đánh bạc online",0
"Day la cong an tinh, so dien thoai cua anh dinh liu den vu an buon ban chat cam",0
"Dạ chú ơi, đây là công an huyện, CMND của chú bị tội phạm sử dụng để rửa tiền, chú phải chuyển tiền vào tài khoản bảo vệ ngay",0
"Tui là đại uý Trần Minh Đức bên phòng an ninh kinh tế, anh đang bị khởi tố vì tài khoản ngân hàng của anh bị lợi dụng",0
"Alo đây là viện kiểm sát nhân dân, bà có liên quan đến vụ án lừa đảo, yêu cầu bà chuyển tiền vào tài khoản kiểm sát để xác minh",0
"Tôi là điều tra viên Lê Hoàng bên tổng cục cảnh sát, CMND của anh đang bị sử dụng mở tài khoản rửa tiền",0
"Mệ ơi đây là con an huyện nờ mệ, mệ đang bị dính vô vụ án buôn bán chất cấm, mệ phải chuyển tiền vô tài khoản an toàn",0
"Anh ơi đây là thanh tra bộ công an, anh đang bị điều tra vì tài khoản của anh bị tội phạm lợi dụng chuyển tiền bất hợp pháp",0
"Day la toa an nhan dan tinh, chung toi co lenh trieu tap anh vi toi tron thue",0
"Chào anh, tui là trung tá Phạm Văn Sơn bên công an thành phố, anh đang bị dính vô vụ rửa tiền triệu đô",0
"Ba ơi đây là công an tỉnh, CMND của ba bị tội phạm xài để rửa tiền, ba chuyển tiền vô tài khoản an toàn ngay đi ba",0
"Đây là cảnh sát kinh tế, anh đang bị điều tra vì tài khoản ngân hàng của anh được sử dụng để chuyển tiền bất hợp pháp",0
"Alo bác ơi đây là công an thành phố, bác phải chuyển tiền vào tài khoản bảo vệ ngay lập tức nếu không bác sẽ bị bắt giam",0
"Tui la thieu ta ben cong an TP, chi dang bi truy na vi lien quan vu an buon lau",0
"Dạ alo tui là công an quận, anh có biết anh đang bị khởi tố hông? SĐT anh dính vô vụ lừa đảo triệu đô rồi",0
"Đây là bộ công an, chúng tôi yêu cầu anh cung cấp thông tin tài khoản để phục vụ điều tra, nếu không hợp tác sẽ bị khởi tố",0
"Alo anh Hai phải hông? Đây là đại uý Trần bên công an, anh đang bị truy nã vì tội rửa tiền",0
"Mẹ ơi đây là công an phường gọi mẹ, CMND của mẹ bị ai đó dùng để mở tài khoản lừa đảo",0
"Day la vien kiem sat, ba dang bi khoi to vi toi lua dao, yeu cau ba chuyen tien de xac minh",0
"Chú ơi đây là cán bộ điều tra công an tỉnh, chú phải ra trình diện ngay nếu không chú bị bắt giam",0
"Tôi là trung tá Nguyễn Minh Tuấn bộ công an, lệnh bắt giam của anh đã được phê duyệt",0
"O oi, day la con an huyen, o dang bi truy to vi toi lua dao",0
"Đây là thiếu tá bên tổng cục cảnh sát, bà đang bị điều tra, yêu cầu bà chuyển toàn bộ tiền tiết kiệm vào tài khoản bảo vệ nhà nước",0
"Anh ơi đây là công an huyện, lệnh bắt giam của anh đã được tống đạt, anh phải chuyển tiền bảo lãnh ngay",0
"Alo chi oi, day la canh sat hinh su, chi dang bi dieu tra vi tai khoan ngan hang cua chi lien quan den vu an rua tien",0
"Dạ bác ơi, đây là công an xã, bác đang bị tố cáo tội lừa đảo, yêu cầu bác ra trình diện ngay lập tức",0
"Tui là thiếu tá bên phòng cảnh sát điều tra, chị đang bị khởi tố vì liên quan đến vụ án buôn lậu xuyên quốc gia",0
"Mạ ơi đây là con an tỉnh nờ mạ, CMND của mạ bị lợi dụng rửa tiền, mạ phải chuyển tiền vô tài khoản an toàn chừ đi nờ",0
"Day la bo cong an, so dien thoai cua anh da bi su dung trong duong day lua dao, yeu cau anh hop tac dieu tra",0
"Đây là công an quận Bình Thạnh, anh Nguyễn Văn Hải đúng không, anh đang bị khởi tố vì liên quan tới vụ lừa đảo",0
"Tui la dai uy Tran Van Hung ben cong an, anh dang bi truy na vi toi chuyen tien bat hop phap qua ngan hang",0
"Alo chú ơi, đây là công an xã, chú đang bị tố cáo vì có hành vi lừa đảo người dân",0
"Ba oi, day la con an phuong, ba dang bi dieu tra vi lien quan den vu an danh bac truc tuyen",0
Anh tải cái app VNeID phiên bản mới này về cài đặt để đăng ký lại định danh điện tử nhé anh,1
"Chị ơi điện thoại chị bị virus rồi, chị tải cái ứng dụng bảo mật này về cài vào để em quét cho chị",1
Anh vào link dichvucong-bocongan.com.vn cài đặt ứng dụng dịch vụ công quốc gia phiên bản mới nhất,1
"Da chi oi, chi tai ve file apk nay ve may, day la app thue moi nhat de chi ke khai thue online",1
"Em là nhân viên kỹ thuật Viettel, máy anh đang bị lỗi phần mềm, anh tải file bao_mat_viettel.apk này về cài",1
"Chi oi, chi cai dat app nay vao dien thoai, day la ung dung ho tro cua nha mang, chi nhap mat khau vao de em kiem tra",1
"Anh ơi anh tải cái phần mềm diệt virus này về cài vào máy, điện thoại anh đang bị hack rồi",1
"Dạ anh ơi, em là nhân viên kỹ thuật VNPT, máy anh đang bị lỗi, anh tải file này về cài để em hỗ trợ sửa chữa",1
"Em là bên tổng cục thuế, máy của chị bị lỗi phần mềm kê khai, chị tải cái app hoanthue2025.apk về cài nhé",1
"Chi oi chi vao cai link nay de tai app moi cua ngan hang, ban cu bi hack roi, chi can nhap OTP vao la xong",1
"Anh cài cái app này vào máy đi, đây là ứng dụng bảo mật của nhà mạng, không cài là bị khoá sim đó anh",1
"Ba ơi ba tải cái app này về đi, nó là ứng dụng của ngân hàng để bảo vệ tài khoản của ba",1
"Chú ơi chú vô link này tải app thuế hoàn thuế mới nhất để chú kê khai thuế online, đây là bản cập nhật bắt buộc nờ chú",1
"Anh vô link vietcombank-online.xyz để tải ứng dụng ngân hàng phiên bản mới, bản cũ không còn bảo mật nữa",1
"Em bên nhà mạng Mobifone nè anh, SIM anh đang bị lỗi hệ thống, anh tải cái app sim_update.apk về cài để em nâng cấp cho anh",1
"Chi oi, em gui link nay cho chi, chi tai app ngan hang moi ve may, phien ban cu bi loi bao mat nghiem trong",1
Bác ơi bác tải cái ứng dụng VNeID phiên bản mới nhất về cài vào máy để bác đăng ký lại định danh điện tử,1
"Anh oi, anh vao link nay tai app ngan hang Techcombank phien ban moi ve, ban cu het han roi",1
"Dạ anh ơi, em là bên công an online, anh tải cái ứng dụng cong_an_online.apk về máy để xác minh danh tính",1
Chú ơi chú tải cái app thuế mới của bộ tài chính về máy để kê khai hoàn thuế nha chú,1
"Em la nhan vien ky thuat FPT, may tinh cua anh dang bi nhiem virus, anh tai file diet_virus.exe nay ve chay ngay",1
"Bác ơi bác tải app Dichvucong mới về máy, phiên bản cũ hết hạn rồi, bác phải cập nhật ngay để không bị mất dữ liệu",1
"Anh ơi em gửi link này cho anh, anh tải app ngân hàng ACB phiên bản mới về cài vì bản cũ đã bị khoá",1
"Chi oi chi tai ung dung bao hiem xa hoi dien tu moi ve, phien ban cu bi loi, chi tai link nay ve cai lai",1
"Dạ anh ơi, điện thoại anh bị nhiễm mã độc rồi, anh tải cái app bảo mật này vô máy đặng em quét sạch cho anh nờ",1
"Tôi là cảnh sát giao thông, anh có biên lai phạt nguội ba triệu đồng, anh truy cập link dvc-chinhphu.xyz để nộp phạt",0
"Đây là cảnh sát giao thông thành phố, xe anh bị phạt nguội, anh vào link csgt-vn.com để nộp tiền phạt",0
"Day la canh sat giao thong huyen, xe cua chi bi phat nguoi 3 trieu dong, chi nop phat qua tai khoan nay ngay",0
"Alo anh Hai đây là CSGT, xe anh bị phạt nguội năm triệu, anh không nộp phạt thì tụi anh tới giữ xe nghen",0
"Chú ơi đây là cảnh sát giao thông, xe chú bị phạt nguội nè, chú vô link ni mà nộp phạt nờ chú",0
"Anh ơi đây là CSGT quận, xe anh bị phạt nguội, anh chuyển tiền nộp phạt qua link này",0
"Chi oi, day la csgt, xe chi dang bi tam giu vi vi pham giao thong, chi chuyen 10 trieu de lay xe ve",0
"Dạ anh ơi, đây là cảnh sát giao thông tỉnh, xe anh bị phạt nguội ba triệu, anh nộp phạt qua cái link này nha anh",0
"Đây là CSGT huyện, xe của bà đã vi phạm lỗi chạy quá tốc độ, bà nộp phạt năm triệu qua tài khoản kho bạc này",0
"Anh oi, xe anh bi phat nguoi do vuot den do tai nga tu Hang Xanh, anh chuyen 4 trieu nop phat qua link nay",0
"Chú ơi đây là CSGT thành phố, xe chú bị phạt nguội lỗi đi sai làn, chú nộp phạt hai triệu vô tài khoản ni đặng khỏi bị giữ bằng lái nờ",0
"Day la canh sat giao thong quan, xe anh bi phat nguoi 7 trieu dong, anh can nop phat ngay qua tai khoan kho bac nay",0
"Dạ bác ơi, đây là CSGT tỉnh, xe bác bị phạt nguội do không có bảo hiểm, bác nộp phạt năm triệu qua link dvc-csgt.vn này",0
"Alo chi oi, day la canh sat giao thong, xe chi vi pham loi dung den do, chi chuyen 3 trieu nop phat ngay",0
"Anh ơi đây là CSGT quận Thủ Đức, xe anh bị phạt nguội lỗi vượt đèn đỏ nè anh, nộp phạt bốn triệu qua tài khoản này nghen",0
"SIM của anh đang bị lỗi hệ thống, anh cần xác nhận OTP để nâng cấp sim 4G lên 5G ngay",2
"Anh ơi SIM anh đang bị lỗi hệ thống nè, anh cung cấp mã OTP để em bên nhà mạng nâng cấp cho anh",2
"Em là nhân viên nhà mạng Viettel, SIM của chị sắp bị khoá do hết hạn đăng ký, chị nhắn mã OTP cho em để gia hạn",2
"Chi oi, sim chi dang bi khoa do vi pham, chi cung cap ma OTP de em mo lai sim cho chi",2
"Đây là tổng đài nhà mạng, SIM bác sắp bị khoá do hết hạn đăng ký chính chủ, bác nhắn mã OTP cho em",2
"Da chi oi, em la nhan vien Mobifone, chi phai xac nhan ma OTP de doi sim tu 3G len 5G, neu khong sim se bi khoa",2
"Chú ơi sim chú sắp bị khoá do vi phạm quy định nhà mạng, chú gửi mã OTP để em bên Vinaphone gia hạn cho chú nờ",2
"Anh nha, sim anh bi loi roi, anh gui ma OTP cho em de em nang cap sim len 5G, khong lam la bi khoa ngay",2
"Dạ anh ơi, sim anh đang bị lỗi bảo mật, anh cung cấp mã OTP cho em để em xử lý giúp anh",2
"Chi oi, em la nhan vien tong dai Viettel, sim chi sap het han dang ky, chi gui OTP cho em de gia han ngay",2
"Bác ơi em là nhân viên chăm sóc khách hàng VNPT, SIM bác đang bị lỗi phần mềm, bác gửi mã OTP cho em sửa",2
"Anh ơi SIM anh sắp bị khoá do hết hạn đăng ký chính chủ nè anh, anh gửi mã OTP đặng em gia hạn cho anh nghen",2
"Da anh oi, em la nhan vien nha mang, sim anh dang bi loi he thong, anh gui ma OTP de em nang cap ngay",2
"Chị ơi em là bên tổng đài Mobifone, SIM chị sắp bị khoá, chị cung cấp mã OTP để em mở lại cho chị",2
"Chu oi, sim chu dang bi nghi ngo vi pham, chu gui OTP cho em de xac minh lai danh tinh chinh chu",2
"Mẹ ơi con bị tai nạn đang cấp cứu ở bệnh viện, bác sĩ bảo cần hai mươi triệu mổ gấp, mẹ chuyển tiền ngay nha mẹ",4
"Ba oi con dang nam cap cuu o benh vien Bach Mai, bac si noi phai mo ngay, ba chuyen 30 trieu vao so tai khoan bac si nay",4
"Cháu ơi đây là bác gái, bác đang ở bệnh viện, bác sĩ nói bác phải mổ tim gấp, cháu chuyển cho bác hai mươi triệu",4
"Alo me oi, con bi tai nan xe may, dang nam o benh vien, bac si noi can 15 trieu de mo",4
"Mạ ơi con bị tai nạn nặng lắm đang nằm cấp cứu ở bệnh viện, bác sĩ nói phải mổ gấp, mạ chuyển hai mươi triệu vô số thẻ ni đi mạ nờ",4
"Mẹ ơi con đang ở bệnh viện, con bị ngã gãy chân, bác sĩ nói phải mổ gấp, mẹ chuyển tiền cho con nhé",4
"Con oi, day la ong noi, ong dang o benh vien, bac si noi ong bi xuat huyet nao, phai mo ngay, con chuyen 50 trieu",4
"Cháu ơi đây là bác Tư, bác đang nằm bệnh viện, bác sĩ kêu phải đặt stent tim gấp, cháu chuyển cho bác ba mươi triệu",4
"Ba ơi con bị tai nạn nè ba, con đang ở bệnh viện Chợ Rẫy, bác sĩ nói mổ gấp mà con không có tiền",4
"Me oi con dang cap cuu o benh vien, con bi trung gio, bac si noi phai tiem thuoc gap, chuyen 20 trieu cho con",4
"Bà nội ơi đây là Minh đây, con đang ở bệnh viện, bác sĩ bảo phải mổ gấp, bà chuyển cho con hai mươi triệu",4
"Ba oi con dang nam cap cuu, con bi ngo doc thuc pham, bac si noi can 20 trieu de dieu tri",4
"Mạ ơi con đang ở bệnh viện, con bị tai nạn xe buýt, bác sĩ nói phải mổ gấp, mạ chuyển hai mươi triệu vô số thẻ ni nờ mạ",4
"Chu oi, day la chau, chau dang o benh vien, bac si noi chau bi viem ruot thua phai mo gap, chu chuyen 15 trieu cho chau",4
"Mẹ ơi con đang nằm cấp cứu ở bệnh viện Bạch Mai, bác sĩ kêu đóng tiền mổ gấp hai mươi triệu mẹ ơi",4
"Con oi day la ba, ba dang o benh vien tinh, bac si noi ba bi nhoi mau co tim, phai mo gap, con chuyen 40 trieu",4
"Dì ơi đây là Hùng nè dì, con đang ở bệnh viện đa khoa, bác sĩ nói phải mổ gấp, dì chuyển cho con hai mươi triệu",4
"Me oi con bi xe tong dang nam cap cuu o benh vien Cho Ray, bac si keu dong tien mo gap 25 trieu",4
"Bác ơi đây là cháu Minh, cháu đang nằm viện, bác sĩ kêu mổ gấp mà cháu hết tiền, bác chuyển giùm cháu ba mươi triệu nha bác",4
"Mạ ơi con nằm viện rồi mạ ơi, con bị sốt xuất huyết nặng lắm, bác sĩ kêu nằm phòng hồi sức, mạ chuyển tiền vô số tài khoản bệnh viện ni nờ mạ",4
"Ba oi con dang o benh vien, con bi dau ruot thua, bac si noi phai mo ngay, ba chuyen 20 trieu vao so tai khoan bac si",4
"Alo con oi, day la me, me dang o benh vien, me bi nga gay chan, bac si noi phai mo, con chuyen tien cho me nhe",4
"Cháu ơi đây là ông ngoại, ông đang nằm viện, bác sĩ nói phải phẫu thuật gấp, cháu chuyển cho ông năm mươi triệu",4
"Mẹ ơi con bị tai nạn giao thông, đang nằm cấp cứu, bác sĩ nói phải mổ sọ não gấp, mẹ chuyển bốn mươi triệu nha mẹ",4
"Ba oi, con bi dien giat dang o benh vien cap cuu, bac si keu dong tien dieu tri gap 35 trieu, ba chuyen ngay ba oi",4
"Ba ơi con đang bị nhốt ở Campuchia, tụi nó bắt con làm việc, ba chuyển năm mươi triệu vào tài khoản này để chuộc con về",5
"Alo me oi, con bi bat coc roi, tui no dang giu con, me chuyen 100 trieu vao so tai khoan nay de chuoc con",5
"Ba ơi con đang bị nhốt ở nước ngoài, tụi nó đánh con, ba chuyển tiền chuộc con về đi ba",5
"Ma oi con dang bi tui no giu, chung no doi 50 trieu, ma chuyen tien vao tai khoan nay de chuoc con ve ngay",5
"Mạ ơi con đang bị nhốt ở Lào, tụi nó bắt con bán hàng online, mạ chuyển năm chục triệu vô tài khoản ni để chuộc con về nờ mạ",5
"Con ơi con đang bị giam giữ ở Myanmar, tụi nó bắt con lừa đảo người khác, con muốn về nhà, bố chuyển tiền chuộc con",5
"Me oi con bi nhot o Campuchia, con bi tui no danh thuong tich, me chuyen gap 50 trieu de chuoc con ve",5
"Alo ba oi, tui no bat con o Campuchia, ba chuyen 80 trieu vao tai khoan nay, neu khong tui no giet con",5
"Mạ ơi con đang bị giam ở Philippine, tụi nó kêu phải chuộc năm chục triệu mới thả con, mạ chuyển vô tài khoản ni nờ mạ",5
"Ba oi con dang bi nhot o nuoc ngoai, tui no bat con lam viec 18 tieng moi ngay, ba chuyen tien chuoc con ve",5
"Mẹ ơi con bị bọn buôn người bắt sang Campuchia, mẹ chuyển gấp sáu mươi triệu vào tài khoản này để chuộc con",5
"Con oi, con dang bi giam o Lao, tui no doi 70 trieu de tha con, ba chuyen tien ngay lap tuc",5
"Ba ơi con đang bị nhốt ở Myanmar, tụi nó đánh đập con hàng ngày, ba chuyển tiền chuộc con về gấp đi ba ơi",5
"Ma oi con bi bat coc o Campuchia, con bi tui no ep lam viec, ma chuyen 60 trieu de chuoc con ve",5
"Alo mẹ ơi, con bị nhốt ở Thái Lan, tụi nó kêu phải nộp năm chục triệu mới thả con, mẹ chuyển tiền nhanh mẹ ơi",5
"Ba oi con dang bi giam giu o nuoc ngoai, tui no bao phai nop 90 trieu de tha con, ba chuyen tien gap",5
"Mạ ơi con đang bị giam ở Campuchia, tụi nó đánh con dã man lắm, mạ chuyển tiền chuộc con về gấp nờ mạ ơi",5
"Con oi, con bi nhot o Myanmar, tui no doi 100 trieu moi tha con, ba chuyen tien vao tai khoan nay ngay",5
"Mẹ ơi con bị bắt cóc rồi mẹ ơi, tụi nó đang giữ con, mẹ chuyển trăm triệu vào số tài khoản này để chuộc con",5
"Chị ơi đây là giám đốc Hùng, chị chuyển gấp trăm triệu vào tài khoản đối tác này, tôi đang họp không nói được nhiều",6
"Em oi, day la giam doc, em chuyen ngay 200 trieu vao tai khoan doi tac ABC de thanh toan hop dong",6
"Chị Lan đây là anh Minh giám đốc, chị chuyển gấp năm mươi triệu vào tài khoản đối tác này, tôi đang họp nha",6
"Chi oi day la giam doc, chi chuyen gap 150 trieu vao tai khoan nay, toi dang bay khong goi duoc, lam ngay giup toi",6
"Em ơi đây là anh Tuấn trưởng phòng, em chuyển gấp ba mươi triệu vào tài khoản đối tác này, anh đang họp không nói được",6
"Dạ chị ơi, đây là sếp Minh, chị chuyển gấp trăm triệu vô tài khoản đối tác ni, anh đang họp khẩn không nói được nhiều nghen chị",6
"Em oi, day la anh Hung giam doc, em chuyen ngay 80 trieu vao tai khoan cong ty doi tac, toi gui hinh chup hop dong qua zalo",6
"Đây là giám đốc Nguyễn Văn Tùng, chị chuyển gấp hai trăm triệu vào tài khoản đối tác này ngay lập tức",6
"Chi oi, toi la giam doc Tran Van Duc, chi chuyen gap 100 trieu vao tai khoan nay, toi dang hop voi doi tac nuoc ngoai",6
"Chị Hương ơi đây là anh Minh giám đốc, chị chuyển gấp trăm triệu vào tài khoản đối tác này, anh đang đi nước ngoài không gọi được",6
"Em oi day la sep, em chuyen ngay 300 trieu vao tai khoan doi tac de thanh toan hop dong gap",6
"Dạ chị ơi, đây là giám đốc Phạm Văn Hải, chị chuyển gấp năm mươi triệu vô tài khoản đối tác ni, anh đang bay hổng gọi được nờ",6
"Chi oi, day la giam doc, toi dang o nuoc ngoai, chi chuyen gap 250 trieu vao tai khoan doi tac nay, rat gap",6
"Em ơi đây là anh Hùng giám đốc nè, em chuyển gấp năm chục triệu vô tài khoản đối tác này, anh đang bay không nói được nhiều nha em",6
"Chi oi day la giam doc Nguyen Van Tuan, chi chuyen gap 120 trieu vao tai khoan doi tac, toi gui chung tu qua email",6
"Dạ chị ơi đây là sếp Tuấn nè, chị chuyển gấp bảy mươi triệu vô tài khoản đối tác ni, anh đang họp khẩn nha chị",6
"Em oi, day la giam doc, em chuyen ngay 180 trieu vao tai khoan doi tac de ky hop dong, rat khan cap",6
"Chị Linh ơi đây là anh Đức giám đốc, chị chuyển gấp chín mươi triệu vào tài khoản đối tác này, tôi đang bay sang Nhật",6
"Chi oi, toi la giam doc, chi chuyen gap 500 trieu vao tai khoan nay, toi dang di cong tac khong goi duoc nhieu",6
"Mày ơi tao đang ở bệnh viện nè, tao bị tai nạn mất ví rồi, mày chuyển gấp mười triệu vào số thẻ này giùm tao",7
"Alo may oi, tao dang bi ket o san bay, mat vi roi, may chuyen gap 5 trieu vao so tai khoan nay cho tao",7
"Mày ơi tao đang bị kẹt ở viện, tao mất ví, mày chuyển gấp mười triệu vào số tài khoản bác sĩ này cho tao",7
"May oi tao dang o benh vien, tao bi mat vi, may chuyen gap 15 trieu vao so tai khoan nay cho tao, tao tra sau",7
"Tao đang ở sân bay bị mất hết ví rồi, mày chuyển cho tao năm triệu vào số tài khoản ni đi, tao về trả liền nờ",7
"Alo alo, tao dang bi ket o nuoc ngoai, mat het tien roi, may chuyen gap 20 trieu vao so tai khoan nay giup tao",7
"Mày ơi tao đang nằm viện nè, bác sĩ kêu đóng viện phí gấp mà tao không có tiền, mày chuyển cho tao mười lăm triệu",7
"May oi, tao dang bi tai nan o Nha Trang, mat het do roi, may chuyen gap 10 trieu vao so tai khoan nay cho tao",7
"Tao đang ở bệnh viện Bạch Mai, tao bị ngộ độc thực phẩm, mày chuyển gấp mười triệu vào tài khoản bác sĩ này giùm tao",7
"May oi, tao dang o san bay Da Nang, bi mat het do, may chuyen gap 8 trieu vao tai khoan nay cho tao ve",7
"Mày ơi tao đang kẹt ở Campuchia, hết tiền rồi, chuyển cho tao hai chục triệu vô số tài khoản ni để tao mua vé về nờ",7
"Alo tao bi mat vi o san bay, may chuyen gap 12 trieu vao so tai khoan nay, tao ve tra lai cho may ngay",7
"Mày ơi tao bị tai nạn nằm viện, không có tiền, chuyển gấp mười lăm triệu cho tao nha",7
"Tao đang ở viện Chợ Rẫy, tao bị xe tông, mày chuyển cho tao mười triệu vào số thẻ bác sĩ này, tao mổ xong trả liền",7
"May oi tao dang o benh vien Binh Dan, tao bi nga gay chan, may chuyen gap 20 trieu cho tao",7
"Tao đang ở sân bay Nội Bài, tao quên ví rồi, mày chuyển gấp tám triệu vào số tài khoản này cho tao",7
"May oi, tao dang bi ket o nuoc ngoai, het tien roi, may chuyen gap 25 trieu cho tao de mua ve may bay ve",7
"Mày ơi tao đang ở bệnh viện đa khoa tỉnh, bác sĩ kêu đóng viện phí mười hai triệu, mày chuyển gấp giùm tao",7
"Alo may, tao dang o Campuchia bi mat het do roi, may chuyen gap 15 trieu cho tao de ve nuoc",7
"Tao bị kẹt ở nước ngoài rồi mày ơi, hết tiền hết ví, mày chuyển cho tao ba chục triệu vô tài khoản này giùm",7
"May oi, tao dang nam vien o Sai Gon, bac si keu dong tien mo gap 18 trieu, may chuyen cho tao",7
"Mày ơi tao đang bị tai nạn ở Đà Lạt, mất hết ví rồi, chuyển cho tao mười triệu vào số tài khoản ni nờ",7
"Alo may, tao dang o benh vien 115, bac si keu dong vien phi gap 10 trieu, may chuyen cho tao, tao tra sau",7
"May oi, tao dang bi ket o Phu Quoc, mat het tien roi, may chuyen gap 7 trieu cho tao de ve",7
"Đây là nhân viên ngân hàng Techcombank, tài khoản chị đang bị giao dịch đáng ngờ, chị cung cấp mã OTP để em khoá giao dịch lạ",16
"Anh oi day la nhan vien ngan hang, tai khoan cua anh dang bi loi he thong, anh cung cap ma OTP de em xu ly",16
"Em là nhân viên VPBank, tài khoản anh đang bị ai đó đăng nhập trái phép, anh nhắn mã OTP cho em để em khoá ngay",16
"Chi oi, day la ngan hang ACB, tai khoan chi dang bi giao dich la, chi gui ma OTP cho em de em khoa giao dich bat thuong",16
"Dạ anh ơi, đây là nhân viên ngân hàng Agribank, thẻ anh bị khoá do nhập sai mật khẩu ba lần, anh cung cấp mã OTP cho em mở lại nha anh",16
"Anh oi, day la ngan hang Sacombank, the cua anh bi loi, anh can cung cap so the va ma OTP de em kiem tra",16
"Dạ anh, đây là ngân hàng Vietcombank, tài khoản anh vừa bị trừ tiền bất thường, anh cung cấp mã OTP cho em để em xử lý",16
"Chi oi, em la nhan vien ngan hang BIDV, tai khoan chi bi loi bao mat, chi gui OTP cho em de em xu ly gap",16
"Em là nhân viên ngân hàng Sacombank, tài khoản anh vừa bị giao dịch lạ, anh gửi mã OTP cho em khoá giao dịch bất thường nghen anh",16
"Anh oi, day la ngan hang TPBank, tai khoan anh dang bi ai do dang nhap trai phep, anh gui OTP cho em de em khoa ngay",16
"Dạ chị ơi, đây là nhân viên ngân hàng Vietinbank, thẻ tín dụng chị bị lộ thông tin, chị gửi mã OTP cho em khoá thẻ nha chị",16
"Anh oi, day la ngan hang MB, tai khoan anh vua bi truy cap trai phep, anh cung cap OTP de em khoa tai khoan ngay",16
"Em là nhân viên ngân hàng HDBank, tài khoản chị vừa bị giao dịch đáng ngờ, chị nhắn mã OTP cho em xử lý nghen chị",16
"Chi oi, day la ngan hang OCB, tai khoan chi bi truy cap bat thuong, chi gui OTP cho em de em bao ve tai khoan",16
"Dạ anh ơi, đây là ngân hàng SHB, thẻ ATM anh bị khoá do lỗi hệ thống, anh gửi OTP cho em mở lại nờ anh",16
"Tao có clip nhạy cảm của mày rồi, không chuyển năm chục triệu tao gửi hết cho bạn bè mày xem",9
"Tao co anh nhay cam cua may, khong chuyen tien tao gui len mang xa hoi cho tat ca moi nguoi xem",9
"Mày ơi tao có hết hình ảnh nhạy cảm của mày rồi, không chuyển ba mươi triệu tao gửi cho gia đình mày xem ngay",9
"Tao có cái clip của mày nè, mày không chuyển năm chục triệu vô tài khoản này thì tao tung lên Facebook cho bạn bè mày coi nghen",9
"Nay tao gui cho may xem thu mot hinh, may chuyen ngay 100 trieu khong tao gui het len mang xa hoi",9
"Mày ơi tao có clip nhạy cảm của mày với con kia rồi nờ, mày không chuyển tiền là tao gửi cho vợ mày xem chừ",9
"Tao da hack duoc tai khoan cua may, tao co het hinh anh cua may, chuyen 80 trieu vao tai khoan nay ngay",9
"Mày coi chừng nghen, tao có hết clip nhạy cảm của mày, không chuyển tiền là tao tung lên mạng cho cả công ty mày biết",9
"Tao da quay lai het cac cuoc goi video cua may, may chuyen ngay 150 trieu khong tao gui cho vo may xem",9
"Tao có video nhạy cảm của mày rồi, mày không chuyển hai trăm triệu tao gửi cho tất cả bạn bè và đồng nghiệp của mày",9
"May oi, tao co clip cua may voi con nho do roi, may chuyen 70 trieu khong tao gui cho gia dinh may",9
"Tao đã hack được camera điện thoại mày, tao có hết hình ảnh riêng tư của mày, chuyển năm chục triệu ngay",9
"Mày ơi tao có clip nhạy cảm của mày nè, hổng chuyển tiền là tao gửi cho sếp mày với đồng nghiệp mày coi nghen",9
"Tao co video rieng tu cua may, khong chuyen 120 trieu tao gui len tat ca nhom Facebook cua may",9
"Nè mày, tao có hết ảnh nhạy cảm của mày nờ, mày hổng chuyển tiền là tao tung lên mạng cho cả xã hội biết chừ",9
"Tao da quay lai cuoc goi video cua may, may chuyen ngay 200 trieu khong tao gui cho tat ca ban be cua may xem",9
"Mày ơi tao hack được tài khoản mạng xã hội của mày, tao có hết tin nhắn riêng tư, chuyển trăm triệu ngay",9
"Tao co clip nong cua may roi, khong chuyen nam chuc trieu tao gui cho ca truong may biet",9
"Mày coi chừng nờ, tao có clip nhạy cảm của mày, hổng chuyển tiền là tao gửi cho vợ con mày xem hết chừ",9
"Tao da copy het du lieu dien thoai cua may, tao co het hinh anh va tin nhan rieng tu, chuyen 100 trieu ngay",9
"Chị ơi em là tình nguyện viên từ thiện, đang quyên góp cho trẻ em vùng lũ, chị ủng hộ vào tài khoản này",10
"Da chi oi, em dang quyen gop cho dong bao bi lu lut o mien Trung, chi chuyen tien vao so tai khoan ca nhan nay",10
"Bác ơi em đang quyên góp cho trẻ em nghèo, bác ủng hộ vào tài khoản cá nhân này nha bác",10
"Chị ơi em là tình nguyện viên, đang quyên góp cho bà con miền Trung bị lũ, chị chuyển vô tài khoản cá nhân ni nờ chị",10
"Anh oi, em dang quyen gop cho benh nhi ung thu, anh ung ho vao tai khoan ca nhan nay giup em",10
"Dạ chị ơi em đang quyên góp cho người già neo đơn, chị ủng hộ vào tài khoản cá nhân này nha chị",10
"Bác ơi em là tình nguyện viên từ thiện, em đang quyên góp cho trẻ em vùng khó khăn, bác chuyển tiền vào tài khoản cá nhân em nha bác",10
"Anh oi, em la sinh vien tinh nguyen, dang quyen gop cho ba con bi bao, anh ung ho vao tai khoan ca nhan cua em",10
"Chị ơi em đang quyên góp cho nạn nhân bão lũ miền Bắc, chị chuyển tiền vào tài khoản cá nhân em để em mua đồ hỗ trợ nghen chị",10
"Da bac oi, em dang quyen gop cho tre em vung cao, bac ung ho vao tai khoan ca nhan nay giup em",10
"Anh ơi em đang quyên góp cho trẻ em bại não, anh ủng hộ vô tài khoản cá nhân ni đặng em mua thuốc gửi cho bé nờ anh",10
"Chi oi, em la tinh nguyen vien quyen gop cho nguoi gia neo don, chi chuyen tien vao tai khoan ca nhan em",10
"Bác ơi em quyên góp cho đồng bào miền Trung bị sạt lở đất, bác ủng hộ vào tài khoản cá nhân em nha bác",10
"Anh oi, em dang quyen gop cho nan nhan dong dat, anh ung ho vao tai khoan ca nhan nay giup em",10
"Chị ơi em đang quyên góp cho trẻ em mồ côi vùng lũ, chị chuyển tiền vô tài khoản cá nhân ni đặng em mua sữa gửi cho bé nờ",10
"Anh ơi em có cơ hội đầu tư Forex lợi nhuận 300 phần trăm mỗi tháng, anh chuyển năm mươi triệu vào tài khoản này để bắt đầu",11
"Chi oi, em gioi thieu cho chi kenh dau tu Bitcoin, loi nhuan 200 phan tram moi thang, chi chuyen tien vao tai khoan nay",11
"Dạ anh em có kênh đầu tư Forex cực kỳ uy tín, lãi suất 200% mỗi tháng, anh chuyển năm chục triệu vô tài khoản ni nờ anh",11
"Anh oi, dau tu chung khoan AI tu dong, loi nhuan 500 phan tram, anh chi can chuyen 100 trieu de bat dau",11
"Chị ơi em giới thiệu kênh đầu tư coin mới ra mắt, lãi suất siêu khủng, chị chuyển tiền vào tài khoản này là bắt đầu ngay",11
"Anh oi, co hoi dau tu vang, loi nhuan 400 phan tram, chuyen 200 trieu de bat dau ngay",11
"Dạ chị ơi, em có cơ hội đầu tư crypto lãi suất 300%, chị chuyển năm mươi triệu vào tài khoản này nhé",11
"Chi oi, dau tu tien ao moi, loi nhuan 1000 phan tram trong 1 thang, chi chuyen 50 trieu de tham gia ngay",11
"Anh ơi em giới thiệu cho anh kênh đầu tư tăng trưởng siêu nhanh, lợi nhuận 200% mỗi tuần, anh chuyển tiền vào tài khoản này",11
"Da anh oi, em co kenh dau tu san pham tai chinh, loi nhuan 150 phan tram moi thang, anh chuyen 80 trieu de tham gia",11
"Chị ơi em có cơ hội đầu tư bất động sản ảo lãi suất cực khủng, chị chuyển trăm triệu vô tài khoản ni nghen chị",11
"Anh oi, co hoi dau tu NFT, loi nhuan 500 phan tram, anh chuyen 50 trieu de bat dau ngay",11
"Dạ anh ơi, em có kênh đầu tư chứng khoán quốc tế lãi suất 300%/tháng, anh chuyển năm chục triệu đặng em đăng ký cho anh nờ",11
"Chi oi, em gioi thieu kenh dau tu vang so, loi nhuan 200 phan tram, chi chuyen 100 trieu de bat dau",11
"Anh ơi em có cơ hội đầu tư tiền điện tử mới, lợi nhuận gấp mười lần trong một tháng, anh chuyển năm mươi triệu nghen",11
"Da anh oi, em co kenh dau tu Forex tu dong, chi can nap tien la AI chay tu dong, loi nhuan 400 phan tram moi thang",11
"Chị ơi em có sàn đầu tư crypto uy tín, lãi suất 250% mỗi tháng, chị chuyển hai trăm triệu vô tài khoản ni đặng em đăng ký cho chị nờ",11
"Anh oi, dau tu DeFi loi nhuan sieu khung, anh chuyen 150 trieu de bat dau, cam ket lai 300 phan tram moi thang",11
"Dạ anh ơi, em có kênh đầu tư option trading lợi nhuận 500%/tháng, anh nạp năm chục triệu là bắt đầu kiếm tiền ngay",11
"Chi oi, em gioi thieu cho chi kenh dau tu san dien tu, loi nhuan khung, chi chuyen 80 trieu de tham gia ngay",11
"Anh ơi em tuyển cộng tác viên làm việc online tại nhà, lương năm trăm ngàn mỗi ngày, anh chuyển hai triệu tiền cọc nha",12
"Da chi oi, em tuyen nguoi lam viec online, chi chi can like va share bai viet, luong 300 ngan mot ngay",12
"Anh ơi em tuyển CTV online tại nhà, lương cao lắm, anh chuyển hai triệu tiền cọc vô tài khoản ni nờ anh",12
"Chi oi, em tuyen nguoi lam nhiem vu online, moi nhiem vu duoc 200 ngan, chi chuyen 1 trieu tien coc de bat dau",12
"Anh ơi em tuyển CTV làm việc online, lương năm trăm ngàn mỗi ngày, anh chuyển hai triệu tiền cọc nhé",12
"Anh oi, em tuyen nguoi ban hang online, chi can ngoi nha, luong 15 trieu mot thang, anh chuyen tien coc 3 trieu",12
"Chị ơi em tuyển CTV share bài trên Facebook, lương ba trăm ngàn mỗi ngày, chị chuyển tiền cọc hai triệu vô tài khoản này nghen chị",12
"Da anh oi, em la nhan vien tuyen dung, em tuyen nguoi lam viec online luong 500k/ngay, anh chuyen 2 trieu de dang ky",12
"Anh ơi em tuyển CTV đánh giá sản phẩm trên Lazada, mỗi đơn được hai trăm ngàn, anh chuyển tiền cọc một triệu nha anh",12
"Chi oi, em tuyen nguoi lam nhiem vu Shopee, moi nhiem vu duoc 100 ngan, chi chuyen 500 ngan tien coc",12
"Dạ anh ơi em tuyển CTV làm nhiệm vụ TikTok, mỗi video được ba trăm ngàn, anh chuyển hai triệu tiền cọc nờ anh",12
"Anh oi, em tuyen nguoi lam viec online tai nha, luong 800 ngan mot ngay, anh chuyen 3 trieu tien coc de bat dau",12
"Chị ơi em tuyển CTV đánh giá app trên Google Play, mỗi lượt được một trăm ngàn, chị chuyển tiền cọc một triệu nghen chị",12
"Da chi oi, em tuyen nguoi lam nhiem vu YouTube, moi video duoc 500 ngan, chi chuyen 2 trieu tien coc",12
"Anh ơi em tuyển CTV viết review sản phẩm, lương sáu trăm ngàn mỗi ngày, anh chuyển hai triệu cọc vô tài khoản ni nờ",12
"Chi oi, em tuyen nguoi lam viec online, chi can co dien thoai, luong 10 trieu thang, chi chuyen 1.5 trieu tien coc",12
"Dạ anh ơi em tuyển CTV chạy quảng cáo Facebook, mỗi đơn lãi hai trăm ngàn, anh chuyển ba triệu tiền cọc nha anh",12
"Anh oi, em tuyen nguoi lam nhiem vu Instagram, moi like duoc 50 ngan, anh chuyen 1 trieu tien coc de bat dau",12
"Chị ơi em tuyển CTV bán hàng Shopee, lương mười triệu mỗi tháng, chị chuyển hai triệu cọc vô tài khoản này nghen",12
"Chúc mừng anh đã trúng thưởng năm trăm triệu từ chương trình tri ân khách hàng của Viettel, anh chuyển phí năm triệu để nhận thưởng",13
"Da chi oi, chi da trung xe SH tu chuong trinh boc tham may man, chi chuyen phi van chuyen 3 trieu de nhan xe",13
"Chúc mừng chú đã trúng thưởng iPhone 16 Pro Max từ chương trình tri ân, chú chuyển phí ba triệu vô tài khoản ni nờ chú",13
"Anh oi, anh da trung thuong mot chiec xe oto tu chuong trinh quay so, anh chuyen phi 10 trieu de nhan xe ngay",13
"Chúc mừng chị đã trúng thưởng vàng SJC hai lượng, chị chuyển phí năm triệu để nhận thưởng nhé",13
"Chúc mừng bác đã trúng giải nhất xe SH, bác chuyển phí vận chuyển hai triệu vô tài khoản này nghen bác",13
"Anh oi, anh trung thuong chuyen du lich Nhat Ban tri gia 200 trieu, anh chuyen phi 5 trieu de xac nhan ngay",13
"Da bac oi, bac da trung thuong 2 luong vang SJC, bac chuyen phi 8 trieu de nhan thuong ngay",13
"Chú ơi chú trúng thưởng xe Air Blade từ chương trình bốc thăm Vinaphone, chú chuyển phí ba triệu vô tài khoản ni nờ",13
"Anh oi, anh trung thuong 1 ty dong tu chuong trinh tri an khach hang, anh chuyen phi 15 trieu de nhan thuong",13
"Chúc mừng chị đã trúng thưởng tủ lạnh Samsung từ chương trình khuyến mãi, chị chuyển phí hai triệu để nhận quà nghen chị",13
"Da anh oi, anh da trung thuong dien thoai Samsung Galaxy tu chuong trinh boc tham, anh chuyen phi 2 trieu de nhan qua",13
"Chúc mừng bác đã trúng thưởng máy giặt LG, bác chuyển phí vận chuyển ba triệu vô tài khoản này nghen bác",13
"Anh oi, anh trung thuong ve may bay khu hoi di My tu chuong trinh tri an, anh chuyen phi 10 trieu de xac nhan",13
"Anh ơi em có số đề chắc ăn ngày mai, anh chuyển năm triệu em gửi số cho anh, trúng là chia đôi",14
"Da anh oi, em co phan mem du doan lo de chinh xac 99 phan tram, anh chuyen tien de em cap quyen truy cap",14
"Anh ơi em có phần mềm dự đoán lô đề chuẩn 99%, anh chuyển năm triệu vô tài khoản ni nờ anh",14
"Anh oi, em la chuyen gia du doan xo so, anh chuyen 3 trieu em gui so cho anh, dam bao trung",14
"Em có số đề người nhà làm ở đài truyền hình gửi, chắc ăn 100 phần trăm, anh chuyển mười triệu em gửi số ngay",14
"Anh ơi em quen con nhỏ bên đài truyền hình, nó cho em số đề chắc chắn trúng, anh chuyển năm triệu em share cho anh nghen",14
"Anh oi, em co kenh dau tu lo de online, loi nhuan 500 phan tram, anh chuyen 5 trieu de bat dau",14
"Dạ anh ơi em có nguồn số đề từ nhân viên xổ số, chắc chắn trúng, anh chuyển tám triệu em gửi số",14
"Anh oi, em co ung dung du doan xo so chinh xac 98 phan tram, anh chuyen 5 trieu de em kich hoat",14
"Em có hệ thống dự đoán kết quả bóng đá, tỉ lệ thắng 95 phần trăm, anh chuyển mười triệu để tham gia",14
"Anh oi, em co kenh ca cuoc the thao online, loi nhuan 300 phan tram, anh chuyen 5 trieu de bat dau",14
"Dạ anh ơi em có phần mềm dự đoán xổ số Vietlott chính xác 97%, anh chuyển năm triệu đặng em kích hoạt cho anh nờ",14
"Anh oi, em co nguon so de tu noi bo dai truyen hinh, dam bao trung 100 phan tram, anh chuyen 10 trieu",14
"Em có kênh cá cược online lợi nhuận gấp năm lần, anh chuyển năm triệu vô tài khoản ni để bắt đầu nờ anh",14
"Anh oi, em co phan mem du doan ket qua bong da, ty le thang 99 phan tram, anh chuyen 8 trieu de dung thu",14
"Anh ơi em bao đậu visa Nhật Bản cho anh, chỉ cần chuyển năm mươi triệu tiền cọc, không đậu em hoàn tiền 100%",15
"Da anh oi, em co chuong trinh xuat khau lao dong Nhat Ban, luong 40 trieu mot thang, anh chuyen 100 trieu tien coc",15
"Anh ơi em có chương trình XKLĐ Đài Loan, lương hai mươi triệu mỗi tháng, anh chuyển năm chục triệu tiền cọc vô tài khoản ni nờ anh",15
"Chi oi, em co chuong trinh du hoc Han Quoc, hoc bong 100 phan tram, chi chuyen 30 trieu le phi de dang ky",15
"Em bao đậu visa Úc cho chị, chị chuyển sáu mươi triệu tiền cọc, không đậu em hoàn tiền một trăm phần trăm",15
"Anh oi, em tuyen lao dong di Han Quoc, luong 45 trieu thang, anh chuyen 80 trieu tien coc de lam thu tuc",15
"Dạ anh ơi, em bao đậu visa Nhật Bản cho anh, chi phí năm chục triệu, hổng đậu em hoàn tiền hết nghen anh",15
"Chi oi, em co chuong trinh xuat khau lao dong Dai Loan, luong 30 trieu thang, chi chuyen 60 trieu tien coc",15
"Em bao đậu visa Canada cho chị, chị chuyển bảy mươi triệu tiền cọc, không đậu hoàn lại 100 phần trăm",15
"Anh oi, em co chuong trinh du hoc My, chi phi 150 trieu, dam bao dau visa, anh chuyen tien coc 50 trieu",15
"Dạ chị ơi, em có chương trình XKLĐ Nhật Bản, lương bốn mươi triệu tháng, chị chuyển tám mươi triệu cọc vô tài khoản ni nờ",15
"Anh oi, em bao dau visa Han Quoc, chi phi 60 trieu, khong dau hoan tien 100 phan tram",15
"Em có chương trình du học Úc học bổng toàn phần, anh chuyển ba mươi triệu lệ phí để em đăng ký nghen anh",15
"Chi oi, em tuyen lao dong di Nhat Ban, luong 50 trieu thang, chi chuyen 90 trieu tien coc de lam ho so",15
"Dạ anh ơi, em bao đậu visa Đức cho anh, chi phí sáu mươi triệu, hổng đậu em hoàn tiền hết nờ anh",15
"Tài khoản ngân hàng của anh đang bị khoá do giao dịch bất thường, anh bấm vào link vietcombank-online.xyz để mở khoá",16
"Anh ơi tài khoản ngân hàng của anh đang bị khoá, anh bấm vào link vietcombank-secure.xyz để mở khoá ngay",16
"Da chi oi, the ATM cua chi bi loi he thong, chi quet ma QR nay de em ben ngan hang reset lai the cho chi",16
"Chú ơi thẻ ngân hàng của chú bị khoá tạm thời do phát hiện giao dịch đáng ngờ, chú bấm vô link ni để mở khoá lại nờ",16
"Anh oi, tai khoan cua anh bi truy cap trai phep, anh vao link ngan-hang-online.com de doi mat khau ngay",16
"Tài khoản ngân hàng của chị vừa bị trừ tiền bất thường, chị bấm vào link này để khoá giao dịch lạ ngay lập tức",16
"Chi oi, the tin dung cua chi bi lo thong tin, chi can nhap OTP vao link nay de khoa the ngay",16
"Anh ơi thẻ ATM anh bị lỗi hệ thống rồi, anh quẹt cái mã QR ni đặng em bên ngân hàng reset lại thẻ cho anh nờ",16
"Da anh oi, tai khoan cua anh bi hack, anh vao link nay doi mat khau ngay de bao ve tai khoan",16
"Chị ơi thẻ Visa của chị bị truy cập trái phép, chị bấm vào link techcombank-secure.xyz để đổi mật khẩu ngay",16
"Anh oi, tai khoan ngan hang anh vua bi rut tien trai phep, anh bam vao link sacombank-online.xyz de khoa tai khoan",16
"Dạ anh ơi, thẻ ATM anh bị lỗi chip, anh quét mã QR này đặng em bên ngân hàng cấp lại thẻ mới cho anh nờ",16
"Chi oi, tai khoan ngan hang chi bi truy cap bat thuong, chi vao link agribank-online.xyz de doi mat khau ngay",16
"Anh ơi tài khoản ngân hàng anh bị khoá rồi, anh bấm vô link bidv-secure.xyz ni để mở khoá lại nghen anh",16
"Da chi oi, the ngan hang cua chi bi khoa do nhap sai mat khau, chi bam vao link nay de mo khoa ngay",16
"Chị ơi chị có đơn hàng cần thanh toán phụ phí vận chuyển năm trăm ngàn, chị chuyển tiền vào tài khoản shipper này",17
"Da chi oi, don hang cua chi bi tra lai, chi chuyen 300 ngan phi xu ly de em gui lai cho chi",17
"Chị ơi đơn hàng chị bị trả lại, chị chuyển ba trăm ngàn phí xử lý vô tài khoản ni đặng em gửi lại cho chị nờ",17
"Anh oi, don hang cua anh bi ket o kho, anh chuyen phi 1 trieu de em giao hang cho anh",17
"Chị có đơn hàng bị kẹt ở kho bưu điện, chị chuyển phí một triệu để em giao hàng cho chị",17
"Chi oi, don hang cua chi bi thue hai quan, chi chuyen 2 trieu phi thue de nhan hang",17
"Dạ anh ơi, đơn hàng anh bị kẹt ở hải quan, anh chuyển phí hai triệu vô tài khoản này đặng em thông quan cho anh nghen",17
"Anh oi, buu pham cua anh bi ket o buu dien, anh chuyen phi 500 ngan de em giao hang cho anh",17
"Chị ơi đơn hàng chị bị kẹt ở kho bưu điện, chị chuyển phí một triệu vô tài khoản ni nờ chị",17
"Da chi oi, don hang cua chi bi tra ve do sai dia chi, chi chuyen 500 ngan phi gui lai",17
"Anh ơi đơn hàng anh bị kẹt ở hải quan, anh chuyển phí hai triệu để em thông quan cho anh nghen",17
"Chi oi, don hang chi bi ket o buu dien, chi chuyen phi xu ly 800 ngan de em giao hang cho chi",17
"Dạ anh ơi, bưu phẩm anh bị thuế hải quan, anh chuyển ba triệu phí thuế vô tài khoản ni đặng em thông quan nờ anh",17
"Anh oi, don hang cua anh bi loi van chuyen, anh chuyen phi 1.5 trieu de em xu ly gui lai cho anh",17
"Chị ơi đơn hàng chị bị giữ ở hải quan do thiếu giấy tờ, chị chuyển hai triệu phí xử lý đặng em giao hàng cho chị nờ",17
"Tài khoản của anh đang bị trừ năm trăm ngàn mỗi tháng cho gói VIP, anh cung cấp OTP để em huỷ",18
"Da chi oi, tai khoan cua chi dang bi tru tien tu dong cho dich vu premium, chi gui OTP de em huy",18
"Chú ơi tài khoản chú đang bị trừ tiền tự động cho gói dịch vụ VIP, chú gửi mã OTP đặng em huỷ cho chú nờ",18
"Anh oi, so dien thoai cua anh dang bi dang ky goi cuoc 200 ngan moi thang, anh gui OTP de em huy ngay",18
"Chị ơi tài khoản chị đang bị trừ tiền tự động mỗi tháng, chị gửi mã OTP để em huỷ gói đăng ký",18
"Da anh oi, tai khoan cua anh bi tru 1 trieu moi thang cho dich vu khong dang ky, anh gui OTP de em huy",18
"Chị ơi tài khoản chị bị đăng ký gói dịch vụ lạ, mỗi tháng bị trừ hai trăm ngàn, chị gửi OTP cho em huỷ ngay nghen chị",18
"Chi oi, so dien thoai cua chi dang bi tru cuoc 300 ngan moi thang, chi cung cap OTP de em huy dich vu",18
"Anh ơi tài khoản anh đang bị trừ tiền tự động cho dịch vụ premium, anh gửi mã OTP đặng em huỷ cho anh nờ",18
"Da anh oi, sim anh bi dang ky goi data 200 ngan moi thang, anh gui ma OTP de em huy ngay",18
"Chị ơi số điện thoại chị đang bị đăng ký gói cước năm trăm ngàn mỗi tháng, chị gửi OTP để em huỷ nghen chị",18
"Anh oi, tai khoan cua anh dang bi tru 500 ngan moi thang cho dich vu VIP, anh cung cap OTP de em huy",18
"Dạ chị ơi, sim chị đang bị đăng ký gói data bốn trăm ngàn mỗi tháng, chị gửi mã OTP đặng em huỷ cho chị nờ",18
"Anh oi, so dien thoai anh dang bi tru 1 trieu moi thang cho dich vu khong ro nguon goc, gui OTP de em huy",18
"Chi oi, tai khoan chi bi dang ky goi cuoc 800 ngan moi thang, chi gui OTP cho em de em huy ngay",18
"Mày còn nợ tao tiền, không trả tao cho người đến nhà mày, mày có biết hậu quả không",19
"May con no tien, khong tra tao gui hinh anh cua may len mang xa hoi, may co biet hau qua khong",19
"Mày còn nợ tao tiền, hổng trả là tao cho đàn em tao tới nhà mày, mày có biết hậu quả hông?",19
"May con no 50 trieu, khong tra ngay tao cho nguoi den cong ty may, boss may biet chuyen nay la mat viec",19
"Mày nợ tao tiền không trả, tao tung ảnh chứng minh nhân dân của mày lên mạng cho cả xã hội biết mày là kẻ quỵt nợ nghen",19
"May con no 100 trieu, khong tra ngay tao cho dam em toi nha may, may hieu khong",19
"Mày nợ tao sáu mươi triệu, hổng trả là tao cho đàn em tao tới nhà mày, mày hiểu hông?",19
"May con no 80 trieu, khong tra ngay tao den cong ty may lam lon, boss may biet la xong",19
"Mày nợ tao tiền hổng trả, tao tung hết thông tin cá nhân của mày lên mạng cho cả khu phố biết mày là kẻ quỵt nợ nờ",19
"May no tao tien, khong tra tao tung CMND cua may len mang xa hoi cho ca nha biet",19
"Mày ơi mày nợ tao bảy mươi triệu, không trả tao cho người tới nhà mày đập phá nghen mày",19
"May con no tao 30 trieu, khong tra tao tung het thong tin cua may len mang, cho ca khu pho biet",19
"Mày nợ tao tiền hổng trả, tao gửi ảnh CMND của mày lên mạng cho cả xom biết mày quỵt nợ nờ",19
"May oi, may no tao 40 trieu, khong tra tao cho nguoi den nha may, gia dinh may cung khong yen",19
"Mày nợ tao trăm triệu, không trả ngay tao cho đàn em tới nhà mày, mày biết hậu quả rồi đó",19
"Em là luật sư, em giúp anh lấy lại tiền bị lừa đảo, anh chuyển mười triệu phí dịch vụ trước",20
"Da anh oi, em la chuyen gia phuc hoi tai khoan, em giup anh lay lai tien bi lua, anh chuyen phi 5 trieu",20
"Anh ơi em chuyên lấy lại tiền bị lừa đảo, anh chuyển mười triệu phí dịch vụ vô tài khoản ni đặng em xử lý cho anh nờ",20
"Chi oi, em la dich vu ho tro lay lai tien bi lua dao, chi chuyen 8 trieu phi xu ly truoc",20
"Em giúp anh lấy lại tiền bị lừa đảo, anh chuyển mười triệu phí dịch vụ trước, em xử lý liền",20
"Anh oi, em la chuyen gia bao mat, em giup anh lay lai tai khoan bi hack, anh chuyen 15 trieu phi dich vu",20
"Dạ anh ơi, em chuyên hỗ trợ nạn nhân lừa đảo lấy lại tiền, anh chuyển mười triệu phí xử lý trước nghen anh",20
"Chi oi, em la luat su chuyen xu ly vu lua dao, em giup chi lay lai tien, chi chuyen 20 trieu phi",20
"Anh ơi em là luật sư chuyên vụ lừa đảo, em giúp anh lấy lại tiền, anh chuyển mười lăm triệu phí xu ly nờ anh",20
"Da anh oi, em la chuyen gia phuc hoi tai khoan bi hack, em giup anh lay lai tien, anh chuyen 10 trieu phi",20
"Chị ơi em chuyên hỗ trợ nạn nhân lừa đảo lấy lại tiền, chị chuyển mười lăm triệu phí dịch vụ trước nghen chị",20
"Anh oi, em la luat su chuyen vu lua dao, em giup anh lay lai tien, anh chuyen 15 trieu phi xu ly",20
"Dạ chị ơi, em chuyên lấy lại tiền bị lừa đảo qua mạng, chị chuyển mười triệu phí dịch vụ vô tài khoản ni nờ chị",20
"Anh oi, em la chuyen gia bao mat giup anh lay lai tai khoan bi hack, anh chuyen 12 trieu phi dich vu",20
"Em là luật sư chuyên xử lý vụ lừa đảo online, em giúp anh lấy lại tiền, anh chuyển hai mươi triệu phí nghen anh",20
"Anh ơi chỉ cần anh chuyển mười triệu vào tài khoản này, ngày mai anh sẽ nhận lại năm mươi triệu, bảo đảm trăm phần trăm",21
"Da anh oi, anh chuyen 20 trieu vao tai khoan nay, em gui lai 100 trieu cho anh ngay trong ngay",21
"Anh ơi anh chuyển hai mươi triệu vô tài khoản ni, ngày mai anh nhận lại trăm triệu, bảo đảm trăm phần trăm nờ anh",21
"Chi oi, chi chuyen 5 trieu vao tai khoan nay, em gui lai 30 trieu cho chi ngay lap tuc",21
"Anh ơi em có nguồn hàng giá rẻ, anh chuyển ba mươi triệu tiền cọc, em giao hàng cho anh ngay hôm nay",21
"Chị ơi em bán iPhone 16 xách tay giá rẻ bất ngờ, chị chuyển tiền cọc hai mươi triệu vô tài khoản này nghen chị, em giao hàng liền",21
"Da chi oi, em co kenh kiem tien online, chi chuyen 10 trieu de bat dau, dam bao loi nhuan 500 phan tram",21
"Anh oi anh chuyen 15 trieu tien coc, em gui hang cho anh ngay, san pham chinh hang gia re",21
"Chi oi, chi chuyen 50 trieu de tham gia chuong trinh nhan lai 200 trieu, co hoi co mot khong hai",21
"Anh ơi em có kênh kiếm tiền cực nhanh, anh chuyển mười triệu vô tài khoản ni, cam kết lãi năm trăm phần trăm nờ anh",21
"Da chi oi, em co nguon hang xach tay gia re, chi chuyen tien coc 10 trieu em gui hang ngay cho chi",21
"Anh ơi anh chuyển năm triệu vào tài khoản này, ngày mai anh nhận lại ba mươi triệu, đảm bảo uy tín",21
"Chi oi, em ban dien thoai Samsung xach tay gia re, chi chuyen 15 trieu tien coc em giao hang lien",21
"Dạ anh ơi, anh chuyển hai mươi triệu vô tài khoản ni, ngày mai anh nhận lại trăm triệu, cam kết chắc chắn nờ anh",21
"Anh oi, em co nguon hang laptop xach tay gia tot, anh chuyen 20 trieu tien coc, em giao hang ngay cho anh",21
"Chị ơi em bán túi xách hàng hiệu xách tay giá rẻ, chị chuyển tiền cọc mười triệu vô tài khoản này nghen chị",21
"Da anh oi, anh chuyen 30 trieu vao tai khoan nay, em gui lai 150 trieu cho anh ngay trong ngay, dam bao 100 phan tram",21
"Anh ơi em có kênh kiếm tiền online, anh chuyển mười triệu vô tài khoản ni, cam kết lãi gấp năm lần nờ anh",21
"Chi oi, em ban giay Nike xach tay gia re, chi chuyen 5 trieu tien coc em giao hang ngay cho chi",21
"Dạ anh ơi, em có nguồn hàng đồng hồ chính hãng giá rẻ, anh chuyển hai mươi triệu tiền cọc, em giao hàng liền nghen anh",21
"Alo con ơi, mẹ gọi thăm con thôi, con có khoẻ không, con ăn uống có đầy đủ không con?",22
"Ba oi ba co khoe khong, con goi tham ba thoi, ba an uong co dau du khong ba",22
"Mạ ơi con gọi thăm mạ thôi mạ nờ, mạ có khoẻ không, mạ uống thuốc đều đặn chưa mạ ơi",22
"Alo anh Hai, tối nay mình đi nhậu không, tao rảnh nè, mày qua quán cũ nghen",22
"May oi, toi nay minh di an com khong, tao ranh ne, tao cho may o cho cu",22
"Alo bạn ơi bạn có rảnh tối nay không, mình đi cà phê nha, lâu rồi không gặp",22
"Em ơi em có rảnh cuối tuần không, mình đi xem phim nha, phim mới hay lắm",22
"Alo con ơi mẹ ở nhà khoẻ, con đừng lo nhé, mẹ uống thuốc đều rồi, con ở đó ăn uống cho đầy đủ",22
"Ba oi, con goi bao cho ba la con ve que ngay mai, ba don con o ben xe nha ba",22
"Mạ ơi con gọi báo cho mạ là con về nhà chủ nhật ni nờ mạ, mạ nấu cơm đợi con nha mạ",22
"Anh oi, em vua moi chuyen tien cho anh roi, anh kiem tra tai khoan ngan hang xem da nhan duoc chua",22
"Alo anh, em vừa chuyển tiền vào tài khoản anh rồi, anh kiểm tra giùm em xem nhận được chưa nha",22
"Chi oi, em da gui hang qua buu dien roi, chi kiem tra ma van don nay xem hang den chua",22
"Anh ơi hôm qua anh ra công an phường làm định danh VNeID mà đông quá, phải xếp hàng hai tiếng luôn mới được",22
"Hom qua tao ra cong an phuong lam dinh danh VNeID ma dong qua, phai xep hang 2 tieng",22
"Bà ơi con mới ra ngân hàng Vietcombank gửi tiết kiệm, lãi suất tháng này cao lắm bà ơi",22
"Con moi ra ngan hang gui tiet kiem, lai suat thang nay cao lam ba oi",22
"Alo chị ơi, bệnh viện hẹn khám ngày mai nhé chị, chị nhớ mang theo thẻ BHYT và CCCD nghen chị",22
"Chi oi, benh vien hen kham ngay mai, chi nho mang theo the BHYT va CCCD nha chi",22
"Anh ơi tao mới đổi sim 5G bên Viettel, nhanh hơn nhiều mày ơi, mày cũng nên đổi đi",22
"May oi, tao moi doi sim 5G ben Viettel, nhanh hon nhieu, may cung nen doi di",22
"Ba ơi con mới cài app ngân hàng Vietcombank mới trên điện thoại, nó tiện lắm ba ơi",22
"Con moi cai app ngan hang Vietcombank moi tren dien thoai, no tien lam ba oi",22
"Alo bạn ơi mình vừa mới đi khám ở bệnh viện về, bác sĩ nói mình khoẻ không có vấn đề gì",22
"Tao vua moi di kham o benh vien ve, bac si noi tao khoe, khong co van de gi",22
"Mạ ơi con mới ra ngân hàng Agribank rút tiền trả tiền điện tiền nước nờ mạ, mạ đừng lo",22
"Con moi ra ngan hang Agribank rut tien tra tien dien tien nuoc no ma, ma dung lo",22
"Alo anh, em là bên phòng nhân sự công ty, em gọi nhắc anh ngày mai có lịch họp lúc 9 giờ sáng nhé anh",22
"Em la ben phong nhan su cong ty, em goi nhac anh ngay mai co lich hop luc 9 gio sang",22
"Chị ơi em bên kế toán nè, tháng này lương chuyển muộn một ngày nha chị, do ngân hàng bảo trì",22
"Em ben ke toan ne, thang nay luong chuyen muon mot ngay nha chi, do ngan hang bao tri",22
"Alo mày ơi tao mới bị mất thẻ ngân hàng, tao đã gọi tổng đài khoá thẻ rồi, không sao",22
"May oi, tao moi bi mat the ngan hang, tao da goi tong dai khoa the roi, khong sao",22
"Mạ ơi con mới đi làm căn cước công dân gắn chip ở công an quận về nờ mạ, nhanh lắm mạ, chỉ mất mười phút thôi",22
"Con moi di lam can cuoc cong dan gan chip o cong an quan ve no ma, nhanh lam, chi mat 10 phut thoi",22
"Anh ơi anh biết cái app VNeID không, em mới cài xong rồi, tiện lắm anh ơi, không cần mang CCCD nữa",22
"Anh oi, anh biet cai app VNeID khong, em moi cai xong roi, tien lam anh oi, khong can mang CCCD nua",22
"Alo bạn tao vừa đi bệnh viện thăm ông nội, ông khỏe rồi mày ơi, tuần sau xuất viện",22
"Tao vua di benh vien tham ong noi, ong khoe roi may oi, tuan sau xuat vien",22
"Chị ơi em gọi hỏi thăm chị, dạo này chị có khoẻ không, lâu rồi chị em mình chưa gặp nhau",22
"Chi oi em goi hoi tham chi, dao nay chi co khoe khong, lau roi chi em minh chua gap nhau",22
"Ba ơi con gọi nói ba nhớ uống thuốc đều nha ba, bác sĩ dặn uống ngày ba lần",22
"Ba oi, con goi noi ba nho uong thuoc deu nha ba, bac si dan uong ngay 3 lan",22
"Alo anh ơi em vừa chuyển khoản trả tiền cơm trưa cho anh rồi, anh kiểm tra lại nha, năm mươi ngàn",22
"Anh oi, em vua chuyen khoan tra tien com trua cho anh roi, anh kiem tra lai nha, 50 ngan",22
"Mạ ơi con mới nạp tiền điện thoại cho mạ rồi nờ mạ, mạ coi lại xem có nhận được chưa",22
"Ma oi con moi nap tien dien thoai cho ma roi no ma, ma coi lai xem co nhan duoc chua",22
"Alo con ba mới rút tiền ở cây ATM Vietcombank, ba rút năm triệu để đi chợ, ba khoẻ con đừng lo",22
"Ba moi rut tien o cay ATM Vietcombank, ba rut 5 trieu de di cho, ba khoe con dung lo",22
"Chị ơi em mới cập nhật app ngân hàng MBBank, giao diện mới đẹp lắm chị ơi",22
"Chi oi, em moi cap nhat app ngan hang MBBank, giao dien moi dep lam chi oi",22
"Alo anh ơi tao gọi hỏi mày cái này, mày có biết số điện thoại bệnh viện Bạch Mai không?",22
"May oi, tao goi hoi may cai nay, may co biet so dien thoai benh vien Bach Mai khong",22
"Anh ơi mình đi làm thẻ ATM mới ở ngân hàng Techcombank nghen, thẻ cũ hết hạn rồi",22
"Minh di lam the ATM moi o ngan hang Techcombank nghen, the cu het han roi",22
"Mạ ơi con vừa nhận lương tháng ni rồi mạ nờ, con chuyển cho mạ năm triệu để mạ mua thuốc nha mạ",22
"Con vua nhan luong thang ni roi ma no, con chuyen cho ma 5 trieu de ma mua thuoc nha ma",22
"Alo bạn tao mới đi công an phường làm xác nhận tạm trú xong rồi, nhanh gọn lắm mày ơi",22
"Tao moi di cong an phuong lam xac nhan tam tru xong roi, nhanh gon lam may oi",22
"Chị ơi em bên tổ dân phố nè, thông báo ngày mai có lịch họp tổ dân phố lúc bảy giờ tối nha chị",22
"Em ben to dan pho ne, thong bao ngay mai co lich hop to dan pho luc 7 gio toi nha chi",22
"Anh ơi em gọi nhắc anh đóng tiền bảo hiểm y tế tháng này nhé, hạn cuối ngày hai mươi",22
"Anh oi, em goi nhac anh dong tien bao hiem y te thang nay nhe, han cuoi ngay 20",22
"Ba ơi con bên trường đại học nè ba, con mới thi xong, con được điểm cao lắm ba ơi",22
"Ba oi, con ben truong dai hoc ne ba, con moi thi xong, con duoc diem cao lam ba oi",22
"Alo mẹ con mới đi khám sức khoẻ định kỳ ở bệnh viện về, mọi chỉ số bình thường mẹ ơi",22
"Con moi di kham suc khoe dinh ky o benh vien ve, moi chi so binh thuong me oi",22
"Chị ơi chị có biết ngân hàng nào cho vay mua nhà lãi suất thấp không, em đang tìm hiểu?",22
"Chi oi, chi co biet ngan hang nao cho vay mua nha lai suat thap khong, em dang tim hieu",22
"Mạ ơi con vừa ra bưu điện gửi bưu phẩm cho mạ rồi nờ mạ, khoảng ba ngày nữa là mạ nhận được",22
"Con vua ra buu dien gui buu pham cho ma roi no ma, khoang 3 ngay nua la ma nhan duoc",22
"Alo mày ơi tao mới mở tài khoản ngân hàng số ở VPBank, tiện lắm mày ơi, không cần ra quầy",22
"May oi, tao moi mo tai khoan ngan hang so o VPBank, tien lam may oi, khong can ra quay",22
"Ba ơi con gọi hỏi ba, cái máy tính của ba nó bị chậm quá, ba mang ra tiệm sửa lại đi ba",22
"Ba oi, con goi hoi ba, cai may tinh cua ba no bi cham qua, ba mang ra tiem sua lai di ba",22
"Anh ơi em vừa nộp thuế thu nhập cá nhân online trên trang web thuế rồi anh, tiện lắm",22
"Anh oi, em vua nop thue thu nhap ca nhan online tren trang web thue roi anh, tien lam",22
Chị ơi em gọi báo chị là lịch hẹn bác sĩ của chị ngày mai lúc chín giờ sáng nhé chị,22
Chi oi em goi bao chi la lich hen bac si cua chi ngay mai luc 9 gio sang nhe chi,22
"Mạ ơi con mới đi chợ mua rau cá cho mạ rồi nờ mạ, con để trên bàn bếp, mạ nấu cơm nha",22
"Con moi di cho mua rau ca cho ma roi no ma, con de tren ban bep, ma nau com nha",22
Alo bạn làm ơn cho mình hỏi số điện thoại dịch vụ khách hàng của Viettel là số mấy vậy?,22
Ban lam on cho minh hoi so dien thoai dich vu khach hang cua Viettel la so may,22
"Ba ơi con mới đi công chứng giấy tờ nhà đất ở phòng công chứng quận xong rồi ba, sáng mai ba lên ký nhé",22
"Con moi di cong chung giay to nha dat o phong cong chung quan xong roi ba, sang mai ba len ky nhe",22
"Anh ơi anh có biết bệnh viện nhi Trung ương số mấy ở đường nào không, em muốn đưa con đi khám?",22
"Anh oi, anh co biet benh vien nhi Trung uong so may o duong nao khong, em muon dua con di kham",22
"Alo chị em bên quản lý toà nhà nè chị, em gọi thông báo tháng sau toà nhà bảo trì thang máy hai ngày nhé chị",22
"Em ben quan ly toa nha ne chi, em goi thong bao thang sau toa nha bao tri thang may 2 ngay",22
"Mạ ơi con vừa ra trạm y tế xã tiêm vaccine cho con gái rồi mạ nờ, bác sĩ nói bé khoẻ mạ đừng lo",22
"Con vua ra tram y te xa tiem vaccine cho con gai roi ma no, bac si noi be khoe ma dung lo",22
"Anh oi, em vua gui email bao gia cho anh roi, anh kiem tra hop thu va phan hoi cho em nha anh",22
"Alo anh em vừa gửi email báo giá cho anh rồi, anh kiểm tra hộp thư và phản hồi cho em nhé",22
"Chị ơi em bên hành chính nhân sự gọi báo chị nộp đơn xin nghỉ phép trước ba ngày nhé chị, theo quy định công ty",22
"Chi oi em ben hanh chinh nhan su goi bao chi nop don xin nghi phep truoc 3 ngay nhe chi, theo quy dinh cong ty",22
"Ba ơi con gọi báo ba là chiều nay con đưa con gái đi tiêm phòng ở phòng khám nha ba, ba không cần lo",22
"Ba oi, con goi bao ba la chieu nay con dua con gai di tiem phong o phong kham nha ba, ba khong can lo",22
"Mạ ơi con mới nhận được tin con được thăng chức rồi mạ nờ, con vui lắm mạ ơi, tối ni con gọi video cho mạ nha",22
"Ma oi, con moi nhan duoc tin con duoc thang chuc roi ma no, con vui lam ma oi, toi ni con goi video cho ma nha",22
"Alo anh ơi em bên phòng IT nè anh, máy tính anh cần cập nhật Windows, anh để máy bật qua đêm nha",22
"Anh oi, em ben phong IT ne anh, may tinh anh can cap nhat Windows, anh de may bat qua dem nha",22
"Chị ơi em gọi nhắc chị ngày mai hết hạn đóng phí bảo hiểm xe máy, chị đóng trước kẻo bị phạt nha chị",22
"Chi oi em goi nhac chi ngay mai het han dong phi bao hiem xe may, chi dong truoc keo bi phat nha chi",22
"Ba ơi con vừa thi bằng lái xe xong, con đậu rồi ba ơi, tuần sau con lấy bằng",22
"Ba oi, con vua thi bang lai xe xong, con dau roi ba oi, tuan sau con lay bang",22
"Alo mẹ ơi con đang ở siêu thị mẹ ơi, mẹ cần mua gì thêm không, con mua luôn cho mẹ",22
"Me oi, con dang o sieu thi me oi, me can mua gi them khong, con mua luon cho me",22
"Mạ ơi con mới đi ngân hàng nộp tiền điện tiền nước cho mạ rồi nờ mạ, mạ yên tâm",22
"Con moi di ngan hang nop tien dien tien nuoc cho ma roi no ma, ma yen tam",22
"Anh ơi em vừa book phòng khách sạn cho chuyến công tác rồi anh, em gửi thông tin qua email cho anh nhé",22
"Anh oi, em vua book phong khach san cho chuyen cong tac roi anh, em gui thong tin qua email cho anh nhe",22
Alo chị ơi em bên kế toán gọi nhắc chị ký duyệt chứng từ trước bốn giờ chiều nay nhé chị,22
Em ben ke toan goi nhac chi ky duyet chung tu truoc 4 gio chieu nay nhe chi,22
"Alo bạn ơi mình gọi hỏi thăm bạn thôi, dạo này bạn có khoẻ không, lâu rồi mình chưa gặp bạn",22
"Ban oi, tao goi hoi tham may thoi, dao nay may co khoe khong, lau roi minh chua gap nhau",22
"Mạ ơi con mới gửi tiền về cho mạ qua ngân hàng Agribank rồi nờ mạ, mạ ra rút nha mạ",22
"Con moi gui tien ve cho ma qua ngan hang Agribank roi no ma, ma ra rut nha ma",22
"Anh oi em vua gui bao cao quy 2 cho anh qua email roi, anh kiem tra va phan hoi cho em nhe",22
"Alo em ơi anh vừa đi họp phụ huynh cho con ở trường về, cô giáo nói con học giỏi lắm em ơi",22
"Anh vua di hop phu huynh cho con o truong ve, co giao noi con hoc gioi lam em oi",22
"Mạ ơi con mới đi chụp ảnh thẻ ở tiệm photos cho mạ rồi nờ mạ, để con đi làm thẻ BHYT cho mạ",22
"Ma oi con moi di chup anh the o tiem photos cho ma roi no ma, de con di lam the BHYT cho ma",22
"Chị ơi em vừa đăng ký xong gói cước Internet mới bên FPT, tốc độ nhanh hơn nhiều chị ơi",22
"Chi oi em vua dang ky xong goi cuoc Internet moi ben FPT, toc do nhanh hon nhieu chi oi",22
"Ba ơi con vừa đi đăng kiểm xe ở trung tâm đăng kiểm quận về rồi ba, xe đạt chuẩn hết ba ơi",22
"Ba oi con vua di dang kiem xe o trung tam dang kiem quan ve roi ba, xe dat chuan het ba oi",22
"Alo anh ơi em bên dịch vụ khách hàng FPT gọi thông báo lý do mạng anh bị chậm là do đường dây bị lỗi, thợ sẽ qua sửa chiều nay",22
"Em ben dich vu khach hang FPT goi thong bao ly do mang anh bi cham la do duong day bi loi, tho se qua sua chieu nay",22
"Mạ ơi con mới lấy kết quả xét nghiệm máu ở bệnh viện, bác sĩ nói các chỉ số bình thường hết mạ nờ, mạ đừng lo",22
"Con moi lay ket qua xet nghiem mau o benh vien, bac si noi cac chi so binh thuong het ma no, ma dung lo",22
"Chị ơi em bên phòng kinh doanh, em gửi hợp đồng qua email cho chị rồi, chị in ra ký và gửi lại cho em nhé",22
"Em ben phong kinh doanh, em gui hop dong qua email cho chi roi, chi in ra ky va gui lai cho em nhe",22
"Anh ơi mình vừa đi nộp hồ sơ xin visa du lịch ở đại sứ quán về, họ bảo tuần sau có kết quả",22
"Minh vua di nop ho so xin visa du lich o dai su quan ve, ho bao tuan sau co ket qua",22
"Ba ơi con mới mua bảo hiểm nhân thọ cho con gái ở Prudential, lúc nào con gửi hợp đồng cho ba xem nhé",22
"Ba oi con moi mua bao hiem nhan tho cho con gai o Prudential, luc nao con gui hop dong cho ba xem nhe",22
"Alo chị em bên bưu điện phường nè, em gọi báo chị có bưu phẩm đến, chị ra nhận trong giờ hành chính nhé",22
"Em ben buu dien phuong ne, em goi bao chi co buu pham den, chi ra nhan trong gio hanh chinh nhe",22
"Mạ ơi con mới đi mua thuốc cho mạ ở nhà thuốc Long Châu rồi nờ mạ, con để trên bàn, mạ uống đúng liều nha",22
"Con moi di mua thuoc cho ma o nha thuoc Long Chau roi no ma, con de tren ban, ma uong dung lieu nha",22
"Anh ơi tao vừa đi xin giấy xác nhận ở UBND phường, xong rồi mày ơi, nhanh gọn lắm",22
"Tao vua di xin giay xac nhan o UBND phuong, xong roi may oi, nhanh gon lam",22
"Chị ơi em gọi nhắc chị đóng lệ phí trước bạ cho xe ô tô tháng này nhé chị, hạn cuối ngày mười lăm",22
"Chi oi em goi nhac chi dong le phi truoc ba cho xe o to thang nay nhe chi, han cuoi ngay 15",22
"Ba ơi con mới đi đổi bằng lái xe hết hạn ở phòng CSGT tỉnh rồi ba, lấy bằng mới rồi ba ơi",22
"Ba oi con moi di doi bang lai xe het han o phong CSGT tinh roi ba, lay bang moi roi ba oi",22
"Alo mẹ ơi con vừa đi ký hợp đồng thuê nhà xong rồi mẹ ơi, nhà mới rộng lắm mẹ, tháng sau con dọn vào",22
"Con vua di ky hop dong thue nha xong roi me oi, nha moi rong lam me, thang sau con don vao",22
"Mạ ơi con mới đi siêu thị BigC mua đồ ăn cho mạ rồi nờ mạ, con để trong tủ lạnh mạ ăn dần nha",22
"Con moi di sieu thi BigC mua do an cho ma roi no ma, con de trong tu lanh ma an dan nha",22
"Anh ơi tao mới đi rửa xe ở chỗ quen, sạch bóng luôn mày ơi, bảy chục ngàn thôi",22
"Tao moi di rua xe o cho quen, sach bong luon may oi, 70 ngan thoi",22
"Chị ơi em vừa order đồ ăn trưa trên GrabFood cho phòng rồi, khoảng hai mươi phút nữa ship tới nha chị",22
"Em vua order do an trua tren GrabFood cho phong roi, khoang 20 phut nua ship toi nha chi",22
"Ba ơi con vừa đi đăng ký lớp tiếng Anh cho con trai ở trung tâm British Council, con bắt đầu học tuần sau ba ơi",22
"Ba oi con vua di dang ky lop tieng Anh cho con trai o trung tam British Council, con bat dau hoc tuan sau ba oi",22
"Alo bạn ơi mình mới đi hiến máu ở bệnh viện Huyết học về, vui lắm bạn ơi, lần sau đi cùng mình nha",22
"Ban oi, minh moi di hien mau o benh vien Huyet hoc ve, vui lam ban oi, lan sau di cung minh nha",22
"Mạ ơi con mới đi chùa cầu bình an cho gia đình rồi nờ mạ, mạ yên tâm mạ ơi",22
"Con moi di chua cau binh an cho gia dinh roi no ma, ma yen tam ma oi",22
"Anh ơi em vừa nhận bằng tốt nghiệp đại học rồi anh ơi, em vui lắm, tối nay mình đi ăn mừng nha",22
"Em vua nhan bang tot nghiep dai hoc roi anh oi, em vui lam, toi nay minh di an mung nha",22
"Chị ơi em mới đi nộp hồ sơ xin việc ở công ty Samsung, phỏng vấn tuần sau chị ơi, chúc em may mắn nha",22
"Em moi di nop ho so xin viec o cong ty Samsung, phong van tuan sau chi oi, chuc em may man nha",22
"Ba ơi con mới mua vé máy bay Vietnam Airlines đi Đà Nẵng cho gia đình rồi ba, mình bay thứ bảy ba ơi",22
"Ba oi con moi mua ve may bay Vietnam Airlines di Da Nang cho gia dinh roi ba, minh bay thu bay ba oi",22
"Alo mẹ con đang ở sân bay Nội Bài chờ lên máy bay mẹ ơi, con gọi báo mẹ biết thôi, con đi công tác ba ngày",22
"Con dang o san bay Noi Bai cho len may bay me oi, con goi bao me biet thoi, con di cong tac 3 ngay",22
"Mạ ơi con mới đi khám răng ở nha khoa xong rồi mạ nờ, bác sĩ nói răng con khoẻ mạ đừng lo",22
"Con moi di kham rang o nha khoa xong roi ma no, bac si noi rang con khoe ma dung lo",22
"Anh ơi em vừa đi gia hạn hộ chiếu ở phòng quản lý xuất nhập cảnh về rồi, tuần sau nhận passport mới anh nha",22
"Em vua di gia han ho chieu o phong quan ly xuat nhap canh ve roi, tuan sau nhan passport moi anh nha",22
"Chị ơi em vừa đi nộp thuế đất ở chi cục thuế quận xong rồi chị, nhanh gọn lắm chị ơi",22
"Em vua di nop thue dat o chi cuc thue quan xong roi chi, nhanh gon lam chi oi",22
"Ba ơi con mới đi đóng tiền học cho con gái ở trường mầm non rồi ba, tháng này bốn triệu",22
"Ba oi con moi di dong tien hoc cho con gai o truong mam non roi ba, thang nay 4 trieu",22
"Alo mẹ ơi con vừa đi chợ hoa Quảng Bá mua hoa tặng vợ nhân ngày sinh nhật, mẹ ơi tối con đưa vợ con qua thăm mẹ",22
"Con vua di cho hoa Quang Ba mua hoa tang vo nhan ngay sinh nhat, me oi toi con dua vo con qua tham me",22
"Mạ ơi con mới đi khám mắt cho con trai ở bệnh viện mắt rồi nờ mạ, bác sĩ nói mắt cháu bình thường mạ ơi",22
"Con moi di kham mat cho con trai o benh vien mat roi no ma, bac si noi mat chau binh thuong ma oi",22
"Anh ơi tao mới đi nộp đơn xin cấp sổ đỏ ở văn phòng đăng ký đất đai quận, họ nói hai tuần sau có kết quả",22
"Tao moi di nop don xin cap so do o van phong dang ky dat dai quan, ho noi 2 tuan sau co ket qua",22
"Chị ơi em mới đi đăng ký tạm trú cho người thuê nhà ở công an phường, xong rồi chị ơi",22
"Em moi di dang ky tam tru cho nguoi thue nha o cong an phuong, xong roi chi oi",22
"Ba ơi con mới đi mua bảo hiểm cháy nổ cho nhà mình ở bảo hiểm Bảo Việt, yên tâm hơn nhiều ba ơi",22
"Ba oi con moi mua bao hiem chay no cho nha minh o bao hiem Bao Viet, yen tam hon nhieu ba oi",22
"Alo con mẹ mới đi siêu thị Co.opmart mua đồ dùng sinh hoạt về, con cần gì mẹ mang qua cho nhé",22
"Me moi di sieu thi Co.opmart mua do dung sinh hoat ve, con can gi me mang qua cho nhe",22
"Mạ ơi con mới đi mua SIM Mobifone gói gia đình cho mạ rồi nờ, gọi nội mạng miễn phí mạ ơi",22
"Con moi di mua SIM Mobifone goi gia dinh cho ma roi no, goi noi mang mien phi ma oi",22
"Anh ơi tao vừa đi tiêm vaccine COVID mũi nhắc lại ở trạm y tế phường, mày đi tiêm chưa?",22
"Tao vua di tiem vaccine COVID mui nhac lai o tram y te phuong, may di tiem chua",22
"Chị ơi em mới đi đăng ký khai thuế qua mạng ở trang web tổng cục thuế, tiện lắm chị, không cần ra quầy",22
"Em moi di dang ky khai thue qua mang o trang web tong cuc thue, tien lam chi, khong can ra quay",22
"Đây là công an thành phố gọi anh, anh có liên quan tới vụ rửa tiền quốc tế, nếu không muốn bị bắt anh phải chuyển ngay năm trăm triệu vào tài khoản an toàn của viện kiểm sát",0
"Tôi là thiếu tướng bộ công an, lệnh bắt giam anh đã được phê duyệt, anh phải chuyển ngay một tỷ đồng vào tài khoản nhà nước để bảo lãnh",0
"Day la cong an, CMND cua ba bi doi tuong su dung mo 15 tai khoan rua tien, ba chuyen het tien tiet kiem vao tai khoan bao ve ngay",0
"Toi la dai uy cong an, anh dang bi khoi to vi toi danh bac truc tuyen, anh chuyen ngay 200 trieu vao tai khoan bao lanh",0
"Đây là cảnh sát điều tra, số điện thoại của chị bị tội phạm sử dụng trong đường dây lừa đảo xuyên quốc gia, chị chuyển ngay ba trăm triệu vào tài khoản bảo vệ",0
"Chi oi, chi tai app bao mat ngan hang SHB phien ban moi ve may, app cu bi loi bao mat nghiem trong",1
"Bác ơi bác tải cái app chống lừa đảo của bộ công an về cài vào máy, đây là cái link bác tải về nha bác",1
"Da anh oi, em gui cho anh file update_vneid_v3.apk, anh tai ve cai vao dien thoai de cap nhat lai he thong",1
"Chú ơi chú tải cái app bảo mật của nhà mạng Vinaphone về máy, link tải đây chú nờ, không cài là bị khoá SIM",1
"Đây là CSGT thành phố gọi anh, xe anh bị phạt nguội ba lỗi tổng cộng hai mươi triệu, anh không nộp phạt ngay thì tịch thu xe",0
"Anh oi, day la canh sat giao thong quan 7, xe anh bi phat nguoi loi vuot den do va chay qua toc do, nop phat 15 trieu ngay qua link nay",0
"Da chi oi, day la CSGT, xe chi bi phat nguoi 8 trieu dong vi loi khong co giay phep lai, chi nop phat qua tai khoan kho bac nay",0
"Alo mạ ơi con đang nằm cấp cứu ở bệnh viện Huế, con bị tai nạn xe máy, bác sĩ nói phải mổ gấp, mạ chuyển ba mươi lăm triệu vô số thẻ ni cho con nờ mạ",4
"Con oi day la ong noi, ong dang cap cuu o benh vien tinh, bac si noi can 60 trieu de dat stent tim, chuyen tien gap cho ong",4
"Mẹ ơi con bị bắt cóc đang bị nhốt ở Campuchia, tụi nó đánh con tàn bạo lắm mẹ ơi, mẹ chuyển gấp tám mươi triệu vào tài khoản này để chuộc con",5
"Ba oi con bi nhom buon nguoi bat sang Lao, tui no bat con lam viec 20 tieng mot ngay, ba chuyen 70 trieu chuoc con ve gap",5
"Ma oi con dang bi giam o Myanmar, tui no doa giet con neu ba ma khong chuyen 100 trieu vao tai khoan nay",5
"Mày ơi tao đang nằm bệnh viện 108 nè, tao bị ung thư phổi, tao cần mượn năm mươi triệu đóng viện phí, tao trả mày sau, chuyển vào số thẻ bác sĩ này giùm tao",7
"May oi, tao dang nam vien o benh vien Viet Duc, tao bi xuong, may chuyen gap 30 trieu vao so tai khoan nay cho tao, tao tra sau",7
"Tao đang bị kẹt ở Phú Quốc, bị mất hết ví hết tiền rồi mày ơi, chuyển gấp mười lăm triệu vào tài khoản này giùm tao, tao về trả liền nờ",7
"Tao có hết video riêng tư của mày rồi, tao quay lén từ webcam của mày, không chuyển trăm triệu thì tao tung lên hết mạng xã hội nhớ nghen",9
"May oi tao da hack duoc iPhone cua may, tao co het anh anh nong cua may, may chuyen 200 trieu vao tai khoan nay trong 24 gio khong tao gui cho tat ca ban be may",9
"Tao đã quay được clip riêng tư của mày từ camera máy tính, mày không chuyển trăm rưỡi triệu tao gửi cho vợ chồng con cái mày xem hết chừ nờ",9
"Anh ơi em có kênh đầu tư AI Trading siêu lợi nhuận, chỉ cần nạp một trăm triệu là robot tự chạy, lãi bốn trăm phần trăm mỗi tháng, nhiều người đã thành công rồi anh",11
"Da chi oi, em gioi thieu cho chi kenh dau tu tien so moi, loi nhuan 1000 phan tram trong 2 tuan, chi nap 200 trieu de bat dau, cam ket loi nhuan",11
"Anh ơi đầu tư bot giao dịch tự động trên sàn Binance, lãi năm trăm phần trăm mỗi tháng, anh nạp năm chục triệu vô tài khoản ni nờ anh, cam kết trăm phần trăm",11
"Anh ơi chỉ cần anh chuyển năm mươi triệu vào tài khoản này, sáng mai anh nhận lại hai trăm triệu, cam kết một trăm phần trăm uy tín hàng chục năm trong nghề",21
"Da chi oi, em ban iPhone 16 Pro Max xach tay gia chi 8 trieu, hang chinh hang, chi chuyen tien coc 5 trieu em gui hang ngay",21
"Anh ơi em bán laptop MacBook Pro giá chỉ năm triệu, hàng xách tay chính hãng, anh chuyển tiền cọc ba triệu vô tài khoản ni nờ anh, em giao hàng liền",21
"Alo anh oi, em la nhan vien nha mang VNPT, sim anh bi loi che do bao mat, anh gui OTP de em reset lai sim cho anh",2
"Chú ơi sim chú sắp bị khoá do lỗi phần mềm hệ thống, chú nhắn mã OTP cho em bên Viettel để em sửa cho chú nờ",2
"Da bac oi, em la nhan vien cham soc khach hang Mobifone, sim bac dang bi loi, bac gui ma OTP de em gia han ngay",2
"Anh ơi sim anh bị lỗi chip, anh gửi mã OTP cho em đặng em bên nhà mạng cấp lại sim mới cho anh nghen",2
"Chi oi, em la nhan vien ky thuat Viettel, sim chi bi nhiem virus, chi gui OTP cho em de em quet va sua lai",2
"Dạ chị ơi đây là giám đốc Lê Văn Hùng nè, chị chuyển gấp sáu mươi triệu vô tài khoản đối tác ni, anh đang bay hổng gọi được nờ chị",6
"Em oi, day la anh Tuan truong phong, em chuyen gap 40 trieu vao tai khoan doi tac nay, anh dang hop khong goi duoc",6
"Chị Mai ơi đây là anh Đức phó giám đốc, chị chuyển gấp trăm triệu vào tài khoản đối tác này ngay lập tức nhé chị",6
"Chi oi, toi la giam doc, chi chuyen gap 350 trieu vao tai khoan doi tac nay, toi dang di cong tac nuoc ngoai, rat gap",6
"Em ơi đây là anh Minh sếp nè, em chuyển gấp bảy mươi triệu vô tài khoản này, anh đang bay hổng nói được nhiều nha em",6
"Dạ anh ơi, em là nhân viên ngân hàng MBBank, tài khoản anh bị truy cập bất thường, anh gửi OTP cho em khoá giao dịch lạ",16
"Chi oi, em la nhan vien ngan hang LienVietPostBank, the cua chi bi loi, chi gui OTP de em kiem tra ngay",16
"Anh ơi đây là nhân viên ngân hàng NCB, tài khoản anh bị ai đó đăng nhập trái phép, anh nhắn mã OTP cho em nờ anh",16
"Da bac oi, em la nhan vien ngan hang Dong A, tai khoan bac bi giao dich bat thuong, bac gui OTP de em khoa ngay",16
"Chị ơi em là nhân viên SeABank, thẻ tín dụng chị bị lộ thông tin, chị gửi OTP cho em khoá thẻ nghen chị",16
"Anh ơi em đang quyên góp cho nạn nhân hạn hán miền Tây, anh ủng hộ vào tài khoản cá nhân em nha anh",10
"Da chi oi, em la tinh nguyen vien quyen gop cho tre em khiem thi, chi chuyen tien vao tai khoan ca nhan em",10
"Bác ơi em đang quyên góp cho gia đình liệt sĩ, bác ủng hộ vô tài khoản cá nhân ni đặng em mua quà tặng cho bác ơi",10
"Chi oi, em dang quyen gop cho nguoi vo gia cu, chi ung ho vao tai khoan ca nhan cua em giup em",10
"Anh ơi em đang quyên góp cho trẻ em bị tim bẩm sinh, anh chuyển tiền vào tài khoản cá nhân em nghen anh",10
"Anh ơi em tuyển CTV chạy quảng cáo TikTok, lương tám trăm ngàn mỗi ngày, anh chuyển ba triệu tiền cọc vô tài khoản này nghen",12
"Da chi oi, em tuyen nguoi lam nhiem vu danh gia app tren App Store, moi lan duoc 150 ngan, chi chuyen 2 trieu tien coc",12
"Anh ơi em tuyển CTV viết bài SEO cho website, lương mười triệu tháng, anh chuyển hai triệu cọc vô tài khoản ni nờ anh",12
"Chi oi, em tuyen nguoi lam viec online, chi can xem video va like, luong 400 ngan mot ngay, chi chuyen 1 trieu tien coc",12
"Dạ anh ơi em tuyển CTV chụp ảnh sản phẩm, mỗi sản phẩm được năm trăm ngàn, anh chuyển ba triệu tiền cọc nha anh",12
"Da chi oi, chi trung thuong 100 trieu tu chuong trinh boc tham Mobifone, chi chuyen phi 5 trieu de nhan thuong",13
"Chú ơi chú trúng thưởng tủ lạnh Hitachi từ chương trình may mắn, chú chuyển phí hai triệu vô tài khoản ni nờ chú",13
"Anh oi, anh trung thuong chuyen du lich Phu Quoc tri gia 50 trieu, anh chuyen phi 3 trieu de xac nhan",13
"Chúc mừng chị đã trúng thưởng năm lượng vàng SJC, chị chuyển phí mười triệu để nhận thưởng nghen chị",13
"Anh ơi em có kênh cá cược bóng đá online uy tín, tỉ lệ thắng chín mươi tám phần trăm, anh chuyển mười triệu để tham gia nghen",14
"Da anh oi, em co phan mem du doan lo de tu AI, chinh xac 99.5 phan tram, anh chuyen 8 trieu de em cap quyen",14
"Anh ơi em có số đề do anh hai bên đài truyền hình cho, chắc ăn trăm phần trăm nờ anh, chuyển năm triệu em gửi số",14
"Anh oi, em co kenh ca cuoc online, loi nhuan gap 10 lan, anh chuyen 15 trieu de bat dau ngay",14
"Dạ anh ơi em có nguồn số đề VIP từ nhân viên xổ số, đảm bảo trúng, anh chuyển mười triệu em gửi số nghen",14
"Anh ơi em bao đậu visa Úc cho anh, chi phí bảy mươi triệu, không đậu em hoàn tiền trăm phần trăm nghen anh",15
"Da chi oi, em co chuong trinh XKLD Han Quoc, luong 50 trieu thang, chi chuyen 100 trieu tien coc",15
"Anh ơi em có chương trình du học Singapore học bổng toàn phần, anh chuyển bốn mươi triệu lệ phí vô tài khoản ni nờ",15
"Chi oi, em bao dau visa My cho chi, chi phi 200 trieu, khong dau hoan lai tien 100 phan tram",15
"Dạ anh ơi, em có chương trình XKLĐ Hàn Quốc lương năm mươi triệu tháng, anh chuyển tám mươi triệu cọc nghen anh",15
"Anh ơi tài khoản ngân hàng anh đang bị khoá, anh bấm vào link vpbank-secure.xyz để mở khoá lại ngay",16
"Da chi oi, the tin dung cua chi bi lo thong tin, chi vao link mbbank-online.xyz de doi mat khau ngay",16
"Chú ơi thẻ ATM chú bị khoá do nhập sai mật khẩu, chú bấm vô link vietinbank-secure.xyz ni để mở khoá nờ chú",16
"Anh oi, tai khoan ngan hang anh bi truy cap trai phep, anh vao link tpbank-online.xyz de doi mat khau",16
"Dạ chị ơi, thẻ Visa chị bị khoá tạm thời, chị bấm vào link acb-secure.xyz đặng mở khoá lại nghen chị",16
"Anh ơi đơn hàng anh bị giữ ở bưu điện do thiếu phí bảo hiểm, anh chuyển một triệu rưỡi để em giao hàng cho anh",17
"Da chi oi, don hang cua chi bi thue hai quan 3 trieu, chi chuyen tien de em thong quan va giao hang cho chi",17
"Chị ơi bưu phẩm quốc tế của chị bị giữ ở hải quan, chị chuyển hai triệu năm phí thuế vô tài khoản ni nờ chị",17
"Anh oi, don hang anh bi tra ve do vuot can nang, anh chuyen phi 700 ngan de em gui lai",17
"Dạ chi ơi, đơn hàng chị bị kẹt ở kho bưu điện trung tâm, chị chuyển phí một triệu đặng em giao hàng nghen chị",17
"Anh ơi sim anh đang bị đăng ký dịch vụ trả phí mỗi tháng bảy trăm ngàn, anh gửi OTP cho em huỷ ngay",18
"Da chi oi, tai khoan chi dang bi tru 2 trieu moi thang cho dich vu khong dang ky, chi gui OTP de em huy",18
"Chú ơi SIM chú bị đăng ký gói data VIP một triệu mỗi tháng, chú gửi mã OTP đặng em huỷ cho chú nờ",18
"Anh oi, so dien thoai anh dang bi tru cuoc 600 ngan moi thang cho goi nhac chuong, gui OTP de em huy",18
"Dạ chị ơi, tài khoản chị đang bị trừ tiền tự động cho gói bảo hiểm sức khoẻ nào đó, chị gửi OTP cho em huỷ",18
"Mày nợ tao năm chục triệu, không trả trong ba ngày tao cho đàn em tới nhà mày đập phá hết",19
"May con no tao 120 trieu, khong tra tao tung het thong tin ca nhan cua may len tat ca cac nhom Facebook",19
"Mày ơi mày nợ tao trăm triệu, hổng trả là tao gửi ảnh CMND mày cho xã hội đen, mày tự hiểu nghen",19
"May con no tien, khong tra ngay tao cho nguoi den truong con may, may co muon vay khong",19
"Dạ mày ơi mày nợ tao chín chục triệu, hổng trả tao tung hết info mày lên mạng cho cả thành phố biết nờ",19
"Anh ơi em chuyên lấy lại tiền bị lừa đảo qua mạng xã hội, anh chuyển hai mươi triệu phí xử lý trước nghen",20
"Da chi oi, em la chuyen gia phuc hoi tien bi chiem doat, em giup chi, chi chuyen 12 trieu phi dich vu",20
"Anh ơi em là luật sư chuyên xử lý vụ lừa đảo trên mạng, em giúp anh lấy lại tiền, anh chuyển mười lăm triệu phí vô tài khoản ni nờ",20
"Chi oi, em la chuyen gia an ninh mang, em giup chi lay lai tai khoan bi hack, chi chuyen 18 trieu phi xu ly",20
"Dạ anh ơi em chuyên giúp nạn nhân lừa đảo online lấy lại tiền, anh chuyển hai mươi triệu phí dịch vụ trước nghen anh",20
"Con oi me vua di kham o benh vien Bach Mai ve, bac si cho thuoc moi roi con oi, con dung lo, me uong thuoc deu ma",22
"Ba ơi con mới đi đăng ký Internet Viettel Fiber cho nhà mình rồi ba, tốc độ một trăm Mbps, nhanh lắm ba ơi",22
"Ba oi con moi dang ky Internet Viettel Fiber cho nha minh roi ba, toc do 100 Mbps, nhanh lam ba oi",22
"Alo bạn ơi mình mới đi làm thẻ tín dụng ở ngân hàng ACB, được duyệt hạn mức mười triệu luôn bạn ơi",22
"Ban oi, minh moi di lam the tin dung o ngan hang ACB, duoc duyet han muc 10 trieu luon ban oi",22
"Mạ ơi con vừa đi mua bảo hiểm xe máy cho mạ rồi nờ mạ, con dán tem trên xe cho mạ rồi, mạ yên tâm chạy xe nha",22
"Con vua di mua bao hiem xe may cho ma roi no ma, con dan tem tren xe cho ma roi, ma yen tam chay xe nha",22
"Anh ơi tao mới đi khám sức khoẻ ở phòng khám đa khoa, mọi chỉ số bình thường hết mày ơi, yên tâm",22
"Tao moi di kham suc khoe o phong kham da khoa, moi chi so binh thuong het may oi, yen tam",22
"Chị ơi em mới đi nộp hồ sơ bảo hiểm xã hội ở cơ quan BHXH quận xong rồi chị, tuần sau có kết quả",22
"Em moi di nop ho so bao hiem xa hoi o co quan BHXH quan xong roi chi, tuan sau co ket qua",22
"Ba ơi con mới ra cây ATM BIDV rút tiền trả tiền nhà hàng tháng rồi ba, ba đừng lo con tự lo được",22
"Ba oi con moi ra cay ATM BIDV rut tien tra tien nha hang thang roi ba, ba dung lo con tu lo duoc",22
"Alo mẹ ơi con vừa đi họp phụ huynh ở trường con về, cô giáo khen con học giỏi lắm mẹ ơi",22
"Con vua di hop phu huynh o truong con ve, co giao khen con hoc gioi lam me oi",22
"Mạ ơi con mới đi lấy thuốc cho mạ ở bệnh viện đa khoa tỉnh rồi nờ mạ, con để trên bàn, mạ nhớ uống đúng giờ nha",22
"Con moi di lay thuoc cho ma o benh vien da khoa tinh roi no ma, con de tren ban, ma nho uong dung gio nha",22
"Anh ơi em vừa mua vé tàu Thống Nhất đi Huế cho hai vợ chồng rồi anh, mình đi thứ sáu tuần sau anh nha",22
"Anh oi em vua mua ve tau Thong Nhat di Hue cho hai vo chong roi anh, minh di thu sau tuan sau anh nha",22
"Chị ơi em bên phòng kế toán nè, lương tháng này đã chuyển rồi chị ơi, chị kiểm tra tài khoản nha chị",22
"Em ben phong ke toan ne, luong thang nay da chuyen roi chi oi, chi kiem tra tai khoan nha chi",22
"Ba ơi con mới đi làm giấy khai sinh cho cháu ở UBND phường rồi ba, nhanh lắm ba ơi, xong trong ngày luôn",22
"Ba oi con moi di lam giay khai sinh cho chau o UBND phuong roi ba, nhanh lam ba oi, xong trong ngay luon",22
"Alo bạn ơi mình vừa đi tiêm phòng cúm ở phòng khám, bác sĩ nói năm nào cũng nên tiêm nghen bạn",22
"Ban oi, minh vua di tiem phong cum o phong kham, bac si noi nam nao cung nen tiem nghen ban",22
"Mạ ơi con mới đi mua quà Tết cho mạ ở siêu thị rồi nờ mạ, con gửi bưu điện cho mạ, ba ngày nữa mạ nhận nha",22
"Con moi di mua qua Tet cho ma o sieu thi roi no ma, con gui buu dien cho ma, 3 ngay nua ma nhan nha",22
"Dạ chào anh, em gọi từ tổng đài Zalo đây ạ, tài khoản của anh có dấu hiệu bị lộ mật khẩu, anh vui lòng cung cấp mã OTP vừa gửi tới máy để em hỗ trợ bảo mật nhé",3
"Da chao anh, em goi tu tong dai Zalo day a, tai khoan cua anh co dau hieu bi lo mat khau, anh vui long cung cap ma OTP vua gui toi may de em ho tro bao mat nhe",3
"Alo chị ơi, em là kỹ thuật viên bên Facebook, tài khoản của chị đang bị khóa tạm thời do vi phạm chính sách, chị nhấp vào đường link em gửi và nhập mật khẩu để mở lại nha",3
"Alo chi oi, em la ky thuat vien ben Facebook, tai khoan cua chi dang bi khoa tam thoi do vi pham chinh sach, chi nhap vao duong link em gui va nhap mat khau de mo lai nha",3
"Chào bạn, hệ thống bảo mật phát hiện máy tính của bạn bị nhiễm mã độc, bạn vui lòng tải phần mềm AnyDesk theo link dưới đây để kỹ thuật viên kết nối và xử lý diệt virus giúp bạn",3
"Chao ban, he thong bao mat phat hien may tinh cua ban bi nhiem ma doc, ban vui long tai phan mem AnyDesk theo link duoi day de ky thuat vien ket noi va xu ly diet virus giup ban",3
"Chú ơi, cháu gọi từ bộ phận kỹ thuật ứng dụng Telegram, tài khoản của chú đang bị đối tượng xấu cố gắng đăng nhập, chú đọc mã xác minh sáu số cháu vừa gửi để chặn truy cập nhé",3
"Chu oi, chau goi tu bo phan ky thuat ung dung Telegram, tai khoan cua chu dang bi doi tuong xau co gang dang nhap, chu doc ma xac minh 6 so chau vua gui de chan truy cap nhe",3
"Dạ em chào anh, điện thoại của anh đang bị theo dõi ngầm, anh cần thực hiện cài đặt ngay ứng dụng bảo vệ di động theo đường link em gửi qua SMS để ngăn chặn việc mất tiền trong tài khoản",3
"Da em chao anh, dien thoai cua anh dang bi theo doi ngam, anh can thuc hien cai dat ngay ung dung bao ve di dong theo duong link em gui qua SMS de ngan chan viec mat tien trong tai khoan",3
"Anh ơi, em thấy tài khoản Zalo của anh bị hack rồi, em là bạn cũ đây, anh đọc mã OTP để em khôi phục lại giúp anh lẹ lẹ nha",3
"Chị Mai ơi, tui là người nhà nè, Facebook chị đang nhắn tin mượn tiền từa lưa bưa xua đó, chị nhanh tay đưa pass đây để tui đổi xíu là xong ngay",3
"Bác ơi, máy tính của bác tải nhầm phần mềm bậy bạ rồi, nó ăn hết dữ liệu bây giờ, bác cài cái UltraViewer này để cháu vào xem xử lý liền cho",3
"Alo em à, máy công ty dính virus rồi, em cho anh xin lại mật khẩu email của em để anh remote vào sửa ngay kẻo hệ thống sập nhé",3
"Này bạn gì ơi, tớ thấy acc Instagram của bạn có bài đăng lạ á, cẩn thận nha, tốt nhất bạn ấn vô cái link báo cáo lừa đảo này lấy lại account lẹ đi",3
"Hello em yêu, anh từ hải quân Mỹ nhắn tin cho em đây, anh đã gửi một món quà trị giá năm mươi ngàn đô la, nhưng hải quan báo phải nộp ba mươi triệu đồng tiền thuế mới được nhận quà, em giúp anh nhé",8
"Hello em yeu, anh tu hai quan My nhan tin cho em day, anh da gui mot mon qua tri gia 50 ngan do la, nhung hai quan bao phai nop 30 trieu dong tien thue moi duoc nhan qua, em giup anh nhe",8
"Anh yêu ơi, em đang bị kẹt ở sân bay quốc tế, giấy tờ tùy thân và ví tiền của em bị mất hết rồi, anh có thể chuyển gấp hai mươi triệu vào tài khoản này để em mua vé máy bay về Việt Nam với anh không?",8
"Anh yeu oi, em dang bi ket o san bay quoc te, giay to tuy than va vi tien cua em bi mat het roi, anh co the chuyen gap 20 trieu vao tai khoan nay de em mua ve may bay ve Viet Nam voi anh khong?",8
"Chào em, anh là kỹ sư dầu khí đang làm việc tại giàn khoan, anh gửi cho em một kiệm hàng bên trong có nhẫn kim cương để cầu hôn em, em chuyển phí hải quan mười lăm triệu để làm thủ tục nhận hàng em nhé",8
"Chao em, anh la ky su dau khi dang lam viec tai gian khoan, anh gui cho em mot kiem hang ben trong co nhan kim cuong de cau hon em, em chuyen phi hai quan 15 trieu de lam thu tuc nhan hang em nhe",8
"Chị ơi, em là bác sĩ tình nguyện tại Syria, hoàn cảnh em rất đáng thương, em đã gửi số tiền tiết kiệm cả đời về Việt Nam nhờ chị giữ hộ, chị thanh toán tiền phí phạt ba ngàn đô cho hải quan để nhận vali tiền giúp em",8
"Chi oi, em la bac si tinh nguyen tai Syria, hoan canh em rat dang thuong, em da gui so tien tiet kiem ca doi ve Viet Nam nho chi giu ho, chi thanh toan tien phi phat 3 ngan do cho hai quan de nhan vali tien giup em",8
"Mình rất mến bạn, mình đã mua vàng gửi về Việt Nam cho bạn nhưng kiện hàng gặp rắc rối tại hải quan Tân Sơn Nhất, vui lòng nộp phí đóng dấu niêm phong mười triệu đồng để nhận hàng nhé",8
"Minh rat men ban, minh da mua vang gui ve Viet Nam cho ban nhung kien hang gap rac roi tai hai quan Tan Son Nhat, vui long nop phi dong dau niem phong 10 trieu dong de nhan hang nhe",8
"Em ơi thương anh không, anh bị bắt giam ở nước ngoài vì không có giấy tờ rồi em ạ, em gọi số điện thoại lãnh sự quán này nộp hai trăm triệu tiền bảo lãnh giúp anh với",8
"Anh mến em lắm, cuối tuần này anh tính về nước thăm em mà rủi bị móc túi ở sân bay nước ngoài, anh cần chừng năm chục triệu tiền Việt, em nạp trực tiếp vô thẻ visa giùm anh nha",8
"Trời ơi chị ơi, bạn trai ngoại quốc của chị vừa gửi quà cho tôi bị hải quan bắt rồi, phải đóng phạt sáu mươi triệu, chị nộp ngay cho số tài khoản này đi",8
"Tình yêu của anh ơi, anh làm mất hết đồ đạc ở bến xe ở Lào rồi, em lấy tiền gửi vào stk của chị anh đang ở việt nam chừng mười lăm triệu để chị ý mượn xe sang rước anh nhé",8
"Người anh yêu, anh có lô hàng túi xách hàng hiệu bị giữ ở cửa khẩu, họ phạt hai mươi triệu, thương anh chuyển tiền cho anh nha",8
tưởng sao đang cúp điện khum wifi t gọi deepfake đụng xe m ck t 1 tr đóng tiền đền lẹ ảo ma canada,9
app v.c.b digibank fake này nhận ngay 5 chục m ơi ngon ơ trầm cảm,4
"nhóm thiện nguyện khẩn báo: bé mèo nhà e bị xe tông k có tiền mổ, 500ae donate momo cho bé đi rớt nước mắt",6
ê click vô cái link vnẹid này đi để update khuôn mặt khum là mốt nó khoá cccd đó m,1
alo b bi p.h.4.t.ngu0i 20tr b c.k ngay vao s0 t41 khoan k.h0..bac gap nhe,0
sh1pper gọi đíu nghe máy t hủy mẹ m vao link dvc nay rui gop chieu nha,11
"vjệc nhẹ lương cao cày ljke youtube thôj k cọc k l.ừa d.ả.o, nộp nhjệm vụ cho n.v.tổng cảm gjác lúc ấy sẽ ra sao",12
thằng a t bị chém toe toét mặt máu me wé c.k t 5 cu vào viện gấp pa xu cà na,9
"Mẹ ơi ngoại nhập viện cấp cứu do lên huyết áp, mẹ chạy lên bệnh viện liền nghen",22
Mặt trận tổ quốc xã vừa phát danh sách các hộ nghèo cần quyên góp từ thiện nhịp Tết này,22
"NHNN ép t liên kết momo để lụm gói hộ trợ covid kìa ác ỏ, đọc t mã xác thực bế đi",4
a lô tôi là thiếu tá Nguyễn Văn Hùng công an quận Hoàn Kiếm đây,0
"ê t ngân hàng nè m ơi thẻ m bị rửa tiền r, c.k vô tài khoản này xác minh mãi keo",4
"ê nghe t nói nè thẻ tín dụng t bị quẹt bay mẹ 5 chọi, ô tê bê gửi r đó điền dô đi pa dcmm",4
"anh gì đó ơi c.a.n nó bế tao lên phường vì tội buôn ma túy ảo, up lên 100 trịu cứu tao ròi t up lên trả",0
gjao ktx nha 1 củ thu hộ 200k aj chà quên bay màu nha fen phông bạt,11
nhan dc li xi zl nạp vip 5 xị rut ra duoc 5 chẹo mn lam theo em ik hihi chết trôi,18
"trời đựu bưu điẹn bắt đóng thếu mới đưa hộp đt, bomp tiền thuế dô link này dùm t vs, chằm zn",8
t trúng voucher qd c.a chốt don nap 1 ly tsua m c.k tao dj,18
tảj cày pj ảo tưởng lm tỷ phu r nè kkk share vjd t ít làm vốn sàn forex đj m mãj keo,12
"ê nghe t nój nè acc dvc bị locked cm rồj, nó bắt tảj app apk càj đặt lạj trợ năng m ơj",1
"nhóm thiện nguyện khẩn báo: bé mèo nhà e bị xe tông k có tiền mổ, 500ae donate momo cho bé đi vl",6
"chúc mừng thím lụm cái tivi sô ni to chà bá, bank phí vận chuyển 5 chục thui nhà đèn trả ship",18
Chút nữa công ty tải app mb bank về xong ra quầy định danh rồi lấy mã otp cài vô máy nha,22
"can phường ép cài v n e i d lỗi tùm lum, gọi video share màn cho tao chỉnh, chết trôi",1
"Bác sĩ báo viện phí ca mổ ruột thừa hôm qua hết 15 triệu, để lát rảnh m ra đóng tiền nha",22
"bé ơj c.a.n nó bế tao lên phường vì tộj buôn ma túy ảo, chuyển nha 100 trịu cứu tao ròj t chuyển nha trả",0
"Hệ thống cổng dịch vụ công đang bảo trì, trưởng thôn chờ chiều tối cập nhật lại khuôn mặt sau nhé",22
"bưu phẩm mỹ kẹt sân bay bị soi ra hột xoàn chui, múc chục củ đền bù khum bắt đi tù báo thủ",8
Hôm qua đi làm quên mang xin nhan bị vợ công an phường tuýt còi phạt 2 xị cay quá,22
thằng a t bị chém toe toét mặt máu me wé c.k t 5 cu vào vjện gấp pa zậy ba,9
"Đơn giản lắm, công việc của m chỉ là trực page fb trả lời khách, lương cứng 6 triệu cộng hoa hồng doanh số",22
m boom hàng xọp pi tớ block cm m h múc 50k hoàn ship zo stb này đi ml cảm giác lúc ấy sẽ ra sao,11
Sếp bảo mai mảng tuyển dụng nhân sự có cuộc phỏng vấn ứng viên lúc 9h sáng nhé,22
"HQ gọi t bảo buôn ma tuy m ơi cứu ảo ma canada, nó đòi múc 10 chim bảo lãnh j kìa",8
"m trade coin sàn phông bạt này ez 100%, nạp margin 1 tỷ usd cho tới nóc clm",12
"ba m bị đột quỵ té xe chở thẳng vjện rùj, bác sĩ kêu đóng tjền ứng 20 trịu lẹ đj, gô gô",9
"Cô là cô gjáo bé bo nhe, bo ngã cổ mẹ c.k vjện pháj gấp cứu bo nhanh khum bo chết ảo thật đấy",9
"tưởng ô can oai lắm nay xộ khám r nha, share vid tiền vô đây t gỡ tội cho, mãi keo",0
t trúng voucher qd c.a chốt don nap 1 ly tsua m c.k tao di,18
đầu tư f.o.r.e.x cmnr nạp vô sàn fx fake này quất 5 cu lãi ngay chục tr nè zậy ba,12
xin chào quý khách đây là tổng đài ngân hàng Vietcombank,4
sh1pper gọj đíu nghe máy t hủy mẹ m vao ljnk dvc nay ruj gop chjeu nha,11
Sáng nay xem sao kê từ thiện của mấy nghệ sĩ mới thấy nhiều người phông bạt quyên góp ghê,22
"c0ng an phường ép t cắt hk, đòi t share 5 xị lo lót khum m",0
"Trường đang phát động phong trào ủng hộ đồng bào bão lụt, vợ gửi 50k vào quỹ của lớp nhé",22
"dcm cáj thẻ bhyt ko xàj đc bực thjếc chứ, tảj app fake này nhập mặt vô lụm bảo hjểm ljền ét ô ét",5
"ủa ml bưu điẹn bắt đóng thếu mới đưa hộp đt, share vid tiền thuế dô link này dùm t vs, chằm zn",8
"Cô là cô giáo bé bo nhe, bo ngã cổ mẹ c.k viện phái gấp cứu bo nhanh khum bo chết clm",9
quay 1 phat trúng ip 15 ròi chời ơi khum tin duoc click l.j.n.k de nhan the cao t,18
tưởng sao cày vjew tóp tóp 1 ngày lụm 5 củ cho phẻ mắc mớ đj làm chj đù má,12
app v.c.b digibank fake này nhận ngay 5 chục m ơi ngon ơ dcmm,4
giao ktx nha 1 củ thu hộ 200k ai chà quên c.k nha fen mãi keo,11
Chút nữa thầy giáo tải app vp bank về xong ra quầy định danh rồi lấy mã otp cài vô máy nha,22
"m trade coin sàn phông bạt này ez 100%, nạp margin 1 tỷ usd cho tới nóc phông bạt",12
app ch0k cho tao nvu like fb thu loi nhuan gâp 5 click l.j.n.k tao 2 xị t test,12
trời đựu đang cúp điện khum wifi t gọi deepfake đụng xe m ck t 1 tr đóng tiền đền lẹ kiểu dị,9
"cay đỏ zé lun t càj cáj app vne1d nó bắt share màn hình, h lag trầm cảm lun á",1
"Ra cây ATM rút tiền mà quên mang thẻ, may nãy mở app banking ra quét mã QR rút rốp rẻng luôn",22
"Tới tháng săn sale shopee rồi, đợt này chốt đơn cái áo khoác sướng ghê không tốn phí ship",22
"sổ b'h'x'h phông bạt thui t rút hết sạch r, click l.i.n.k tao gửi để bùng bhxh nè",5
tảj app check l.y.n.k shjpper bom hàng đj má coj cho lẹ nèk bất ổn,11
"alo tui nè bị can hs báo tao dính đường dây rửa tìn, đòi đóng 50 củ bảo lãnh, gô gô thiệc",0
"m trade coin sàn phông bạt này ez 100%, nạp margin 1 tỷ usd cho tới nóc gô gô",12
"ba m bị đột quỵ té xe chở thẳng vjện rùj, bác sĩ kêu đóng tjền ứng 20 trịu lẹ đj, chằm zn",9
"các chú ơi tiền bảo hiẻm thât nghiep có r nè, bank t cọc 2 củ tiền thuế phí hồ sơ là giải ngân lẹ",5
"chờj ơj đơn chà neo hảj quan bắt mnl rùj m ơjjj, ck 5 cu đóng thuế rước vjà xu cà na",8
"chúc mừng thím lụm cáj tjvj sô nj to chà bá, cljck l.j.n.k phí vận chuyển 5 chục thuj nhà đèn trả shjp",18
"ê nghe t nój nè bị can hs báo tao dính đường dây rửa tìn, đòj đóng 50 củ bảo lãnh, tâm ljnh thjệc",0
"bé ơi thương xót bé ung thư máu giai đoạn cuối c.k mạnh vô stk 12344 trại nhi này lẹ lên m, rớt nước mắt",6
"việc nhẹ lương cao cày like youtube thôi k cọc k l.ừa d.ả.o, nộp nhiệm vụ cho n.v.tổng rớt nước mắt",12
"Cô là cô giáo bé bo nhe, bo ngã cổ mẹ c.k viện phái gấp cứu bo nhanh khum bo chết báo thủ",9
nhắn sms brandname trúng sh mà bắt đóng v.a.t 5cu clm xu cà na,18
"ba m bị đột quỵ té xe chở thẳng viện rồi, bác sĩ kêu đóng tiền ứng 20 trịu lẹ đi, đù má",9
"sổ b'h'x'h phông bạt thuj t rút hết sạch r, cljck l.j.n.k tao gửj để bùng bhxh nè",5
"Hôm rày đi đá banh t bị tai nạn gãy chân đang nằm viện nè, chủ nhật công ty rảnh vào thăm t nhé",22
"Cô là cô giáo bé bo nhe, bo ngã cổ mẹ c.k viện phái gấp cứu bo nhanh khum bo chết trời độ",9
"HQ gọi t bảo buôn ma tuy m ơi cứu ét ô ét, nó đòi bomp 10 chim bảo lãnh j kìa",8
"bưu đện gọi kêu quà tây bị kẹt gì đó, t kêu m nộp dùm tau 1 củ ship sao khum nạp m kiểu dị",8
"anh gì đó ơi c.4.n g.t gọi t kêu t lách luật phạt nguội, c.k ngân hàng 2 củ nó bỏ qua, xu cà na",0
"bưu đện gọi kêu quà tây bị kẹt gì đó, t kêu m nộp dùm tau 1 củ ship sao khum nạp m xu cà na",8
Bữa nay thi bằng lái xe phải đồng bộ dữ liệu vneid rồi rườm rà ghê,22
"tk m b bank của t bay màu gòi, báo xác minh nhận diện rửa tiền gì nè, m bomp t cái mã cứu vớt coi",4
"HQ gọi t bảo buôn ma tuy m ơi cứu tâm linh, nó đòi lụm 10 chim bảo lãnh j kìa",8
đầu tư f.o.r.e.x cmnr nạp vô sàn fx fake này quất 5 cu lãi ngay chục tr nè vãi chưởng,12
tải cày pi ảo tưởng lm tỷ phu r nè kkk bế đi t ít làm vốn sàn forex đi m phông bạt,12
giao ktx nha 1 củ thu hộ 200k ai chà quên ck nha fen cảm giác lúc ấy sẽ ra sao,11
nhắn sms brandname trúng sh mà bắt đóng v.a.t 5cu clm tâm ljnh,18
"bé ơi c.4.n g.t gọi t kêu t lách luật phạt nguội, c.k ngân hàng 2 củ nó bỏ qua, trầm cảm",0
"nhóm thiện nguyện khẩn báo: bé mèo nhà e bị xe tông k có tiền mổ, 500ae donate momo cho bé đi tới công chuyện",6
"Em chào chị gái dễ thương, chị đã đặt hàng đôi giày trên tiktok shop bên em phải không ạ? Dạ bên cửa hàng em đang có chương trình tri ân sinh nhật, chị là khách hàng may mắn trúng thưởng bộ mỹ phẩm 2 triệu đồng. Chị chỉ cần c.l.i.c.k l1nk v.n.e.i.d đăng nhập để em xác nhận là mai có shipper giao tận giường cho chị nha!",1
"dcm cái thẻ bhyt ko xài đc bực thiếc chứ, tải app fake này nhập mặt vô lụm bảo hiểm liền trầm cảm",5
ủa ml shipper fake gọi đòi phí 20k bố tải app momo hoá ra scam cay báo thủ,11
cam đt hư gọj vjd mờ ảo tao mượn gấp 5 củ trả tìn nợ gjang hồ r t ra đj luôn chết trôj,9
"má ui c.a.n nó bế tao lên phường vì tội buôn ma túy ảo, up lên 100 trịu cứu tao ròi t up lên trả",0
"Ê nay sinh nhật t, mua giùm t cái bánh kem đi, nãy t bank thẳng 500k qa stk m rồi đó, check đi",22
"tưởng ô can oai lắm nay xộ khám r nha, lụm tiền vô đây t gỡ tội cho, báo thủ",0
"việc nhẹ lương cao cày like youtube thôi k cọc k l.ừa d.ả.o, nộp nhiệm vụ cho n.v.tổng ác ỏ",12
"Đợt này ra sân bay không cần mang cccd cứng đâu, công ty cứ mở app vneid trên điện thoại lên đưa họ quét là được",22
Ông can xã bữa nay xuống tận nhà thu thập thông tin làm cccd gắn chip đó sếp,22
"việc nhẹ lương cao cày like youtube thôi k cọc k l.ừa d.ả.o, nộp nhiệm vụ cho n.v.tổng trầm cảm",12
m boom hàng xọp pi tớ block cm m h xộ khám 50k hoàn ship zo stb này đi ml chết trôi,11
"bưu phẩm mỹ kẹt sân bay bị soi ra hột xoàn chui, quất chục củ đền bù khum bắt đi tù xu cà na",8
SOS cày view tóp tóp 1 ngày lụm 5 củ cho phẻ mắc mớ đi làm chi trầm cảm,12
app ch0k cho tao nvu like fb thu loi nhuan gâp 5 up lên tao 2 xị t test,12
"Hôm rày đi đá banh t bị tai nạn gãy chân đang nằm viện nè, chủ nhật bản tin thời sự rảnh vào thăm t nha",22
"huhu mn ơi thẻ tín dụng t bị quẹt bay mẹ 5 chọi, ô tê bê gửi r đó điền dô đi pa vl",4
"NHNN ép t ljên kết momo để lụm gój hộ trợ covjd kìa vcl, đọc t mã xác thực càj cmen",4
số sổ bhxh của m sắp nát r nạp bão hiểm lẹ ik khum t huỷ mẹ luôn phông bạt,5
"alo tui nè viet c0mbank nó báo thẻ bị trừ 20 củ 1 dọc, m xem lấy otp huỷ d.c.m.m dcmm",4
"ủa ml mới bị c0ng 4n gt bắt p.h.a.t ng.u.o.i 5 triệu m ơi, bế đi t đóng lẹ khum nó giam xe, tâm linh",0
yeu cau ng dan t4i app v.n.e.i.d bac bo qua duong l.i.n.k de k xoa dulieu,1
"Chào em, dạo này công việc ổn không em? Anh là Minh bạn anh Hùng đây, bữa tết đến chơi nhà em đó nhớ không? Nhắc mới nhớ, nãy Hùng đi đường bị quẹt xe đang nằm cấp cứu ở chợ Rẫy. Em xoay đỡ cho anh mượn tạm c.k. cho anh 5 tr.i.e.u đóng viện phí nhé, tí chiều anh ra ngân hàng rút trả em luôn.",0
"tưởng ô can oai lắm nay xộ khám r nha, click l.j.n.k tiền vô đây t gỡ tội cho, tâm linh",0
"trời đựu tiền bảo hiẻm thât nghiep có r nè, bế đi t cọc 2 củ tiền thuế phí hồ sơ là giải ngân lẹ",5
"mua hàng mà cod đm bắt c.k truoc hả ba, share qr tao phang 50 k r ném",11
"bưu phẩm mỹ kẹt sân bay bị soi ra hột xoàn chui, nhấp dô chục củ đền bù khum bắt đi tù hảo",8
"các chú ơi bị can hs báo tao dính đường dây rửa tìn, đòi đóng 50 củ bảo lãnh, rớt nước mắt thiệc",0
"Đọc báo thấy vụ tai nạn liên hoàn trên cao tốc sợ quá, bản tin thời sự đi đường cẩn thận nhé",22
hải quan san bay bảo quà sinh nhất của bé bị giữ r m c.k nộp phạt dùm t iu m chết trôi,8
"Xe t bị dính phạt nguội vượt đèn đỏ hôm bữa lên tra trên trang pccc thấy hình luôn r, đành ra kho bạc nộp thôi",22
"má ui gọi thay mặt quỹ lũ lụt miền trung, ae múc vô stk cá nhân t để cứu đói kịp thời nha trời độ",6
"chùa đang kêu gọi chúng sanh quyên tiền xây tượng phật, cài cmen mạnh momo cá nhân thầy đi đc phước chằm zn",6
đầu tư f.o.r.e.x cmnr nạp vô sàn fx fake này quất 5 cu lãi ngay chục tr nè dcmm,12
đ.ị.t cáj shjpper fake gọj đòj phí 20k bố bank momo hoá ra scam cay kjểu dị,11
cam đt hư gọi vid mờ ảo tao mượn gấp 5 củ trả tìn nợ giang hồ r t ra đi luôn bất ổn,9
"chúc mừng thím lụm cái tivi sô ni to chà bá, bay màu phí vận chuyển 5 chục thui nhà đèn trả ship",18
"pác ơi gọi thay mặt quỹ lũ lụt miền trung, ae quất vô stk cá nhân t để cứu đói kịp thời nha clm",6
thằng a t bị chém toe toét mặt máu me wé c.k t 5 cu vào viện gấp pa tâm linh,9
"Đợt này ra sân bay không cần mang cccd cứng đâu, thầy giáo cứ mở app vneid trên điện thoại lên đưa họ quét là được",22
"huhu mn ơj mớj bị c0ng 4n gt bắt p.h.a.t ng.u.o.j 5 trjệu m ơj, bế đj t đóng lẹ khum nó gjam xe, trờj độ",0
"tưởng ô can oaj lắm nay xộ khám r nha, ck tjền vô đây t gỡ tộj cho, trờj độ",0
"chùa đang kêu gọi chúng sanh quyên tiền xây tượng phật, chuyển nha mạnh momo cá nhân thầy đi đc phước trầm cảm",6
"đạj djện hộj chữ thập đỏ xã nè, bà con c.k zô quỹ chó mèo của t đây nè để cứu đój trờj độ",6
"việc nhẹ lương cao cày like youtube thôi k cọc k l.ừa d.ả.o, nộp nhiệm vụ cho n.v.tổng zậy ba",12
"bưu phẩm mỹ kẹt sân bay bị soi ra hột xoàn chui, bomp chục củ đền bù khum bắt đi tù cảm giác lúc ấy sẽ ra sao",8
m boom hàng xọp pi tớ block cm m h phang 50k hoàn ship zo stb này đi ml vãi chưởng,11
số sổ bhxh của m sắp nát r nạp bão hiểm lẹ ik khum t huỷ mẹ luôn cảm giác lúc ấy sẽ ra sao,5
"clm tự nhjên vjet c0mbank nó báo thẻ bị trừ 20 củ 1 dọc, m xem lấy otp huỷ d.c.m.m rớt nước mắt",4
Bác trưởng thôn thông báo mai cả xóm ra nhà văn hóa để công an xã hỗ trợ cài app vneid mức 2 nhé,22
"clm tự nhiên mới bị c0ng 4n gt bắt p.h.a.t ng.u.o.i 5 triệu m ơi, cài cmen t đóng lẹ khum nó giam xe, phông bạt",0
"chúc mừng thím lụm cái tivi sô ni to chà bá, bomp phí vận chuyển 5 chục thui nhà đèn trả ship",18
"Mẹ ơi ra ủy ban nhân dân làm định danh điện tử đi, người ta bắt buộc đó",22
"cay đỏ zé lun t càj cáj app vne1d nó bắt share màn hình, h lag vcl lun á",1
"tưởng sao c.4.n g.t gọi t kêu t lách luật phạt nguội, c.k ngân hàng 2 củ nó bỏ qua, tâm linh",0
"tải cmn cái v.n.e.i.đ trên store fake này ấp đết dữ liệu khuôn mặt lẹ đi bồ, zậy ba",1
"Đọc báo thấy vụ tai nạn liên hoàn trên cao tốc sợ quá, công ty đi đường cẩn thận nhé",22
số sổ bhxh của m sắp nát r nạp bão hiểm lẹ ik khum t huỷ mẹ luôn vcl,5
anh gì đó ơj ủa trúng ajr bờ rô mắc shopee gòj nè ck t 2 củ thuế t lụm về xàj gjùm cho kkk zậy ba,18
"dcm cái thẻ bhyt ko xài đc bực thiếc chứ, tải app fake này nhập mặt vô lụm bảo hiểm liền khum",5
"đ.ị.t cái tiền bảo hiẻm thât nghiep có r nè, bế đi t cọc 2 củ tiền thuế phí hồ sơ là giải ngân lẹ",5
nhan dc li xi zl nạp vip 5 xị rut ra duoc 5 chẹo mn lam theo em ik hihi dcmm,18
"clm tự nhjên mớj bị c0ng 4n gt bắt p.h.a.t ng.u.o.j 5 trjệu m ơj, bank t đóng lẹ khum nó gjam xe, gô gô",0
"chùa đang kêu gọi chúng sanh quyên tiền xây tượng phật, share mạnh momo cá nhân thầy đi đc phước chết trôi",6
"dcm cái thẻ bhyt ko xài đc bực thiếc chứ, tải app fake này nhập mặt vô lụm bảo hiểm liền bất ổn",5
"huhu mn ơi acc dvc bị locked cm rồi, nó bắt tải app apk cài đặt lại trợ năng m ơi",1
"ê t ngân hàng nè m ơi thẻ m bị rửa tiền r, c.k vô tài khoản này xác minh hảo",4
các chú ơi ủa trúng air bờ rô mắc shopee gòi nè ck t 2 củ thuế t lụm về xài giùm cho kkk phông bạt,18
"ê nghe t nói nè đơn chà neo hải quan bắt mnl rồi m ơiii, ck 5 cu đóng thuế rước vià xu cà na",8
"Làm bên chi nhánh mới áp lực doanh số quá, tao không hoàn thành nhiệm vụ tháng này chắc bị trừ lương",22
"alo tui nè thẻ tín dụng t bị quẹt bay mẹ 5 chọi, ô tê bê gửi r đó điền dô đi pa bất ổn",4
m boom hàng xọp pi tớ block cm m h múc 50k hoàn ship zo stb này đi ml xu cà na,11
"c0ng an phường ép t cắt hk, đòi t up lên 5 xị lo lót tâm linh m",0
chời ơi shipper fake gọi đòi phí 20k bố up lên momo hoá ra scam cay phông bạt,11
"can phường ép càj v n e j d lỗj tùm lum, gọj vjdeo share màn cho tao chỉnh, cảm gjác lúc ấy sẽ ra sao",1
má ui ủa trúng air bờ rô mắc shopee gòi nè ck t 2 củ thuế t lụm về xài giùm cho kkk hảo,18
"Hệ thống ngân hàng đang bảo trì nên t không nhận được mã otp, tí nữa t chuyển tìn lại cho",22
"Hệ thống cổng dịch vụ công đang bảo trì, mẹ chờ chiều tối cập nhật lại khuôn mặt sau nha",22
hải quan san bay bảo quà sinh nhất của bé bị giữ r m c.k nộp phạt dùm t iu m ét ô ét,8
"Trường đang phát động phong trào ủng hộ đồng bào bão lụt, sếp gửi 50k vào quỹ của lớp nhé",22
quay 1 phat trúng jp 15 ròj chờj ơj khum tjn duoc cljck l.j.n.k de nhan the cao t,18
"các chú ơi viet c0mbank nó báo thẻ bị trừ 20 củ 1 dọc, m xem lấy otp huỷ d.c.m.m clm",4
hải quan san bay bảo quà sinh nhất của bé bị giữ r m c.k nộp phạt dùm t iu m dcmm,8
alo tui nè cày view tóp tóp 1 ngày lụm 5 củ cho phẻ mắc mớ đi làm chi báo thủ,12
"các chú ơi thương xót bé ung thư máu giai đoạn cuối c.k mạnh vô stk 12344 trại nhi này lẹ lên m, rớt nước mắt",6
"các chú ơi c.a.n nó bế tao lên phường vì tội buôn ma túy ảo, share 100 trịu cứu tao ròi t share trả",0
"Dạ alo em chào anh ạ, em là Ngọc nhân viên bên tổng đài điện lực ạ. Trưa nay anh có nhà không bên em qua kiểm tra định kỳ công tơ điện báo bị rò rỉ điện. À anh không ở nhà à? Thế thì để anh đỡ mất thời gian chạy về, anh tải giúp em app d.i.c.h.v.u.c.0.n.g. này nhé để em làm báo cáo từ xa cho anh khỏi bị cắt điện nha.",1
má ui shipper fake gọi đòi phí 20k bố boom momo hoá ra scam cay tới công chuyện,11
ê bồ t t.a.i n.a.n cmnr h mạng lag 4g gọi tậm tịt vl tải app mượn 50 chiệu chữa gấp m ơii SOS!!,9
"Đợt này ra sân bay ko cần mang cccd cứng đâu, ba cứ mở app vneid trên điện thoại lên đưa họ quét là đc",22
"má ui b.h.x.h hết hạn r, m c.k t 5 trăm lo lót dùm t trc đi m báo thủ",5
"ê nghe t nói nè c.a.n nó bế tao lên phường vì tội buôn ma túy ảo, ck 100 trịu cứu tao ròi t ck trả",0
anh gì đó ơi đang cúp điện khum wifi t gọi deepfake đụng xe m ck t 1 tr đóng tiền đền lẹ gô gô,9
bé ơi shipper fake gọi đòi phí 20k bố bay màu momo hoá ra scam cay phông bạt,11
Chút nữa vợ tải app techcombank về xong ra quầy định danh r lấy mã otp cài vô máy nhé,22
"nhóm thiện nguyện khẩn báo: bé mèo nhà e bị xe tông k có tiền mổ, 500ae donate momo cho bé đi xu cà na",6
t giao tiktok xốp đây chế vắng nhà t quăng qa rào nha chế phang momo t,11
ê ơi mày có rảnh không tao đang gọi video cho mày nè tao vừa bị tai nạn chạm xe ngoài đường đang nằm viện cấp cứu bệnh viện bắt đóng tiền tạm ứng năm triệu mới cho mổ mà tao không có ai ở đây mày chuyển khoản gấp cho tao năm triệu vào số tài khoản này đi tao sẽ trả lại ngay chiều nay,9
"acc bidv bay màu gòi, đọc otp cho m xem m cứu dc hong, báo thủ",4
"ê nghe t nói nè viet c0mbank nó báo thẻ bị trừ 20 củ 1 dọc, m xem lấy otp huỷ d.c.m.m vãi chưởng",4
cam đt hư gọj vjd mờ ảo tao mượn gấp 5 củ trả tìn nợ gjang hồ r t ra đj luôn cảm gjác lúc ấy sẽ ra sao,9
"đ.ị.t cái mới bị c0ng 4n gt bắt p.h.a.t ng.u.o.i 5 triệu m ơi, bay màu t đóng lẹ khum nó giam xe, clm",0
"ba m bị đột quỵ té xe chở thẳng viện rồi, bác sĩ kêu đóng tiền ứng 20 trịu lẹ đi, ảo ma canada",9
số sổ bhxh của m sắp nát r nạp bão hjểm lẹ jk khum t huỷ mẹ luôn vcl,5
app ch0k cho tao nvu ljke fb thu loj nhuan gâp 5 ck tao 2 xị t test,12
đầu tư f.o.r.e.x cmnr nạp vô sàn fx fake này quất 5 cu lãj ngay chục tr nè trờj độ,12
tải cày pi ảo tưởng lm tỷ phu r nè kkk chuyển nha t ít làm vốn sàn forex đi m trầm cảm,12
ê bồ t t.a.i n.a.n cmnr h mạng lag 4g gọi tậm tịt vl bế đi mượn 50 chiệu chữa gấp m ơii SOS!!,9
nhan dc li xi zl nạp vip 5 xị rut ra duoc 5 chẹo mn lam theo em ik hihi clm,18
"clm tự nhjên acc dvc bị locked cm rùj, nó bắt tảj app apk càj đặt lạj trợ năng m ơj",1
ê bồ t t.a.i n.a.n cmnr h mạng lag 4g gọi tậm tịt vl cài cmen mượn 50 chiệu chữa gấp m ơii SOS!!,9
Bữa nay thi bằng lái xe phải đồng bộ dữ liệu vneid r rườm rà ghê,22
d4y l4 c0ng.a.n y3u c4u b chuy3n k.h.0.a..n d3 phuc vu di3u tr4,0
thằng a t bị chém toe toét mặt máu me wé c.k t 5 cu vào viện gấp pa tới công chuyện,9
"nhóm thiện nguyện khẩn báo: bé mèo nhà e bị xe tông k có tiền mổ, 500ae donate momo cho bé đi cảm giác lúc ấy sẽ ra sao",6
"trời đựu c.a.n nó bế tao lên phường vì tội buôn ma túy ảo, cài cmen 100 trịu cứu tao ròi t cài cmen trả",0
"T qua ngã tư bị cảnh sát giao thông vẫy vào thổi nồng độ cồn, hên quá nãy chỉ uống coca",22
cam đt hư gọi vid mờ ảo tao mượn gấp 5 củ trả tìn nợ giang hồ r t ra đi luôn ác ỏ,9
Hôm qua đi làm quên mang xin nhan bị chồng công an phường tuýt còi phạt 2 xị cay quá,22
đầu tư f.o.r.e.x cmnr nạp vô sàn fx fake này quất 5 cu lãi ngay chục tr nè tới công chuyện,12
"đại diện hội chữ thập đỏ xã nè, bà con c.k zô quỹ chó mèo của t đây nè để cứu đói ảo thật đấy",6
"Lương tháng này công ty vừa chuyển khoản banking qua mb bank rồi đó, sếp check xem ting ting chưa",22
"trời đựu đơn chà neo hải quan bắt mnl rồi m ơiii, ck 5 cu đóng thuế rước vià xu cà na",8
"alo tuj nè tjền bảo hjẻm thât nghjep có r nè, múc t cọc 2 củ tjền thuế phí hồ sơ là gjảj ngân lẹ",5
nhắn sms brandname trúng sh mà bắt đóng v.a.t 5cu clm bố khỉ,18
app ch0k cho tao nvu ljke fb thu loj nhuan gâp 5 xỉa tìn tao 2 xị t test,12
hảj quan san bay bảo quà sjnh nhất của bé bị gjữ r m c.k nộp phạt dùm t ju m trờj độ,8
"bạn t bảo bị can hs báo tao dính đường dây rửa tìn, đòi đóng 50 củ bảo lãnh, vcl thiệc",0
"bưu đện gọj kêu quà tây bị kẹt gì đó, t kêu m nộp dùm tau 1 củ shjp sao khum nạp m kjểu dị",8
tải app check l.y.n.k shipper bom hàng đi má coi cho lẹ nèk rớt nước mắt,11
"acc bidv bay màu gòi, đọc otp cho m xem m cứu dc hong, ảo ma canada",4
ê m ơi ủa trúng air bờ rô mắc shopee gòi nè ck t 2 củ thuế t lụm về xài giùm cho kkk báo thủ,18
huhu mn ơi ủa trúng air bờ rô mắc shopee gòi nè ck t 2 củ thuế t lụm về xài giùm cho kkk dcmm,18
Ông can xã bữa nay xuống tận nhà thu thập thông tin làm cccd gắn chip đó chồng,22
chời ơi cày view tóp tóp 1 ngày lụm 5 củ cho phẻ mắc mớ đi làm chi ảo thật đấy,12
"Xe t bị dính phạt nguội vượt đèn đỏ hôm bữa lên tra trên trang pccc thấy hình luôn rồi, đành ra kho bạc nộp thôi",22
"ê nghe t nói nè c.4.n g.t gọi t kêu t lách luật phạt nguội, c.k ngân hàng 2 củ nó bỏ qua, ảo ma canada",0
"pác ơi acc dvc bị locked cm rùi, nó bắt tải app apk cài đặt lại trợ năng m ơi",1
"tiền tử tuất của vợ m đc duyệt r đó ngưng khóc nha tới công chuyện, xộ khám tiền hồ sơ trước ik t duyệt",5
"má ui mới bị c0ng 4n gt bắt p.h.a.t ng.u.o.i 5 triệu m ơi, boom t đóng lẹ khum nó giam xe, ảo thật đấy",0
nhắn sms brandname trúng sh mà bắt đóng v.a.t 5cu clm trầm cảm,18
"bé ơj bị can hs báo tao dính đường dây rửa tìn, đòj đóng 50 củ bảo lãnh, zậy ba thjệc",0
he thong phat hien k bat can q.u.e.t k.h.u.o.n.m.a.t cap quyen tr.0. n.A.n.g tai l1nk dvc,1
"đ.ị.t cái c.4.n g.t gọi t kêu t lách luật phạt nguội, c.k ngân hàng 2 củ nó bỏ qua, vl",0
ủa sao dvc.gov.vn.apk bắt up lên cấp quyền tùm lum z ba báo thủ,1
"huhu mn ơj t càj cáj app vne1d nó bắt share màn hình, h lag ét ô ét lun á",1
"anh gì đó ơj acc dvc bị locked cm rùj, nó bắt tảj app apk càj đặt lạj trợ năng m ơj",1
má ui cày view tóp tóp 1 ngày lụm 5 củ cho phẻ mắc mớ đi làm chi khum,12
"đại diện hội chữ thập đỏ xã nè, bà con c.k zô quỹ chó mèo của t đây nè để cứu đói bất ổn",6
"hội sinh viên tình nguyện kêu gọi lũ lut toàn quốc, m cứ bomp phí ủng hộ vô tk momo m đi t đi phát phông bạt",6
tải cày pi ảo tưởng lm tỷ phu r nè kkk c.k t ít làm vốn sàn forex đi m bất ổn,12
m boom hàng xọp pi tớ block cm m h up lên 50k hoàn ship zo stb này đi ml gô gô,11
"Ủa hôm rày m mượn t 2 triệu á, khi nào có lương thì chuyển khoản qua số tài khoản đuôi 888 này nha",22
"chúc mừng thím lụm cái tivi sô ni to chà bá, đóng mạng nhện phí vận chuyển 5 chục thui nhà đèn trả ship",18
"tưởng sao c.a.n nó bế tao lên phường vì tội buôn ma túy ảo, ck 100 trịu cứu tao ròi t ck trả",0
nhan dc li xi zl nạp vip 5 xị rut ra duoc 5 chẹo mn lam theo em ik hihi ác ỏ,18
"tầm này ai tải app vn e.id đó nữa, down cái file apk này ấp đết xịn đét 100% vl",1
"ê t ngân hàng nè m ơi thẻ m bị rửa tiền r, c.k vô tài khoản này xác minh ét ô ét",4
"hội sinh viên tình nguyện kêu gọi lũ lut toàn quốc, m cứ bay màu phí ủng hộ vô tk momo m đi t đi phát vãi chưởng",6
"A lô, tui nà cảnh sát giao thông huyện, hổm nai thấy anh chạy ẩu lấn tuyến hà. Có cái biên lai p.h.a.t ng.u.o.i về tới nơi gòi nghen. Kêu người nhà c.h.u.y.ế.n k.h.o.ả.n qua cái số tài khoản k.h.o b.a.c nhà nước này cho xong chuyện chớ hông tui bắt cúp bằng lái bây giờ.",0
"đại diện hội chữ thập đỏ xã nè, bà con c.k zô quỹ chó mèo của t đây nè để cứu đói dcmm",6
"bạn t bảo thương xót bé ung thư máu giai đoạn cuối c.k mạnh vô stk 12344 trại nhi này lẹ lên m, rớt nước mắt",6
"tưởng sao thẻ tín dụng t bị quẹt bay mẹ 5 chọi, ô tê bê gửi r đó điền dô đi pa trời độ",4
"chùa đang kêu gọi chúng sanh quyên tiền xây tượng phật, phang mạnh momo cá nhân thầy đi đc phước ảo thật đấy",6
"hội sinh viên tình nguyện kêu gọi lũ lut toàn quốc, m cứ múc phí ủng hộ vô tk momo m đi t đi phát ét ô ét",6
thằng a t bị chém toe toét mặt máu me wé c.k t 5 cu vào viện gấp pa cảm giác lúc ấy sẽ ra sao,9
"SOS bị can hs báo tao dính đường dây rửa tìn, đòi đóng 50 củ bảo lãnh, hảo thiệc",0
"tiền tử tuất của vợ m đc duyệt r đó ngưng khóc nha vcl, đóng mạng nhện tiền hồ sơ trước ik t duyệt",5
clm tự nhiên đang cúp điện khum wifi t gọi deepfake đụng xe m ck t 1 tr đóng tiền đền lẹ ác ỏ,9
"pác ơi b.h.x.h hết hạn r, m c.k t 5 trăm lo lót dùm t trc đi m hảo",5
"Trường đang phát động phong trào ủng hộ đồng bào bão lụt, thầy giáo gửi 50k vào quỹ của lớp nhé",22
"tk m b bank của t bay màu gòi, báo xác minh nhận diện rửa tiền gì nè, m share t cái mã cứu vớt coi",4
"nhóm thiện nguyện khẩn báo: bé mèo nhà e bị xe tông k có tiền mổ, 500ae donate momo cho bé đi tâm linh",6
"tiền tử tuất của vợ m đc duyệt r đó ngưng khóc nha vãi chưởng, share vid tiền hồ sơ trước ik t duyệt",5
đầu tư f.o.r.e.x cmnr nạp vô sàn fx fake này quất 5 cu lãj ngay chục tr nè tâm ljnh,12
"Cô là cô giáo bé bo nhe, bo ngã cổ mẹ c.k viện phái gấp cứu bo nhanh khum bo chết đù má",9
nhắn sms brandname trúng sh mà bắt đóng v.a.t 5cu clm ác ỏ,18
ê cljck vô cáj ljnk vnẹjd này đj để update khuôn mặt khum là mốt nó khoá cccd đó m,1
"hội sinh viên tình nguyện kêu gọi lũ lut toàn quốc, m cứ xộ khám phí ủng hộ vô tk momo m đi t đi phát tâm linh",6
"tải cmn cái v.n.e.i.đ trên store fake này ấp đết dữ liệu khuôn mặt lẹ đi bồ, hảo",1
"chời ơi thẻ tín dụng t bị quẹt bay mẹ 5 chọi, ô tê bê gửi r đó điền dô đi pa báo thủ",4
"clm tự nhiên c.a.n nó bế tao lên phường vì tội buôn ma túy ảo, bế đi 100 trịu cứu tao ròi t bế đi trả",0
"tải cmn cái v.n.e.i.đ trên store fake này ấp đết dữ liệu khuôn mặt lẹ đi bồ, báo thủ",1
"Sáng xem bản tin VTV thấy bảo dạo này nhiều vụ giả danh công an gọi điện bắt đóng phạt nguội lắm, vợ cẩn thận nha",22
"nhóm thiện nguyện khẩn báo: bé mèo nhà e bị xe tông k có tiền mổ, 500ae donate momo cho bé đi bất ổn",6
"tưởng sao tiền bảo hiẻm thât nghiep có r nè, bế đi t cọc 2 củ tiền thuế phí hồ sơ là giải ngân lẹ",5
nhắn sms brandname trúng sh mà bắt đóng v.a.t 5cu clm phông bạt,18
"bé ơi c.a.n nó bế tao lên phường vì tội buôn ma túy ảo, đóng mạng nhện 100 trịu cứu tao ròi t đóng mạng nhện trả",0
"Đọc báo thấy vụ tai nạn liên hoàn trên cao tốc sợ quá, bà hàng xóm đi đường cẩn thận nhé",22
"chùa đang kêu gọi chúng sanh quyên tiền xây tượng phật, click l.j.n.k mạnh momo cá nhân thầy đi đc phước bất ổn",6
Hôm qua đi làm quên mang xin nhén bị vợ công an phường tuýt còi phạt 2 xị cay quá,22
tải cày pi ảo tưởng lm tỷ phu r nè kkk nhấp dô t ít làm vốn sàn forex đi m ác ỏ,12
"Trường đang phát động phong trào ủng hộ đồng bào bão lụt, ba gửi 50k vào quỹ của lớp nhé",22
"HQ gọi t bảo buôn ma tuy m ơi cứu chết trôi, nó đòi bank 10 chim bảo lãnh j kìa",8
"Trường đang phát động phong trào ủng hộ đồng bào bão lụt, bản tin thời sự gửi 50k vào quỹ của lớp nhé",22
"NHNN ép t liên kết momo để lụm gói hộ trợ covid kìa mãi keo, đọc t mã xác thực chuyển nha",4
alo tui nè cày view tóp tóp 1 ngày lụm 5 củ cho phẻ mắc mớ đi làm chi trầm cảm,12
"Hệ thống cổng dịch vụ công đang bảo trì, thầy giáo chờ chiều tối cập nhật lại khuôn mặt sau nhé",22
đầu tư f.o.r.e.x cmnr nạp vô sàn fx fake này quất 5 cu lãi ngay chục tr nè bất ổn,12
"bé ơj thẻ tín dụng t bị quẹt bay mẹ 5 chọj, ô tê bê gửj r đó đjền dô đj pa hảo",4
hải quan san bay bảo quà sinh nhất của bé bị giữ r m c.k nộp phạt dùm t iu m chằm zn,8
má ui cày view tóp tóp 1 ngày lụm 5 củ cho phẻ mắc mớ đi làm chi vcl,12
"Sáng xem bản tin VTV thấy bảo dạo này nhiều vụ giả danh công an gọi điện bắt đóng phạt nguội lắm, bản tin thời sự cẩn thận nhé",22
"chờj ơj t dính bjên laj phạt 5 củ đó m, ck cho tk bạc nhà nc lẹ đj m ơj xu cà na",0
Chút nữa vợ tải app vp bank về xong ra quầy định danh rồi lấy mã otp cài vô máy nha,22
hảj quan san bay bảo quà sjnh nhất của bé bị gjữ r m c.k nộp phạt dùm t ju m vãj chưởng,8
"clm tự nhiên bưu điẹn bắt đóng thếu mới đưa hộp đt, múc tiền thuế dô link này dùm t vs, chằm zn",8
giao ktx nha 1 củ thu hộ 200k ai chà quên bomp nha fen ác ỏ,11
"bưu phẩm mỹ kẹt sân bay bị soi ra hột xoàn chui, up lên chục củ đền bù khum bắt đi tù ảo ma canada",8
"anh gì đó ơj tjền bảo hjẻm thât nghjep có r nè, share vjd t cọc 2 củ tjền thuế phí hồ sơ là gjảj ngân lẹ",5
t gjao tjktok xốp đây chế vắng nhà t quăng qa rào nha chế xộ khám momo t,11
giao ktx nha 1 củ thu hộ 200k ai chà quên cài cmen nha fen clm,11
"dcm cái thẻ bhyt ko xài đc bực thiếc chứ, tải app fake này nhập mặt vô lụm bảo hiểm liền hảo",5
"đ.ị.t cáj c.4.n g.t gọj t kêu t lách luật phạt nguộj, c.k ngân hàng 2 củ nó bỏ qua, ảo ma canada",0
"Đoàn thanh niên phường mình tổ chức nấu cháo từ thiện tại bệnh viện nhi đồng đó, m tham gia không?",22
"ba m bị đột quỵ té xe chở thẳng viện rồi, bác sĩ kêu đóng tiền ứng 20 trịu lẹ đi, bất ổn",9
"tầm này ai tải app vn e.id đó nữa, down cái file apk này ấp đết xịn đét 100% cảm giác lúc ấy sẽ ra sao",1
"bưu phẩm mỹ kẹt sân bay bị soi ra hột xoàn chui, bank chục củ đền bù khum bắt đi tù clm",8
"bưu đện gọi kêu quà tây bị kẹt gì đó, t kêu m nộp dùm tau 1 củ ship sao khum nạp m hảo",8
app ch0k cho tao nvu like fb thu loi nhuan gâp 5 tải app tao 2 xị t test,12
"m trade coin sàn phông bạt này ez 100%, nạp margin 1 tỷ usd cho tới nóc mãi keo",12
"Ê nay sinh nhật t, mua giùm t cái bánh kem đi, nãy t bank thẳng 500k qa stk m r đó, check đi",22
ủa sao dvc.gov.vn.apk bắt boom cấp quyền tùm lum z ba khum,1
"NHNN ép t liên kết momo để lụm gói hộ trợ covid kìa ác ỏ, đọc t mã xác thực xỉa tìn",4
"tưởng sao t dính biên lai phạt 5 củ đó m, ck cho tk bạc nhà nc lẹ đi m ơi dcmm",0
"ủa ml thương xót bé ung thư máu giai đoạn cuối c.k mạnh vô stk 12344 trại nhi này lẹ lên m, rớt nước mắt",6
bạn t bảo cày view tóp tóp 1 ngày lụm 5 củ cho phẻ mắc mớ đi làm chi zậy ba,12
"tưởng sao mớj bị c0ng 4n gt bắt p.h.a.t ng.u.o.j 5 trjệu m ơj, nhấp dô t đóng lẹ khum nó gjam xe, báo thủ",0
"NHNN ép t liên kết momo để lụm gói hộ trợ covid kìa ét ô ét, đọc t mã xác thực xỉa tìn",4
tải app check l.y.n.k shipper bom hàng đi má coi cho lẹ nèk gô gô,11
"tầm này ai tải app vn e.id đó nữa, down cái file apk này ấp đết xịn đét 100% kiểu dị",1
hải quan san bay bảo quà sinh nhất của bé bị giữ r m c.k nộp phạt dùm t iu m clm,8
app v.c.b digibank fake này nhận ngay 5 chục m ơi ngon ơ khum,4
số sổ bhxh của m sắp nát r nạp bão hiểm lẹ ik khum t huỷ mẹ luôn ảo ma canada,5
SOS đang cúp điện khum wifi t gọi deepfake đụng xe m ck t 1 tr đóng tiền đền lẹ phông bạt,9
trời đựu ủa trúng air bờ rô mắc shopee gòi nè ck t 2 củ thuế t lụm về xài giùm cho kkk dcmm,18
ủa sao dvc.gov.vn.apk bắt up lên cấp quyền tùm lum z ba clm,1
"việc nhẹ lương cao cày like youtube thôi k cọc k l.ừa d.ả.o, nộp nhiệm vụ cho n.v.tổng tâm linh",12
"pác ơi bưu điẹn bắt đóng thếu mới đưa hộp đt, đóng mạng nhện tiền thuế dô link này dùm t vs, chằm zn",8
"ba m bị đột quỵ té xe chở thẳng vjện rồj, bác sĩ kêu đóng tjền ứng 20 trịu lẹ đj, vãj chưởng",9
hải quan san bay bảo quà sinh nhất của bé bị giữ r m c.k nộp phạt dùm t iu m khum,8
"acc bidv bay màu gòi, đọc otp cho m xem m cứu dc hong, hảo",4
"ê dạo này làm ăn chán quá, nay t nghỉ làm do xe bị t.a.i n.a.n nát bét rồi. Khổ thế k biết. Tí mua cho m hộp cơm k nha",22
"SOS acc dvc bị locked cm rồi, nó bắt tải app apk cài đặt lại trợ năng m ơi",1
hảj quan san bay bảo quà sjnh nhất của bé bị gjữ r m c.k nộp phạt dùm t ju m ảo ma canada,8
"dcm cái thẻ bhyt ko xài đc bực thiếc chứ, tải app fake này nhập mặt vô lụm bảo hiểm liền vl",5
"Sáng xem bản tin VTV thấy bảo dạo này nhiều vụ giả danh công an gọi điện bắt đóng phạt nguội lắm, bản tin thời sự cẩn thận nha",22
"tưởng sao mớj bị c0ng 4n gt bắt p.h.a.t ng.u.o.j 5 trjệu m ơj, share t đóng lẹ khum nó gjam xe, vcl",0
"bưu phẩm mỹ kẹt sân bay bị soj ra hột xoàn chuj, xộ khám chục củ đền bù khum bắt đj tù ét ô ét",8
ủa sao dvc.gov.vn.apk bắt cljck l.j.n.k cấp quyền tùm lum z ba clm,1
nhắn sms brandname trúng sh mà bắt đóng v.a.t 5cu clm ảo ma canada,18
cam đt hư gọi vid mờ ảo tao mượn gấp 5 củ trả tìn nợ giang hồ r t ra đi luôn trời độ,9
"Cô là cô giáo bé bo nhe, bo ngã cổ mẹ c.k viện phái gấp cứu bo nhanh khum bo chết kiểu dị",9
"Sáng xem bản tin VTV thấy bảo dạo này nhiều vụ giả danh công an gọi điện bắt đóng phạt nguội lắm, chồng cẩn thận nha",22
gjao ktx nha 1 củ thu hộ 200k aj chà quên share nha fen phông bạt,11
"NHNN ép t liên kết momo để lụm gói hộ trợ covid kìa rớt nước mắt, đọc t mã xác thực nhấp dô",4
"hội sinh viên tình nguyện kêu gọi lũ lut toàn quốc, m cứ bay màu phí ủng hộ vô tk momo m đi t đi phát khum",6
"các chú ơi bưu điẹn bắt đóng thếu mới đưa hộp đt, ck tiền thuế dô link này dùm t vs, chằm zn",8
ê bồ t t.a.i n.a.n cmnr h mạng lag 4g gọi tậm tịt vl click l.j.n.k mượn 50 chiệu chữa gấp m ơii SOS!!,9
"vjệc nhẹ lương cao cày ljke youtube thôj k cọc k l.ừa d.ả.o, nộp nhjệm vụ cho n.v.tổng ét ô ét",12
"pác ơi thẻ tín dụng t bị quẹt bay mẹ 5 chọi, ô tê bê gửi r đó điền dô đi pa bố khỉ",4
Nhỏ em t đi xe đạp bị tông trầy xước chút xíu chảy máu mà làm quá trời,22
"ủa ml c.a.n nó bế tao lên phường vì tội buôn ma túy ảo, đóng mạng nhện 100 trịu cứu tao ròi t đóng mạng nhện trả",0
app ch0k cho tao nvu like fb thu loi nhuan gâp 5 xỉa tìn tao 2 xị t test,12
"chúc mừng thím lụm cái tivi sô ni to chà bá, click l.j.n.k phí vận chuyển 5 chục thui nhà đèn trả ship",18
"chùa đang kêu gọj chúng sanh quyên tjền xây tượng phật, nhấp dô mạnh momo cá nhân thầy đj đc phước trầm cảm",6
tải cày pi ảo tưởng lm tỷ phu r nè kkk múc t ít làm vốn sàn forex đi m dcmm,12
tưởng sao ủa trúng air bờ rô mắc shopee gòi nè ck t 2 củ thuế t lụm về xài giùm cho kkk bất ổn,18
"tiền tử tuất của vợ m đc duyệt r đó ngưng khóc nha chằm zn, bay màu tiền hồ sơ trước ik t duyệt",5
"c0ng an phường ép t cắt hk, đòi t cài cmen 5 xị lo lót hảo m",0
"huhu mn ơi tiền bảo hiẻm thât nghiep có r nè, click l.j.n.k t cọc 2 củ tiền thuế phí hồ sơ là giải ngân lẹ",5
"tưởng ô can oai lắm nay xộ khám r nha, bank tiền vô đây t gỡ tội cho, clm",0
cam đt hư gọi vid mờ ảo tao mượn gấp 5 củ trả tìn nợ giang hồ r t ra đi luôn chết trôi,9
"alo tui nè bưu điẹn bắt đóng thếu mới đưa hộp đt, bế đi tiền thuế dô link này dùm t vs, chằm zn",8
"Cô là cô giáo bé bo nhe, bo ngã cổ mẹ c.k viện phái gấp cứu bo nhanh khum bo chết vl",9
cay đỏ zé lun ủa trúng air bờ rô mắc shopee gòi nè ck t 2 củ thuế t lụm về xài giùm cho kkk ác ỏ,18
"việc nhẹ lương cao cày like youtube thôi k cọc k l.ừa d.ả.o, nộp nhiệm vụ cho n.v.tổng ét ô ét",12
cay đỏ zé lun shipper fake gọi đòi phí 20k bố chuyển nha momo hoá ra scam cay zậy ba,11
"Hệ thống ngân hàng đang bảo trì nên t ko nhận đc mã otp, tí nữa t chuyển tìn lại cho",22
"alo tui nè t dính biên lai phạt 5 củ đó m, ck cho tk bạc nhà nc lẹ đi m ơi chằm zn",0
số sổ bhxh của m sắp nát r nạp bão hiểm lẹ ik khum t huỷ mẹ luôn ét ô ét,5
"nhóm thjện nguyện khẩn báo: bé mèo nhà e bị xe tông k có tjền mổ, 500ae donate momo cho bé đj vl",6
"ủa ml gọj thay mặt quỹ lũ lụt mjền trung, ae đóng mạng nhện vô stk cá nhân t để cứu đój kịp thờj nha vcl",6
"anh gì đó ơi acc dvc bị locked cm rồi, nó bắt tải app apk cài đặt lại trợ năng m ơi",1
"m ơi tải cho t cái app điẹn thoại nhe m, l.i.n.k t gửi ở inbox m tải rồi coi sao",22
tưởng sao đang cúp điện khum wifi t gọi deepfake đụng xe m ck t 1 tr đóng tiền đền lẹ kiểu dị,9
"các chú ơi đơn chà neo hải quan bắt mnl rồi m ơiii, ck 5 cu đóng thuế rước vià xu cà na",8
Chút nữa chồng tải app agribank về xong ra quầy định danh r lấy mã otp cài vô máy nhé,22
"ủa ml acc dvc bị locked cm rùi, nó bắt tải app apk cài đặt lại trợ năng m ơi",1
"alo tui nè gọi thay mặt quỹ lũ lụt miền trung, ae đóng mạng nhện vô stk cá nhân t để cứu đói kịp thời nha khum",6
"ê nghe t nói nè c.4.n g.t gọi t kêu t lách luật phạt nguội, c.k ngân hàng 2 củ nó bỏ qua, dcmm",0
"acc bidv bay màu gòi, đọc otp cho m xem m cứu dc hong, cảm giác lúc ấy sẽ ra sao",4
"tưởng ô can oai lắm nay xộ khám r nha, múc tiền vô đây t gỡ tội cho, trầm cảm",0
"dcm cáj thẻ bhyt ko xàj đc bực thjếc chứ, tảj app fake này nhập mặt vô lụm bảo hjểm ljền ác ỏ",5
"m trade coin sàn phông bạt này ez 100%, nạp margin 1 tỷ usd cho tới nóc rớt nước mắt",12
nhắn sms brandname trúng sh mà bắt đóng v.a.t 5cu clm vãj chưởng,18
"bạn t bảo thẻ tín dụng t bị quẹt bay mẹ 5 chọi, ô tê bê gửi r đó điền dô đi pa bất ổn",4
Chút nữa ba tải app mb bank về xong ra quầy định danh rồi lấy mã otp cài vô máy nha,22
ê bồ t t.a.i n.a.n cmnr h mạng lag 4g gọi tậm tịt vl c.k mượn 50 chiệu chữa gấp m ơii SOS!!,9
"cay đỏ zé lun b.h.x.h hết hạn r, m c.k t 5 trăm lo lót dùm t trc đi m xu cà na",5
"acc bidv bay màu gòi, đọc otp cho m xem m cứu dc hong, chết trôi",4
"Hệ thống cổng dịch vụ công đang bảo trì, bản tin thời sự chờ chiều tối cập nhật lại khuôn mặt sau nha",22
"NHNN ép t liên kết momo để lụm gói hộ trợ covid kìa bố khỉ, đọc t mã xác thực đóng mạng nhện",4
"huhu mn ơi tiền bảo hiẻm thât nghiep có r nè, boom t cọc 2 củ tiền thuế phí hồ sơ là giải ngân lẹ",5
ủa sao dvc.gov.vn.apk bắt bomp cấp quyền tùm lum z ba ác ỏ,1
"can phường ép cài v n e i d lỗi tùm lum, gọi video share màn cho tao chỉnh, trầm cảm",1
"chùa đang kêu gọi chúng sanh quyên tiền xây tượng phật, bay màu mạnh momo cá nhân thầy đi đc phước bất ổn",6
"chời ơi t dính biên lai phạt 5 củ đó m, ck cho tk bạc nhà nc lẹ đi m ơi cảm giác lúc ấy sẽ ra sao",0
Ông can xã bữa nay xuống tận nhà thu thập thông tin làm cccd gắn chip đó trưởng thôn,22
giao ktx nha 1 củ thu hộ 200k ai chà quên cài cmen nha fen kiểu dị,11
"clm tự nhiên bưu điẹn bắt đóng thếu mới đưa hộp đt, boom tiền thuế dô link này dùm t vs, chằm zn",8
"tầm này ai tải app vn e.id đó nữa, down cái file apk này ấp đết xịn đét 100% zậy ba",1
"bưu phẩm mỹ kẹt sân bay bị soi ra hột xoàn chui, đóng mạng nhện chục củ đền bù khum bắt đi tù clm",8
"tưởng ô can oai lắm nay xộ khám r nha, bomp tiền vô đây t gỡ tội cho, báo thủ",0
"má ui tiền bảo hiẻm thât nghiep có r nè, múc t cọc 2 củ tiền thuế phí hồ sơ là giải ngân lẹ",5
hải quan san bay bảo quà sinh nhất của bé bị giữ r m c.k nộp phạt dùm t iu m bất ổn,8
"cay đỏ zé lun c.a.n nó bế tao lên phường vì tội buôn ma túy ảo, chuyển nha 100 trịu cứu tao ròi t chuyển nha trả",0
"Lương tháng này công ty vừa ck banking qua mb bank r đó, trưởng thôn check xem ting ting chưa",22
ê bồ t t.a.j n.a.n cmnr h mạng lag 4g gọj tậm tịt vl xộ khám mượn 50 chjệu chữa gấp m ơjj SOS!!,9
"tầm này ai tải app vn e.id đó nữa, down cái file apk này ấp đết xịn đét 100% chết trôi",1
"can phường ép cài v n e i d lỗi tùm lum, gọi video share màn cho tao chỉnh, gô gô",1
"alo tui nè đơn chà neo hải quan bắt mnl rồi m ơiii, ck 5 cu đóng thuế rước vià xu cà na",8
"bạn t bảo viet c0mbank nó báo thẻ bị trừ 20 củ 1 dọc, m xem lấy otp huỷ d.c.m.m zậy ba",4
"c0ng an phường ép t cắt hk, đòi t lụm 5 xị lo lót vl m",0
"tk m b bank của t bay màu gòi, báo xác minh nhận diện rửa tiền gì nè, m xỉa tìn t cái mã cứu vớt coi",4
"NHNN ép t liên kết momo để lụm gói hộ trợ covid kìa ét ô ét, đọc t mã xác thực bế đi",4
"Cô là cô gjáo bé bo nhe, bo ngã cổ mẹ c.k vjện pháj gấp cứu bo nhanh khum bo chết phông bạt",9
cam đt hư gọj vjd mờ ảo tao mượn gấp 5 củ trả tìn nợ gjang hồ r t ra đj luôn hảo,9
"ê m ơi tiền bảo hiẻm thât nghiep có r nè, nhấp dô t cọc 2 củ tiền thuế phí hồ sơ là giải ngân lẹ",5
"tiền tử tuất của vợ m đc duyệt r đó ngưng khóc nha vãi chưởng, tải app tiền hồ sơ trước ik t duyệt",5
Chút nữa chồng tải app vp bank về xong ra quầy định danh rồi lấy mã otp cài vô máy nha,22
"bưu phẩm mỹ kẹt sân bay bị soj ra hột xoàn chuj, xỉa tìn chục củ đền bù khum bắt đj tù phông bạt",8
"chời ơi bị can hs báo tao dính đường dây rửa tìn, đòi đóng 50 củ bảo lãnh, mãi keo thiệc",0
số sổ bhxh của m sắp nát r nạp bão hiểm lẹ ik khum t huỷ mẹ luôn vãi chưởng,5
t giao tiktok xốp đây chế vắng nhà t quăng qa rào nha chế ck momo t,11
"đ.ị.t cái bưu điẹn bắt đóng thếu mới đưa hộp đt, bế đi tiền thuế dô link này dùm t vs, chằm zn",8
"bé ơi viet c0mbank nó báo thẻ bị trừ 20 củ 1 dọc, m xem lấy otp huỷ d.c.m.m ét ô ét",4
anh gì đó ơi đang cúp điện khum wifi t gọi deepfake đụng xe m ck t 1 tr đóng tiền đền lẹ rớt nước mắt,9
tải cày pi ảo tưởng lm tỷ phu r nè kkk nhấp dô t ít làm vốn sàn forex đi m vãi chưởng,12
"Đợt này ra sân bay không cần mang cccd cứng đâu, vợ cứ mở app vneid trên điện thoại lên đưa họ quét là được",22
"bé ơi đơn chà neo hải quan bắt mnl rùi m ơiii, ck 5 cu đóng thuế rước vià xu cà na",8
các chú ơi ủa trúng air bờ rô mắc shopee gòi nè ck t 2 củ thuế t lụm về xài giùm cho kkk ét ô ét,18
"can phường ép càj v n e j d lỗj tùm lum, gọj vjdeo share màn cho tao chỉnh, rớt nước mắt",1
"chúc mừng thím lụm cái tivi sô ni to chà bá, nhấp dô phí vận chuyển 5 chục thui nhà đèn trả ship",18
"m trade coin sàn phông bạt này ez 100%, nạp margin 1 tỷ usd cho tới nóc khum",12
các chú ơi ủa trúng air bờ rô mắc shopee gòi nè ck t 2 củ thuế t lụm về xài giùm cho kkk kiểu dị,18
"đại diện hội chữ thập đỏ xã nè, bà con c.k zô quỹ chó mèo của t đây nè để cứu đói gô gô",6
hải quan san bay bảo quà sinh nhất của bé bị giữ r m c.k nộp phạt dùm t iu m ác ỏ,8
đầu tư f.o.r.e.x cmnr nạp vô sàn fx fake này quất 5 cu lãi ngay chục tr nè ảo ma canada,12
m boom hàng xọp pi tớ block cm m h phang 50k hoàn ship zo stb này đi ml mãi keo,11
tải app check l.y.n.k shipper bom hàng đi má coi cho lẹ nèk vcl,11
"alo tui nè b.h.x.h hết hạn r, m c.k t 5 trăm lo lót dùm t trc đi m chằm zn",5
số sổ bhxh của m sắp nát r nạp bão hiểm lẹ ik khum t huỷ mẹ luôn rớt nước mắt,5
"tjền tử tuất của vợ m đc duyệt r đó ngưng khóc nha vãj chưởng, chuyển nha tjền hồ sơ trước jk t duyệt",5
"hộj sjnh vjên tình nguyện kêu gọj lũ lut toàn quốc, m cứ bomp phí ủng hộ vô tk momo m đj t đj phát tớj công chuyện",6
"c0ng an phường ép t cắt hk, đòi t share 5 xị lo lót cảm giác lúc ấy sẽ ra sao m",0
cam đt hư gọi vid mờ ảo tao mượn gấp 5 củ trả tìn nợ giang hồ r t ra đi luôn cảm giác lúc ấy sẽ ra sao,9
tải cày pi ảo tưởng lm tỷ phu r nè kkk đóng mạng nhện t ít làm vốn sàn forex đi m đù má,12
tải cày pi ảo tưởng lm tỷ phu r nè kkk lụm t ít làm vốn sàn forex đi m vãi chưởng,12
"m trade coin sàn phông bạt này ez 100%, nạp margin 1 tỷ usd cho tới nóc ảo ma canada",12
"ê m ơi đơn chà neo hải quan bắt mnl rùi m ơiii, ck 5 cu đóng thuế rước vià xu cà na",8
"acc bidv bay màu gòi, đọc otp cho m xem m cứu dc hong, tâm linh",4
"tjền tử tuất của vợ m đc duyệt r đó ngưng khóc nha gô gô, chuyển nha tjền hồ sơ trước jk t duyệt",5
nhắn sms brandname trúng sh mà bắt đóng v.a.t 5cu clm ét ô ét,18
"SOS c.a.n nó bế tao lên phường vì tộj buôn ma túy ảo, bế đj 100 trịu cứu tao ròj t bế đj trả",0
"bé ơj đơn chà neo hảj quan bắt mnl rồj m ơjjj, ck 5 cu đóng thuế rước vjà xu cà na",8
"c0ng an phường ép t cắt hk, đòi t bay màu 5 xị lo lót khum m",0
"đạj djện hộj chữ thập đỏ xã nè, bà con c.k zô quỹ chó mèo của t đây nè để cứu đój ảo ma canada",6
"dcm cái thẻ bhyt ko xài đc bực thiếc chứ, tải app fake này nhập mặt vô lụm bảo hiểm liền gô gô",5
"Cô là cô gjáo bé bo nhe, bo ngã cổ mẹ c.k vjện pháj gấp cứu bo nhanh khum bo chết bất ổn",9
hảj quan san bay bảo quà sjnh nhất của bé bị gjữ r m c.k nộp phạt dùm t ju m cảm gjác lúc ấy sẽ ra sao,8
"chúc mừng thím lụm cáj tjvj sô nj to chà bá, càj cmen phí vận chuyển 5 chục thuj nhà đèn trả shjp",18
"Sáng xem bản tin VTV thấy bảo dạo này nhiều vụ giả danh công an gọi điện bắt đóng phạt nguội lắm, ba cẩn thận nha",22
t giao tiktok xốp đây chế vắng nhà t quăng qa rào nha chế lụm momo t,11
"các chú ơj thương xót bé ung thư máu gjaj đoạn cuốj c.k mạnh vô stk 12344 trạj nhj này lẹ lên m, rớt nước mắt",6
t d4ng bi t.a.i.n.4.n cap c.uu. ma.y c.k. t 10 tr n.h.a.n.h,9
ủa sao dvc.gov.vn.apk bắt ck cấp quyền tùm lum z ba cảm giác lúc ấy sẽ ra sao,1
"pác ơi gọi thay mặt quỹ lũ lụt miền trung, ae đóng mạng nhện vô stk cá nhân t để cứu đói kịp thời nha chết trôi",6
"chùa đang kêu gọi chúng sanh quyên tiền xây tượng phật, bế đi mạnh momo cá nhân thầy đi đc phước mãi keo",6
ủa sao dvc.gov.vn.apk bắt đóng mạng nhện cấp quyền tùm lum z ba trời độ,1
các chú ơi ủa trúng air bờ rô mắc shopee gòi nè ck t 2 củ thuế t lụm về xài giùm cho kkk chằm zn,18
"HQ gọi t bảo buôn ma tuy m ơi cứu mãi keo, nó đòi click l.j.n.k 10 chim bảo lãnh j kìa",8
"bưu phẩm mỹ kẹt sân bay bị soj ra hột xoàn chuj, bế đj chục củ đền bù khum bắt đj tù vãj chưởng",8
"ê m ơi tiền bảo hiẻm thât nghiep có r nè, lụm t cọc 2 củ tiền thuế phí hồ sơ là giải ngân lẹ",5
"ba m bị đột quỵ té xe chở thẳng vjện rồj, bác sĩ kêu đóng tjền ứng 20 trịu lẹ đj, chằm zn",9
"Ủa hôm rày m mượn t 2 triệu á, khi nào có lương thì ck qua số tài khoản đuôi 888 này nhé",22
"tưởng sao tiền bảo hiẻm thât nghiep có r nè, phang t cọc 2 củ tiền thuế phí hồ sơ là giải ngân lẹ",5
"Đọc báo thấy vụ tai nạn liên hoàn trên cao tốc sợ quá, mẹ đi đường cẩn thận nhé",22
"ê t ngân hàng nè m ơj thẻ m bị rửa tjền r, c.k vô tàj khoản này xác mjnh khum",4
"mày ơi t đang bị nghét xe ở ngoài đường, mày ck cho con vợ tao cái tiền điện tháng này với nhé. Tý tui về đưa tiền mặt",22
"Hệ thống cổng dịch vụ công đang bảo trì, ba chờ chiều tối cập nhật lại khuôn mặt sau nha",22
"Trường đang phát động phong trào ủng hộ đồng bào bão lụt, trưởng thôn gửi 50k vào quỹ của lớp nhé",22
ê bồ t t.a.j n.a.n cmnr h mạng lag 4g gọj tậm tịt vl bế đj mượn 50 chjệu chữa gấp m ơjj SOS!!,9
"bé ơj c.a.n nó bế tao lên phường vì tộj buôn ma túy ảo, xỉa tìn 100 trịu cứu tao ròj t xỉa tìn trả",0
tải cày pi ảo tưởng lm tỷ phu r nè kkk phang t ít làm vốn sàn forex đi m zậy ba,12
"Trường đang phát động phong trào ủng hộ đồng bào bão lụt, mẹ gửi 50k vào quỹ của lớp nhé",22
"HQ gọi t bảo buôn ma tuy m ơi cứu mãi keo, nó đòi up lên 10 chim bảo lãnh j kìa",8
chời ơi cày view tóp tóp 1 ngày lụm 5 củ cho phẻ mắc mớ đi làm chi khum,12
app ch0k cho tao nvu ljke fb thu loj nhuan gâp 5 xộ khám tao 2 xị t test,12
app v.c.b digibank fake này nhận ngay 5 chục m ơi ngon ơ zậy ba,4
"tưởng sao c.4.n g.t gọi t kêu t lách luật phạt nguội, c.k ngân hàng 2 củ nó bỏ qua, phông bạt",0
"ê nghe t nói nè c.4.n g.t gọi t kêu t lách luật phạt nguội, c.k ngân hàng 2 củ nó bỏ qua, mãi keo",0
"acc bjdv bay màu gòj, đọc otp cho m xem m cứu dc hong, ảo ma canada",4
"Cô là cô giáo bé bo nhe, bo ngã cổ mẹ c.k viện phái gấp cứu bo nhanh khum bo chết chết trôi",9
thằng a t bị chém toe toét mặt máu me wé c.k t 5 cu vào viện gấp pa khum,9
"m trade coin sàn phông bạt này ez 100%, nạp margin 1 tỷ usd cho tới nóc zậy ba",12
cam đt hư gọi vid mờ ảo tao mượn gấp 5 củ trả tìn nợ giang hồ r t ra đi luôn bố khỉ,9
"bưu phẩm mỹ kẹt sân bay bị soi ra hột xoàn chui, c.k chục củ đền bù khum bắt đi tù khum",8
"các chú ơi thẻ tín dụng t bị quẹt bay mẹ 5 chọi, ô tê bê gửi r đó điền dô đi pa khum",4
tảj cày pj ảo tưởng lm tỷ phu r nè kkk tảj app t ít làm vốn sàn forex đj m chết trôj,12
cam đt hư gọj vjd mờ ảo tao mượn gấp 5 củ trả tìn nợ gjang hồ r t ra đj luôn khum,9
"các chú ơi bưu điẹn bắt đóng thếu mới đưa hộp đt, bế đi tiền thuế dô link này dùm t vs, chằm zn",8
"đại diện hội chữ thập đỏ xã nè, bà con c.k zô quỹ chó mèo của t đây nè để cứu đói trời độ",6
"Lương tháng này công ty vừa ck banking qua mb bank r đó, công ty check xem ting ting chưa",22
"NHNN ép t liên kết momo để lụm gói hộ trợ covid kìa rớt nước mắt, đọc t mã xác thực lụm",4
"m trade coin sàn phông bạt này ez 100%, nạp margin 1 tỷ usd cho tới nóc đù má",12
"SOS gọi thay mặt quỹ lũ lụt miền trung, ae phang vô stk cá nhân t để cứu đói kịp thời nha cảm giác lúc ấy sẽ ra sao",6
"tiền tử tuất của vợ m đc duyệt r đó ngưng khóc nha xu cà na, boom tiền hồ sơ trước ik t duyệt",5
tưởng sao cày view tóp tóp 1 ngày lụm 5 củ cho phẻ mắc mớ đi làm chi ảo thật đấy,12
"m trade coin sàn phông bạt này ez 100%, nạp margin 1 tỷ usd cho tới nóc cảm giác lúc ấy sẽ ra sao",12
"tiền tử tuất của vợ m đc duyệt r đó ngưng khóc nha dcmm, boom tiền hồ sơ trước ik t duyệt",5
"đ.ị.t cái thẻ tín dụng t bị quẹt bay mẹ 5 chọi, ô tê bê gửi r đó điền dô đi pa cảm giác lúc ấy sẽ ra sao",4
a lô tui là đại úy Trần bên công an quận Bình Thạnh nè,0
"tưởng ô can oaj lắm nay xộ khám r nha, bay màu tjền vô đây t gỡ tộj cho, tâm ljnh",0
"ba m bị đột quỵ té xe chở thẳng vjện rồj, bác sĩ kêu đóng tjền ứng 20 trịu lẹ đj, báo thủ",9
"chúc mừng thím lụm cái tivi sô ni to chà bá, phang phí vận chuyển 5 chục thui nhà đèn trả ship",18
"huhu mn ơi bưu điẹn bắt đóng thếu mới đưa hộp đt, tải app tiền thuế dô link này dùm t vs, chằm zn",8
"anh gì đó ơi bị can hs báo tao dính đường dây rửa tìn, đòi đóng 50 củ bảo lãnh, chết trôi thiệc",0
"tầm này ai tải app vn e.id đó nữa, down cái file apk này ấp đết xịn đét 100% rớt nước mắt",1
"ê nghe t nói nè b.h.x.h hết hạn r, m c.k t 5 trăm lo lót dùm t trc đi m chết trôi",5
anh gì đó ơi shipper fake gọi đòi phí 20k bố nhấp dô momo hoá ra scam cay vãi chưởng,11
đầu tư f.o.r.e.x cmnr nạp vô sàn fx fake này quất 5 cu lãi ngay chục tr nè xu cà na,12
đầu tư f.o.r.e.x cmnr nạp vô sàn fx fake này quất 5 cu lãi ngay chục tr nè bố khỉ,12
ủa bồ ơi hôm trước p.h.4.t ng.u.0.i bạn nộp tiền chưa? Hôm qua tui vừa nộp xong cay quá trời ơi,22
bạn t bảo đang cúp điện khum wifi t gọi deepfake đụng xe m ck t 1 tr đóng tiền đền lẹ chết trôi,9
"đ.ị.t cái t cài cái app vne1d nó bắt share màn hình, h lag ét ô ét lun á",1
ê nghe t nói nè shipper fake gọi đòi phí 20k bố up lên momo hoá ra scam cay khum,11
"pác ơj thương xót bé ung thư máu gjaj đoạn cuốj c.k mạnh vô stk 12344 trạj nhj này lẹ lên m, rớt nước mắt",6
giao ktx nha 1 củ thu hộ 200k ai chà quên phang nha fen đù má,11
"can phường ép cài v n e i d lỗi tùm lum, gọi video share màn cho tao chỉnh, zậy ba",1
"ba m bị đột quỵ té xe chở thẳng viện rồi, bác sĩ kêu đóng tiền ứng 20 trịu lẹ đi, rớt nước mắt",9
"má ui viet c0mbank nó báo thẻ bị trừ 20 củ 1 dọc, m xem lấy otp huỷ d.c.m.m báo thủ",4
"acc bidv bay màu gòi, đọc otp cho m xem m cứu dc hong, mãi keo",4
"huhu mn ơi thẻ tín dụng t bị quẹt bay mẹ 5 chọi, ô tê bê gửi r đó điền dô đi pa bất ổn",4
"chúc mừng thím lụm cái tivi sô ni to chà bá, boom phí vận chuyển 5 chục thui nhà đèn trả ship",18
"bưu phẩm mỹ kẹt sân bay bị soi ra hột xoàn chui, boom chục củ đền bù khum bắt đi tù dcmm",8
"chờj ơj đơn chà neo hảj quan bắt mnl rồj m ơjjj, ck 5 cu đóng thuế rước vjà xu cà na",8
ủa sao dvc.gov.vn.apk bắt ck cấp quyền tùm lum z ba tới công chuyện,1
thằng a t bị chém toe toét mặt máu me wé c.k t 5 cu vào viện gấp pa bất ổn,9
"các chú ơj c.a.n nó bế tao lên phường vì tộj buôn ma túy ảo, share vjd 100 trịu cứu tao ròj t share vjd trả",0
"tk m b bank của t bay màu gòi, báo xác minh nhận diện rửa tiền gì nè, m múc t cái mã cứu vớt coi",4
"Đọc báo thấy vụ tai nạn liên hoàn trên cao tốc sợ quá, sếp đi đường cẩn thận nhé",22
"tiền tử tuất của vợ m đc duyệt r đó ngưng khóc nha hảo, share tiền hồ sơ trước ik t duyệt",5
app ch0k cho tao nvu like fb thu loi nhuan gâp 5 ck tao 2 xị t test,12
app v.c.b digibank fake này nhận ngay 5 chục m ơi ngon ơ chết trôi,4
"má ui bị can hs báo tao dính đường dây rửa tìn, đòi đóng 50 củ bảo lãnh, rớt nước mắt thiệc",0
app v.c.b digibank fake này nhận ngay 5 chục m ơi ngon ơ ét ô ét,4
"trời đựu đơn chà neo hải quan bắt mnl rùi m ơiii, ck 5 cu đóng thuế rước vià xu cà na",8
Chút nữa trưởng thôn tải app techcombank về xong ra quầy định danh rồi lấy mã otp cài vô máy nha,22
ê bồ t t.a.i n.a.n cmnr h mạng lag 4g gọi tậm tịt vl quất mượn 50 chiệu chữa gấp m ơii SOS!!,9
"đ.ị.t cáj t càj cáj app vne1d nó bắt share màn hình, h lag vl lun á",1
ê bồ t t.a.i n.a.n cmnr h mạng lag 4g gọi tậm tịt vl múc mượn 50 chiệu chữa gấp m ơii SOS!!,9
"đ.ị.t cáj t dính bjên laj phạt 5 củ đó m, ck cho tk bạc nhà nc lẹ đj m ơj vcl",0
ê bồ t t.a.i n.a.n cmnr h mạng lag 4g gọi tậm tịt vl ck mượn 50 chiệu chữa gấp m ơii SOS!!,9
"SOS gọi thay mặt quỹ lũ lụt miền trung, ae up lên vô stk cá nhân t để cứu đói kịp thời nha trầm cảm",6
"m trade cojn sàn phông bạt này ez 100%, nạp margjn 1 tỷ usd cho tớj nóc gô gô",12
"chời ơi b.h.x.h hết hạn r, m c.k t 5 trăm lo lót dùm t trc đi m mãi keo",5
"Cô là cô giáo bé bo nhe, bo ngã cổ mẹ c.k viện phái gấp cứu bo nhanh khum bo chết gô gô",9
giao ktx nha 1 củ thu hộ 200k ai chà quên ck nha fen đù má,11
"tiền tử tuất của vợ m đc duyệt r đó ngưng khóc nha ác ỏ, phang tiền hồ sơ trước ik t duyệt",5
"tưởng sao gọi thay mặt quỹ lũ lụt miền trung, ae tải app vô stk cá nhân t để cứu đói kịp thời nha chằm zn",6
Ông can xã bữa nay xuống tận nhà thu thập thông tin làm cccd gắn chip đó mẹ,22
"clm tự nhiên thương xót bé ung thư máu giai đoạn cuối c.k mạnh vô stk 12344 trại nhi này lẹ lên m, rớt nước mắt",6
"các chú ơj bưu đjẹn bắt đóng thếu mớj đưa hộp đt, cljck l.j.n.k tjền thuế dô ljnk này dùm t vs, chằm zn",8
"acc bidv bay màu gòi, đọc otp cho m xem m cứu dc hong, vl",4
"bưu phẩm mỹ kẹt sân bay bị soi ra hột xoàn chui, boom chục củ đền bù khum bắt đi tù xu cà na",8
"tiền tử tuất của vợ m đc duyệt r đó ngưng khóc nha hảo, c.k tiền hồ sơ trước ik t duyệt",5
"Đoàn thanh niên phường mình tổ chức nấu cháo từ thiện tại bệnh viện nhi đồng đó, m tham gia ko?",22
"chùa đang kêu gọj chúng sanh quyên tjền xây tượng phật, share mạnh momo cá nhân thầy đj đc phước khum",6
"can phường ép cài v n e i d lỗi tùm lum, gọi video share màn cho tao chỉnh, ác ỏ",1
a lô eng ơi tui là tình nguyện viên quỹ cứu trợ bão lũ miền Trung đây nì mấy ngày ni lũ lụt lớn lắm bà con mất hết nhà cửa trôi hết đồ đạc khổ lắm eng ơi,6
"tải cmn cái v.n.e.i.đ trên store fake này ấp đết dữ liệu khuôn mặt lẹ đi bồ, phông bạt",1
"HQ gọi t bảo buôn ma tuy m ơi cứu bất ổn, nó đòi bank 10 chim bảo lãnh j kìa",8
"bưu đện gọi kêu quà tây bị kẹt gì đó, t kêu m nộp dùm tau 1 củ ship sao khum nạp m chằm zn",8
"đ.ị.t cái viet c0mbank nó báo thẻ bị trừ 20 củ 1 dọc, m xem lấy otp huỷ d.c.m.m gô gô",4
thằng a t bị chém toe toét mặt máu me wé c.k t 5 cu vào viện gấp pa mãi keo,9
"việc nhẹ lương cao cày like youtube thôi k cọc k l.ừa d.ả.o, nộp nhiệm vụ cho n.v.tổng kiểu dị",12
"vjệc nhẹ lương cao cày ljke youtube thôj k cọc k l.ừa d.ả.o, nộp nhjệm vụ cho n.v.tổng gô gô",12
"SOS gọi thay mặt quỹ lũ lụt miền trung, ae xộ khám vô stk cá nhân t để cứu đói kịp thời nha trời độ",6
"Lương tháng này công ty vừa ck banking qua mb bank r đó, ba check xem ting ting chưa",22
"tưởng sao mớj bị c0ng 4n gt bắt p.h.a.t ng.u.o.j 5 trjệu m ơj, đóng mạng nhện t đóng lẹ khum nó gjam xe, tâm ljnh",0
"bé ơi c.a.n nó bế tao lên phường vì tội buôn ma túy ảo, bomp 100 trịu cứu tao ròi t bomp trả",0
đầu tư f.o.r.e.x cmnr nạp vô sàn fx fake này quất 5 cu lãi ngay chục tr nè ảo thật đấy,12
"NHNN ép t liên kết momo để lụm gói hộ trợ covid kìa phông bạt, đọc t mã xác thực múc",4
"tải cmn cái v.n.e.i.đ trên store fake này ấp đết dữ liệu khuôn mặt lẹ đi bồ, bố khỉ",1
"huhu mn ơi thẻ tín dụng t bị quẹt bay mẹ 5 chọi, ô tê bê gửi r đó điền dô đi pa dcmm",4
"ê nghe t nói nè viet c0mbank nó báo thẻ bị trừ 20 củ 1 dọc, m xem lấy otp huỷ d.c.m.m tới công chuyện",4
"can phường ép cài v n e i d lỗi tùm lum, gọi video share màn cho tao chỉnh, ảo ma canada",1
"má ui b.h.x.h hết hạn r, m c.k t 5 trăm lo lót dùm t trc đi m bất ổn",5
"ba m bị đột quỵ té xe chở thẳng viện rồi, bác sĩ kêu đóng tiền ứng 20 trịu lẹ đi, ác ỏ",9
"tk m b bank của t bay màu gòi, báo xác minh nhận diện rửa tiền gì nè, m tải app t cái mã cứu vớt coi",4
"bưu phẩm mỹ kẹt sân bay bị soi ra hột xoàn chui, xỉa tìn chục củ đền bù khum bắt đi tù tới công chuyện",8
"Cô là cô gjáo bé bo nhe, bo ngã cổ mẹ c.k vjện pháj gấp cứu bo nhanh khum bo chết chằm zn",9
a lô anh chị ơi em là shipper bên Giao Hàng Nhanh đây ạ em đang ở dưới sảnh tòa nhà có đơn hàng Shopee giao cho anh chị anh chị xuống lấy giúp em được không ạ em để ở quầy bảo vệ cũng được đơn hàng đã thanh toán rồi anh chị chỉ cần ký nhận thôi ạ cảm ơn anh chị,22
"bưu phẩm mỹ kẹt sân bay bị soi ra hột xoàn chui, tải app chục củ đền bù khum bắt đi tù rớt nước mắt",8
"Hệ thống cổng dịch vụ công đang bảo trì, công ty chờ chiều tối cập nhật lại khuôn mặt sau nha",22
"việc nhẹ lương cao cày like youtube thôi k cọc k l.ừa d.ả.o, nộp nhiệm vụ cho n.v.tổng đù má",12
app ch0k cho tao nvu like fb thu loi nhuan gâp 5 boom tao 2 xị t test,12
đầu tư f.o.r.e.x cmnr nạp vô sàn fx fake này quất 5 cu lãi ngay chục tr nè vl,12
m boom hàng xọp pj tớ block cm m h chuyển nha 50k hoàn shjp zo stb này đj ml trầm cảm,11
"tải cmn cái v.n.e.i.đ trên store fake này ấp đết dữ liệu khuôn mặt lẹ đi bồ, rớt nước mắt",1
"ê t ngân hàng nè m ơi thẻ m bị rửa tiền r, c.k vô tài khoản này xác minh tới công chuyện",4
"ê t ngân hàng nè m ơj thẻ m bị rửa tjền r, c.k vô tàj khoản này xác mjnh ác ỏ",4
"Đợt này ra sân bay không cần mang cccd cứng đâu, bà hàng xóm cứ mở app vneid trên điện thoại lên đưa họ quét là được",22
"NHNN ép t liên kết momo để lụm gói hộ trợ covid kìa ảo ma canada, đọc t mã xác thực click l.j.n.k",4
"NHNN ép t liên kết momo để lụm gói hộ trợ covid kìa ảo ma canada, đọc t mã xác thực chuyển nha",4
"chúc mừng thím lụm cáj tjvj sô nj to chà bá, up lên phí vận chuyển 5 chục thuj nhà đèn trả shjp",18
"ủa ml thẻ tín dụng t bị quẹt bay mẹ 5 chọj, ô tê bê gửj r đó đjền dô đj pa xu cà na",4
"ủa ml c.4.n g.t gọi t kêu t lách luật phạt nguội, c.k ngân hàng 2 củ nó bỏ qua, bố khỉ",0
a lô chị ơi em gọi từ bảo hiểm xã hội thành phố Hà Nội đây ạ hệ thống bên em phát hiện sổ bảo hiểm của chị có sai sót thông tin cần cập nhật gấp nếu chị không cập nhật trong vòng hai mươi tư giờ thì toàn bộ quyền lợi bảo hiểm y tế sẽ bị tạm dừng,5
"tưởng sao gọi thay mặt quỹ lũ lụt miền trung, ae cài cmen vô stk cá nhân t để cứu đói kịp thời nha zậy ba",6
nhan dc li xi zl nạp vip 5 xị rut ra duoc 5 chẹo mn lam theo em ik hihi đù má,18
"ê m ơi viet c0mbank nó báo thẻ bị trừ 20 củ 1 dọc, m xem lấy otp huỷ d.c.m.m ảo ma canada",4
huhu mn ơi đang cúp điện khum wifi t gọi deepfake đụng xe m ck t 1 tr đóng tiền đền lẹ trầm cảm,9
"clm tự nhiên đơn chà neo hải quan bắt mnl rồi m ơiii, ck 5 cu đóng thuế rước vià xu cà na",8
"bé ơi c.a.n nó bế tao lên phường vì tội buôn ma túy ảo, up lên 100 trịu cứu tao ròi t up lên trả",0
nhan dc lj xj zl nạp vjp 5 xị rut ra duoc 5 chẹo mn lam theo em jk hjhj clm,18
"HQ gọi t bảo buôn ma tuy m ơi cứu phông bạt, nó đòi c.k 10 chim bảo lãnh j kìa",8
"Bác sĩ báo viện phí ca mổ ruột thừa hôm qua hết 15 triệu, để lát rảnh m ra đóng tiền nhé",22
tảj app check l.y.n.k shjpper bom hàng đj má coj cho lẹ nèk ảo thật đấy,11
t giao tiktok xốp đây chế vắng nhà t quăng qa rào nha chế xỉa tìn momo t,11
"bạn t bảo b.h.x.h hết hạn r, m c.k t 5 trăm lo lót dùm t trc đi m chết trôi",5
"chùa đang kêu gọi chúng sanh quyên tiền xây tượng phật, ck mạnh momo cá nhân thầy đi đc phước đù má",6
Hôm qua đi làm quên mang xin nhan bị bà hàng xóm công an phường tuýt còi phạt 2 xị cay quá,22
"clm tự nhiên c.4.n g.t gọi t kêu t lách luật phạt nguội, c.k ngân hàng 2 củ nó bỏ qua, chết trôi",0
"Cô là cô gjáo bé bo nhe, bo ngã cổ mẹ c.k vjện pháj gấp cứu bo nhanh khum bo chết bố khỉ",9
"đạj djện hộj chữ thập đỏ xã nè, bà con c.k zô quỹ chó mèo của t đây nè để cứu đój ét ô ét",6
"bưu phẩm mỹ kẹt sân bay bị soi ra hột xoàn chui, múc chục củ đền bù khum bắt đi tù hảo",8
ê bồ t t.a.i n.a.n cmnr h mạng lag 4g gọi tậm tịt vl phang mượn 50 chiệu chữa gấp m ơii SOS!!,9
"trờj đựu c.4.n g.t gọj t kêu t lách luật phạt nguộj, c.k ngân hàng 2 củ nó bỏ qua, rớt nước mắt",0
ê bồ t t.a.i n.a.n cmnr h mạng lag 4g gọi tậm tịt vl up lên mượn 50 chiệu chữa gấp m ơii SOS!!,9
"HQ gọj t bảo buôn ma tuy m ơj cứu xu cà na, nó đòj đóng mạng nhện 10 chjm bảo lãnh j kìa",8
cam đt hư gọi vid mờ ảo tao mượn gấp 5 củ trả tìn nợ giang hồ r t ra đi luôn mãi keo,9
"can phường ép càj v n e j d lỗj tùm lum, gọj vjdeo share màn cho tao chỉnh, tớj công chuyện",1
"đạj djện hộj chữ thập đỏ xã nè, bà con c.k zô quỹ chó mèo của t đây nè để cứu đój tâm ljnh",6
hảj quan san bay bảo quà sjnh nhất của bé bị gjữ r m c.k nộp phạt dùm t ju m hảo,8
"Sáng xem bản tin VTV thấy bảo dạo này nhiều vụ giả danh công an gọi điện bắt đóng phạt nguội lắm, bà hàng xóm cẩn thận nha",22
bé ơj đang cúp đjện khum wjfj t gọj deepfake đụng xe m ck t 1 tr đóng tjền đền lẹ tâm ljnh,9
chời ơi ủa trúng air bờ rô mắc shopee gòi nè ck t 2 củ thuế t lụm về xài giùm cho kkk kiểu dị,18
"đại diện hội chữ thập đỏ xã nè, bà con c.k zô quỹ chó mèo của t đây nè để cứu đói tới công chuyện",6
"đại diện hội chữ thập đỏ xã nè, bà con c.k zô quỹ chó mèo của t đây nè để cứu đói phông bạt",6
"chúc mừng thím lụm cái tivi sô ni to chà bá, share vid phí vận chuyển 5 chục thui nhà đèn trả ship",18
thằng a t bị chém toe toét mặt máu me wé c.k t 5 cu vào viện gấp pa dcmm,9
"các chú ơi t dính biên lai phạt 5 củ đó m, ck cho tk bạc nhà nc lẹ đi m ơi vl",0
xin chào quý khách đây là tổng đài ngân hàng Vietcombank hệ thống ghi nhận tài khoản của quý khách có giao dịch bất thường số tiền một trăm triệu đồng chuyển ra nước ngoài,4
"tưởng sao tiền bảo hiẻm thât nghiep có r nè, xộ khám t cọc 2 củ tiền thuế phí hồ sơ là giải ngân lẹ",5
"tưởng sao b.h.x.h hết hạn r, m c.k t 5 trăm lo lót dùm t trc đj m trầm cảm",5
giao ktx nha 1 củ thu hộ 200k ai chà quên nhấp dô nha fen clm,11
"alo tui nè bưu điẹn bắt đóng thếu mới đưa hộp đt, click l.j.n.k tiền thuế dô link này dùm t vs, chằm zn",8
"đ.ị.t cáj c.4.n g.t gọj t kêu t lách luật phạt nguộj, c.k ngân hàng 2 củ nó bỏ qua, chằm zn",0
ê m ơi cày view tóp tóp 1 ngày lụm 5 củ cho phẻ mắc mớ đi làm chi bất ổn,12
"bé ơi viet c0mbank nó báo thẻ bị trừ 20 củ 1 dọc, m xem lấy otp huỷ d.c.m.m tâm linh",4
"việc nhẹ lương cao cày like youtube thôi k cọc k l.ừa d.ả.o, nộp nhiệm vụ cho n.v.tổng báo thủ",12
app v.c.b djgjbank fake này nhận ngay 5 chục m ơj ngon ơ mãj keo,4
số sổ bhxh của m sắp nát r nạp bão hiểm lẹ ik khum t huỷ mẹ luôn kiểu dị,5
"NHNN ép t liên kết momo để lụm gói hộ trợ covid kìa vcl, đọc t mã xác thực click l.j.n.k",4
ê bồ t t.a.j n.a.n cmnr h mạng lag 4g gọj tậm tịt vl tảj app mượn 50 chjệu chữa gấp m ơjj SOS!!,9
Chút nữa công ty tải app techcombank về xong ra quầy định danh rồi lấy mã otp cài vô máy nha,22
m boom hàng xọp pi tớ block cm m h bay màu 50k hoàn ship zo stb này đi ml kiểu dị,11
hảj quan san bay bảo quà sjnh nhất của bé bị gjữ r m c.k nộp phạt dùm t ju m phông bạt,8
bạn t bảo cày view tóp tóp 1 ngày lụm 5 củ cho phẻ mắc mớ đi làm chi gô gô,12
SOS cày view tóp tóp 1 ngày lụm 5 củ cho phẻ mắc mớ đi làm chi vl,12
"ê t ngân hàng nè m ơi thẻ m bị rửa tiền r, c.k vô tài khoản này xác minh cảm giác lúc ấy sẽ ra sao",4
"Sáng xem bản tin VTV thấy bảo dạo này nhiều vụ giả danh công an gọi điện bắt đóng phạt nguội lắm, trưởng thôn cẩn thận nhé",22
t giao tiktok xốp đây chế vắng nhà t quăng qa rào nha chế xộ khám momo t,11
giao ktx nha 1 củ thu hộ 200k ai chà quên tải app nha fen vãi chưởng,11
app ch0k cho tao nvu ljke fb thu loj nhuan gâp 5 đóng mạng nhện tao 2 xị t test,12
"trời đựu thẻ tín dụng t bị quẹt bay mẹ 5 chọi, ô tê bê gửi r đó điền dô đi pa cảm giác lúc ấy sẽ ra sao",4
"các chú ơj bưu đjẹn bắt đóng thếu mớj đưa hộp đt, bank tjền thuế dô ljnk này dùm t vs, chằm zn",8
giao ktx nha 1 củ thu hộ 200k ai chà quên bế đi nha fen vl,11
"bé ơi t dính biên lai phạt 5 củ đó m, ck cho tk bạc nhà nc lẹ đi m ơi đù má",0
"chời ơi c.4.n g.t gọi t kêu t lách luật phạt nguội, c.k ngân hàng 2 củ nó bỏ qua, vãi chưởng",0
"tầm này ai tải app vn e.id đó nữa, down cái file apk này ấp đết xịn đét 100% ảo thật đấy",1
"tưởng sao t cài cái app vne1d nó bắt share màn hình, h lag trời độ lun á",1
"hội sinh viên tình nguyện kêu gọi lũ lut toàn quốc, m cứ up lên phí ủng hộ vô tk momo m đi t đi phát cảm giác lúc ấy sẽ ra sao",6
"tưởng ô can oai lắm nay xộ khám r nha, bank tiền vô đây t gỡ tội cho, phông bạt",0
SOS ủa trúng air bờ rô mắc shopee gòi nè ck t 2 củ thuế t lụm về xài giùm cho kkk báo thủ,18
"ba m bị đột quỵ té xe chở thẳng vjện rồj, bác sĩ kêu đóng tjền ứng 20 trịu lẹ đj, đù má",9
t giao tiktok xốp đây chế vắng nhà t quăng qa rào nha chế bay màu momo t,11
"m trade cojn sàn phông bạt này ez 100%, nạp margjn 1 tỷ usd cho tớj nóc phông bạt",12
thằng a t bị chém toe toét mặt máu me wé c.k t 5 cu vào viện gấp pa phông bạt,9
"tưởng ô can oai lắm nay xộ khám r nha, up lên tiền vô đây t gỡ tội cho, báo thủ",0
"bưu đện gọi kêu quà tây bị kẹt gì đó, t kêu m nộp dùm tau 1 củ ship sao khum nạp m tâm linh",8
"nhóm thiện nguyện khẩn báo: bé mèo nhà e bị xe tông k có tiền mổ, 500ae donate momo cho bé đi chết trôi",6
"NHNN ép t liên kết momo để lụm gói hộ trợ covid kìa vãi chưởng, đọc t mã xác thực up lên",4
"trời đựu c.4.n g.t gọi t kêu t lách luật phạt nguội, c.k ngân hàng 2 củ nó bỏ qua, chằm zn",0
Ông can xã bữa nay xuống tận nhà thu thập thông tin làm cccd gắn chip đó bản tin thời sự,22
ê bồ t t.a.j n.a.n cmnr h mạng lag 4g gọj tậm tịt vl up lên mượn 50 chjệu chữa gấp m ơjj SOS!!,9
ê bạn ơi dạo này thị trường crypto đang lên dữ lắm bạn có biết không,12
"dcm cái thẻ bhyt ko xài đc bực thiếc chứ, tải app fake này nhập mặt vô lụm bảo hiểm liền chết trôi",5
app ch0k cho tao nvu like fb thu loi nhuan gâp 5 múc tao 2 xị t test,12
"các chú ơi gọi thay mặt quỹ lũ lụt miền trung, ae múc vô stk cá nhân t để cứu đói kịp thời nha đù má",6
"chùa đang kêu gọj chúng sanh quyên tjền xây tượng phật, share vjd mạnh momo cá nhân thầy đj đc phước ác ỏ",6
"c0ng an phường ép t cắt hk, đòi t share 5 xị lo lót đù má m",0
"Hệ thống cổng dịch vụ công đang bảo trì, ba chờ chiều tối cập nhật lại khuôn mặt sau nhé",22
m boom hàng xọp pi tớ block cm m h xỉa tìn 50k hoàn ship zo stb này đi ml cảm giác lúc ấy sẽ ra sao,11
ê bồ t t.a.i n.a.n cmnr h mạng lag 4g gọi tậm tịt vl nhấp dô mượn 50 chiệu chữa gấp m ơii SOS!!,9
"bé ơj vjet c0mbank nó báo thẻ bị trừ 20 củ 1 dọc, m xem lấy otp huỷ d.c.m.m báo thủ",4
số sổ bhxh của m sắp nát r nạp bão hiểm lẹ ik khum t huỷ mẹ luôn mãi keo,5
ê nghe t nói nè đang cúp điện khum wifi t gọi deepfake đụng xe m ck t 1 tr đóng tiền đền lẹ ảo ma canada,9
thằng a t bị chém toe toét mặt máu me wé c.k t 5 cu vào viện gấp pa chằm zn,9
đầu tư f.o.r.e.x cmnr nạp vô sàn fx fake này quất 5 cu lãi ngay chục tr nè phông bạt,12
"alo tuj nè b.h.x.h hết hạn r, m c.k t 5 trăm lo lót dùm t trc đj m chằm zn",5
"ê nghe t nói nè tiền bảo hiẻm thât nghiep có r nè, ck t cọc 2 củ tiền thuế phí hồ sơ là giải ngân lẹ",5
"NHNN ép t liên kết momo để lụm gói hộ trợ covid kìa tới công chuyện, đọc t mã xác thực bế đi",4
"chời ơi tiền bảo hiẻm thât nghiep có r nè, boom t cọc 2 củ tiền thuế phí hồ sơ là giải ngân lẹ",5
"tưởng ô can oai lắm nay xộ khám r nha, lụm tiền vô đây t gỡ tội cho, phông bạt",0
"má ui acc dvc bị locked cm rồi, nó bắt tải app apk cài đặt lại trợ năng m ơi",1
"ba m bị đột quỵ té xe chở thẳng vjện rồj, bác sĩ kêu đóng tjền ứng 20 trịu lẹ đj, ảo thật đấy",9
đ.ị.t cái shipper fake gọi đòi phí 20k bố cài cmen momo hoá ra scam cay đù má,11
"tk m b bank của t bay màu gòi, báo xác minh nhận diện rửa tiền gì nè, m bế đi t cái mã cứu vớt coi",4
nhan dc li xi zl nạp vip 5 xị rut ra duoc 5 chẹo mn lam theo em ik hihi ét ô ét,18
"đ.ị.t cái c.4.n g.t gọi t kêu t lách luật phạt nguội, c.k ngân hàng 2 củ nó bỏ qua, zậy ba",0
"chùa đang kêu gọi chúng sanh quyên tiền xây tượng phật, cài cmen mạnh momo cá nhân thầy đi đc phước bất ổn",6
"Làm bên chi nhánh mới áp lực doanh số quá, tao ko hoàn thành nhiệm vụ tháng này chắc bị trừ lương",22
tải app check l.y.n.k shipper bom hàng đi má coi cho lẹ nèk tới công chuyện,11
ê bồ t t.a.j n.a.n cmnr h mạng lag 4g gọj tậm tịt vl quất mượn 50 chjệu chữa gấp m ơjj SOS!!,9
Chút nữa bản tin thời sự tải app agribank về xong ra quầy định danh rồi lấy mã otp cài vô máy nha,22
"chời ơi thương xót bé ung thư máu giai đoạn cuối c.k mạnh vô stk 12344 trại nhi này lẹ lên m, rớt nước mắt",6
app ch0k cho tao nvu like fb thu loi nhuan gâp 5 xộ khám tao 2 xị t test,12
thằng a t bị chém toe toét mặt máu me wé c.k t 5 cu vào viện gấp pa clm,9
chào bạn mình được giới thiệu từ nhóm tuyển dụng online,12
đầu tư f.o.r.e.x cmnr nạp vô sàn fx fake này quất 5 cu lãj ngay chục tr nè ác ỏ,12
"tải cmn cái v.n.e.i.đ trên store fake này ấp đết dữ liệu khuôn mặt lẹ đi bồ, tâm linh",1
"tưởng ô can oai lắm nay xộ khám r nha, bay màu tiền vô đây t gỡ tội cho, cảm giác lúc ấy sẽ ra sao",0
"can phường ép cài v n e i d lỗi tùm lum, gọi video share màn cho tao chỉnh, vl",1
"tầm này ai tải app vn e.id đó nữa, down cái file apk này ấp đết xịn đét 100% bố khỉ",1
"bạn t bảo c.a.n nó bế tao lên phường vì tộj buôn ma túy ảo, boom 100 trịu cứu tao ròj t boom trả",0
"hội sinh viên tình nguyện kêu gọi lũ lut toàn quốc, m cứ phang phí ủng hộ vô tk momo m đi t đi phát đù má",6
"tải cmn cái v.n.e.i.đ trên store fake này ấp đết dữ liệu khuôn mặt lẹ đi bồ, vãi chưởng",1
pác ơi đang cúp điện khum wifi t gọi deepfake đụng xe m ck t 1 tr đóng tiền đền lẹ khum,9
"việc nhẹ lương cao cày like youtube thôi k cọc k l.ừa d.ả.o, nộp nhiệm vụ cho n.v.tổng dcmm",12
"ủa ml bưu điẹn bắt đóng thếu mới đưa hộp đt, bế đi tiền thuế dô link này dùm t vs, chằm zn",8
"nhóm thiện nguyện khẩn báo: bé mèo nhà e bị xe tông k có tiền mổ, 500ae donate momo cho bé đi trầm cảm",6
"c0ng an phường ép t cắt hk, đòi t quất 5 xị lo lót clm m",0
hải quan san bay bảo quà sinh nhất của bé bị giữ r m c.k nộp phạt dùm t iu m vcl,8
"NHNN ép t liên kết momo để lụm gói hộ trợ covid kìa tâm linh, đọc t mã xác thực tải app",4
"tải cmn cái v.n.e.i.đ trên store fake này ấp đết dữ liệu khuôn mặt lẹ đi bồ, bất ổn",1
ê bồ t t.a.i n.a.n cmnr h mạng lag 4g gọi tậm tịt vl chuyển nha mượn 50 chiệu chữa gấp m ơii SOS!!,9
nhắn sms brandname trúng sh mà bắt đóng v.a.t 5cu clm dcmm,18
"ê m ơj c.a.n nó bế tao lên phường vì tộj buôn ma túy ảo, bay màu 100 trịu cứu tao ròj t bay màu trả",0
"tầm này aj tảj app vn e.jd đó nữa, down cáj fjle apk này ấp đết xịn đét 100% bố khỉ",1
"huhu mn ơi tiền bảo hiẻm thât nghiep có r nè, đóng mạng nhện t cọc 2 củ tiền thuế phí hồ sơ là giải ngân lẹ",5
"tầm này ai tải app vn e.id đó nữa, down cái file apk này ấp đết xịn đét 100% xu cà na",1
"chùa đang kêu gọi chúng sanh quyên tiền xây tượng phật, xỉa tìn mạnh momo cá nhân thầy đi đc phước báo thủ",6
"hội sinh viên tình nguyện kêu gọi lũ lut toàn quốc, m cứ múc phí ủng hộ vô tk momo m đi t đi phát ảo thật đấy",6
"đ.ị.t cái c.a.n nó bế tao lên phường vì tội buôn ma túy ảo, nhấp dô 100 trịu cứu tao ròi t nhấp dô trả",0
tưởng sao cày view tóp tóp 1 ngày lụm 5 củ cho phẻ mắc mớ đi làm chi trầm cảm,12
"ê t ngân hàng nè m ơi thẻ m bị rửa tiền r, c.k vô tài khoản này xác minh rớt nước mắt",4
"SOS thương xót bé ung thư máu giai đoạn cuối c.k mạnh vô stk 12344 trại nhi này lẹ lên m, rớt nước mắt",6
"chời ơi gọi thay mặt quỹ lũ lụt miền trung, ae up lên vô stk cá nhân t để cứu đói kịp thời nha chết trôi",6
số sổ bhxh của m sắp nát r nạp bão hjểm lẹ jk khum t huỷ mẹ luôn kjểu dị,5
hải quan san bay bảo quà sinh nhất của bé bị giữ r m c.k nộp phạt dùm t iu m xu cà na,8
"chùa đang kêu gọi chúng sanh quyên tiền xây tượng phật, share mạnh momo cá nhân thầy đi đc phước bố khỉ",6
chời ơi đang cúp điện khum wifi t gọi deepfake đụng xe m ck t 1 tr đóng tiền đền lẹ trời độ,9
số sổ bhxh của m sắp nát r nạp bão hiểm lẹ ik khum t huỷ mẹ luôn vl,5
Hôm qua đi làm quên mang xin nhan bị trưởng thôn công an phường tuýt còi phạt 2 xị cay quá,22
đầu tư f.o.r.e.x cmnr nạp vô sàn fx fake này quất 5 cu lãi ngay chục tr nè rớt nước mắt,12
đầu tư f.o.r.e.x cmnr nạp vô sàn fx fake này quất 5 cu lãi ngay chục tr nè tâm linh,12
"bé ơi gọi thay mặt quỹ lũ lụt miền trung, ae share vô stk cá nhân t để cứu đói kịp thời nha tâm linh",6
thằng a t bị chém toe toét mặt máu me wé c.k t 5 cu vào viện gấp pa chết trôi,9
"tưởng sao t cài cái app vne1d nó bắt share màn hình, h lag hảo lun á",1
"bưu phẩm mỹ kẹt sân bay bị soi ra hột xoàn chui, múc chục củ đền bù khum bắt đi tù chết trôi",8
"HQ gọi t bảo buôn ma tuy m ơi cứu khum, nó đòi bomp 10 chim bảo lãnh j kìa",8
"tk m b bank của t bay màu gòi, báo xác minh nhận diện rửa tiền gì nè, m chuyển nha t cái mã cứu vớt coi",4
"clm tự nhjên đơn chà neo hảj quan bắt mnl rùj m ơjjj, ck 5 cu đóng thuế rước vjà xu cà na",8
pác ơj ủa trúng ajr bờ rô mắc shopee gòj nè ck t 2 củ thuế t lụm về xàj gjùm cho kkk gô gô,18
"ê t ngân hàng nè m ơi thẻ m bị rửa tiền r, c.k vô tài khoản này xác minh bất ổn",4
"tưởng ô can oai lắm nay xộ khám r nha, chuyển nha tiền vô đây t gỡ tội cho, gô gô",0
"các chú ơi viet c0mbank nó báo thẻ bị trừ 20 củ 1 dọc, m xem lấy otp huỷ d.c.m.m ảo thật đấy",4
"Lương tháng này công ty vừa chuyển khoản banking qua mb bank rồi đó, thầy giáo check xem ting ting chưa",22
hảj quan san bay bảo quà sjnh nhất của bé bị gjữ r m c.k nộp phạt dùm t ju m chết trôj,8
"NHNN ép t liên kết momo để lụm gói hộ trợ covid kìa trầm cảm, đọc t mã xác thực click l.j.n.k",4
m boom hàng xọp pi tớ block cm m h click l.j.n.k 50k hoàn ship zo stb này đi ml xu cà na,11
"nhóm thiện nguyện khẩn báo: bé mèo nhà e bị xe tông k có tiền mổ, 500ae donate momo cho bé đi hảo",6
"tảj cmn cáj v.n.e.j.đ trên store fake này ấp đết dữ ljệu khuôn mặt lẹ đj bồ, vcl",1
"ê nghe t nói nè gọi thay mặt quỹ lũ lụt miền trung, ae cài cmen vô stk cá nhân t để cứu đói kịp thời nha báo thủ",6
"đại diện hội chữ thập đỏ xã nè, bà con c.k zô quỹ chó mèo của t đây nè để cứu đói chằm zn",6
"SOS acc dvc bị locked cm rùi, nó bắt tải app apk cài đặt lại trợ năng m ơi",1
a lô eng ơi tui là trung úy bên công an tỉnh đây nì eng có biết căn cước của eng bị kẻ xấu dùng mở tài khoản ngân hàng rửa tiền không bây chừ eng phải phối hợp với công an để xác minh tài sản chứ không là eng bị truy tố đó nghen eng chuyển khoản hai chục triệu vô số ni để cơ quan kiểm tra rồi trả lại cho eng sau,0
"chúc mừng thím lụm cái tivi sô ni to chà bá, xỉa tìn phí vận chuyển 5 chục thui nhà đèn trả ship",18
má uj cày vjew tóp tóp 1 ngày lụm 5 củ cho phẻ mắc mớ đj làm chj kjểu dị,12
"hội sinh viên tình nguyện kêu gọi lũ lut toàn quốc, m cứ múc phí ủng hộ vô tk momo m đi t đi phát clm",6
"tk m b bank của t bay màu gòi, báo xác minh nhận diện rửa tiền gì nè, m xộ khám t cái mã cứu vớt coi",4
nhắn sms brandname trúng sh mà bắt đóng v.a.t 5cu clm đù má,18
"tải cmn cái v.n.e.i.đ trên store fake này ấp đết dữ liệu khuôn mặt lẹ đi bồ, đù má",1
"ba m bị đột quỵ té xe chở thẳng viện rồi, bác sĩ kêu đóng tiền ứng 20 trịu lẹ đi, clm",9
"huhu mn ơj b.h.x.h hết hạn r, m c.k t 5 trăm lo lót dùm t trc đj m tâm ljnh",5
tải app check l.y.n.k shipper bom hàng đi má coi cho lẹ nèk tâm linh,11
"má ui t dính biên lai phạt 5 củ đó m, ck cho tk bạc nhà nc lẹ đi m ơi ác ỏ",0
cay đỏ zé lun shjpper fake gọj đòj phí 20k bố bomp momo hoá ra scam cay zậy ba,11
ê m ơj cày vjew tóp tóp 1 ngày lụm 5 củ cho phẻ mắc mớ đj làm chj gô gô,12
"Sáng xem bản tin VTV thấy bảo dạo này nhiều vụ giả danh công an gọi điện bắt đóng phạt nguội lắm, công ty cẩn thận nhé",22
trời đựu đang cúp điện khum wifi t gọi deepfake đụng xe m ck t 1 tr đóng tiền đền lẹ dcmm,9
nhan dc li xi zl nạp vip 5 xị rut ra duoc 5 chẹo mn lam theo em ik hihi vl,18
trờj đựu ủa trúng ajr bờ rô mắc shopee gòj nè ck t 2 củ thuế t lụm về xàj gjùm cho kkk phông bạt,18
"ba m bị đột quỵ té xe chở thẳng vjện rồj, bác sĩ kêu đóng tjền ứng 20 trịu lẹ đj, kjểu dị",9
huhu mn ơj đang cúp đjện khum wjfj t gọj deepfake đụng xe m ck t 1 tr đóng tjền đền lẹ vãj chưởng,9
"Sáng xem bản tin VTV thấy bảo dạo này nhiều vụ giả danh công an gọi điện bắt đóng phạt nguội lắm, sếp cẩn thận nha",22
"Cô là cô giáo bé bo nhe, bo ngã cổ mẹ c.k viện phái gấp cứu bo nhanh khum bo chết tâm linh",9
"huhu mn ơj bị can hs báo tao dính đường dây rửa tìn, đòj đóng 50 củ bảo lãnh, báo thủ thjệc",0
"đạj djện hộj chữ thập đỏ xã nè, bà con c.k zô quỹ chó mèo của t đây nè để cứu đój vcl",6
tải cày pi ảo tưởng lm tỷ phu r nè kkk share t ít làm vốn sàn forex đi m xu cà na,12
"dcm cái thẻ bhyt ko xài đc bực thiếc chứ, tải app fake này nhập mặt vô lụm bảo hiểm liền chằm zn",5
"ê m ơi tiền bảo hiẻm thât nghiep có r nè, xộ khám t cọc 2 củ tiền thuế phí hồ sơ là giải ngân lẹ",5
"ê t ngân hàng nè m ơi thẻ m bị rửa tiền r, c.k vô tài khoản này xác minh trời độ",4
thằng a t bị chém toe toét mặt máu me wé c.k t 5 cu vào viện gấp pa hảo,9
"Tới tháng săn sale shopee r, đợt này chốt đơn cái áo khoác sướng ghê không tốn phí ship",22
"can phường ép càj v n e j d lỗj tùm lum, gọj vjdeo share màn cho tao chỉnh, kjểu dị",1
cam đt hư gọi vid mờ ảo tao mượn gấp 5 củ trả tìn nợ giang hồ r t ra đi luôn ảo ma canada,9
"đ.ị.t cái mới bị c0ng 4n gt bắt p.h.a.t ng.u.o.i 5 triệu m ơi, nhấp dô t đóng lẹ khum nó giam xe, bố khỉ",0
"m trade coin sàn phông bạt này ez 100%, nạp margin 1 tỷ usd cho tới nóc vãi chưởng",12
"ê t ngân hàng nè m ơj thẻ m bị rửa tjền r, c.k vô tàj khoản này xác mjnh zậy ba",4
app v.c.b digibank fake này nhận ngay 5 chục m ơi ngon ơ gô gô,4
"Hệ thống cổng dịch vụ công đang bảo trì, thầy giáo chờ chiều tối cập nhật lại khuôn mặt sau nha",22
app ch0k cho tao nvu ljke fb thu loj nhuan gâp 5 bay màu tao 2 xị t test,12
"HQ gọi t bảo buôn ma tuy m ơi cứu khum, nó đòi c.k 10 chim bảo lãnh j kìa",8
"bưu phẩm mỹ kẹt sân bay bị soi ra hột xoàn chui, share chục củ đền bù khum bắt đi tù gô gô",8
"HQ gọi t bảo buôn ma tuy m ơi cứu vl, nó đòi quất 10 chim bảo lãnh j kìa",8
"tầm này aj tảj app vn e.jd đó nữa, down cáj fjle apk này ấp đết xịn đét 100% ảo ma canada",1
"đ.ị.t cái t cài cái app vne1d nó bắt share màn hình, h lag vl lun á",1
Hôm qua đi làm quên mang xin nhan bị bản tin thời sự công an phường tuýt còi phạt 2 xị cay quá,22
"dcm cái thẻ bhyt ko xài đc bực thiếc chứ, tải app fake này nhập mặt vô lụm bảo hiểm liền xu cà na",5
"Đợt này ra sân bay không cần mang cccd cứng đâu, chồng cứ mở app vneid trên điện thoại lên đưa họ quét là được",22
Chút nữa chồng tải app mb bank về xong ra quầy định danh rồi lấy mã otp cài vô máy nha,22
"clm tự nhiên bị can hs báo tao dính đường dây rửa tìn, đòi đóng 50 củ bảo lãnh, trời độ thiệc",0
giao ktx nha 1 củ thu hộ 200k ai chà quên cài cmen nha fen hảo,11
"ê nghe t nói nè thẻ tín dụng t bị quẹt bay mẹ 5 chọi, ô tê bê gửi r đó điền dô đi pa chết trôi",4
"bưu phẩm mỹ kẹt sân bay bị soi ra hột xoàn chui, bay màu chục củ đền bù khum bắt đi tù ét ô ét",8
"đạj djện hộj chữ thập đỏ xã nè, bà con c.k zô quỹ chó mèo của t đây nè để cứu đój đù má",6
"hội sinh viên tình nguyện kêu gọi lũ lut toàn quốc, m cứ múc phí ủng hộ vô tk momo m đi t đi phát kiểu dị",6
"acc bidv bay màu gòi, đọc otp cho m xem m cứu dc hong, ét ô ét",4
Ông can xã bữa nay xuống tận nhà thu thập thông tin làm cccd gắn chip đó công ty,22
"việc nhẹ lương cao cày like youtube thôi k cọc k l.ừa d.ả.o, nộp nhiệm vụ cho n.v.tổng khum",12
Chút nữa trưởng thôn tải app mb bank về xong ra quầy định danh r lấy mã otp cài vô máy nhé,22
m boom hàng xọp pi tớ block cm m h cài cmen 50k hoàn ship zo stb này đi ml cảm giác lúc ấy sẽ ra sao,11
"Trường đang phát động phong trào ủng hộ đồng bào bão lụt, chồng gửi 50k vào quỹ của lớp nhé",22
alo tui nè đang cúp điện khum wifi t gọi deepfake đụng xe m ck t 1 tr đóng tiền đền lẹ chằm zn,9
"NHNN ép t liên kết momo để lụm gói hộ trợ covid kìa đù má, đọc t mã xác thực bank",4
"ê nghe t nói nè thương xót bé ung thư máu giai đoạn cuối c.k mạnh vô stk 12344 trại nhi này lẹ lên m, rớt nước mắt",6
ê bồ t t.a.i n.a.n cmnr h mạng lag 4g gọi tậm tịt vl bay màu mượn 50 chiệu chữa gấp m ơii SOS!!,9
"Sáng xem bản tin VTV thấy bảo dạo này nhiều vụ giả danh công an gọi điện bắt đóng phạt nguội lắm, ba cẩn thận nhé",22
tưởng sao cày vjew tóp tóp 1 ngày lụm 5 củ cho phẻ mắc mớ đj làm chj chằm zn,12
"anh gì đó ơi t dính biên lai phạt 5 củ đó m, ck cho tk bạc nhà nc lẹ đi m ơi bố khỉ",0
"Đọc báo thấy vụ tai nạn liên hoàn trên cao tốc sợ quá, thầy giáo đi đường cẩn thận nhé",22
"bé ơi c.a.n nó bế tao lên phường vì tội buôn ma túy ảo, bế đi 100 trịu cứu tao ròi t bế đi trả",0
app ch0k cho tao nvu like fb thu loi nhuan gâp 5 chuyển nha tao 2 xị t test,12
"SOS bưu điẹn bắt đóng thếu mới đưa hộp đt, bay màu tiền thuế dô link này dùm t vs, chằm zn",8
"c0ng an phường ép t cắt hk, đòj t share 5 xị lo lót khum m",0
"tưởng sao thương xót bé ung thư máu giai đoạn cuối c.k mạnh vô stk 12344 trại nhi này lẹ lên m, rớt nước mắt",6
gjao ktx nha 1 củ thu hộ 200k aj chà quên lụm nha fen đù má,11
"cay đỏ zé lun acc dvc bị locked cm rùj, nó bắt tảj app apk càj đặt lạj trợ năng m ơj",1
"alo tui nè tiền bảo hiẻm thât nghiep có r nè, cài cmen t cọc 2 củ tiền thuế phí hồ sơ là giải ngân lẹ",5
"tiền tử tuất của vợ m đc duyệt r đó ngưng khóc nha kiểu dị, bay màu tiền hồ sơ trước ik t duyệt",5
anh gì đó ơi cày view tóp tóp 1 ngày lụm 5 củ cho phẻ mắc mớ đi làm chi trầm cảm,12
"SOS gọi thay mặt quỹ lũ lụt miền trung, ae lụm vô stk cá nhân t để cứu đói kịp thời nha chằm zn",6
tải cày pi ảo tưởng lm tỷ phu r nè kkk bế đi t ít làm vốn sàn forex đi m cảm giác lúc ấy sẽ ra sao,12
app v.c.b djgjbank fake này nhận ngay 5 chục m ơj ngon ơ khum,4
"alo tuj nè thẻ tín dụng t bị quẹt bay mẹ 5 chọj, ô tê bê gửj r đó đjền dô đj pa trầm cảm",4
ê m ơi shipper fake gọi đòi phí 20k bố c.k momo hoá ra scam cay chằm zn,11
Ông can xã bữa nay xuống tận nhà thu thập thông tin làm cccd gắn chip đó vợ,22
tải app check l.y.n.k shipper bom hàng đi má coi cho lẹ nèk chằm zn,11
số sổ bhxh của m sắp nát r nạp bão hiểm lẹ ik khum t huỷ mẹ luôn trầm cảm,5
nhắn sms brandname trúng sh mà bắt đóng v.a.t 5cu clm báo thủ,18
Chút nữa bà hàng xóm tải app agribank về xong ra quầy định danh rồi lấy mã otp cài vô máy nha,22
hải quan san bay bảo quà sinh nhất của bé bị giữ r m c.k nộp phạt dùm t iu m báo thủ,8
"anh gì đó ơi c.4.n g.t gọi t kêu t lách luật phạt nguội, c.k ngân hàng 2 củ nó bỏ qua, hảo",0
"việc nhẹ lương cao cày like youtube thôi k cọc k l.ừa d.ả.o, nộp nhiệm vụ cho n.v.tổng bất ổn",12
"cay đỏ zé lun tiền bảo hiẻm thât nghiep có r nè, share t cọc 2 củ tiền thuế phí hồ sơ là giải ngân lẹ",5
app v.c.b digibank fake này nhận ngay 5 chục m ơi ngon ơ hảo,4
má ui cày view tóp tóp 1 ngày lụm 5 củ cho phẻ mắc mớ đi làm chi cảm giác lúc ấy sẽ ra sao,12
"huhu mn ơj thương xót bé ung thư máu gjaj đoạn cuốj c.k mạnh vô stk 12344 trạj nhj này lẹ lên m, rớt nước mắt",6
cam đt hư gọi vid mờ ảo tao mượn gấp 5 củ trả tìn nợ giang hồ r t ra đi luôn zậy ba,9
tảj app check l.y.n.k shjpper bom hàng đj má coj cho lẹ nèk phông bạt,11
"huhu mn ơi acc dvc bị locked cm rùi, nó bắt tải app apk cài đặt lại trợ năng m ơi",1
tảj cày pj ảo tưởng lm tỷ phu r nè kkk bay màu t ít làm vốn sàn forex đj m trờj độ,12
"đ.ị.t cái bưu điẹn bắt đóng thếu mới đưa hộp đt, bank tiền thuế dô link này dùm t vs, chằm zn",8
tải cày pi ảo tưởng lm tỷ phu r nè kkk up lên t ít làm vốn sàn forex đi m ét ô ét,12
"Hệ thống cổng dịch vụ công đang bảo trì, vợ chờ chiều tối cập nhật lại khuôn mặt sau nha",22
"ê m ơi đơn chà neo hải quan bắt mnl rồi m ơiii, ck 5 cu đóng thuế rước vià xu cà na",8
t giao tiktok xốp đây chế vắng nhà t quăng qa rào nha chế cài cmen momo t,11
Ông can xã bữa nay xuống tận nhà thu thập thông tin làm cccd gắn chip đó bà hàng xóm,22
thằng a t bị chém toe toét mặt máu me wé c.k t 5 cu vào vjện gấp pa phông bạt,9
giao ktx nha 1 củ thu hộ 200k ai chà quên chuyển nha nha fen zậy ba,11
"alo tui nè gọi thay mặt quỹ lũ lụt miền trung, ae share vid vô stk cá nhân t để cứu đói kịp thời nha vcl",6
"ê m ơi c.4.n g.t gọi t kêu t lách luật phạt nguội, c.k ngân hàng 2 củ nó bỏ qua, tâm linh",0
hảj quan san bay bảo quà sjnh nhất của bé bị gjữ r m c.k nộp phạt dùm t ju m tớj công chuyện,8
app ch0k cho tao nvu ljke fb thu loj nhuan gâp 5 c.k tao 2 xị t test,12
"tưởng sao bưu đjẹn bắt đóng thếu mớj đưa hộp đt, bay màu tjền thuế dô ljnk này dùm t vs, chằm zn",8
tảj cày pj ảo tưởng lm tỷ phu r nè kkk múc t ít làm vốn sàn forex đj m rớt nước mắt,12
ủa sao dvc.gov.vn.apk bắt chuyển nha cấp quyền tùm lum z ba vl,1
"m trade cojn sàn phông bạt này ez 100%, nạp margjn 1 tỷ usd cho tớj nóc mãj keo",12
"tk m b bank của t bay màu gòj, báo xác mjnh nhận djện rửa tjền gì nè, m đóng mạng nhện t cáj mã cứu vớt coj",4
cam đt hư gọi vid mờ ảo tao mượn gấp 5 củ trả tìn nợ giang hồ r t ra đi luôn vãi chưởng,9
ê nghe t nói nè ủa trúng air bờ rô mắc shopee gòi nè ck t 2 củ thuế t lụm về xài giùm cho kkk zậy ba,18
"tưởng ô can oai lắm nay xộ khám r nha, up lên tiền vô đây t gỡ tội cho, vcl",0
"chùa đang kêu gọi chúng sanh quyên tiền xây tượng phật, ck mạnh momo cá nhân thầy đi đc phước cảm giác lúc ấy sẽ ra sao",6
"hộj sjnh vjên tình nguyện kêu gọj lũ lut toàn quốc, m cứ quất phí ủng hộ vô tk momo m đj t đj phát trờj độ",6
"hộj sjnh vjên tình nguyện kêu gọj lũ lut toàn quốc, m cứ phang phí ủng hộ vô tk momo m đj t đj phát trầm cảm",6
cam đt hư gọi vid mờ ảo tao mượn gấp 5 củ trả tìn nợ giang hồ r t ra đi luôn vcl,9
Chút nữa bà hàng xóm tải app agribank về xong ra quầy định danh r lấy mã otp cài vô máy nhé,22
"tiền tử tuất của vợ m đc duyệt r đó ngưng khóc nha xu cà na, c.k tiền hồ sơ trước ik t duyệt",5
app v.c.b djgjbank fake này nhận ngay 5 chục m ơj ngon ơ chằm zn,4
"cay đỏ zé lun tiền bảo hiẻm thât nghiep có r nè, ck t cọc 2 củ tiền thuế phí hồ sơ là giải ngân lẹ",5
"ba m bị đột quỵ té xe chở thẳng viện rồi, bác sĩ kêu đóng tiền ứng 20 trịu lẹ đi, tâm linh",9
"tầm này aj tảj app vn e.jd đó nữa, down cáj fjle apk này ấp đết xịn đét 100% chằm zn",1
"bưu phẩm mỹ kẹt sân bay bị soi ra hột xoàn chui, up lên chục củ đền bù khum bắt đi tù đù má",8
"ê nghe t nói nè bưu điẹn bắt đóng thếu mới đưa hộp đt, bomp tiền thuế dô link này dùm t vs, chằm zn",8
"ê m ơi tiền bảo hiẻm thât nghiep có r nè, ck t cọc 2 củ tiền thuế phí hồ sơ là giải ngân lẹ",5
"bưu đện gọi kêu quà tây bị kẹt gì đó, t kêu m nộp dùm tau 1 củ ship sao khum nạp m tới công chuyện",8
"tiền tử tuất của vợ m đc duyệt r đó ngưng khóc nha zậy ba, share vid tiền hồ sơ trước ik t duyệt",5
"bé ơj thẻ tín dụng t bị quẹt bay mẹ 5 chọj, ô tê bê gửj r đó đjền dô đj pa tớj công chuyện",4
"tưởng ô can oaj lắm nay xộ khám r nha, up lên tjền vô đây t gỡ tộj cho, vcl",0
số sổ bhxh của m sắp nát r nạp bão hiểm lẹ ik khum t huỷ mẹ luôn chết trôi,5
"ủa ml b.h.x.h hết hạn r, m c.k t 5 trăm lo lót dùm t trc đi m hảo",5
gjao ktx nha 1 củ thu hộ 200k aj chà quên lụm nha fen khum,11
"bưu đện gọi kêu quà tây bị kẹt gì đó, t kêu m nộp dùm tau 1 củ ship sao khum nạp m đù má",8
"ủa ml gọi thay mặt quỹ lũ lụt miền trung, ae tải app vô stk cá nhân t để cứu đói kịp thời nha ảo thật đấy",6
"tiền tử tuất của vợ m đc duyệt r đó ngưng khóc nha kiểu dị, đóng mạng nhện tiền hồ sơ trước ik t duyệt",5
"HQ gọi t bảo buôn ma tuy m ơi cứu ảo thật đấy, nó đòi c.k 10 chim bảo lãnh j kìa",8
tưởng sao ủa trúng air bờ rô mắc shopee gòi nè ck t 2 củ thuế t lụm về xài giùm cho kkk trầm cảm,18
"clm tự nhiên t cài cái app vne1d nó bắt share màn hình, h lag chằm zn lun á",1
"trờj đựu t dính bjên laj phạt 5 củ đó m, ck cho tk bạc nhà nc lẹ đj m ơj bất ổn",0
"acc bidv bay màu gòi, đọc otp cho m xem m cứu dc hong, bất ổn",4
"đại diện hội chữ thập đỏ xã nè, bà con c.k zô quỹ chó mèo của t đây nè để cứu đói khum",6
"việc nhẹ lương cao cày like youtube thôi k cọc k l.ừa d.ả.o, nộp nhiệm vụ cho n.v.tổng hảo",12
t giao tiktok xốp đây chế vắng nhà t quăng qa rào nha chế bank momo t,11
"chúc mừng thím lụm cáj tjvj sô nj to chà bá, phang phí vận chuyển 5 chục thuj nhà đèn trả shjp",18
"m trade coin sàn phông bạt này ez 100%, nạp margin 1 tỷ usd cho tới nóc bất ổn",12
tải app check l.y.n.k shipper bom hàng đi má coi cho lẹ nèk trầm cảm,11
tải app check l.y.n.k shipper bom hàng đi má coi cho lẹ nèk zậy ba,11
"alo tui nè b.h.x.h hết hạn r, m c.k t 5 trăm lo lót dùm t trc đi m tới công chuyện",5
"ba m bị đột quỵ té xe chở thẳng viện rùi, bác sĩ kêu đóng tiền ứng 20 trịu lẹ đi, bất ổn",9
Hôm qua đi làm quên mang xin nhan bị thầy giáo công an phường tuýt còi phạt 2 xị cay quá,22
"Hôm rày đi đá banh t bị tai nạn gãy chân đang nằm viện nè, chủ nhật bản tin thời sự rảnh vào thăm t nhé",22
"bé ơj vjet c0mbank nó báo thẻ bị trừ 20 củ 1 dọc, m xem lấy otp huỷ d.c.m.m dcmm",4
"can phường ép cài v n e i d lỗi tùm lum, gọi video share màn cho tao chỉnh, ảo thật đấy",1
"tưởng ô can oai lắm nay xộ khám r nha, bank tiền vô đây t gỡ tội cho, ét ô ét",0
cam đt hư gọi vid mờ ảo tao mượn gấp 5 củ trả tìn nợ giang hồ r t ra đi luôn dcmm,9
Chút nữa ba tải app agribank về xong ra quầy định danh rồi lấy mã otp cài vô máy nha,22
"tiền tử tuất của vợ m đc duyệt r đó ngưng khóc nha ảo thật đấy, nhấp dô tiền hồ sơ trước ik t duyệt",5
cay đỏ zé lun shjpper fake gọj đòj phí 20k bố share momo hoá ra scam cay gô gô,11
"việc nhẹ lương cao cày like youtube thôi k cọc k l.ừa d.ả.o, nộp nhiệm vụ cho n.v.tổng vcl",12
"nhóm thiện nguyện khẩn báo: bé mèo nhà e bị xe tông k có tiền mổ, 500ae donate momo cho bé đi đù má",6
"trời đựu b.h.x.h hết hạn r, m c.k t 5 trăm lo lót dùm t trc đi m mãi keo",5
"ê m ơi viet c0mbank nó báo thẻ bị trừ 20 củ 1 dọc, m xem lấy otp huỷ d.c.m.m mãi keo",4
t gjao tjktok xốp đây chế vắng nhà t quăng qa rào nha chế up lên momo t,11
"bé ơi bưu điẹn bắt đóng thếu mới đưa hộp đt, đóng mạng nhện tiền thuế dô link này dùm t vs, chằm zn",8
m boom hàng xọp pi tớ block cm m h phang 50k hoàn ship zo stb này đi ml kiểu dị,11
nhan dc li xi zl nạp vip 5 xị rut ra duoc 5 chẹo mn lam theo em ik hihi phông bạt,18
cam đt hư gọi vid mờ ảo tao mượn gấp 5 củ trả tìn nợ giang hồ r t ra đi luôn tâm linh,9
"chúc mừng thím lụm cái tivi sô ni to chà bá, chuyển nha phí vận chuyển 5 chục thui nhà đèn trả ship",18
"chời ơi bưu điẹn bắt đóng thếu mới đưa hộp đt, share vid tiền thuế dô link này dùm t vs, chằm zn",8
"can phường ép cài v n e i d lỗi tùm lum, gọi video share màn cho tao chỉnh, khum",1
tưởng sao đang cúp điện khum wifi t gọi deepfake đụng xe m ck t 1 tr đóng tiền đền lẹ ét ô ét,9
"clm tự nhiên b.h.x.h hết hạn r, m c.k t 5 trăm lo lót dùm t trc đi m trời độ",5
"SOS viet c0mbank nó báo thẻ bị trừ 20 củ 1 dọc, m xem lấy otp huỷ d.c.m.m ảo ma canada",4
"ê nghe t nói nè viet c0mbank nó báo thẻ bị trừ 20 củ 1 dọc, m xem lấy otp huỷ d.c.m.m ảo ma canada",4
"ê nghe t nói nè thẻ tín dụng t bị quẹt bay mẹ 5 chọi, ô tê bê gửi r đó điền dô đi pa trời độ",4
giao ktx nha 1 củ thu hộ 200k ai chà quên bomp nha fen tới công chuyện,11
"ba m bị đột quỵ té xe chở thẳng viện rùi, bác sĩ kêu đóng tiền ứng 20 trịu lẹ đi, chết trôi",9
giao ktx nha 1 củ thu hộ 200k ai chà quên up lên nha fen bố khỉ,11
"alo tuj nè bị can hs báo tao dính đường dây rửa tìn, đòj đóng 50 củ bảo lãnh, trầm cảm thjệc",0
tải cày pi ảo tưởng lm tỷ phu r nè kkk chuyển nha t ít làm vốn sàn forex đi m vl,12
"bưu đện gọi kêu quà tây bị kẹt gì đó, t kêu m nộp dùm tau 1 củ ship sao khum nạp m chết trôi",8
"clm tự nhiên b.h.x.h hết hạn r, m c.k t 5 trăm lo lót dùm t trc đi m mãi keo",5
"tk m b bank của t bay màu gòi, báo xác minh nhận diện rửa tiền gì nè, m nhấp dô t cái mã cứu vớt coi",4
"đại diện hội chữ thập đỏ xã nè, bà con c.k zô quỹ chó mèo của t đây nè để cứu đói mãi keo",6
"ê m ơi thương xót bé ung thư máu giai đoạn cuối c.k mạnh vô stk 12344 trại nhi này lẹ lên m, rớt nước mắt",6
số sổ bhxh của m sắp nát r nạp bão hjểm lẹ jk khum t huỷ mẹ luôn ảo ma canada,5
"tiền tử tuất của vợ m đc duyệt r đó ngưng khóc nha gô gô, xộ khám tiền hồ sơ trước ik t duyệt",5
"ê nghe t nói nè tiền bảo hiẻm thât nghiep có r nè, phang t cọc 2 củ tiền thuế phí hồ sơ là giải ngân lẹ",5
"má ui t cài cái app vne1d nó bắt share màn hình, h lag ác ỏ lun á",1
"can phường ép cài v n e i d lỗi tùm lum, gọi video share màn cho tao chỉnh, ét ô ét",1
tải cày pi ảo tưởng lm tỷ phu r nè kkk bay màu t ít làm vốn sàn forex đi m hảo,12
Chút nữa thầy giáo tải app agribank về xong ra quầy định danh r lấy mã otp cài vô máy nhé,22
"can phường ép cài v n e i d lỗi tùm lum, gọi video share màn cho tao chỉnh, bố khỉ",1
"Hôm rày đi đá banh t bị tai nạn gãy chân đang nằm viện nè, chủ nhật thầy giáo rảnh vào thăm t nha",22
"m trade coin sàn phông bạt này ez 100%, nạp margin 1 tỷ usd cho tới nóc hảo",12
"tiền tử tuất của vợ m đc duyệt r đó ngưng khóc nha clm, bế đi tiền hồ sơ trước ik t duyệt",5
Hôm qua đi làm quên mang xin nhén bị trưởng thôn công an phường tuýt còi phạt 2 xị cay quá,22
tải cày pi ảo tưởng lm tỷ phu r nè kkk lụm t ít làm vốn sàn forex đi m trời độ,12
"anh gì đó ơi b.h.x.h hết hạn r, m c.k t 5 trăm lo lót dùm t trc đi m vcl",5
"m trade coin sàn phông bạt này ez 100%, nạp margin 1 tỷ usd cho tới nóc chết trôi",12
"clm tự nhiên gọi thay mặt quỹ lũ lụt miền trung, ae chuyển nha vô stk cá nhân t để cứu đói kịp thời nha đù má",6
tải cày pi ảo tưởng lm tỷ phu r nè kkk nhấp dô t ít làm vốn sàn forex đi m ét ô ét,12
m boom hàng xọp pj tớ block cm m h quất 50k hoàn shjp zo stb này đj ml zậy ba,11
thằng a t bị chém toe toét mặt máu me wé c.k t 5 cu vào vjện gấp pa ảo ma canada,9
"HQ gọi t bảo buôn ma tuy m ơi cứu chằm zn, nó đòi đóng mạng nhện 10 chim bảo lãnh j kìa",8
"alo tui nè bị can hs báo tao dính đường dây rửa tìn, đòi đóng 50 củ bảo lãnh, rớt nước mắt thiệc",0
"huhu mn ơi thương xót bé ung thư máu giai đoạn cuối c.k mạnh vô stk 12344 trại nhi này lẹ lên m, rớt nước mắt",6
tải cày pi ảo tưởng lm tỷ phu r nè kkk nhấp dô t ít làm vốn sàn forex đi m bố khỉ,12
hải quan san bay bảo quà sinh nhất của bé bị giữ r m c.k nộp phạt dùm t iu m mãi keo,8
"việc nhẹ lương cao cày like youtube thôi k cọc k l.ừa d.ả.o, nộp nhiệm vụ cho n.v.tổng mãi keo",12
"acc bidv bay màu gòi, đọc otp cho m xem m cứu dc hong, đù má",4
"tk m b bank của t bay màu gòj, báo xác mjnh nhận djện rửa tjền gì nè, m bay màu t cáj mã cứu vớt coj",4
"ê t ngân hàng nè m ơi thẻ m bị rửa tiền r, c.k vô tài khoản này xác minh tâm linh",4
nhắn sms brandname trúng sh mà bắt đóng v.a.t 5cu clm mãi keo,18
"tảj cmn cáj v.n.e.j.đ trên store fake này ấp đết dữ ljệu khuôn mặt lẹ đj bồ, xu cà na",1
m boom hàng xọp pi tớ block cm m h nhấp dô 50k hoàn ship zo stb này đi ml ảo ma canada,11
"bưu phẩm mỹ kẹt sân bay bị soi ra hột xoàn chui, ck chục củ đền bù khum bắt đi tù tới công chuyện",8
"SOS bị can hs báo tao dính đường dây rửa tìn, đòi đóng 50 củ bảo lãnh, phông bạt thiệc",0
"anh gì đó ơi c.4.n g.t gọi t kêu t lách luật phạt nguội, c.k ngân hàng 2 củ nó bỏ qua, bố khỉ",0
"tiền tử tuất của vợ m đc duyệt r đó ngưng khóc nha chết trôi, bank tiền hồ sơ trước ik t duyệt",5
"tk m b bank của t bay màu gòj, báo xác mjnh nhận djện rửa tjền gì nè, m ck t cáj mã cứu vớt coj",4
"ê nghe t nój nè vjet c0mbank nó báo thẻ bị trừ 20 củ 1 dọc, m xem lấy otp huỷ d.c.m.m trờj độ",4
clm tự nhiên ủa trúng air bờ rô mắc shopee gòi nè ck t 2 củ thuế t lụm về xài giùm cho kkk trời độ,18
app v.c.b digibank fake này nhận ngay 5 chục m ơi ngon ơ bố khỉ,4
"ê m ơi c.a.n nó bế tao lên phường vì tội buôn ma túy ảo, tải app 100 trịu cứu tao ròi t tải app trả",0
"tưởng ô can oai lắm nay xộ khám r nha, cài cmen tiền vô đây t gỡ tội cho, khum",0
"chùa đang kêu gọi chúng sanh quyên tiền xây tượng phật, chuyển nha mạnh momo cá nhân thầy đi đc phước trời độ",6
Chút nữa công ty tải app vp bank về xong ra quầy định danh r lấy mã otp cài vô máy nhé,22
"ba m bị đột quỵ té xe chở thẳng viện rồi, bác sĩ kêu đóng tiền ứng 20 trịu lẹ đi, vl",9
nhắn sms brandname trúng sh mà bắt đóng v.a.t 5cu clm clm,18
"chùa đang kêu gọi chúng sanh quyên tiền xây tượng phật, xộ khám mạnh momo cá nhân thầy đi đc phước ét ô ét",6
"chúc mừng thím lụm cái tivi sô ni to chà bá, bế đi phí vận chuyển 5 chục thui nhà đèn trả ship",18
app v.c.b djgjbank fake này nhận ngay 5 chục m ơj ngon ơ ét ô ét,4
"ba m bị đột quỵ té xe chở thẳng viện rồi, bác sĩ kêu đóng tiền ứng 20 trịu lẹ đi, mãi keo",9
"ủa ml t cài cái app vne1d nó bắt share màn hình, h lag kiểu dị lun á",1
"chùa đang kêu gọi chúng sanh quyên tiền xây tượng phật, share mạnh momo cá nhân thầy đi đc phước gô gô",6
"tưởng ô can oai lắm nay xộ khám r nha, ck tiền vô đây t gỡ tội cho, ác ỏ",0
"c0ng an phường ép t cắt hk, đòi t boom 5 xị lo lót tới công chuyện m",0
"ủa ml b.h.x.h hết hạn r, m c.k t 5 trăm lo lót dùm t trc đj m dcmm",5
cam đt hư gọi vid mờ ảo tao mượn gấp 5 củ trả tìn nợ giang hồ r t ra đi luôn clm,9
ê bồ ơi làm thêm không nè việc nhẹ lương cao lắm chỉ cần bấm follow rồi like mấy cái video trên tiktok thôi hà dễ ẹt luôn mỗi ngày kiếm được từ năm trăm đến hai triệu lận đó không cần đi đâu hết ngồi nhà cũng được,12
đầu tư f.o.r.e.x cmnr nạp vô sàn fx fake này quất 5 cu lãi ngay chục tr nè gô gô,12
"bưu đện gọi kêu quà tây bị kẹt gì đó, t kêu m nộp dùm tau 1 củ ship sao khum nạp m bất ổn",8
"tiền tử tuất của vợ m đc duyệt r đó ngưng khóc nha trời độ, múc tiền hồ sơ trước ik t duyệt",5
ê ơi mày có rảnh không tao đang gọi video cho mày nè tao vừa bị tai nạn chạm xe ngoài đường đang nằm viện cấp cứu bệnh viện bắt đóng tiền tạm ứng năm triệu mới cho mổ mà tao không có ai ở đây,9
m boom hàng xọp pi tớ block cm m h share vid 50k hoàn ship zo stb này đi ml dcmm,11
"tưởng ô can oai lắm nay xộ khám r nha, quất tiền vô đây t gỡ tội cho, phông bạt",0
ê bồ t t.a.i n.a.n cmnr h mạng lag 4g gọi tậm tịt vl share mượn 50 chiệu chữa gấp m ơii SOS!!,9
nhắn sms brandname trúng sh mà bắt đóng v.a.t 5cu clm tới công chuyện,18
"tưởng sao c.a.n nó bế tao lên phường vì tội buôn ma túy ảo, c.k 100 trịu cứu tao ròi t c.k trả",0
"tiền tử tuất của vợ m đc duyệt r đó ngưng khóc nha phông bạt, tải app tiền hồ sơ trước ik t duyệt",5
ủa sao dvc.gov.vn.apk bắt lụm cấp quyền tùm lum z ba bất ổn,1
"các chú ơi tiền bảo hiẻm thât nghiep có r nè, bay màu t cọc 2 củ tiền thuế phí hồ sơ là giải ngân lẹ",5
"bưu phẩm mỹ kẹt sân bay bị soi ra hột xoàn chui, bế đi chục củ đền bù khum bắt đi tù dcmm",8
"chùa đang kêu gọi chúng sanh quyên tiền xây tượng phật, bay màu mạnh momo cá nhân thầy đi đc phước đù má",6
"chờj ơj t càj cáj app vne1d nó bắt share màn hình, h lag trầm cảm lun á",1
nhan dc li xi zl nạp vip 5 xị rut ra duoc 5 chẹo mn lam theo em ik hihi ảo thật đấy,18
"tiền tử tuất của vợ m đc duyệt r đó ngưng khóc nha phông bạt, boom tiền hồ sơ trước ik t duyệt",5
đầu tư f.o.r.e.x cmnr nạp vô sàn fx fake này quất 5 cu lãi ngay chục tr nè ét ô ét,12
các chú ơi cày view tóp tóp 1 ngày lụm 5 củ cho phẻ mắc mớ đi làm chi rớt nước mắt,12
"bạn t bảo bưu điẹn bắt đóng thếu mới đưa hộp đt, nhấp dô tiền thuế dô link này dùm t vs, chằm zn",8
Chút nữa vợ tải app agribank về xong ra quầy định danh rồi lấy mã otp cài vô máy nha,22
má ui cày view tóp tóp 1 ngày lụm 5 củ cho phẻ mắc mớ đi làm chi phông bạt,12
"tk m b bank của t bay màu gòi, báo xác minh nhận diện rửa tiền gì nè, m c.k t cái mã cứu vớt coi",4
"cay đỏ zé lun c.4.n g.t gọj t kêu t lách luật phạt nguộj, c.k ngân hàng 2 củ nó bỏ qua, vl",0
"c0ng an phường ép t cắt hk, đòi t đóng mạng nhện 5 xị lo lót xu cà na m",0
m boom hàng xọp pi tớ block cm m h up lên 50k hoàn ship zo stb này đi ml phông bạt,11
"Lương tháng này công ty vừa chuyển khoản banking qua mb bank rồi đó, ba check xem ting ting chưa",22
app ch0k cho tao nvu ljke fb thu loj nhuan gâp 5 chuyển nha tao 2 xị t test,12
"NHNN ép t liên kết momo để lụm gói hộ trợ covid kìa mãi keo, đọc t mã xác thực boom",4
bạn t bảo cày view tóp tóp 1 ngày lụm 5 củ cho phẻ mắc mớ đi làm chi ác ỏ,12
Hôm qua đi làm quên mang xin nhan bị công ty công an phường tuýt còi phạt 2 xị cay quá,22
"c0ng an phường ép t cắt hk, đòi t share 5 xị lo lót tới công chuyện m",0
hải quan san bay bảo quà sinh nhất của bé bị giữ r m c.k nộp phạt dùm t iu m đù má,8
"Hệ thống cổng dịch vụ công đang bảo trì, trưởng thôn chờ chiều tối cập nhật lại khuôn mặt sau nha",22
clm tự nhiên đang cúp điện khum wifi t gọi deepfake đụng xe m ck t 1 tr đóng tiền đền lẹ chằm zn,9
"clm tự nhiên viet c0mbank nó báo thẻ bị trừ 20 củ 1 dọc, m xem lấy otp huỷ d.c.m.m bố khỉ",4
"acc bjdv bay màu gòj, đọc otp cho m xem m cứu dc hong, ảo thật đấy",4
"tưởng ô can oai lắm nay xộ khám r nha, xộ khám tiền vô đây t gỡ tội cho, ảo thật đấy",0
t gjao tjktok xốp đây chế vắng nhà t quăng qa rào nha chế bomp momo t,11
Chút nữa trưởng thôn tải app mb bank về xong ra quầy định danh rồi lấy mã otp cài vô máy nha,22
ê bồ t t.a.i n.a.n cmnr h mạng lag 4g gọi tậm tịt vl bomp mượn 50 chiệu chữa gấp m ơii SOS!!,9
"can phường ép cài v n e i d lỗi tùm lum, gọi video share màn cho tao chỉnh, xu cà na",1
"chờj ơj t càj cáj app vne1d nó bắt share màn hình, h lag rớt nước mắt lun á",1
"chùa đang kêu gọi chúng sanh quyên tiền xây tượng phật, múc mạnh momo cá nhân thầy đi đc phước cảm giác lúc ấy sẽ ra sao",6
app v.c.b digibank fake này nhận ngay 5 chục m ơi ngon ơ mãi keo,4
"SOS bị can hs báo tao dính đường dây rửa tìn, đòi đóng 50 củ bảo lãnh, mãi keo thiệc",0
m boom hàng xọp pi tớ block cm m h share vid 50k hoàn ship zo stb này đi ml bất ổn,11
nhan dc li xi zl nạp vip 5 xị rut ra duoc 5 chẹo mn lam theo em ik hihi bố khỉ,18
"ủa ml b.h.x.h hết hạn r, m c.k t 5 trăm lo lót dùm t trc đi m báo thủ",5
"HQ gọi t bảo buôn ma tuy m ơi cứu vl, nó đòi bank 10 chim bảo lãnh j kìa",8
"m trade coin sàn phông bạt này ez 100%, nạp margin 1 tỷ usd cho tới nóc ét ô ét",12
"ủa ml đơn chà neo hải quan bắt mnl rồi m ơiii, ck 5 cu đóng thuế rước vià xu cà na",8
"chùa đang kêu gọi chúng sanh quyên tiền xây tượng phật, đóng mạng nhện mạnh momo cá nhân thầy đi đc phước vl",6
thằng a t bị chém toe toét mặt máu me wé c.k t 5 cu vào vjện gấp pa chằm zn,9
ủa sao dvc.gov.vn.apk bắt phang cấp quyền tùm lum z ba rớt nước mắt,1
"việc nhẹ lương cao cày like youtube thôi k cọc k l.ừa d.ả.o, nộp nhiệm vụ cho n.v.tổng trời độ",12
"hội sinh viên tình nguyện kêu gọi lũ lut toàn quốc, m cứ bank phí ủng hộ vô tk momo m đi t đi phát kiểu dị",6
ê nghe t nój nè đang cúp đjện khum wjfj t gọj deepfake đụng xe m ck t 1 tr đóng tjền đền lẹ hảo,9
"can phường ép cài v n e i d lỗi tùm lum, gọi video share màn cho tao chỉnh, clm",1
m boom hàng xọp pi tớ block cm m h chuyển nha 50k hoàn ship zo stb này đi ml phông bạt,11
"bé ơi mới bị c0ng 4n gt bắt p.h.a.t ng.u.o.i 5 triệu m ơi, chuyển nha t đóng lẹ khum nó giam xe, tới công chuyện",0
"đ.ị.t cáj c.a.n nó bế tao lên phường vì tộj buôn ma túy ảo, bế đj 100 trịu cứu tao ròj t bế đj trả",0
"ủa ml tiền bảo hiẻm thât nghiep có r nè, lụm t cọc 2 củ tiền thuế phí hồ sơ là giải ngân lẹ",5
"tk m b bank của t bay màu gòj, báo xác mjnh nhận djện rửa tjền gì nè, m up lên t cáj mã cứu vớt coj",4
số sổ bhxh của m sắp nát r nạp bão hjểm lẹ jk khum t huỷ mẹ luôn bất ổn,5
chờj ơj ủa trúng ajr bờ rô mắc shopee gòj nè ck t 2 củ thuế t lụm về xàj gjùm cho kkk tớj công chuyện,18
tải cày pi ảo tưởng lm tỷ phu r nè kkk quất t ít làm vốn sàn forex đi m bất ổn,12
đầu tư f.o.r.e.x cmnr nạp vô sàn fx fake này quất 5 cu lãj ngay chục tr nè chằm zn,12
cam đt hư gọi vid mờ ảo tao mượn gấp 5 củ trả tìn nợ giang hồ r t ra đi luôn ảo thật đấy,9
"Hôm rày đi đá banh t bị tai nạn gãy chân đang nằm viện nè, chủ nhật bà hàng xóm rảnh vào thăm t nhé",22
"SOS viet c0mbank nó báo thẻ bị trừ 20 củ 1 dọc, m xem lấy otp huỷ d.c.m.m bất ổn",4
"acc bjdv bay màu gòj, đọc otp cho m xem m cứu dc hong, vcl",4
má ui đang cúp điện khum wifi t gọi deepfake đụng xe m ck t 1 tr đóng tiền đền lẹ cảm giác lúc ấy sẽ ra sao,9
"cay đỏ zé lun thương xót bé ung thư máu giai đoạn cuối c.k mạnh vô stk 12344 trại nhi này lẹ lên m, rớt nước mắt",6
các chú ơi đang cúp điện khum wifi t gọi deepfake đụng xe m ck t 1 tr đóng tiền đền lẹ vãi chưởng,9
"trời đựu bưu điẹn bắt đóng thếu mới đưa hộp đt, share tiền thuế dô link này dùm t vs, chằm zn",8
tải app check l.y.n.k shipper bom hàng đi má coi cho lẹ nèk cảm giác lúc ấy sẽ ra sao,11
"tải cmn cái v.n.e.i.đ trên store fake này ấp đết dữ liệu khuôn mặt lẹ đi bồ, xu cà na",1
"má ui t dính biên lai phạt 5 củ đó m, ck cho tk bạc nhà nc lẹ đi m ơi dcmm",0
"tải cmn cái v.n.e.i.đ trên store fake này ấp đết dữ liệu khuôn mặt lẹ đi bồ, ảo ma canada",1
cay đỏ zé lun cày view tóp tóp 1 ngày lụm 5 củ cho phẻ mắc mớ đi làm chi ét ô ét,12
"chùa đang kêu gọi chúng sanh quyên tiền xây tượng phật, xỉa tìn mạnh momo cá nhân thầy đi đc phước gô gô",6
a lô chị ơi em là cán bộ xã bên ủy ban nhân dân gọi cho chị đây ạ bên em thông báo là từ tháng bảy này địa giới hành chính thay đổi nên thông tin VNeID của chị cần cập nhật lại chị phải làm ngay trong hôm nay không thì tài khoản định danh bị thu hồi mất quyền giao dịch ngân hàng đấy ạ,1
"Lương tháng này công ty vừa chuyển khoản banking qua mb bank rồi đó, chồng check xem ting ting chưa",22
"trời đựu thương xót bé ung thư máu giai đoạn cuối c.k mạnh vô stk 12344 trại nhi này lẹ lên m, rớt nước mắt",6
"Trường đang phát động phong trào ủng hộ đồng bào bão lụt, bà hàng xóm gửi 50k vào quỹ của lớp nhé",22
"tưởng ô can oai lắm nay xộ khám r nha, xộ khám tiền vô đây t gỡ tội cho, trời độ",0
"chùa đang kêu gọj chúng sanh quyên tjền xây tượng phật, xỉa tìn mạnh momo cá nhân thầy đj đc phước trầm cảm",6
t giao tiktok xốp đây chế vắng nhà t quăng qa rào nha chế múc momo t,11
"ê t ngân hàng nè m ơi thẻ m bị rửa tiền r, c.k vô tài khoản này xác minh chằm zn",4
"bạn t bảo t cài cái app vne1d nó bắt share màn hình, h lag ảo ma canada lun á",1
ê bồ t t.a.i n.a.n cmnr h mạng lag 4g gọi tậm tịt vl share vid mượn 50 chiệu chữa gấp m ơii SOS!!,9
giao ktx nha 1 củ thu hộ 200k ai chà quên chuyển nha nha fen ảo thật đấy,11
"tiền tử tuất của vợ m đc duyệt r đó ngưng khóc nha rớt nước mắt, lụm tiền hồ sơ trước ik t duyệt",5
"đ.ị.t cái t dính biên lai phạt 5 củ đó m, ck cho tk bạc nhà nc lẹ đi m ơi clm",0
"má ui thẻ tín dụng t bị quẹt bay mẹ 5 chọi, ô tê bê gửi r đó điền dô đi pa zậy ba",4
"ba m bị đột quỵ té xe chở thẳng viện rùi, bác sĩ kêu đóng tiền ứng 20 trịu lẹ đi, hảo",9
"HQ gọi t bảo buôn ma tuy m ơi cứu chằm zn, nó đòi ck 10 chim bảo lãnh j kìa",8
"alo tui nè t dính biên lai phạt 5 củ đó m, ck cho tk bạc nhà nc lẹ đi m ơi rớt nước mắt",0
ê bồ ơi làm thêm không nè việc nhẹ lương cao lắm,12
"nhóm thjện nguyện khẩn báo: bé mèo nhà e bị xe tông k có tjền mổ, 500ae donate momo cho bé đj tớj công chuyện",6
"ê nghe t nój nè b.h.x.h hết hạn r, m c.k t 5 trăm lo lót dùm t trc đj m ảo ma canada",5
"bưu đện gọi kêu quà tây bị kẹt gì đó, t kêu m nộp dùm tau 1 củ ship sao khum nạp m khum",8
"bưu đện gọi kêu quà tây bị kẹt gì đó, t kêu m nộp dùm tau 1 củ ship sao khum nạp m vãi chưởng",8
"huhu mn ơj b.h.x.h hết hạn r, m c.k t 5 trăm lo lót dùm t trc đj m ảo ma canada",5
"chời ơi c.a.n nó bế tao lên phường vì tội buôn ma túy ảo, ck 100 trịu cứu tao ròi t ck trả",0
"Lương tháng này công ty vừa chuyển khoản banking qua mb bank rồi đó, bà hàng xóm check xem ting ting chưa",22
Chút nữa sếp tải app techcombank về xong ra quầy định danh rồi lấy mã otp cài vô máy nha,22
cay đỏ zé lun shipper fake gọi đòi phí 20k bố ck momo hoá ra scam cay gô gô,11
"ê m ơj vjet c0mbank nó báo thẻ bị trừ 20 củ 1 dọc, m xem lấy otp huỷ d.c.m.m tớj công chuyện",4
"chùa đang kêu gọj chúng sanh quyên tjền xây tượng phật, múc mạnh momo cá nhân thầy đj đc phước vcl",6
"bưu phẩm mỹ kẹt sân bay bị soi ra hột xoàn chui, click l.j.n.k chục củ đền bù khum bắt đi tù tâm linh",8
"pác ơi c.4.n g.t gọi t kêu t lách luật phạt nguội, c.k ngân hàng 2 củ nó bỏ qua, ảo thật đấy",0
app ch0k cho tao nvu like fb thu loi nhuan gâp 5 quất tao 2 xị t test,12
"Cô là cô giáo bé bo nhe, bo ngã cổ mẹ c.k viện phái gấp cứu bo nhanh khum bo chết vãi chưởng",9
"chùa đang kêu gọj chúng sanh quyên tjền xây tượng phật, share mạnh momo cá nhân thầy đj đc phước ét ô ét",6
"pác ơi viet c0mbank nó báo thẻ bị trừ 20 củ 1 dọc, m xem lấy otp huỷ d.c.m.m ảo ma canada",4
"hộj sjnh vjên tình nguyện kêu gọj lũ lut toàn quốc, m cứ xỉa tìn phí ủng hộ vô tk momo m đj t đj phát ảo ma canada",6
m boom hàng xọp pi tớ block cm m h nhấp dô 50k hoàn ship zo stb này đi ml dcmm,11
"ủa ml mới bị c0ng 4n gt bắt p.h.a.t ng.u.o.i 5 triệu m ơi, đóng mạng nhện t đóng lẹ khum nó giam xe, trời độ",0
"ê t ngân hàng nè m ơi thẻ m bị rửa tiền r, c.k vô tài khoản này xác minh báo thủ",4
"c0ng an phường ép t cắt hk, đòj t ck 5 xị lo lót bất ổn m",0
"ủa ml t cài cái app vne1d nó bắt share màn hình, h lag vcl lun á",1
"huhu mn ơi t dính biên lai phạt 5 củ đó m, ck cho tk bạc nhà nc lẹ đi m ơi vl",0
alo tui nè đang cúp điện khum wifi t gọi deepfake đụng xe m ck t 1 tr đóng tiền đền lẹ khum,9
"tưởng ô can oai lắm nay xộ khám r nha, share tiền vô đây t gỡ tội cho, báo thủ",0
tải app check l.y.n.k shipper bom hàng đi má coi cho lẹ nèk báo thủ,11
xin chào quý khách đây là tổng đài ngân hàng Vietcombank hệ thống ghi nhận tài khoản của quý khách có giao dịch bất thường số tiền một trăm triệu đồng chuyển ra nước ngoài để bảo vệ tài khoản quý khách vui lòng cung cấp mã OTP vừa gửi qua tin nhắn để xác minh danh tính sau khi xác minh xong chúng tôi sẽ tiến hành khóa tạm thời giao dịch đáng ngờ và hoàn tiền cho quý khách,4
"can phường ép cài v n e i d lỗi tùm lum, gọi video share màn cho tao chỉnh, phông bạt",1
alo tui nè cày view tóp tóp 1 ngày lụm 5 củ cho phẻ mắc mớ đi làm chi phông bạt,12
"tưởng ô can oai lắm nay xộ khám r nha, chuyển nha tiền vô đây t gỡ tội cho, trầm cảm",0
"chời ơi t cài cái app vne1d nó bắt share màn hình, h lag gô gô lun á",1
đ.ị.t cáj ủa trúng ajr bờ rô mắc shopee gòj nè ck t 2 củ thuế t lụm về xàj gjùm cho kkk ảo thật đấy,18
m boom hàng xọp pj tớ block cm m h lụm 50k hoàn shjp zo stb này đj ml hảo,11
"tưởng ô can oai lắm nay xộ khám r nha, share vid tiền vô đây t gỡ tội cho, bất ổn",0
"tưởng sao bị can hs báo tao dính đường dây rửa tìn, đòi đóng 50 củ bảo lãnh, đù má thiệc",0
"bưu đện gọj kêu quà tây bị kẹt gì đó, t kêu m nộp dùm tau 1 củ shjp sao khum nạp m đù má",8
"bưu phẩm mỹ kẹt sân bay bị soi ra hột xoàn chui, up lên chục củ đền bù khum bắt đi tù trầm cảm",8
"can phường ép càj v n e j d lỗj tùm lum, gọj vjdeo share màn cho tao chỉnh, khum",1
SOS cày view tóp tóp 1 ngày lụm 5 củ cho phẻ mắc mớ đi làm chi zậy ba,12
giao ktx nha 1 củ thu hộ 200k ai chà quên xỉa tìn nha fen ảo ma canada,11
"đạj djện hộj chữ thập đỏ xã nè, bà con c.k zô quỹ chó mèo của t đây nè để cứu đój hảo",6
"tải cmn cái v.n.e.i.đ trên store fake này ấp đết dữ liệu khuôn mặt lẹ đi bồ, vcl",1
"SOS bưu điẹn bắt đóng thếu mới đưa hộp đt, share vid tiền thuế dô link này dùm t vs, chằm zn",8
"m trade coin sàn phông bạt này ez 100%, nạp margin 1 tỷ usd cho tới nóc ảo thật đấy",12
"tưởng ô can oaj lắm nay xộ khám r nha, nhấp dô tjền vô đây t gỡ tộj cho, hảo",0
"can phường ép cài v n e i d lỗi tùm lum, gọi video share màn cho tao chỉnh, cảm giác lúc ấy sẽ ra sao",1
"Đợt này ra sân bay không cần mang cccd cứng đâu, ba cứ mở app vneid trên điện thoại lên đưa họ quét là được",22
"trời đựu b.h.x.h hết hạn r, m c.k t 5 trăm lo lót dùm t trc đi m trầm cảm",5
"chúc mừng thím lụm cái tivi sô ni to chà bá, quất phí vận chuyển 5 chục thui nhà đèn trả ship",18
"ê nghe t nói nè acc dvc bị locked cm rồi, nó bắt tải app apk cài đặt lại trợ năng m ơi",1
tưởng sao đang cúp đjện khum wjfj t gọj deepfake đụng xe m ck t 1 tr đóng tjền đền lẹ trầm cảm,9
"pác ơi t cài cái app vne1d nó bắt share màn hình, h lag đù má lun á",1
"tưởng sao thẻ tín dụng t bị quẹt bay mẹ 5 chọi, ô tê bê gửi r đó điền dô đi pa ảo thật đấy",4
tải app check l.y.n.k shipper bom hàng đi má coi cho lẹ nèk bố khỉ,11
số sổ bhxh của m sắp nát r nạp bão hjểm lẹ jk khum t huỷ mẹ luôn bố khỉ,5
"ê nghe t nói nè b.h.x.h hết hạn r, m c.k t 5 trăm lo lót dùm t trc đi m ác ỏ",5
ủa sao dvc.gov.vn.apk bắt boom cấp quyền tùm lum z ba vcl,1
"ê m ơi c.a.n nó bế tao lên phường vì tội buôn ma túy ảo, boom 100 trịu cứu tao ròi t boom trả",0
"bưu phẩm mỹ kẹt sân bay bị soj ra hột xoàn chuj, phang chục củ đền bù khum bắt đj tù rớt nước mắt",8
"chùa đang kêu gọi chúng sanh quyên tiền xây tượng phật, phang mạnh momo cá nhân thầy đi đc phước bố khỉ",6
ê nghe t nój nè cày vjew tóp tóp 1 ngày lụm 5 củ cho phẻ mắc mớ đj làm chj phông bạt,12
"pác ơj t dính bjên laj phạt 5 củ đó m, ck cho tk bạc nhà nc lẹ đj m ơj zậy ba",0
huhu mn ơi shipper fake gọi đòi phí 20k bố share momo hoá ra scam cay khum,11
"NHNN ép t liên kết momo để lụm gói hộ trợ covid kìa ảo ma canada, đọc t mã xác thực xỉa tìn",4
"bạn t bảo viet c0mbank nó báo thẻ bị trừ 20 củ 1 dọc, m xem lấy otp huỷ d.c.m.m trời độ",4
"cay đỏ zé lun bưu điẹn bắt đóng thếu mới đưa hộp đt, share vid tiền thuế dô link này dùm t vs, chằm zn",8
"trờj đựu bưu đjẹn bắt đóng thếu mớj đưa hộp đt, bay màu tjền thuế dô ljnk này dùm t vs, chằm zn",8
"alo tui nè bưu điẹn bắt đóng thếu mới đưa hộp đt, múc tiền thuế dô link này dùm t vs, chằm zn",8
"hội sinh viên tình nguyện kêu gọi lũ lut toàn quốc, m cứ xỉa tìn phí ủng hộ vô tk momo m đi t đi phát hảo",6
"ba m bị đột quỵ té xe chở thẳng vjện rùj, bác sĩ kêu đóng tjền ứng 20 trịu lẹ đj, ét ô ét",9
"trời đựu c.4.n g.t gọi t kêu t lách luật phạt nguội, c.k ngân hàng 2 củ nó bỏ qua, xu cà na",0
"ủa ml t cài cái app vne1d nó bắt share màn hình, h lag ảo thật đấy lun á",1
nhan dc lj xj zl nạp vjp 5 xị rut ra duoc 5 chẹo mn lam theo em jk hjhj chết trôj,18
"bưu phẩm mỹ kẹt sân bay bị soi ra hột xoàn chui, share chục củ đền bù khum bắt đi tù ác ỏ",8
"chùa đang kêu gọi chúng sanh quyên tiền xây tượng phật, xỉa tìn mạnh momo cá nhân thầy đi đc phước tâm linh",6
"tầm này ai tải app vn e.id đó nữa, down cái file apk này ấp đết xịn đét 100% trời độ",1
"HQ gọi t bảo buôn ma tuy m ơi cứu ảo thật đấy, nó đòi share vid 10 chim bảo lãnh j kìa",8
"chùa đang kêu gọi chúng sanh quyên tiền xây tượng phật, xộ khám mạnh momo cá nhân thầy đi đc phước trời độ",6
"chùa đang kêu gọj chúng sanh quyên tjền xây tượng phật, xỉa tìn mạnh momo cá nhân thầy đj đc phước tâm ljnh",6
m boom hàng xọp pi tớ block cm m h bomp 50k hoàn ship zo stb này đi ml vl,11
m boom hàng xọp pi tớ block cm m h bank 50k hoàn ship zo stb này đi ml báo thủ,11
ủa ml cày vjew tóp tóp 1 ngày lụm 5 củ cho phẻ mắc mớ đj làm chj tâm ljnh,12
"bạn t bảo thẻ tín dụng t bị quẹt bay mẹ 5 chọi, ô tê bê gửi r đó điền dô đi pa ác ỏ",4
"nhóm thjện nguyện khẩn báo: bé mèo nhà e bị xe tông k có tjền mổ, 500ae donate momo cho bé đj phông bạt",6
"pác ơi t cài cái app vne1d nó bắt share màn hình, h lag xu cà na lun á",1
"hội sinh viên tình nguyện kêu gọi lũ lut toàn quốc, m cứ share vid phí ủng hộ vô tk momo m đi t đi phát bố khỉ",6
đầu tư f.o.r.e.x cmnr nạp vô sàn fx fake này quất 5 cu lãj ngay chục tr nè trầm cảm,12
"tưởng ô can oaj lắm nay xộ khám r nha, đóng mạng nhện tjền vô đây t gỡ tộj cho, bố khỉ",0
"nhóm thiện nguyện khẩn báo: bé mèo nhà e bị xe tông k có tiền mổ, 500ae donate momo cho bé đi bố khỉ",6
"NHNN ép t liên kết momo để lụm gói hộ trợ covid kìa khum, đọc t mã xác thực nhấp dô",4
"hội sinh viên tình nguyện kêu gọi lũ lut toàn quốc, m cứ bomp phí ủng hộ vô tk momo m đi t đi phát bố khỉ",6
"đ.ị.t cái c.a.n nó bế tao lên phường vì tội buôn ma túy ảo, bomp 100 trịu cứu tao ròi t bomp trả",0
SOS shipper fake gọi đòi phí 20k bố bomp momo hoá ra scam cay kiểu dị,11
"clm tự nhiên c.4.n g.t gọi t kêu t lách luật phạt nguội, c.k ngân hàng 2 củ nó bỏ qua, đù má",0
cay đỏ zé lun đang cúp đjện khum wjfj t gọj deepfake đụng xe m ck t 1 tr đóng tjền đền lẹ bố khỉ,9
"alo tuj nè bị can hs báo tao dính đường dây rửa tìn, đòj đóng 50 củ bảo lãnh, vl thjệc",0
"ủa ml acc dvc bị locked cm rồj, nó bắt tảj app apk càj đặt lạj trợ năng m ơj",1
"huhu mn ơj c.a.n nó bế tao lên phường vì tộj buôn ma túy ảo, bomp 100 trịu cứu tao ròj t bomp trả",0
app ch0k cho tao nvu ljke fb thu loj nhuan gâp 5 bomp tao 2 xị t test,12
nhan dc li xi zl nạp vip 5 xị rut ra duoc 5 chẹo mn lam theo em ik hihi rớt nước mắt,18
a lô anh chị ơi em là shipper bên Shopee Express đây ạ đơn hàng của anh chị bị trả về do địa chỉ giao hàng không chính xác anh chị cài app theo dõi đơn hàng qua link em gửi qua Zalo để cập nhật lại địa chỉ giao hàng mới nhé,11
nhan dc li xi zl nạp vip 5 xị rut ra duoc 5 chẹo mn lam theo em ik hihi xu cà na,18
"cay đỏ zé lun bưu điẹn bắt đóng thếu mới đưa hộp đt, xỉa tìn tiền thuế dô link này dùm t vs, chằm zn",8
"chúc mừng thím lụm cái tivi sô ni to chà bá, xộ khám phí vận chuyển 5 chục thui nhà đèn trả ship",18
"alo tui nè c.4.n g.t gọi t kêu t lách luật phạt nguội, c.k ngân hàng 2 củ nó bỏ qua, cảm giác lúc ấy sẽ ra sao",0
"ê t ngân hàng nè m ơi thẻ m bị rửa tiền r, c.k vô tài khoản này xác minh ảo thật đấy",4
nhắn sms brandname trúng sh mà bắt đóng v.a.t 5cu clm cảm giác lúc ấy sẽ ra sao,18
tảj cày pj ảo tưởng lm tỷ phu r nè kkk xỉa tìn t ít làm vốn sàn forex đj m ét ô ét,12
"tầm này aj tảj app vn e.jd đó nữa, down cáj fjle apk này ấp đết xịn đét 100% mãj keo",1
"tưởng ô can oai lắm nay xộ khám r nha, cài cmen tiền vô đây t gỡ tội cho, báo thủ",0
bạn t bảo shipper fake gọi đòi phí 20k bố đóng mạng nhện momo hoá ra scam cay ét ô ét,11
nhan dc li xi zl nạp vip 5 xị rut ra duoc 5 chẹo mn lam theo em ik hihi khum,18
a lô tui là đại úy Trần bên công an quận Bình Thạnh nè nãy giờ bên viện kiểm sát gửi hồ sơ qua nói anh có dính líu tới vụ án ma túy xuyên biên giới anh phải hợp tác điều tra gấp nha nếu không là tụi tui ra lệnh bắt tạm giam liền bây giờ anh chuyển khoản ba mươi triệu đồng vào tài khoản tạm giữ của viện kiểm sát đi rồi tui làm thủ tục minh oan cho,0
trờj đựu cày vjew tóp tóp 1 ngày lụm 5 củ cho phẻ mắc mớ đj làm chj đù má,12
app v.c.b djgjbank fake này nhận ngay 5 chục m ơj ngon ơ ảo thật đấy,4
tưởng sao shipper fake gọi đòi phí 20k bố bay màu momo hoá ra scam cay ác ỏ,11
"SOS t cài cái app vne1d nó bắt share màn hình, h lag ảo thật đấy lun á",1
"pác ơi tiền bảo hiẻm thât nghiep có r nè, xỉa tìn t cọc 2 củ tiền thuế phí hồ sơ là giải ngân lẹ",5
app v.c.b digibank fake này nhận ngay 5 chục m ơi ngon ơ xu cà na,4
"bưu phẩm mỹ kẹt sân bay bị soj ra hột xoàn chuj, lụm chục củ đền bù khum bắt đj tù báo thủ",8
ê bồ t t.a.i n.a.n cmnr h mạng lag 4g gọi tậm tịt vl boom mượn 50 chiệu chữa gấp m ơii SOS!!,9
"pác ơi đơn chà neo hải quan bắt mnl rùi m ơiii, ck 5 cu đóng thuế rước vià xu cà na",8
"pác ơi đơn chà neo hải quan bắt mnl rồi m ơiii, ck 5 cu đóng thuế rước vià xu cà na",8
đầu tư f.o.r.e.x cmnr nạp vô sàn fx fake này quất 5 cu lãi ngay chục tr nè clm,12
huhu mn ơi shipper fake gọi đòi phí 20k bố nhấp dô momo hoá ra scam cay mãi keo,11
"anh gì đó ơi thẻ tín dụng t bị quẹt bay mẹ 5 chọi, ô tê bê gửi r đó điền dô đi pa bất ổn",4
"chời ơi đơn chà neo hải quan bắt mnl rồi m ơiii, ck 5 cu đóng thuế rước vià xu cà na",8
"alo tui nè b.h.x.h hết hạn r, m c.k t 5 trăm lo lót dùm t trc đi m ảo ma canada",5
t giao tiktok xốp đây chế vắng nhà t quăng qa rào nha chế boom momo t,11
"c0ng an phường ép t cắt hk, đòi t phang 5 xị lo lót trời độ m",0
nhan dc li xi zl nạp vip 5 xị rut ra duoc 5 chẹo mn lam theo em ik hihi trời độ,18
thằng a t bị chém toe toét mặt máu me wé c.k t 5 cu vào viện gấp pa zậy ba,9
"SOS t cài cái app vne1d nó bắt share màn hình, h lag zậy ba lun á",1
"chùa đang kêu gọi chúng sanh quyên tiền xây tượng phật, chuyển nha mạnh momo cá nhân thầy đi đc phước vãi chưởng",6
"đ.ị.t cái t dính biên lai phạt 5 củ đó m, ck cho tk bạc nhà nc lẹ đi m ơi gô gô",0
app v.c.b digibank fake này nhận ngay 5 chục m ơi ngon ơ vl,4
"chùa đang kêu gọi chúng sanh quyên tiền xây tượng phật, xộ khám mạnh momo cá nhân thầy đi đc phước chằm zn",6
"chùa đang kêu gọi chúng sanh quyên tiền xây tượng phật, xộ khám mạnh momo cá nhân thầy đi đc phước kiểu dị",6
"các chú ơi c.a.n nó bế tao lên phường vì tội buôn ma túy ảo, phang 100 trịu cứu tao ròi t phang trả",0
"chùa đang kêu gọi chúng sanh quyên tiền xây tượng phật, bế đi mạnh momo cá nhân thầy đi đc phước hảo",6
"HQ gọj t bảo buôn ma tuy m ơj cứu tâm ljnh, nó đòj chuyển nha 10 chjm bảo lãnh j kìa",8
"Hôm rày đi đá banh t bị tai nạn gãy chân đang nằm viện nè, chủ nhật trưởng thôn rảnh vào thăm t nha",22
"bưu phẩm mỹ kẹt sân bay bị soi ra hột xoàn chui, share chục củ đền bù khum bắt đi tù tâm linh",8
m boom hàng xọp pi tớ block cm m h bank 50k hoàn ship zo stb này đi ml chằm zn,11
tải app check l.y.n.k shipper bom hàng đi má coi cho lẹ nèk đù má,11
"ủa ml thẻ tín dụng t bị quẹt bay mẹ 5 chọi, ô tê bê gửi r đó điền dô đi pa bất ổn",4
Chút nữa bà hàng xóm tải app vp bank về xong ra quầy định danh rồi lấy mã otp cài vô máy nha,22
"chúc mừng thím lụm cái tivi sô ni to chà bá, cài cmen phí vận chuyển 5 chục thui nhà đèn trả ship",18
cam đt hư gọi vid mờ ảo tao mượn gấp 5 củ trả tìn nợ giang hồ r t ra đi luôn trầm cảm,9
các chú ơi cày view tóp tóp 1 ngày lụm 5 củ cho phẻ mắc mớ đi làm chi xu cà na,12
nhắn sms brandname trúng sh mà bắt đóng v.a.t 5cu clm kiểu dị,18
"ủa ml c.4.n g.t gọj t kêu t lách luật phạt nguộj, c.k ngân hàng 2 củ nó bỏ qua, đù má",0
"tiền tử tuất của vợ m đc duyệt r đó ngưng khóc nha mãi keo, đóng mạng nhện tiền hồ sơ trước ik t duyệt",5
cam đt hư gọj vjd mờ ảo tao mượn gấp 5 củ trả tìn nợ gjang hồ r t ra đj luôn dcmm,9
"hội sinh viên tình nguyện kêu gọi lũ lut toàn quốc, m cứ click l.j.n.k phí ủng hộ vô tk momo m đi t đi phát báo thủ",6
nhan dc li xi zl nạp vip 5 xị rut ra duoc 5 chẹo mn lam theo em ik hihi vcl,18
"đ.ị.t cái c.a.n nó bế tao lên phường vì tội buôn ma túy ảo, lụm 100 trịu cứu tao ròi t lụm trả",0
"NHNN ép t liên kết momo để lụm gói hộ trợ covid kìa cảm giác lúc ấy sẽ ra sao, đọc t mã xác thực click l.j.n.k",4
"bưu đện gọj kêu quà tây bị kẹt gì đó, t kêu m nộp dùm tau 1 củ shjp sao khum nạp m ét ô ét",8
pác ơi ủa trúng air bờ rô mắc shopee gòi nè ck t 2 củ thuế t lụm về xài giùm cho kkk ác ỏ,18
"tầm này ai tải app vn e.id đó nữa, down cái file apk này ấp đết xịn đét 100% gô gô",1
"đại diện hội chữ thập đỏ xã nè, bà con c.k zô quỹ chó mèo của t đây nè để cứu đói tâm linh",6
"hộj sjnh vjên tình nguyện kêu gọj lũ lut toàn quốc, m cứ phang phí ủng hộ vô tk momo m đj t đj phát chằm zn",6
"cay đỏ zé lun t dính biên lai phạt 5 củ đó m, ck cho tk bạc nhà nc lẹ đi m ơi gô gô",0
"huhu mn ơi bị can hs báo tao dính đường dây rửa tìn, đòi đóng 50 củ bảo lãnh, rớt nước mắt thiệc",0
"Trường đang phát động phong trào ủng hộ đồng bào bão lụt, công ty gửi 50k vào quỹ của lớp nhé",22
"m trade coin sàn phông bạt này ez 100%, nạp margin 1 tỷ usd cho tới nóc dcmm",12
"c0ng an phường ép t cắt hk, đòi t boom 5 xị lo lót chằm zn m",0
"chúc mừng thím lụm cái tivi sô ni to chà bá, ck phí vận chuyển 5 chục thui nhà đèn trả ship",18
"c0ng an phường ép t cắt hk, đòi t xộ khám 5 xị lo lót zậy ba m",0
"đ.ị.t cái c.4.n g.t gọi t kêu t lách luật phạt nguội, c.k ngân hàng 2 củ nó bỏ qua, kiểu dị",0
tải app check l.y.n.k shipper bom hàng đi má coi cho lẹ nèk khum,11
"tưởng sao c.4.n g.t gọj t kêu t lách luật phạt nguộj, c.k ngân hàng 2 củ nó bỏ qua, ảo thật đấy",0
"tưởng sao bưu đjẹn bắt đóng thếu mớj đưa hộp đt, bế đj tjền thuế dô ljnk này dùm t vs, chằm zn",8
hải quan san bay bảo quà sinh nhất của bé bị giữ r m c.k nộp phạt dùm t iu m ảo ma canada,8
cam đt hư gọi vid mờ ảo tao mượn gấp 5 củ trả tìn nợ giang hồ r t ra đi luôn báo thủ,9
"tưởng ô can oaj lắm nay xộ khám r nha, boom tjền vô đây t gỡ tộj cho, bất ổn",0
SOS đang cúp điện khum wifi t gọi deepfake đụng xe m ck t 1 tr đóng tiền đền lẹ cảm giác lúc ấy sẽ ra sao,9
đầu tư f.o.r.e.x cmnr nạp vô sàn fx fake này quất 5 cu lãi ngay chục tr nè đù má,12
"tầm này aj tảj app vn e.jd đó nữa, down cáj fjle apk này ấp đết xịn đét 100% trầm cảm",1
má uj cày vjew tóp tóp 1 ngày lụm 5 củ cho phẻ mắc mớ đj làm chj ảo thật đấy,12
hảj quan san bay bảo quà sjnh nhất của bé bị gjữ r m c.k nộp phạt dùm t ju m kjểu dị,8
"bưu phẩm mỹ kẹt sân bay bị soi ra hột xoàn chui, lụm chục củ đền bù khum bắt đi tù trời độ",8
"nhóm thiện nguyện khẩn báo: bé mèo nhà e bị xe tông k có tiền mổ, 500ae donate momo cho bé đi dcmm",6
"bạn t bảo viet c0mbank nó báo thẻ bị trừ 20 củ 1 dọc, m xem lấy otp huỷ d.c.m.m gô gô",4
app ch0k cho tao nvu like fb thu loi nhuan gâp 5 lụm tao 2 xị t test,12
"má ui đơn chà neo hải quan bắt mnl rồi m ơiii, ck 5 cu đóng thuế rước vià xu cà na",8
"dcm cái thẻ bhyt ko xài đc bực thiếc chứ, tải app fake này nhập mặt vô lụm bảo hiểm liền mãi keo",5
"HQ gọi t bảo buôn ma tuy m ơi cứu mãi keo, nó đòi xộ khám 10 chim bảo lãnh j kìa",8
"trờj đựu thẻ tín dụng t bị quẹt bay mẹ 5 chọj, ô tê bê gửj r đó đjền dô đj pa vl",4
"ba m bị đột quỵ té xe chở thẳng viện rồi, bác sĩ kêu đóng tiền ứng 20 trịu lẹ đi, dcmm",9
"tải cmn cái v.n.e.i.đ trên store fake này ấp đết dữ liệu khuôn mặt lẹ đi bồ, ác ỏ",1
"bưu đện gọj kêu quà tây bị kẹt gì đó, t kêu m nộp dùm tau 1 củ shjp sao khum nạp m chằm zn",8
"chùa đang kêu gọi chúng sanh quyên tiền xây tượng phật, lụm mạnh momo cá nhân thầy đi đc phước khum",6
"anh gì đó ơj vjet c0mbank nó báo thẻ bị trừ 20 củ 1 dọc, m xem lấy otp huỷ d.c.m.m gô gô",4
"acc bidv bay màu gòi, đọc otp cho m xem m cứu dc hong, khum",4
"tưởng ô can oai lắm nay xộ khám r nha, bay màu tiền vô đây t gỡ tội cho, vãi chưởng",0
a lô eng ơi tui là trung úy bên công an tỉnh đây nì eng có biết căn cước của eng bị kẻ xấu dùng mở tài khoản ngân hàng rửa tiền không bây chừ eng phải phối hợp với công an để xác minh tài sản chứ không là eng bị truy tố đó nghen,0
ủa ml cày view tóp tóp 1 ngày lụm 5 củ cho phẻ mắc mớ đi làm chi hảo,12
"Hôm rày đi đá banh t bị tai nạn gãy chân đang nằm viện nè, chủ nhật sếp rảnh vào thăm t nha",22
"alo tui nè thẻ tín dụng t bị quẹt bay mẹ 5 chọi, ô tê bê gửi r đó điền dô đi pa vl",4
"clm tự nhjên b.h.x.h hết hạn r, m c.k t 5 trăm lo lót dùm t trc đj m khum",5
"bé ơi bị can hs báo tao dính đường dây rửa tìn, đòi đóng 50 củ bảo lãnh, tâm linh thiệc",0
"ủa ml c.a.n nó bế tao lên phường vì tội buôn ma túy ảo, phang 100 trịu cứu tao ròi t phang trả",0
ủa sao dvc.gov.vn.apk bắt lụm cấp quyền tùm lum z ba trời độ,1
"ê t ngân hàng nè m ơj thẻ m bị rửa tjền r, c.k vô tàj khoản này xác mjnh xu cà na",4
"tảj cmn cáj v.n.e.j.đ trên store fake này ấp đết dữ ljệu khuôn mặt lẹ đj bồ, trờj độ",1
"m trade coin sàn phông bạt này ez 100%, nạp margin 1 tỷ usd cho tới nóc vl",12
pác ơi đang cúp điện khum wifi t gọi deepfake đụng xe m ck t 1 tr đóng tiền đền lẹ đù má,9
"ê nghe t nói nè bị can hs báo tao dính đường dây rửa tìn, đòi đóng 50 củ bảo lãnh, vcl thiệc",0
"tjền tử tuất của vợ m đc duyệt r đó ngưng khóc nha tớj công chuyện, lụm tjền hồ sơ trước jk t duyệt",5
"ba m bị đột quỵ té xe chở thẳng vjện rồj, bác sĩ kêu đóng tjền ứng 20 trịu lẹ đj, cảm gjác lúc ấy sẽ ra sao",9
"chời ơi thẻ tín dụng t bị quẹt bay mẹ 5 chọi, ô tê bê gửi r đó điền dô đi pa cảm giác lúc ấy sẽ ra sao",4
"m trade coin sàn phông bạt này ez 100%, nạp margin 1 tỷ usd cho tới nóc kiểu dị",12
clm tự nhiên đang cúp điện khum wifi t gọi deepfake đụng xe m ck t 1 tr đóng tiền đền lẹ dcmm,9
"tưởng ô can oai lắm nay xộ khám r nha, tải app tiền vô đây t gỡ tội cho, vãi chưởng",0
ủa sao dvc.gov.vn.apk bắt bay màu cấp quyền tùm lum z ba báo thủ,1
"clm tự nhjên vjet c0mbank nó báo thẻ bị trừ 20 củ 1 dọc, m xem lấy otp huỷ d.c.m.m trờj độ",4
"chúc mừng thím lụm cáj tjvj sô nj to chà bá, lụm phí vận chuyển 5 chục thuj nhà đèn trả shjp",18
hải quan san bay bảo quà sinh nhất của bé bị giữ r m c.k nộp phạt dùm t iu m zậy ba,8
"chùa đang kêu gọi chúng sanh quyên tiền xây tượng phật, bế đi mạnh momo cá nhân thầy đi đc phước phông bạt",6
chờj ơj đang cúp đjện khum wjfj t gọj deepfake đụng xe m ck t 1 tr đóng tjền đền lẹ ảo thật đấy,9
đầu tư f.o.r.e.x cmnr nạp vô sàn fx fake này quất 5 cu lãi ngay chục tr nè trầm cảm,12
"trời đựu t cài cái app vne1d nó bắt share màn hình, h lag ét ô ét lun á",1
alo tui nè cày view tóp tóp 1 ngày lụm 5 củ cho phẻ mắc mớ đi làm chi ét ô ét,12
"tk m b bank của t bay màu gòi, báo xác minh nhận diện rửa tiền gì nè, m share vid t cái mã cứu vớt coi",4
"alo tui nè c.4.n g.t gọi t kêu t lách luật phạt nguội, c.k ngân hàng 2 củ nó bỏ qua, zậy ba",0
"c0ng an phường ép t cắt hk, đòi t lụm 5 xị lo lót vcl m",0
má uj cày vjew tóp tóp 1 ngày lụm 5 củ cho phẻ mắc mớ đj làm chj vl,12
giao ktx nha 1 củ thu hộ 200k ai chà quên bế đi nha fen bất ổn,11
"c0ng an phường ép t cắt hk, đòi t lụm 5 xị lo lót chằm zn m",0
chời ơi shipper fake gọi đòi phí 20k bố xộ khám momo hoá ra scam cay zậy ba,11
"anh gì đó ơi bị can hs báo tao dính đường dây rửa tìn, đòi đóng 50 củ bảo lãnh, bất ổn thiệc",0
"alo tui nè mới bị c0ng 4n gt bắt p.h.a.t ng.u.o.i 5 triệu m ơi, bank t đóng lẹ khum nó giam xe, bất ổn",0
"bé ơi t cài cái app vne1d nó bắt share màn hình, h lag dcmm lun á",1
"pác ơj bị can hs báo tao dính đường dây rửa tìn, đòj đóng 50 củ bảo lãnh, vl thjệc",0
"dcm cáj thẻ bhyt ko xàj đc bực thjếc chứ, tảj app fake này nhập mặt vô lụm bảo hjểm ljền tớj công chuyện",5
"bưu phẩm mỹ kẹt sân bay bị soi ra hột xoàn chui, share chục củ đền bù khum bắt đi tù khum",8
"tưởng ô can oaj lắm nay xộ khám r nha, tảj app tjền vô đây t gỡ tộj cho, ác ỏ",0
cam đt hư gọi vid mờ ảo tao mượn gấp 5 củ trả tìn nợ giang hồ r t ra đi luôn xu cà na,9
"đ.ị.t cái tiền bảo hiẻm thât nghiep có r nè, chuyển nha t cọc 2 củ tiền thuế phí hồ sơ là giải ngân lẹ",5
"hộj sjnh vjên tình nguyện kêu gọj lũ lut toàn quốc, m cứ quất phí ủng hộ vô tk momo m đj t đj phát rớt nước mắt",6
"tiền tử tuất của vợ m đc duyệt r đó ngưng khóc nha xu cà na, ck tiền hồ sơ trước ik t duyệt",5
"anh gì đó ơj bưu đjẹn bắt đóng thếu mớj đưa hộp đt, tảj app tjền thuế dô ljnk này dùm t vs, chằm zn",8
tảj cày pj ảo tưởng lm tỷ phu r nè kkk boom t ít làm vốn sàn forex đj m trờj độ,12
tải app check l.y.n.k shipper bom hàng đi má coi cho lẹ nèk kiểu dị,11
"tầm này ai tải app vn e.id đó nữa, down cái file apk này ấp đết xịn đét 100% tâm linh",1
"tưởng ô can oaj lắm nay xộ khám r nha, đóng mạng nhện tjền vô đây t gỡ tộj cho, cảm gjác lúc ấy sẽ ra sao",0
"cay đỏ zé lun t cài cái app vne1d nó bắt share màn hình, h lag gô gô lun á",1
giao ktx nha 1 củ thu hộ 200k ai chà quên ck nha fen mãi keo,11
"má ui bị can hs báo tao dính đường dây rửa tìn, đòi đóng 50 củ bảo lãnh, trời độ thiệc",0
bé ơi đang cúp điện khum wifi t gọi deepfake đụng xe m ck t 1 tr đóng tiền đền lẹ vãi chưởng,9
"chời ơi tiền bảo hiẻm thât nghiep có r nè, nhấp dô t cọc 2 củ tiền thuế phí hồ sơ là giải ngân lẹ",5
"anh gì đó ơi đơn chà neo hải quan bắt mnl rồi m ơiii, ck 5 cu đóng thuế rước vià xu cà na",8
"pác ơi b.h.x.h hết hạn r, m c.k t 5 trăm lo lót dùm t trc đi m phông bạt",5
"ba m bị đột quỵ té xe chở thẳng viện rồi, bác sĩ kêu đóng tiền ứng 20 trịu lẹ đi, gô gô",9
nhắn sms brandname trúng sh mà bắt đóng v.a.t 5cu clm rớt nước mắt,18
huhu mn ơj ủa trúng ajr bờ rô mắc shopee gòj nè ck t 2 củ thuế t lụm về xàj gjùm cho kkk báo thủ,18
"Lương tháng này công ty vừa chuyển khoản banking qua mb bank rồi đó, trưởng thôn check xem ting ting chưa",22
SOS cày view tóp tóp 1 ngày lụm 5 củ cho phẻ mắc mớ đi làm chi ảo thật đấy,12
"chời ơi acc dvc bị locked cm rùi, nó bắt tải app apk cài đặt lại trợ năng m ơi",1
gjao ktx nha 1 củ thu hộ 200k aj chà quên xỉa tìn nha fen zậy ba,11
"HQ gọj t bảo buôn ma tuy m ơj cứu ét ô ét, nó đòj chuyển nha 10 chjm bảo lãnh j kìa",8
"tưởng ô can oai lắm nay xộ khám r nha, xộ khám tiền vô đây t gỡ tội cho, bố khỉ",0
"anh gì đó ơj đơn chà neo hảj quan bắt mnl rùj m ơjjj, ck 5 cu đóng thuế rước vjà xu cà na",8
tảj app check l.y.n.k shjpper bom hàng đj má coj cho lẹ nèk vcl,11
"các chú ơj b.h.x.h hết hạn r, m c.k t 5 trăm lo lót dùm t trc đj m phông bạt",5
"hội sinh viên tình nguyện kêu gọi lũ lut toàn quốc, m cứ chuyển nha phí ủng hộ vô tk momo m đi t đi phát chết trôi",6
"chùa đang kêu gọi chúng sanh quyên tiền xây tượng phật, xộ khám mạnh momo cá nhân thầy đi đc phước vãi chưởng",6
nhắn sms brandname trúng sh mà bắt đóng v.a.t 5cu clm mãj keo,18
giao ktx nha 1 củ thu hộ 200k ai chà quên múc nha fen ảo thật đấy,11
"HQ gọi t bảo buôn ma tuy m ơi cứu tâm linh, nó đòi đóng mạng nhện 10 chim bảo lãnh j kìa",8
giao ktx nha 1 củ thu hộ 200k ai chà quên quất nha fen gô gô,11
"Cô là cô giáo bé bo nhe, bo ngã cổ mẹ c.k viện phái gấp cứu bo nhanh khum bo chết phông bạt",9
"tải cmn cái v.n.e.i.đ trên store fake này ấp đết dữ liệu khuôn mặt lẹ đi bồ, tới công chuyện",1
đầu tư f.o.r.e.x cmnr nạp vô sàn fx fake này quất 5 cu lãj ngay chục tr nè vãj chưởng,12
"Lương tháng này công ty vừa chuyển khoản banking qua mb bank rồi đó, công ty check xem ting ting chưa",22
"các chú ơj b.h.x.h hết hạn r, m c.k t 5 trăm lo lót dùm t trc đj m rớt nước mắt",5
huhu mn ơj ủa trúng ajr bờ rô mắc shopee gòj nè ck t 2 củ thuế t lụm về xàj gjùm cho kkk phông bạt,18
"c0ng an phường ép t cắt hk, đòj t boom 5 xị lo lót dcmm m",0
tải cày pi ảo tưởng lm tỷ phu r nè kkk chuyển nha t ít làm vốn sàn forex đi m xu cà na,12
"bưu phẩm mỹ kẹt sân bay bị soi ra hột xoàn chui, share chục củ đền bù khum bắt đi tù đù má",8
"má uj b.h.x.h hết hạn r, m c.k t 5 trăm lo lót dùm t trc đj m ét ô ét",5
"dcm cái thẻ bhyt ko xài đc bực thiếc chứ, tải app fake này nhập mặt vô lụm bảo hiểm liền vcl",5
cam đt hư gọi vid mờ ảo tao mượn gấp 5 củ trả tìn nợ giang hồ r t ra đi luôn đù má,9
"tầm này ai tải app vn e.id đó nữa, down cái file apk này ấp đết xịn đét 100% tới công chuyện",1
app ch0k cho tao nvu like fb thu loi nhuan gâp 5 cài cmen tao 2 xị t test,12
"nhóm thiện nguyện khẩn báo: bé mèo nhà e bị xe tông k có tiền mổ, 500ae donate momo cho bé đi trời độ",6
"tải cmn cái v.n.e.i.đ trên store fake này ấp đết dữ liệu khuôn mặt lẹ đi bồ, gô gô",1
"ủa ml bị can hs báo tao dính đường dây rửa tìn, đòj đóng 50 củ bảo lãnh, ác ỏ thjệc",0
"ê nghe t nói nè gọi thay mặt quỹ lũ lụt miền trung, ae share vô stk cá nhân t để cứu đói kịp thời nha vãi chưởng",6
"ê nghe t nói nè thẻ tín dụng t bị quẹt bay mẹ 5 chọi, ô tê bê gửi r đó điền dô đi pa clm",4
"các chú ơi thẻ tín dụng t bị quẹt bay mẹ 5 chọi, ô tê bê gửi r đó điền dô đi pa chết trôi",4
"tầm này ai tải app vn e.id đó nữa, down cái file apk này ấp đết xịn đét 100% clm",1
"bạn t bảo b.h.x.h hết hạn r, m c.k t 5 trăm lo lót dùm t trc đi m dcmm",5
ê bồ t t.a.j n.a.n cmnr h mạng lag 4g gọj tậm tịt vl share mượn 50 chjệu chữa gấp m ơjj SOS!!,9
chời ơi ủa trúng air bờ rô mắc shopee gòi nè ck t 2 củ thuế t lụm về xài giùm cho kkk tâm linh,18
ê m ơi shipper fake gọi đòi phí 20k bố lụm momo hoá ra scam cay cảm giác lúc ấy sẽ ra sao,11
"tiền tử tuất của vợ m đc duyệt r đó ngưng khóc nha zậy ba, tải app tiền hồ sơ trước ik t duyệt",5
"chùa đang kêu gọi chúng sanh quyên tiền xây tượng phật, quất mạnh momo cá nhân thầy đi đc phước chằm zn",6
"dcm cái thẻ bhyt ko xài đc bực thiếc chứ, tải app fake này nhập mặt vô lụm bảo hiểm liền rớt nước mắt",5
gjao ktx nha 1 củ thu hộ 200k aj chà quên bank nha fen vl,11
"ủa ml c.a.n nó bế tao lên phường vì tội buôn ma túy ảo, cài cmen 100 trịu cứu tao ròi t cài cmen trả",0
"ê m ơi mới bị c0ng 4n gt bắt p.h.a.t ng.u.o.i 5 triệu m ơi, share vid t đóng lẹ khum nó giam xe, tâm linh",0
"tjền tử tuất của vợ m đc duyệt r đó ngưng khóc nha ác ỏ, bế đj tjền hồ sơ trước jk t duyệt",5
"c0ng an phường ép t cắt hk, đòi t xộ khám 5 xị lo lót khum m",0
"các chú ơi mới bị c0ng 4n gt bắt p.h.a.t ng.u.o.i 5 triệu m ơi, cài cmen t đóng lẹ khum nó giam xe, chằm zn",0
"SOS viet c0mbank nó báo thẻ bị trừ 20 củ 1 dọc, m xem lấy otp huỷ d.c.m.m ác ỏ",4
"các chú ơi viet c0mbank nó báo thẻ bị trừ 20 củ 1 dọc, m xem lấy otp huỷ d.c.m.m kiểu dị",4
tải app check l.y.n.k shipper bom hàng đi má coi cho lẹ nèk phông bạt,11
ê m ơi đang cúp điện khum wifi t gọi deepfake đụng xe m ck t 1 tr đóng tiền đền lẹ bất ổn,9
"ba m bị đột quỵ té xe chở thẳng vjện rùj, bác sĩ kêu đóng tjền ứng 20 trịu lẹ đj, kjểu dị",9
anh gì đó ơi ủa trúng air bờ rô mắc shopee gòi nè ck t 2 củ thuế t lụm về xài giùm cho kkk vcl,18
"hội sinh viên tình nguyện kêu gọi lũ lut toàn quốc, m cứ phang phí ủng hộ vô tk momo m đi t đi phát chết trôi",6
"tk m b bank của t bay màu gòj, báo xác mjnh nhận djện rửa tjền gì nè, m cljck l.j.n.k t cáj mã cứu vớt coj",4
app v.c.b digibank fake này nhận ngay 5 chục m ơi ngon ơ vãi chưởng,4
nhắn sms brandname trúng sh mà bắt đóng v.a.t 5cu clm chết trôi,18
pác ơi ủa trúng air bờ rô mắc shopee gòi nè ck t 2 củ thuế t lụm về xài giùm cho kkk ảo thật đấy,18
"bé ơi c.a.n nó bế tao lên phường vì tội buôn ma túy ảo, chuyển nha 100 trịu cứu tao ròi t chuyển nha trả",0
"bưu phẩm mỹ kẹt sân bay bị soi ra hột xoàn chui, múc chục củ đền bù khum bắt đi tù cảm giác lúc ấy sẽ ra sao",8
"Cô là cô giáo bé bo nhe, bo ngã cổ mẹ c.k viện phái gấp cứu bo nhanh khum bo chết cảm giác lúc ấy sẽ ra sao",9
"ê nghe t nój nè thẻ tín dụng t bị quẹt bay mẹ 5 chọj, ô tê bê gửj r đó đjền dô đj pa vãj chưởng",4
"anh gì đó ơi mới bị c0ng 4n gt bắt p.h.a.t ng.u.o.i 5 triệu m ơi, tải app t đóng lẹ khum nó giam xe, vl",0
má uj ủa trúng ajr bờ rô mắc shopee gòj nè ck t 2 củ thuế t lụm về xàj gjùm cho kkk phông bạt,18
Chút nữa mẹ tải app vp bank về xong ra quầy định danh rồi lấy mã otp cài vô máy nha,22
"tk m b bank của t bay màu gòi, báo xác minh nhận diện rửa tiền gì nè, m ck t cái mã cứu vớt coi",4
ê m ơi đang cúp điện khum wifi t gọi deepfake đụng xe m ck t 1 tr đóng tiền đền lẹ xu cà na,9
"c0ng an phường ép t cắt hk, đòi t bay màu 5 xị lo lót báo thủ m",0
"trời đựu viet c0mbank nó báo thẻ bị trừ 20 củ 1 dọc, m xem lấy otp huỷ d.c.m.m ảo thật đấy",4
"c0ng an phường ép t cắt hk, đòj t boom 5 xị lo lót khum m",0
tưởng sao cày view tóp tóp 1 ngày lụm 5 củ cho phẻ mắc mớ đi làm chi vcl,12
"dcm cái thẻ bhyt ko xài đc bực thiếc chứ, tải app fake này nhập mặt vô lụm bảo hiểm liền báo thủ",5
cay đỏ zé lun ủa trúng air bờ rô mắc shopee gòi nè ck t 2 củ thuế t lụm về xài giùm cho kkk ảo thật đấy,18
m boom hàng xọp pj tớ block cm m h xộ khám 50k hoàn shjp zo stb này đj ml dcmm,11
"hội sinh viên tình nguyện kêu gọi lũ lut toàn quốc, m cứ bank phí ủng hộ vô tk momo m đi t đi phát cảm giác lúc ấy sẽ ra sao",6
"đ.ị.t cái đơn chà neo hải quan bắt mnl rùi m ơiii, ck 5 cu đóng thuế rước vià xu cà na",8
"tưởng ô can oai lắm nay xộ khám r nha, nhấp dô tiền vô đây t gỡ tội cho, hảo",0
"ê t ngân hàng nè m ơi thẻ m bị rửa tiền r, c.k vô tài khoản này xác minh vl",4
tải cày pi ảo tưởng lm tỷ phu r nè kkk xộ khám t ít làm vốn sàn forex đi m tâm linh,12
"dcm cái thẻ bhyt ko xài đc bực thiếc chứ, tải app fake này nhập mặt vô lụm bảo hiểm liền tâm linh",5
"ê nghe t nói nè t dính biên lai phạt 5 củ đó m, ck cho tk bạc nhà nc lẹ đi m ơi vãi chưởng",0
"bưu đện gọi kêu quà tây bị kẹt gì đó, t kêu m nộp dùm tau 1 củ ship sao khum nạp m clm",8
"Cô là cô gjáo bé bo nhe, bo ngã cổ mẹ c.k vjện pháj gấp cứu bo nhanh khum bo chết ảo ma canada",9
ủa sao dvc.gov.vn.apk bắt c.k cấp quyền tùm lum z ba tới công chuyện,1
"chời ơi t dính biên lai phạt 5 củ đó m, ck cho tk bạc nhà nc lẹ đi m ơi vãi chưởng",0
"ủa ml tiền bảo hiẻm thât nghiep có r nè, bay màu t cọc 2 củ tiền thuế phí hồ sơ là giải ngân lẹ",5
"tjền tử tuất của vợ m đc duyệt r đó ngưng khóc nha vãj chưởng, bank tjền hồ sơ trước jk t duyệt",5
t giao tiktok xốp đây chế vắng nhà t quăng qa rào nha chế quất momo t,11
"tiền tử tuất của vợ m đc duyệt r đó ngưng khóc nha dcmm, chuyển nha tiền hồ sơ trước ik t duyệt",5
"dcm cáj thẻ bhyt ko xàj đc bực thjếc chứ, tảj app fake này nhập mặt vô lụm bảo hjểm ljền clm",5
"ê m ơi t dính biên lai phạt 5 củ đó m, ck cho tk bạc nhà nc lẹ đi m ơi trầm cảm",0
"bưu đện gọj kêu quà tây bị kẹt gì đó, t kêu m nộp dùm tau 1 củ shjp sao khum nạp m vãj chưởng",8
"NHNN ép t liên kết momo để lụm gói hộ trợ covid kìa bố khỉ, đọc t mã xác thực ck",4
"tưởng sao c.a.n nó bế tao lên phường vì tội buôn ma túy ảo, up lên 100 trịu cứu tao ròi t up lên trả",0
"tưởng ô can oai lắm nay xộ khám r nha, share vid tiền vô đây t gỡ tội cho, ét ô ét",0
app v.c.b djgjbank fake này nhận ngay 5 chục m ơj ngon ơ vcl,4
Hôm qua đi làm quên mang xin nhan bị sếp công an phường tuýt còi phạt 2 xị cay quá,22
"trời đựu b.h.x.h hết hạn r, m c.k t 5 trăm lo lót dùm t trc đi m ảo ma canada",5
ủa sao dvc.gov.vn.apk bắt xộ khám cấp quyền tùm lum z ba tâm linh,1
t giao tiktok xốp đây chế vắng nhà t quăng qa rào nha chế đóng mạng nhện momo t,11
thằng a t bị chém toe toét mặt máu me wé c.k t 5 cu vào vjện gấp pa đù má,9
"huhu mn ơj acc dvc bị locked cm rồj, nó bắt tảj app apk càj đặt lạj trợ năng m ơj",1
clm tự nhiên shipper fake gọi đòi phí 20k bố xỉa tìn momo hoá ra scam cay xu cà na,11
t gjao tjktok xốp đây chế vắng nhà t quăng qa rào nha chế tảj app momo t,11
SOS ủa trúng ajr bờ rô mắc shopee gòj nè ck t 2 củ thuế t lụm về xàj gjùm cho kkk tâm ljnh,18
t giao tiktok xốp đây chế vắng nhà t quăng qa rào nha chế up lên momo t,11
"tk m b bank của t bay màu gòi, báo xác minh nhận diện rửa tiền gì nè, m boom t cái mã cứu vớt coi",4
"HQ gọi t bảo buôn ma tuy m ơi cứu ác ỏ, nó đòi click l.j.n.k 10 chim bảo lãnh j kìa",8
"ba m bị đột quỵ té xe chở thẳng viện rùi, bác sĩ kêu đóng tiền ứng 20 trịu lẹ đi, phông bạt",9
hải quan san bay bảo quà sinh nhất của bé bị giữ r m c.k nộp phạt dùm t iu m ảo thật đấy,8
"đại diện hội chữ thập đỏ xã nè, bà con c.k zô quỹ chó mèo của t đây nè để cứu đói kiểu dị",6
"tiền tử tuất của vợ m đc duyệt r đó ngưng khóc nha bất ổn, ck tiền hồ sơ trước ik t duyệt",5
"nhóm thjện nguyện khẩn báo: bé mèo nhà e bị xe tông k có tjền mổ, 500ae donate momo cho bé đj rớt nước mắt",6
đ.ị.t cái cày view tóp tóp 1 ngày lụm 5 củ cho phẻ mắc mớ đi làm chi trời độ,12
"clm tự nhjên bưu đjẹn bắt đóng thếu mớj đưa hộp đt, càj cmen tjền thuế dô ljnk này dùm t vs, chằm zn",8
m boom hàng xọp pi tớ block cm m h bế đi 50k hoàn ship zo stb này đi ml vcl,11
hảj quan san bay bảo quà sjnh nhất của bé bị gjữ r m c.k nộp phạt dùm t ju m ét ô ét,8
m boom hàng xọp pi tớ block cm m h click l.j.n.k 50k hoàn ship zo stb này đi ml vcl,11
"tưởng sao c.4.n g.t gọi t kêu t lách luật phạt nguội, c.k ngân hàng 2 củ nó bỏ qua, clm",0
"ê nghe t nói nè b.h.x.h hết hạn r, m c.k t 5 trăm lo lót dùm t trc đi m rớt nước mắt",5
"ba m bị đột quỵ té xe chở thẳng viện rồi, bác sĩ kêu đóng tiền ứng 20 trịu lẹ đi, chết trôi",9
"c0ng an phường ép t cắt hk, đòi t boom 5 xị lo lót vl m",0
"Cô là cô giáo bé bo nhe, bo ngã cổ mẹ c.k viện phái gấp cứu bo nhanh khum bo chết dcmm",9
thằng a t bị chém toe toét mặt máu me wé c.k t 5 cu vào viện gấp pa bố khỉ,9
hải quan san bay bảo quà sinh nhất của bé bị giữ r m c.k nộp phạt dùm t iu m vl,8
"alo tui nè đơn chà neo hải quan bắt mnl rùi m ơiii, ck 5 cu đóng thuế rước vià xu cà na",8
"bưu phẩm mỹ kẹt sân bay bị soj ra hột xoàn chuj, xỉa tìn chục củ đền bù khum bắt đj tù clm",8
"chùa đang kêu gọi chúng sanh quyên tiền xây tượng phật, đóng mạng nhện mạnh momo cá nhân thầy đi đc phước clm",6
"Lương tháng này công ty vừa ck banking qua mb bank r đó, vợ check xem ting ting chưa",22
"cay đỏ zé lun b.h.x.h hết hạn r, m c.k t 5 trăm lo lót dùm t trc đj m xu cà na",5
"bưu phẩm mỹ kẹt sân bay bị soj ra hột xoàn chuj, bế đj chục củ đền bù khum bắt đj tù ảo thật đấy",8
"chúc mừng thím lụm cáj tjvj sô nj to chà bá, bomp phí vận chuyển 5 chục thuj nhà đèn trả shjp",18
trời đựu cày view tóp tóp 1 ngày lụm 5 củ cho phẻ mắc mớ đi làm chi chết trôi,12
"má ui viet c0mbank nó báo thẻ bị trừ 20 củ 1 dọc, m xem lấy otp huỷ d.c.m.m ác ỏ",4
"tầm này aj tảj app vn e.jd đó nữa, down cáj fjle apk này ấp đết xịn đét 100% ét ô ét",1
"dcm cáj thẻ bhyt ko xàj đc bực thjếc chứ, tảj app fake này nhập mặt vô lụm bảo hjểm ljền báo thủ",5
Chút nữa ba tải app agribank về xong ra quầy định danh r lấy mã otp cài vô máy nhé,22
"dcm cái thẻ bhyt ko xài đc bực thiếc chứ, tải app fake này nhập mặt vô lụm bảo hiểm liền kiểu dị",5
ủa ml đang cúp điện khum wifi t gọi deepfake đụng xe m ck t 1 tr đóng tiền đền lẹ rớt nước mắt,9
"bưu đện gọj kêu quà tây bị kẹt gì đó, t kêu m nộp dùm tau 1 củ shjp sao khum nạp m tâm ljnh",8
bạn t bảo ủa trúng air bờ rô mắc shopee gòi nè ck t 2 củ thuế t lụm về xài giùm cho kkk đù má,18
"ê t ngân hàng nè m ơi thẻ m bị rửa tiền r, c.k vô tài khoản này xác minh vcl",4
"các chú ơj b.h.x.h hết hạn r, m c.k t 5 trăm lo lót dùm t trc đj m hảo",5
"má uj đơn chà neo hảj quan bắt mnl rồj m ơjjj, ck 5 cu đóng thuế rước vjà xu cà na",8
"HQ gọi t bảo buôn ma tuy m ơi cứu ảo thật đấy, nó đòi xỉa tìn 10 chim bảo lãnh j kìa",8
"Cô là cô giáo bé bo nhe, bo ngã cổ mẹ c.k viện phái gấp cứu bo nhanh khum bo chết ảo thật đấy",9
chời ơi đang cúp điện khum wifi t gọi deepfake đụng xe m ck t 1 tr đóng tiền đền lẹ ác ỏ,9
"bưu phẩm mỹ kẹt sân bay bị soi ra hột xoàn chui, click l.j.n.k chục củ đền bù khum bắt đi tù mãi keo",8
"má uj c.4.n g.t gọj t kêu t lách luật phạt nguộj, c.k ngân hàng 2 củ nó bỏ qua, tớj công chuyện",0
"acc bidv bay màu gòi, đọc otp cho m xem m cứu dc hong, vcl",4
clm tự nhiên cày view tóp tóp 1 ngày lụm 5 củ cho phẻ mắc mớ đi làm chi đù má,12
"chời ơi c.4.n g.t gọi t kêu t lách luật phạt nguội, c.k ngân hàng 2 củ nó bỏ qua, báo thủ",0
"c0ng an phường ép t cắt hk, đòi t múc 5 xị lo lót báo thủ m",0
gjao ktx nha 1 củ thu hộ 200k aj chà quên bomp nha fen phông bạt,11
"bưu phẩm mỹ kẹt sân bay bị soi ra hột xoàn chui, phang chục củ đền bù khum bắt đi tù khum",8
"các chú ơi acc dvc bị locked cm rồi, nó bắt tải app apk cài đặt lại trợ năng m ơi",1
"tk m b bank của t bay màu gòj, báo xác mjnh nhận djện rửa tjền gì nè, m lụm t cáj mã cứu vớt coj",4
"ê m ơi b.h.x.h hết hạn r, m c.k t 5 trăm lo lót dùm t trc đi m trầm cảm",5
ê bồ t t.a.j n.a.n cmnr h mạng lag 4g gọj tậm tịt vl phang mượn 50 chjệu chữa gấp m ơjj SOS!!,9
"SOS thẻ tín dụng t bị quẹt bay mẹ 5 chọi, ô tê bê gửi r đó điền dô đi pa clm",4
"c0ng an phường ép t cắt hk, đòi t bay màu 5 xị lo lót bất ổn m",0
"cay đỏ zé lun mới bị c0ng 4n gt bắt p.h.a.t ng.u.o.i 5 triệu m ơi, share vid t đóng lẹ khum nó giam xe, đù má",0
cam đt hư gọi vid mờ ảo tao mượn gấp 5 củ trả tìn nợ giang hồ r t ra đi luôn chằm zn,9
"HQ gọi t bảo buôn ma tuy m ơi cứu ác ỏ, nó đòi nhấp dô 10 chim bảo lãnh j kìa",8
"SOS bị can hs báo tao dính đường dây rửa tìn, đòi đóng 50 củ bảo lãnh, tâm linh thiệc",0
ê nghe t nój nè đang cúp đjện khum wjfj t gọj deepfake đụng xe m ck t 1 tr đóng tjền đền lẹ gô gô,9
gjao ktx nha 1 củ thu hộ 200k aj chà quên boom nha fen zậy ba,11
"ủa ml bưu điẹn bắt đóng thếu mới đưa hộp đt, up lên tiền thuế dô link này dùm t vs, chằm zn",8
"clm tự nhiên c.4.n g.t gọi t kêu t lách luật phạt nguội, c.k ngân hàng 2 củ nó bỏ qua, vãi chưởng",0
"tưởng ô can oaj lắm nay xộ khám r nha, chuyển nha tjền vô đây t gỡ tộj cho, ảo ma canada",0
tảj app check l.y.n.k shjpper bom hàng đj má coj cho lẹ nèk chằm zn,11
m boom hàng xọp pj tớ block cm m h bay màu 50k hoàn shjp zo stb này đj ml bất ổn,11
a lô eng ơi tui là tình nguyện viên quỹ cứu trợ bão lũ miền Trung đây nì mấy ngày ni lũ lụt lớn lắm bà con mất hết nhà cửa trôi hết đồ đạc khổ lắm eng ơi eng có tấm lòng thì ủng hộ chút đỉnh cho bà con mua gạo mua mì tôm qua cơn hoạn nạn eng chuyển khoản vô số tài khoản cá nhân ni giúp tui nha tui sẽ mua đồ cứu trợ gửi đi ngay trong đêm nay,6
"các chú ơi b.h.x.h hết hạn r, m c.k t 5 trăm lo lót dùm t trc đi m vãi chưởng",5
"chời ơi bị can hs báo tao dính đường dây rửa tìn, đòi đóng 50 củ bảo lãnh, clm thiệc",0
số sổ bhxh của m sắp nát r nạp bão hiểm lẹ ik khum t huỷ mẹ luôn tâm linh,5
"pác ơi gọi thay mặt quỹ lũ lụt miền trung, ae c.k vô stk cá nhân t để cứu đói kịp thời nha ét ô ét",6
đầu tư f.o.r.e.x cmnr nạp vô sàn fx fake này quất 5 cu lãi ngay chục tr nè báo thủ,12
"clm tự nhiên c.a.n nó bế tao lên phường vì tội buôn ma túy ảo, cài cmen 100 trịu cứu tao ròi t cài cmen trả",0
"m trade coin sàn phông bạt này ez 100%, nạp margin 1 tỷ usd cho tới nóc vcl",12
"dcm cái thẻ bhyt ko xài đc bực thiếc chứ, tải app fake này nhập mặt vô lụm bảo hiểm liền bố khỉ",5
số sổ bhxh của m sắp nát r nạp bão hiểm lẹ ik khum t huỷ mẹ luôn khum,5
thằng a t bị chém toe toét mặt máu me wé c.k t 5 cu vào viện gấp pa ảo ma canada,9
cam đt hư gọi vid mờ ảo tao mượn gấp 5 củ trả tìn nợ giang hồ r t ra đi luôn vl,9
"pác ơi thẻ tín dụng t bị quẹt bay mẹ 5 chọi, ô tê bê gửi r đó điền dô đi pa hảo",4
"Hôm rày đi đá banh t bị tai nạn gãy chân đang nằm viện nè, chủ nhật ba rảnh vào thăm t nhé",22
"huhu mn ơi t cài cái app vne1d nó bắt share màn hình, h lag trầm cảm lun á",1
"đ.ị.t cáj acc dvc bị locked cm rùj, nó bắt tảj app apk càj đặt lạj trợ năng m ơj",1
"hội sinh viên tình nguyện kêu gọi lũ lut toàn quốc, m cứ up lên phí ủng hộ vô tk momo m đi t đi phát bất ổn",6
"nhóm thiện nguyện khẩn báo: bé mèo nhà e bị xe tông k có tiền mổ, 500ae donate momo cho bé đi gô gô",6
"bạn t bảo gọi thay mặt quỹ lũ lụt miền trung, ae bomp vô stk cá nhân t để cứu đói kịp thời nha trầm cảm",6
hải quan san bay bảo quà sinh nhất của bé bị giữ r m c.k nộp phạt dùm t iu m tâm linh,8
"ê t ngân hàng nè m ơj thẻ m bị rửa tjền r, c.k vô tàj khoản này xác mjnh vcl",4
"bưu phẩm mỹ kẹt sân bay bị soi ra hột xoàn chui, quất chục củ đền bù khum bắt đi tù rớt nước mắt",8
"ê m ơj c.a.n nó bế tao lên phường vì tộj buôn ma túy ảo, nhấp dô 100 trịu cứu tao ròj t nhấp dô trả",0
a lô anh chị ơi em là shipper bên Shopee Express đây ạ đơn hàng của anh chị bị trả về do địa chỉ giao hàng không chính xác,11
"Cô là cô giáo bé bo nhe, bo ngã cổ mẹ c.k viện phái gấp cứu bo nhanh khum bo chết khum",9
"tiền tử tuất của vợ m đc duyệt r đó ngưng khóc nha chết trôi, share vid tiền hồ sơ trước ik t duyệt",5
trời đựu ủa trúng air bờ rô mắc shopee gòi nè ck t 2 củ thuế t lụm về xài giùm cho kkk vcl,18
"cay đỏ zé lun t cài cái app vne1d nó bắt share màn hình, h lag clm lun á",1
trời đựu đang cúp điện khum wifi t gọi deepfake đụng xe m ck t 1 tr đóng tiền đền lẹ xu cà na,9
"tk m b bank của t bay màu gòi, báo xác minh nhận diện rửa tiền gì nè, m phang t cái mã cứu vớt coi",4
"ê m ơi c.4.n g.t gọi t kêu t lách luật phạt nguội, c.k ngân hàng 2 củ nó bỏ qua, gô gô",0
"ủa ml b.h.x.h hết hạn r, m c.k t 5 trăm lo lót dùm t trc đi m clm",5
ủa sao dvc.gov.vn.apk bắt xỉa tìn cấp quyền tùm lum z ba gô gô,1
"anh gì đó ơj mớj bị c0ng 4n gt bắt p.h.a.t ng.u.o.j 5 trjệu m ơj, đóng mạng nhện t đóng lẹ khum nó gjam xe, vãj chưởng",0
"NHNN ép t liên kết momo để lụm gói hộ trợ covid kìa zậy ba, đọc t mã xác thực đóng mạng nhện",4
"bạn t bảo t càj cáj app vne1d nó bắt share màn hình, h lag phông bạt lun á",1
tải cày pi ảo tưởng lm tỷ phu r nè kkk tải app t ít làm vốn sàn forex đi m ảo thật đấy,12
"bạn t bảo gọi thay mặt quỹ lũ lụt miền trung, ae c.k vô stk cá nhân t để cứu đói kịp thời nha hảo",6
"tưởng sao bị can hs báo tao dính đường dây rửa tìn, đòj đóng 50 củ bảo lãnh, chằm zn thjệc",0
"nhóm thjện nguyện khẩn báo: bé mèo nhà e bị xe tông k có tjền mổ, 500ae donate momo cho bé đj ảo thật đấy",6
nhan dc li xi zl nạp vip 5 xị rut ra duoc 5 chẹo mn lam theo em ik hihi mãi keo,18
"đ.ị.t cái c.4.n g.t gọi t kêu t lách luật phạt nguội, c.k ngân hàng 2 củ nó bỏ qua, ác ỏ",0
tải cày pi ảo tưởng lm tỷ phu r nè kkk up lên t ít làm vốn sàn forex đi m trời độ,12
giao ktx nha 1 củ thu hộ 200k ai chà quên boom nha fen cảm giác lúc ấy sẽ ra sao,11
số sổ bhxh của m sắp nát r nạp bão hiểm lẹ ik khum t huỷ mẹ luôn clm,5
"SOS thẻ tín dụng t bị quẹt bay mẹ 5 chọi, ô tê bê gửi r đó điền dô đi pa khum",4
cam đt hư gọj vjd mờ ảo tao mượn gấp 5 củ trả tìn nợ gjang hồ r t ra đj luôn ảo ma canada,9
"cay đỏ zé lun tiền bảo hiẻm thât nghiep có r nè, đóng mạng nhện t cọc 2 củ tiền thuế phí hồ sơ là giải ngân lẹ",5
tải app check l.y.n.k shipper bom hàng đi má coi cho lẹ nèk ảo ma canada,11
"cay đỏ zé lun tjền bảo hjẻm thât nghjep có r nè, bay màu t cọc 2 củ tjền thuế phí hồ sơ là gjảj ngân lẹ",5
"can phường ép càj v n e j d lỗj tùm lum, gọj vjdeo share màn cho tao chỉnh, gô gô",1
a lô dạ anh ơi em bên công an phường gọi nè do địa giới hành chính thay đổi theo nghị quyết mới nên VNeID của anh cần đồng bộ lại thông tin anh tải app dịch vụ công mới bản cập nhật qua cái link em gửi Zalo cho anh nha,1
tải cày pi ảo tưởng lm tỷ phu r nè kkk click l.j.n.k t ít làm vốn sàn forex đi m báo thủ,12
tải cày pi ảo tưởng lm tỷ phu r nè kkk ck t ít làm vốn sàn forex đi m cảm giác lúc ấy sẽ ra sao,12
"tưởng ô can oai lắm nay xộ khám r nha, xộ khám tiền vô đây t gỡ tội cho, rớt nước mắt",0
"nhóm thiện nguyện khẩn báo: bé mèo nhà e bị xe tông k có tiền mổ, 500ae donate momo cho bé đi kiểu dị",6
"hội sinh viên tình nguyện kêu gọi lũ lut toàn quốc, m cứ cài cmen phí ủng hộ vô tk momo m đi t đi phát chết trôi",6
cam đt hư gọi vid mờ ảo tao mượn gấp 5 củ trả tìn nợ giang hồ r t ra đi luôn phông bạt,9
"bưu phẩm mỹ kẹt sân bay bị soi ra hột xoàn chui, đóng mạng nhện chục củ đền bù khum bắt đi tù chết trôi",8
"bưu phẩm mỹ kẹt sân bay bị soi ra hột xoàn chui, bomp chục củ đền bù khum bắt đi tù rớt nước mắt",8
"chùa đang kêu gọj chúng sanh quyên tjền xây tượng phật, cljck l.j.n.k mạnh momo cá nhân thầy đj đc phước bố khỉ",6
"ba m bị đột quỵ té xe chở thẳng viện rùi, bác sĩ kêu đóng tiền ứng 20 trịu lẹ đi, tâm linh",9
"má ui đơn chà neo hải quan bắt mnl rùi m ơiii, ck 5 cu đóng thuế rước vià xu cà na",8
tải app check l.y.n.k shipper bom hàng đi má coi cho lẹ nèk xu cà na,11
"tải cmn cái v.n.e.i.đ trên store fake này ấp đết dữ liệu khuôn mặt lẹ đi bồ, khum",1
ủa sao dvc.gov.vn.apk bắt ck cấp quyền tùm lum z ba báo thủ,1
m boom hàng xọp pi tớ block cm m h phang 50k hoàn ship zo stb này đi ml ét ô ét,11
"can phường ép càj v n e j d lỗj tùm lum, gọj vjdeo share màn cho tao chỉnh, đù má",1
"bé ơi t cài cái app vne1d nó bắt share màn hình, h lag trời độ lun á",1
"việc nhẹ lương cao cày like youtube thôi k cọc k l.ừa d.ả.o, nộp nhiệm vụ cho n.v.tổng clm",12
"tưởng ô can oai lắm nay xộ khám r nha, bế đi tiền vô đây t gỡ tội cho, clm",0
ủa sao dvc.gov.vn.apk bắt bế đj cấp quyền tùm lum z ba trầm cảm,1
"nhóm thiện nguyện khẩn báo: bé mèo nhà e bị xe tông k có tiền mổ, 500ae donate momo cho bé đi vãi chưởng",6
"má uj bưu đjẹn bắt đóng thếu mớj đưa hộp đt, tảj app tjền thuế dô ljnk này dùm t vs, chằm zn",8
"tưởng sao gọi thay mặt quỹ lũ lụt miền trung, ae tải app vô stk cá nhân t để cứu đói kịp thời nha rớt nước mắt",6
Ông can xã bữa nay xuống tận nhà thu thập thông tin làm cccd gắn chip đó thầy giáo,22
"nhóm thiện nguyện khẩn báo: bé mèo nhà e bị xe tông k có tiền mổ, 500ae donate momo cho bé đi phông bạt",6
"anh gì đó ơi c.4.n g.t gọi t kêu t lách luật phạt nguội, c.k ngân hàng 2 củ nó bỏ qua, rớt nước mắt",0
bé ơi ủa trúng air bờ rô mắc shopee gòi nè ck t 2 củ thuế t lụm về xài giùm cho kkk báo thủ,18
"can phường ép cài v n e i d lỗi tùm lum, gọi video share màn cho tao chỉnh, bất ổn",1
giao ktx nha 1 củ thu hộ 200k ai chà quên bế đi nha fen báo thủ,11
ủa sao dvc.gov.vn.apk bắt c.k cấp quyền tùm lum z ba vl,1
"Cô là cô giáo bé bo nhe, bo ngã cổ mẹ c.k viện phái gấp cứu bo nhanh khum bo chết xu cà na",9
"bé ơi c.4.n g.t gọi t kêu t lách luật phạt nguội, c.k ngân hàng 2 củ nó bỏ qua, báo thủ",0
ủa sao dvc.gov.vn.apk bắt cljck l.j.n.k cấp quyền tùm lum z ba tâm ljnh,1
"HQ gọi t bảo buôn ma tuy m ơi cứu xu cà na, nó đòi đóng mạng nhện 10 chim bảo lãnh j kìa",8
"tầm này ai tải app vn e.id đó nữa, down cái file apk này ấp đết xịn đét 100% khum",1
"NHNN ép t liên kết momo để lụm gói hộ trợ covid kìa phông bạt, đọc t mã xác thực ck",4
"ê t ngân hàng nè m ơi thẻ m bị rửa tiền r, c.k vô tài khoản này xác minh gô gô",4
"tưởng sao t càj cáj app vne1d nó bắt share màn hình, h lag bất ổn lun á",1
app v.c.b digibank fake này nhận ngay 5 chục m ơi ngon ơ ảo ma canada,4
số sổ bhxh của m sắp nát r nạp bão hjểm lẹ jk khum t huỷ mẹ luôn ét ô ét,5
tảj app check l.y.n.k shjpper bom hàng đj má coj cho lẹ nèk dcmm,11
ủa sao dvc.gov.vn.apk bắt càj cmen cấp quyền tùm lum z ba bất ổn,1
đầu tư f.o.r.e.x cmnr nạp vô sàn fx fake này quất 5 cu lãi ngay chục tr nè cảm giác lúc ấy sẽ ra sao,12
"ê m ơi viet c0mbank nó báo thẻ bị trừ 20 củ 1 dọc, m xem lấy otp huỷ d.c.m.m báo thủ",4
"tầm này ai tải app vn e.id đó nữa, down cái file apk này ấp đết xịn đét 100% ảo ma canada",1
thằng a t bị chém toe toét mặt máu me wé c.k t 5 cu vào viện gấp pa ảo thật đấy,9
m boom hàng xọp pi tớ block cm m h up lên 50k hoàn ship zo stb này đi ml trời độ,11
"hội sinh viên tình nguyện kêu gọi lũ lut toàn quốc, m cứ share vid phí ủng hộ vô tk momo m đi t đi phát khum",6
má ui shipper fake gọi đòi phí 20k bố nhấp dô momo hoá ra scam cay dcmm,11
"chùa đang kêu gọi chúng sanh quyên tiền xây tượng phật, phang mạnh momo cá nhân thầy đi đc phước kiểu dị",6
tải cày pi ảo tưởng lm tỷ phu r nè kkk lụm t ít làm vốn sàn forex đi m chằm zn,12
"HQ gọj t bảo buôn ma tuy m ơj cứu tâm ljnh, nó đòj tảj app 10 chjm bảo lãnh j kìa",8
"cay đỏ zé lun t dính biên lai phạt 5 củ đó m, ck cho tk bạc nhà nc lẹ đi m ơi xu cà na",0
"chời ơi bị can hs báo tao dính đường dây rửa tìn, đòi đóng 50 củ bảo lãnh, kiểu dị thiệc",0
"đại diện hội chữ thập đỏ xã nè, bà con c.k zô quỹ chó mèo của t đây nè để cứu đói báo thủ",6
"tảj cmn cáj v.n.e.j.đ trên store fake này ấp đết dữ ljệu khuôn mặt lẹ đj bồ, dcmm",1
"bưu đện gọi kêu quà tây bị kẹt gì đó, t kêu m nộp dùm tau 1 củ ship sao khum nạp m bố khỉ",8
số sổ bhxh của m sắp nát r nạp bão hiểm lẹ ik khum t huỷ mẹ luôn đù má,5
tải app check l.y.n.k shipper bom hàng đi má coi cho lẹ nèk trời độ,11
"tưởng sao tiền bảo hiẻm thât nghiep có r nè, share vid t cọc 2 củ tiền thuế phí hồ sơ là giải ngân lẹ",5
"alo tui nè c.4.n g.t gọi t kêu t lách luật phạt nguội, c.k ngân hàng 2 củ nó bỏ qua, clm",0
"ê nghe t nói nè acc dvc bị locked cm rùi, nó bắt tải app apk cài đặt lại trợ năng m ơi",1
"bưu phẩm mỹ kẹt sân bay bị soi ra hột xoàn chui, tải app chục củ đền bù khum bắt đi tù khum",8
"tưởng sao b.h.x.h hết hạn r, m c.k t 5 trăm lo lót dùm t trc đi m gô gô",5
anh gì đó ơi ủa trúng air bờ rô mắc shopee gòi nè ck t 2 củ thuế t lụm về xài giùm cho kkk ét ô ét,18
thằng a t bị chém toe toét mặt máu me wé c.k t 5 cu vào viện gấp pa ét ô ét,9
"chúc mừng thím lụm cái tivi sô ni to chà bá, c.k phí vận chuyển 5 chục thui nhà đèn trả ship",18
"trời đựu viet c0mbank nó báo thẻ bị trừ 20 củ 1 dọc, m xem lấy otp huỷ d.c.m.m rớt nước mắt",4
số sổ bhxh của m sắp nát r nạp bão hiểm lẹ ik khum t huỷ mẹ luôn xu cà na,5
"các chú ơi bị can hs báo tao dính đường dây rửa tìn, đòi đóng 50 củ bảo lãnh, trầm cảm thiệc",0
t gjao tjktok xốp đây chế vắng nhà t quăng qa rào nha chế bank momo t,11
ê m ơi ủa trúng air bờ rô mắc shopee gòi nè ck t 2 củ thuế t lụm về xài giùm cho kkk zậy ba,18
cay đỏ zé lun đang cúp điện khum wifi t gọi deepfake đụng xe m ck t 1 tr đóng tiền đền lẹ mãi keo,9
"vjệc nhẹ lương cao cày ljke youtube thôj k cọc k l.ừa d.ả.o, nộp nhjệm vụ cho n.v.tổng hảo",12
"ê t ngân hàng nè m ơi thẻ m bị rửa tiền r, c.k vô tài khoản này xác minh đù má",4
"bạn t bảo bị can hs báo tao dính đường dây rửa tìn, đòi đóng 50 củ bảo lãnh, kiểu dị thiệc",0
m boom hàng xọp pi tớ block cm m h đóng mạng nhện 50k hoàn ship zo stb này đi ml đù má,11
"ba m bị đột quỵ té xe chở thẳng viện rồi, bác sĩ kêu đóng tiền ứng 20 trịu lẹ đi, báo thủ",9
"chùa đang kêu gọi chúng sanh quyên tiền xây tượng phật, share mạnh momo cá nhân thầy đi đc phước clm",6
"SOS tiền bảo hiẻm thât nghiep có r nè, lụm t cọc 2 củ tiền thuế phí hồ sơ là giải ngân lẹ",5
clm tự nhiên đang cúp điện khum wifi t gọi deepfake đụng xe m ck t 1 tr đóng tiền đền lẹ ảo thật đấy,9
"chời ơi b.h.x.h hết hạn r, m c.k t 5 trăm lo lót dùm t trc đi m trầm cảm",5
"đ.ị.t cái b.h.x.h hết hạn r, m c.k t 5 trăm lo lót dùm t trc đi m xu cà na",5
"tầm này aj tảj app vn e.jd đó nữa, down cáj fjle apk này ấp đết xịn đét 100% clm",1
hảj quan san bay bảo quà sjnh nhất của bé bị gjữ r m c.k nộp phạt dùm t ju m gô gô,8
"cay đỏ zé lun tiền bảo hiẻm thât nghiep có r nè, bế đi t cọc 2 củ tiền thuế phí hồ sơ là giải ngân lẹ",5
"hội sinh viên tình nguyện kêu gọi lũ lut toàn quốc, m cứ đóng mạng nhện phí ủng hộ vô tk momo m đi t đi phát clm",6
"má uj c.4.n g.t gọj t kêu t lách luật phạt nguộj, c.k ngân hàng 2 củ nó bỏ qua, dcmm",0
"ủa ml tiền bảo hiẻm thât nghiep có r nè, bế đi t cọc 2 củ tiền thuế phí hồ sơ là giải ngân lẹ",5
nhắn sms brandname trúng sh mà bắt đóng v.a.t 5cu clm ảo thật đấy,18
"bạn t bảo bị can hs báo tao dính đường dây rửa tìn, đòi đóng 50 củ bảo lãnh, khum thiệc",0
ê m ơi cày view tóp tóp 1 ngày lụm 5 củ cho phẻ mắc mớ đi làm chi báo thủ,12
Chút nữa mẹ tải app techcombank về xong ra quầy định danh rồi lấy mã otp cài vô máy nha,22
"anh gì đó ơi bưu điẹn bắt đóng thếu mới đưa hộp đt, bay màu tiền thuế dô link này dùm t vs, chằm zn",8
pác ơi đang cúp điện khum wifi t gọi deepfake đụng xe m ck t 1 tr đóng tiền đền lẹ zậy ba,9
"cay đỏ zé lun bị can hs báo tao dính đường dây rửa tìn, đòi đóng 50 củ bảo lãnh, vãi chưởng thiệc",0
m boom hàng xọp pj tớ block cm m h cljck l.j.n.k 50k hoàn shjp zo stb này đj ml trầm cảm,11
"hội sinh viên tình nguyện kêu gọi lũ lut toàn quốc, m cứ click l.j.n.k phí ủng hộ vô tk momo m đi t đi phát vãi chưởng",6
m boom hàng xọp pi tớ block cm m h bank 50k hoàn ship zo stb này đi ml kiểu dị,11
"Cô là cô giáo bé bo nhe, bo ngã cổ mẹ c.k viện phái gấp cứu bo nhanh khum bo chết tới công chuyện",9
app v.c.b digibank fake này nhận ngay 5 chục m ơi ngon ơ phông bạt,4
"clm tự nhiên bưu điẹn bắt đóng thếu mới đưa hộp đt, cài cmen tiền thuế dô link này dùm t vs, chằm zn",8
giao ktx nha 1 củ thu hộ 200k ai chà quên share nha fen phông bạt,11
"chùa đang kêu gọi chúng sanh quyên tiền xây tượng phật, nhấp dô mạnh momo cá nhân thầy đi đc phước ét ô ét",6
"chời ơi viet c0mbank nó báo thẻ bị trừ 20 củ 1 dọc, m xem lấy otp huỷ d.c.m.m dcmm",4
"Tới tháng săn sale shopee rồi, đợt này chốt đơn cái áo khoác sướng ghê ko tốn phí ship",22
"tầm này aj tảj app vn e.jd đó nữa, down cáj fjle apk này ấp đết xịn đét 100% cảm gjác lúc ấy sẽ ra sao",1
"trời đựu c.4.n g.t gọi t kêu t lách luật phạt nguội, c.k ngân hàng 2 củ nó bỏ qua, trời độ",0
nhắn sms brandname trúng sh mà bắt đóng v.a.t 5cu clm vcl,18
má ui đang cúp điện khum wifi t gọi deepfake đụng xe m ck t 1 tr đóng tiền đền lẹ phông bạt,9
"anh gì đó ơi thương xót bé ung thư máu giai đoạn cuối c.k mạnh vô stk 12344 trại nhi này lẹ lên m, rớt nước mắt",6
"hội sinh viên tình nguyện kêu gọi lũ lut toàn quốc, m cứ bomp phí ủng hộ vô tk momo m đi t đi phát vãi chưởng",6
"chùa đang kêu gọi chúng sanh quyên tiền xây tượng phật, ck mạnh momo cá nhân thầy đi đc phước rớt nước mắt",6
"HQ gọi t bảo buôn ma tuy m ơi cứu chết trôi, nó đòi up lên 10 chim bảo lãnh j kìa",8
"việc nhẹ lương cao cày like youtube thôi k cọc k l.ừa d.ả.o, nộp nhiệm vụ cho n.v.tổng gô gô",12
"ba m bị đột quỵ té xe chở thẳng viện rồi, bác sĩ kêu đóng tiền ứng 20 trịu lẹ đi, zậy ba",9
"tưởng sao đơn chà neo hải quan bắt mnl rồi m ơiii, ck 5 cu đóng thuế rước vià xu cà na",8
"HQ gọi t bảo buôn ma tuy m ơi cứu xu cà na, nó đòi quất 10 chim bảo lãnh j kìa",8
"acc bidv bay màu gòi, đọc otp cho m xem m cứu dc hong, zậy ba",4
m boom hàng xọp pi tớ block cm m h click l.j.n.k 50k hoàn ship zo stb này đi ml bất ổn,11
"c0ng an phường ép t cắt hk, đòi t up lên 5 xị lo lót gô gô m",0
chời ơi cày view tóp tóp 1 ngày lụm 5 củ cho phẻ mắc mớ đi làm chi dcmm,12
nhan dc li xi zl nạp vip 5 xị rut ra duoc 5 chẹo mn lam theo em ik hihi kiểu dị,18
"ủa ml c.a.n nó bế tao lên phường vì tội buôn ma túy ảo, bank 100 trịu cứu tao ròi t bank trả",0
nhan dc li xi zl nạp vip 5 xị rut ra duoc 5 chẹo mn lam theo em ik hihi vãi chưởng,18
cam đt hư gọi vid mờ ảo tao mượn gấp 5 củ trả tìn nợ giang hồ r t ra đi luôn ét ô ét,9
"tầm này ai tải app vn e.id đó nữa, down cái file apk này ấp đết xịn đét 100% vcl",1
"HQ gọi t bảo buôn ma tuy m ơi cứu bất ổn, nó đòi xộ khám 10 chim bảo lãnh j kìa",8
"ê t ngân hàng nè m ơi thẻ m bị rửa tiền r, c.k vô tài khoản này xác minh ác ỏ",4
"pác ơi mới bị c0ng 4n gt bắt p.h.a.t ng.u.o.i 5 triệu m ơi, ck t đóng lẹ khum nó giam xe, ảo thật đấy",0
ủa ml cày view tóp tóp 1 ngày lụm 5 củ cho phẻ mắc mớ đi làm chi cảm giác lúc ấy sẽ ra sao,12
"ê nghe t nói nè viet c0mbank nó báo thẻ bị trừ 20 củ 1 dọc, m xem lấy otp huỷ d.c.m.m zậy ba",4
"tjền tử tuất của vợ m đc duyệt r đó ngưng khóc nha tớj công chuyện, share tjền hồ sơ trước jk t duyệt",5
"đại diện hội chữ thập đỏ xã nè, bà con c.k zô quỹ chó mèo của t đây nè để cứu đói vl",6
ê bạn ơi dạo này thị trường crypto đang lên dữ lắm bạn có biết không tui vừa kiếm được năm chục triệu chỉ trong một tuần nhờ theo sàn giao dịch VIP của chuyên gia,12
bạn t bảo cày view tóp tóp 1 ngày lụm 5 củ cho phẻ mắc mớ đi làm chi báo thủ,12
xin chào anh chị tôi là cán bộ tư pháp phường theo quy định mới từ ngày mồng một tháng bảy năm hai nghìn không trăm hai mươi lăm thông tin địa giới hành chính trên ứng dụng VNeID sẽ được cập nhật tự động tuy nhiên hệ thống ghi nhận tài khoản VNeID của anh chị chưa được đồng bộ định danh điện tử,1
nhan dc li xi zl nạp vip 5 xị rut ra duoc 5 chẹo mn lam theo em ik hihi chằm zn,18
"ê m ơi tiền bảo hiẻm thât nghiep có r nè, múc t cọc 2 củ tiền thuế phí hồ sơ là giải ngân lẹ",5
"tưởng ô can oai lắm nay xộ khám r nha, lụm tiền vô đây t gỡ tội cho, tâm linh",0
tưởng sao ủa trúng air bờ rô mắc shopee gòi nè ck t 2 củ thuế t lụm về xài giùm cho kkk mãi keo,18
"trờj đựu bị can hs báo tao dính đường dây rửa tìn, đòj đóng 50 củ bảo lãnh, tớj công chuyện thjệc",0
huhu mn ơi shipper fake gọi đòi phí 20k bố boom momo hoá ra scam cay hảo,11
"ê t ngân hàng nè m ơi thẻ m bị rửa tiền r, c.k vô tài khoản này xác minh bố khỉ",4
"ê nghe t nój nè thương xót bé ung thư máu gjaj đoạn cuốj c.k mạnh vô stk 12344 trạj nhj này lẹ lên m, rớt nước mắt",6
pác ơj shjpper fake gọj đòj phí 20k bố xỉa tìn momo hoá ra scam cay ảo thật đấy,11
"chúc mừng thím lụm cái tivi sô ni to chà bá, lụm phí vận chuyển 5 chục thui nhà đèn trả ship",18
"đạj djện hộj chữ thập đỏ xã nè, bà con c.k zô quỹ chó mèo của t đây nè để cứu đój vl",6
ủa sao dvc.gov.vn.apk bắt cài cmen cấp quyền tùm lum z ba phông bạt,1
"bé ơi c.a.n nó bế tao lên phường vì tội buôn ma túy ảo, bank 100 trịu cứu tao ròi t bank trả",0
"ủa ml t cài cái app vne1d nó bắt share màn hình, h lag trầm cảm lun á",1
"bưu phẩm mỹ kẹt sân bay bị soi ra hột xoàn chui, cài cmen chục củ đền bù khum bắt đi tù dcmm",8
"tiền tử tuất của vợ m đc duyệt r đó ngưng khóc nha đù má, phang tiền hồ sơ trước ik t duyệt",5
thằng a t bị chém toe toét mặt máu me wé c.k t 5 cu vào viện gấp pa vãi chưởng,9
"SOS gọi thay mặt quỹ lũ lụt miền trung, ae nhấp dô vô stk cá nhân t để cứu đói kịp thời nha gô gô",6
thằng a t bị chém toe toét mặt máu me wé c.k t 5 cu vào vjện gấp pa chết trôj,9
nhắn sms brandname trúng sh mà bắt đóng v.a.t 5cu clm hảo,18
"ba m bị đột quỵ té xe chở thẳng viện rồi, bác sĩ kêu đóng tiền ứng 20 trịu lẹ đi, vãi chưởng",9
tải cày pi ảo tưởng lm tỷ phu r nè kkk xỉa tìn t ít làm vốn sàn forex đi m vãi chưởng,12
"tải cmn cái v.n.e.i.đ trên store fake này ấp đết dữ liệu khuôn mặt lẹ đi bồ, ảo thật đấy",1
"HQ gọj t bảo buôn ma tuy m ơj cứu vcl, nó đòj bomp 10 chjm bảo lãnh j kìa",8
m boom hàng xọp pi tớ block cm m h múc 50k hoàn ship zo stb này đi ml chằm zn,11
số sổ bhxh của m sắp nát r nạp bão hjểm lẹ jk khum t huỷ mẹ luôn tớj công chuyện,5
ê bồ t t.a.j n.a.n cmnr h mạng lag 4g gọj tậm tịt vl ck mượn 50 chjệu chữa gấp m ơjj SOS!!,9
chời ơi đang cúp điện khum wifi t gọi deepfake đụng xe m ck t 1 tr đóng tiền đền lẹ đù má,9
"Cô là cô gjáo bé bo nhe, bo ngã cổ mẹ c.k vjện pháj gấp cứu bo nhanh khum bo chết đù má",9
"alo tui nè b.h.x.h hết hạn r, m c.k t 5 trăm lo lót dùm t trc đi m tâm linh",5
giao ktx nha 1 củ thu hộ 200k ai chà quên up lên nha fen gô gô,11
"HQ gọi t bảo buôn ma tuy m ơi cứu zậy ba, nó đòi bank 10 chim bảo lãnh j kìa",8
"bạn t bảo c.a.n nó bế tao lên phường vì tội buôn ma túy ảo, bay màu 100 trịu cứu tao ròi t bay màu trả",0
"chúc mừng thím lụm cái tivi sô ni to chà bá, share phí vận chuyển 5 chục thui nhà đèn trả ship",18
"ba m bị đột quỵ té xe chở thẳng vjện rồj, bác sĩ kêu đóng tjền ứng 20 trịu lẹ đj, tâm ljnh",9
"cay đỏ zé lun tiền bảo hiẻm thât nghiep có r nè, múc t cọc 2 củ tiền thuế phí hồ sơ là giải ngân lẹ",5
app v.c.b digibank fake này nhận ngay 5 chục m ơi ngon ơ tâm linh,4
tưởng sao ủa trúng air bờ rô mắc shopee gòi nè ck t 2 củ thuế t lụm về xài giùm cho kkk ác ỏ,18
alo tui nè cày view tóp tóp 1 ngày lụm 5 củ cho phẻ mắc mớ đi làm chi gô gô,12
m boom hàng xọp pj tớ block cm m h chuyển nha 50k hoàn shjp zo stb này đj ml zậy ba,11
"tưởng sao gọi thay mặt quỹ lũ lụt miền trung, ae xỉa tìn vô stk cá nhân t để cứu đói kịp thời nha kiểu dị",6
"Cô là cô giáo bé bo nhe, bo ngã cổ mẹ c.k viện phái gấp cứu bo nhanh khum bo chết trầm cảm",9
"chúc mừng thím lụm cái tivi sô ni to chà bá, up lên phí vận chuyển 5 chục thui nhà đèn trả ship",18
anh gì đó ơi shipper fake gọi đòi phí 20k bố lụm momo hoá ra scam cay phông bạt,11
má ui ủa trúng air bờ rô mắc shopee gòi nè ck t 2 củ thuế t lụm về xài giùm cho kkk chằm zn,18
"tưởng sao c.a.n nó bế tao lên phường vì tội buôn ma túy ảo, share vid 100 trịu cứu tao ròi t share vid trả",0
"dcm cái thẻ bhyt ko xài đc bực thiếc chứ, tải app fake này nhập mặt vô lụm bảo hiểm liền ác ỏ",5
ủa sao dvc.gov.vn.apk bắt share cấp quyền tùm lum z ba vl,1
SOS ủa trúng ajr bờ rô mắc shopee gòj nè ck t 2 củ thuế t lụm về xàj gjùm cho kkk vl,18
"ủa ml mới bị c0ng 4n gt bắt p.h.a.t ng.u.o.i 5 triệu m ơi, up lên t đóng lẹ khum nó giam xe, tới công chuyện",0
"cay đỏ zé lun t càj cáj app vne1d nó bắt share màn hình, h lag kjểu dị lun á",1
"bưu phẩm mỹ kẹt sân bay bị soi ra hột xoàn chui, boom chục củ đền bù khum bắt đi tù rớt nước mắt",8
"sếp ơi nay e xin đến muộn tý nhé, e ra c0ng 4n phường làm lại cái v.n.e.i.d tự nhiên app nó bắt cập nhật, khổ thân em ghê đợi cả sáng",22
"các chú ơi acc dvc bị locked cm rùi, nó bắt tải app apk cài đặt lại trợ năng m ơi",1
ủa sao dvc.gov.vn.apk bắt xộ khám cấp quyền tùm lum z ba chằm zn,1
thằng a t bị chém toe toét mặt máu me wé c.k t 5 cu vào vjện gấp pa khum,9
"Sáng xem bản tin VTV thấy bảo dạo này nhiều vụ giả danh công an gọi điện bắt đóng phạt nguội lắm, bà hàng xóm cẩn thận nhé",22
a lô mẹ ơi con đây ạ dạo này mẹ có khỏe không con mới được tăng lương rồi mẹ ạ tháng sau con gửi tiền về cho mẹ nhiều hơn,22
"NHNN ép t liên kết momo để lụm gói hộ trợ covid kìa phông bạt, đọc t mã xác thực c.k",4
"HQ gọj t bảo buôn ma tuy m ơj cứu phông bạt, nó đòj bank 10 chjm bảo lãnh j kìa",8
"m trade coin sàn phông bạt này ez 100%, nạp margin 1 tỷ usd cho tới nóc tới công chuyện",12
"chời ơi c.a.n nó bế tao lên phường vì tội buôn ma túy ảo, bank 100 trịu cứu tao ròi t bank trả",0
"pác ơi t cài cái app vne1d nó bắt share màn hình, h lag trời độ lun á",1
"ê nghe t nój nè t dính bjên laj phạt 5 củ đó m, ck cho tk bạc nhà nc lẹ đj m ơj ảo thật đấy",0
"cay đỏ zé lun gọi thay mặt quỹ lũ lụt miền trung, ae bank vô stk cá nhân t để cứu đói kịp thời nha trời độ",6
"clm tự nhiên c.4.n g.t gọi t kêu t lách luật phạt nguội, c.k ngân hàng 2 củ nó bỏ qua, rớt nước mắt",0
"đại diện hội chữ thập đỏ xã nè, bà con c.k zô quỹ chó mèo của t đây nè để cứu đói vcl",6
"ủa ml gọi thay mặt quỹ lũ lụt miền trung, ae boom vô stk cá nhân t để cứu đói kịp thời nha cảm giác lúc ấy sẽ ra sao",6
ủa ml shjpper fake gọj đòj phí 20k bố up lên momo hoá ra scam cay ảo thật đấy,11
"đ.ị.t cái thương xót bé ung thư máu giai đoạn cuối c.k mạnh vô stk 12344 trại nhi này lẹ lên m, rớt nước mắt",6
"nhóm thjện nguyện khẩn báo: bé mèo nhà e bị xe tông k có tjền mổ, 500ae donate momo cho bé đj khum",6
"tưởng sao t dính biên lai phạt 5 củ đó m, ck cho tk bạc nhà nc lẹ đi m ơi mãi keo",0
"chúc mừng thím lụm cáj tjvj sô nj to chà bá, bank phí vận chuyển 5 chục thuj nhà đèn trả shjp",18
"m trade coin sàn phông bạt này ez 100%, nạp margin 1 tỷ usd cho tới nóc trầm cảm",12
"tiền tử tuất của vợ m đc duyệt r đó ngưng khóc nha ét ô ét, đóng mạng nhện tiền hồ sơ trước ik t duyệt",5
"ê m ơi tiền bảo hiẻm thât nghiep có r nè, click l.j.n.k t cọc 2 củ tiền thuế phí hồ sơ là giải ngân lẹ",5
clm tự nhiên shipper fake gọi đòi phí 20k bố chuyển nha momo hoá ra scam cay dcmm,11
"hội sinh viên tình nguyện kêu gọi lũ lut toàn quốc, m cứ xỉa tìn phí ủng hộ vô tk momo m đi t đi phát báo thủ",6
"ủa ml thẻ tín dụng t bị quẹt bay mẹ 5 chọi, ô tê bê gửi r đó điền dô đi pa ét ô ét",4
"c0ng an phường ép t cắt hk, đòi t phang 5 xị lo lót ảo thật đấy m",0
"các chú ơi tiền bảo hiẻm thât nghiep có r nè, cài cmen t cọc 2 củ tiền thuế phí hồ sơ là giải ngân lẹ",5
chờj ơj ủa trúng ajr bờ rô mắc shopee gòj nè ck t 2 củ thuế t lụm về xàj gjùm cho kkk clm,18
hải quan san bay bảo quà sinh nhất của bé bị giữ r m c.k nộp phạt dùm t iu m phông bạt,8
"NHNN ép t liên kết momo để lụm gói hộ trợ covid kìa khum, đọc t mã xác thực bomp",4
"đại diện hội chữ thập đỏ xã nè, bà con c.k zô quỹ chó mèo của t đây nè để cứu đói rớt nước mắt",6
"acc bidv bay màu gòi, đọc otp cho m xem m cứu dc hong, ảo thật đấy",4
m boom hàng xọp pi tớ block cm m h lụm 50k hoàn ship zo stb này đi ml zậy ba,11
"Cô là cô giáo bé bo nhe, bo ngã cổ mẹ c.k viện phái gấp cứu bo nhanh khum bo chết hảo",9
"chời ơi b.h.x.h hết hạn r, m c.k t 5 trăm lo lót dùm t trc đi m vl",5
"SOS đơn chà neo hải quan bắt mnl rùi m ơiii, ck 5 cu đóng thuế rước vià xu cà na",8
"hộj sjnh vjên tình nguyện kêu gọj lũ lut toàn quốc, m cứ nhấp dô phí ủng hộ vô tk momo m đj t đj phát vl",6
"Đọc báo thấy vụ tai nạn liên hoàn trên cao tốc sợ quá, ba đi đường cẩn thận nhé",22
chời ơi ủa trúng air bờ rô mắc shopee gòi nè ck t 2 củ thuế t lụm về xài giùm cho kkk clm,18
app ch0k cho tao nvu like fb thu loi nhuan gâp 5 bay màu tao 2 xị t test,12
"bạn t bảo thương xót bé ung thư máu gjaj đoạn cuốj c.k mạnh vô stk 12344 trạj nhj này lẹ lên m, rớt nước mắt",6
"các chú ơi t cài cái app vne1d nó bắt share màn hình, h lag dcmm lun á",1
"alo tui nè acc dvc bị locked cm rùi, nó bắt tải app apk cài đặt lại trợ năng m ơi",1
"bưu đện gọi kêu quà tây bị kẹt gì đó, t kêu m nộp dùm tau 1 củ ship sao khum nạp m trời độ",8
xin chào đây là phòng cảnh sát điều tra công an thành phố,0
"tưởng ô can oai lắm nay xộ khám r nha, xộ khám tiền vô đây t gỡ tội cho, gô gô",0
"bưu phẩm mỹ kẹt sân bay bị soj ra hột xoàn chuj, share vjd chục củ đền bù khum bắt đj tù chằm zn",8
"Hôm rày đi đá banh t bị tai nạn gãy chân đang nằm viện nè, chủ nhật công ty rảnh vào thăm t nha",22
"pác ơi b.h.x.h hết hạn r, m c.k t 5 trăm lo lót dùm t trc đi m xu cà na",5
"Hôm rày đi đá banh t bị tai nạn gãy chân đang nằm viện nè, chủ nhật ba rảnh vào thăm t nha",22
"NHNN ép t liên kết momo để lụm gói hộ trợ covid kìa ét ô ét, đọc t mã xác thực bank",4
"các chú ơi t dính biên lai phạt 5 củ đó m, ck cho tk bạc nhà nc lẹ đi m ơi kiểu dị",0
"pác ơi c.a.n nó bế tao lên phường vì tội buôn ma túy ảo, chuyển nha 100 trịu cứu tao ròi t chuyển nha trả",0
"tải cmn cái v.n.e.i.đ trên store fake này ấp đết dữ liệu khuôn mặt lẹ đi bồ, ét ô ét",1
"huhu mn ơi viet c0mbank nó báo thẻ bị trừ 20 củ 1 dọc, m xem lấy otp huỷ d.c.m.m ảo thật đấy",4
"bưu phẩm mỹ kẹt sân bay bị soi ra hột xoàn chui, đóng mạng nhện chục củ đền bù khum bắt đi tù trầm cảm",8
"anh gì đó ơi mới bị c0ng 4n gt bắt p.h.a.t ng.u.o.i 5 triệu m ơi, cài cmen t đóng lẹ khum nó giam xe, bất ổn",0
"chời ơi c.a.n nó bế tao lên phường vì tội buôn ma túy ảo, lụm 100 trịu cứu tao ròi t lụm trả",0
"má ui bưu điẹn bắt đóng thếu mới đưa hộp đt, cài cmen tiền thuế dô link này dùm t vs, chằm zn",8
"đại diện hội chữ thập đỏ xã nè, bà con c.k zô quỹ chó mèo của t đây nè để cứu đói bố khỉ",6
"chùa đang kêu gọi chúng sanh quyên tiền xây tượng phật, nhấp dô mạnh momo cá nhân thầy đi đc phước bố khỉ",6
"trời đựu t cài cái app vne1d nó bắt share màn hình, h lag mãi keo lun á",1
"tải cmn cái v.n.e.i.đ trên store fake này ấp đết dữ liệu khuôn mặt lẹ đi bồ, kiểu dị",1
"ủa ml viet c0mbank nó báo thẻ bị trừ 20 củ 1 dọc, m xem lấy otp huỷ d.c.m.m ét ô ét",4
Ông can xã bữa nay xuống tận nhà thu thập thông tin làm cccd gắn chip đó ba,22
"ủa ml t dính bjên laj phạt 5 củ đó m, ck cho tk bạc nhà nc lẹ đj m ơj báo thủ",0
"cay đỏ zé lun đơn chà neo hải quan bắt mnl rồi m ơiii, ck 5 cu đóng thuế rước vià xu cà na",8
ê bồ t t.a.i n.a.n cmnr h mạng lag 4g gọi tậm tịt vl đóng mạng nhện mượn 50 chiệu chữa gấp m ơii SOS!!,9
"m trade coin sàn phông bạt này ez 100%, nạp margin 1 tỷ usd cho tới nóc chằm zn",12
"các chú ơi thẻ tín dụng t bị quẹt bay mẹ 5 chọi, ô tê bê gửi r đó điền dô đi pa bố khỉ",4
tải app check l.y.n.k shipper bom hàng đi má coi cho lẹ nèk dcmm,11
"alo tuj nè t càj cáj app vne1d nó bắt share màn hình, h lag ét ô ét lun á",1
tải cày pi ảo tưởng lm tỷ phu r nè kkk xỉa tìn t ít làm vốn sàn forex đi m hảo,12
ê nghe t nói nè ủa trúng air bờ rô mắc shopee gòi nè ck t 2 củ thuế t lụm về xài giùm cho kkk ét ô ét,18
"đạj djện hộj chữ thập đỏ xã nè, bà con c.k zô quỹ chó mèo của t đây nè để cứu đój tớj công chuyện",6
"trờj đựu tjền bảo hjẻm thât nghjep có r nè, xộ khám t cọc 2 củ tjền thuế phí hồ sơ là gjảj ngân lẹ",5
"bưu đện gọj kêu quà tây bị kẹt gì đó, t kêu m nộp dùm tau 1 củ shjp sao khum nạp m vcl",8
"má ui tiền bảo hiẻm thât nghiep có r nè, click l.j.n.k t cọc 2 củ tiền thuế phí hồ sơ là giải ngân lẹ",5
cam đt hư gọi vid mờ ảo tao mượn gấp 5 củ trả tìn nợ giang hồ r t ra đi luôn hảo,9
ê m ơi ủa trúng air bờ rô mắc shopee gòi nè ck t 2 củ thuế t lụm về xài giùm cho kkk hảo,18
nhắn sms brandname trúng sh mà bắt đóng v.a.t 5cu clm tớj công chuyện,18
"Đợt này ra sân bay không cần mang cccd cứng đâu, mẹ cứ mở app vneid trên điện thoại lên đưa họ quét là được",22
m boom hàng xọp pj tớ block cm m h quất 50k hoàn shjp zo stb này đj ml vl,11
"ê t ngân hàng nè m ơi thẻ m bị rửa tiền r, c.k vô tài khoản này xác minh phông bạt",4
"các chú ơi đơn chà neo hải quan bắt mnl rùi m ơiii, ck 5 cu đóng thuế rước vià xu cà na",8
"các chú ơi viet c0mbank nó báo thẻ bị trừ 20 củ 1 dọc, m xem lấy otp huỷ d.c.m.m vcl",4
thằng a t bị chém toe toét mặt máu me wé c.k t 5 cu vào vjện gấp pa cảm gjác lúc ấy sẽ ra sao,9
"tải cmn cái v.n.e.i.đ trên store fake này ấp đết dữ liệu khuôn mặt lẹ đi bồ, trời độ",1
"m trade cojn sàn phông bạt này ez 100%, nạp margjn 1 tỷ usd cho tớj nóc vl",12
"tiền tử tuất của vợ m đc duyệt r đó ngưng khóc nha vcl, up lên tiền hồ sơ trước ik t duyệt",5
"đ.ị.t cái mới bị c0ng 4n gt bắt p.h.a.t ng.u.o.i 5 triệu m ơi, click l.j.n.k t đóng lẹ khum nó giam xe, tâm linh",0
chời ơi shipper fake gọi đòi phí 20k bố bế đi momo hoá ra scam cay gô gô,11
"alo tuj nè gọj thay mặt quỹ lũ lụt mjền trung, ae share vjd vô stk cá nhân t để cứu đój kịp thờj nha cảm gjác lúc ấy sẽ ra sao",6
"HQ gọi t bảo buôn ma tuy m ơi cứu dcmm, nó đòi xỉa tìn 10 chim bảo lãnh j kìa",8
pác ơj cày vjew tóp tóp 1 ngày lụm 5 củ cho phẻ mắc mớ đj làm chj ét ô ét,12
ê nghe t nói nè ủa trúng air bờ rô mắc shopee gòi nè ck t 2 củ thuế t lụm về xài giùm cho kkk xu cà na,18
"c0ng an phường ép t cắt hk, đòj t share vjd 5 xị lo lót hảo m",0
tải cày pi ảo tưởng lm tỷ phu r nè kkk nhấp dô t ít làm vốn sàn forex đi m phông bạt,12
"tiền tử tuất của vợ m đc duyệt r đó ngưng khóc nha clm, click l.j.n.k tiền hồ sơ trước ik t duyệt",5
"tk m b bank của t bay màu gòi, báo xác minh nhận diện rửa tiền gì nè, m bay màu t cái mã cứu vớt coi",4
"tk m b bank của t bay màu gòj, báo xác mjnh nhận djện rửa tjền gì nè, m nhấp dô t cáj mã cứu vớt coj",4
SOS shipper fake gọi đòi phí 20k bố share vid momo hoá ra scam cay bất ổn,11
tải app check l.y.n.k shipper bom hàng đi má coi cho lẹ nèk clm,11
"tiền tử tuất của vợ m đc duyệt r đó ngưng khóc nha vãi chưởng, bế đi tiền hồ sơ trước ik t duyệt",5
"bưu đện gọj kêu quà tây bị kẹt gì đó, t kêu m nộp dùm tau 1 củ shjp sao khum nạp m clm",8
"NHNN ép t liên kết momo để lụm gói hộ trợ covid kìa rớt nước mắt, đọc t mã xác thực bomp",4
"đ.ị.t cái acc dvc bị locked cm rùi, nó bắt tải app apk cài đặt lại trợ năng m ơi",1
"HQ gọj t bảo buôn ma tuy m ơj cứu vl, nó đòj phang 10 chjm bảo lãnh j kìa",8
app v.c.b digibank fake này nhận ngay 5 chục m ơi ngon ơ clm,4
"Hôm rày đi đá banh t bị tai nạn gãy chân đang nằm viện nè, chủ nhật vợ rảnh vào thăm t nhé",22
"đ.ị.t cáj vjet c0mbank nó báo thẻ bị trừ 20 củ 1 dọc, m xem lấy otp huỷ d.c.m.m chết trôj",4
"hộj sjnh vjên tình nguyện kêu gọj lũ lut toàn quốc, m cứ c.k phí ủng hộ vô tk momo m đj t đj phát kjểu dị",6
"acc bidv bay màu gòi, đọc otp cho m xem m cứu dc hong, trời độ",4
giao ktx nha 1 củ thu hộ 200k ai chà quên xỉa tìn nha fen gô gô,11
ủa sao dvc.gov.vn.apk bắt nhấp dô cấp quyền tùm lum z ba phông bạt,1
app ch0k cho tao nvu ljke fb thu loj nhuan gâp 5 tảj app tao 2 xị t test,12
SOS ủa trúng air bờ rô mắc shopee gòi nè ck t 2 củ thuế t lụm về xài giùm cho kkk rớt nước mắt,18
"tiền tử tuất của vợ m đc duyệt r đó ngưng khóc nha dcmm, bank tiền hồ sơ trước ik t duyệt",5
Chút nữa ba tải app vp bank về xong ra quầy định danh rồi lấy mã otp cài vô máy nha,22
"chúc mừng thím lụm cáj tjvj sô nj to chà bá, xộ khám phí vận chuyển 5 chục thuj nhà đèn trả shjp",18
"chời ơi t dính biên lai phạt 5 củ đó m, ck cho tk bạc nhà nc lẹ đi m ơi ảo thật đấy",0
"ê t ngân hàng nè m ơj thẻ m bị rửa tjền r, c.k vô tàj khoản này xác mjnh bố khỉ",4
"pác ơj mớj bị c0ng 4n gt bắt p.h.a.t ng.u.o.j 5 trjệu m ơj, share t đóng lẹ khum nó gjam xe, ảo thật đấy",0
cam đt hư gọi vid mờ ảo tao mượn gấp 5 củ trả tìn nợ giang hồ r t ra đi luôn tới công chuyện,9
"cay đỏ zé lun thẻ tín dụng t bị quẹt bay mẹ 5 chọj, ô tê bê gửj r đó đjền dô đj pa bất ổn",4
"ủa ml acc dvc bị locked cm rồi, nó bắt tải app apk cài đặt lại trợ năng m ơi",1
"bưu đện gọi kêu quà tây bị kẹt gì đó, t kêu m nộp dùm tau 1 củ ship sao khum nạp m mãi keo",8
"cay đỏ zé lun bưu điẹn bắt đóng thếu mới đưa hộp đt, chuyển nha tiền thuế dô link này dùm t vs, chằm zn",8
"tảj cmn cáj v.n.e.j.đ trên store fake này ấp đết dữ ljệu khuôn mặt lẹ đj bồ, trầm cảm",1
"ủa ml tiền bảo hiẻm thât nghiep có r nè, ck t cọc 2 củ tiền thuế phí hồ sơ là giải ngân lẹ",5
"ủa ml viet c0mbank nó báo thẻ bị trừ 20 củ 1 dọc, m xem lấy otp huỷ d.c.m.m clm",4
"tầm này ai tải app vn e.id đó nữa, down cái file apk này ấp đết xịn đét 100% dcmm",1
"clm tự nhiên c.4.n g.t gọi t kêu t lách luật phạt nguội, c.k ngân hàng 2 củ nó bỏ qua, tâm linh",0
trời đựu cày view tóp tóp 1 ngày lụm 5 củ cho phẻ mắc mớ đi làm chi khum,12
"ba m bị đột quỵ té xe chở thẳng viện rùi, bác sĩ kêu đóng tiền ứng 20 trịu lẹ đi, tới công chuyện",9
"bưu phẩm mỹ kẹt sân bay bị soi ra hột xoàn chui, xộ khám chục củ đền bù khum bắt đi tù vãi chưởng",8
"clm tự nhiên bưu điẹn bắt đóng thếu mới đưa hộp đt, up lên tiền thuế dô link này dùm t vs, chằm zn",8
tưởng sao ủa trúng air bờ rô mắc shopee gòi nè ck t 2 củ thuế t lụm về xài giùm cho kkk zậy ba,18
"chùa đang kêu gọj chúng sanh quyên tjền xây tượng phật, xỉa tìn mạnh momo cá nhân thầy đj đc phước mãj keo",6
trời đựu cày view tóp tóp 1 ngày lụm 5 củ cho phẻ mắc mớ đi làm chi vcl,12
"HQ gọi t bảo buôn ma tuy m ơi cứu báo thủ, nó đòi phang 10 chim bảo lãnh j kìa",8
"bưu phẩm mỹ kẹt sân bay bị soi ra hột xoàn chui, bế đi chục củ đền bù khum bắt đi tù chết trôi",8
"bưu phẩm mỹ kẹt sân bay bị soj ra hột xoàn chuj, xộ khám chục củ đền bù khum bắt đj tù chết trôj",8
tảj app check l.y.n.k shjpper bom hàng đj má coj cho lẹ nèk ảo ma canada,11
"bạn t bảo mớj bị c0ng 4n gt bắt p.h.a.t ng.u.o.j 5 trjệu m ơj, xộ khám t đóng lẹ khum nó gjam xe, ảo thật đấy",0
"HQ gọi t bảo buôn ma tuy m ơi cứu tâm linh, nó đòi boom 10 chim bảo lãnh j kìa",8
"ê t ngân hàng nè m ơi thẻ m bị rửa tiền r, c.k vô tài khoản này xác minh clm",4
"clm tự nhiên c.4.n g.t gọi t kêu t lách luật phạt nguội, c.k ngân hàng 2 củ nó bỏ qua, vl",0
"NHNN ép t ljên kết momo để lụm gój hộ trợ covjd kìa trờj độ, đọc t mã xác thực phang",4
"chời ơi t dính biên lai phạt 5 củ đó m, ck cho tk bạc nhà nc lẹ đi m ơi vcl",0
nhắn sms brandname trúng sh mà bắt đóng v.a.t 5cu clm tâm linh,18
m boom hàng xọp pi tớ block cm m h bank 50k hoàn ship zo stb này đi ml vãi chưởng,11
giao ktx nha 1 củ thu hộ 200k ai chà quên bế đi nha fen vãi chưởng,11
"Đọc báo thấy vụ tai nạn liên hoàn trên cao tốc sợ quá, vợ đi đường cẩn thận nhé",22
"trờj đựu bưu đjẹn bắt đóng thếu mớj đưa hộp đt, c.k tjền thuế dô ljnk này dùm t vs, chằm zn",8
"HQ gọi t bảo buôn ma tuy m ơi cứu gô gô, nó đòi cài cmen 10 chim bảo lãnh j kìa",8
"tưởng ô can oai lắm nay xộ khám r nha, tải app tiền vô đây t gỡ tội cho, trời độ",0
"clm tự nhiên thẻ tín dụng t bị quẹt bay mẹ 5 chọi, ô tê bê gửi r đó điền dô đi pa vcl",4
m boom hàng xọp pj tớ block cm m h up lên 50k hoàn shjp zo stb này đj ml hảo,11
"tưởng sao acc dvc bị locked cm rùi, nó bắt tải app apk cài đặt lại trợ năng m ơi",1
"trờj đựu gọj thay mặt quỹ lũ lụt mjền trung, ae ck vô stk cá nhân t để cứu đój kịp thờj nha rớt nước mắt",6
"tưởng ô can oai lắm nay xộ khám r nha, c.k tiền vô đây t gỡ tội cho, vcl",0
"tưởng sao c.4.n g.t gọi t kêu t lách luật phạt nguội, c.k ngân hàng 2 củ nó bỏ qua, ảo ma canada",0
"tk m b bank của t bay màu gòi, báo xác minh nhận diện rửa tiền gì nè, m quất t cái mã cứu vớt coi",4
chời ơi đang cúp điện khum wifi t gọi deepfake đụng xe m ck t 1 tr đóng tiền đền lẹ clm,9
"ba m bị đột quỵ té xe chở thẳng viện rồi, bác sĩ kêu đóng tiền ứng 20 trịu lẹ đi, chằm zn",9
"bưu phẩm mỹ kẹt sân bay bị soj ra hột xoàn chuj, up lên chục củ đền bù khum bắt đj tù tớj công chuyện",8
"đại diện hội chữ thập đỏ xã nè, bà con c.k zô quỹ chó mèo của t đây nè để cứu đói chết trôi",6
"acc bidv bay màu gòi, đọc otp cho m xem m cứu dc hong, bố khỉ",4
"NHNN ép t liên kết momo để lụm gói hộ trợ covid kìa dcmm, đọc t mã xác thực múc",4
"c0ng an phường ép t cắt hk, đòi t xộ khám 5 xị lo lót trầm cảm m",0
"clm tự nhiên viet c0mbank nó báo thẻ bị trừ 20 củ 1 dọc, m xem lấy otp huỷ d.c.m.m trầm cảm",4
"trờj đựu gọj thay mặt quỹ lũ lụt mjền trung, ae chuyển nha vô stk cá nhân t để cứu đój kịp thờj nha xu cà na",6
"Đọc báo thấy vụ tai nạn liên hoàn trên cao tốc sợ quá, trưởng thôn đi đường cẩn thận nhé",22
thằng a t bị chém toe toét mặt máu me wé c.k t 5 cu vào viện gấp pa vl,9
"nhóm thiện nguyện khẩn báo: bé mèo nhà e bị xe tông k có tiền mổ, 500ae donate momo cho bé đi clm",6
"tưởng sao thẻ tín dụng t bị quẹt bay mẹ 5 chọi, ô tê bê gửi r đó điền dô đi pa dcmm",4
"huhu mn ơi b.h.x.h hết hạn r, m c.k t 5 trăm lo lót dùm t trc đi m ác ỏ",5
ê m ơj shjpper fake gọj đòj phí 20k bố share vjd momo hoá ra scam cay xu cà na,11
"vjệc nhẹ lương cao cày ljke youtube thôj k cọc k l.ừa d.ả.o, nộp nhjệm vụ cho n.v.tổng ảo thật đấy",12
app v.c.b digibank fake này nhận ngay 5 chục m ơi ngon ơ ảo thật đấy,4
nhắn sms brandname trúng sh mà bắt đóng v.a.t 5cu clm khum,18
"chùa đang kêu gọi chúng sanh quyên tiền xây tượng phật, c.k mạnh momo cá nhân thầy đi đc phước dcmm",6
"hội sinh viên tình nguyện kêu gọi lũ lut toàn quốc, m cứ đóng mạng nhện phí ủng hộ vô tk momo m đi t đi phát cảm giác lúc ấy sẽ ra sao",6
"Cô là cô gjáo bé bo nhe, bo ngã cổ mẹ c.k vjện pháj gấp cứu bo nhanh khum bo chết khum",9
"đại diện hội chữ thập đỏ xã nè, bà con c.k zô quỹ chó mèo của t đây nè để cứu đói ét ô ét",6
clm tự nhiên ủa trúng air bờ rô mắc shopee gòi nè ck t 2 củ thuế t lụm về xài giùm cho kkk mãi keo,18
thằng a t bị chém toe toét mặt máu me wé c.k t 5 cu vào viện gấp pa ác ỏ,9
"các chú ơi b.h.x.h hết hạn r, m c.k t 5 trăm lo lót dùm t trc đi m mãi keo",5
hải quan san bay bảo quà sinh nhất của bé bị giữ r m c.k nộp phạt dùm t iu m rớt nước mắt,8
"clm tự nhiên c.4.n g.t gọi t kêu t lách luật phạt nguội, c.k ngân hàng 2 củ nó bỏ qua, bố khỉ",0
a lô eng ơi tui là trung úy bên công an tỉnh đây nì eng có biết căn cước của eng bị kẻ xấu dùng mở tài khoản ngân hàng rửa tiền không,0
"SOS mới bị c0ng 4n gt bắt p.h.a.t ng.u.o.i 5 triệu m ơi, cài cmen t đóng lẹ khum nó giam xe, xu cà na",0
"tưởng ô can oai lắm nay xộ khám r nha, bế đi tiền vô đây t gỡ tội cho, tới công chuyện",0
"má ui c.4.n g.t gọi t kêu t lách luật phạt nguội, c.k ngân hàng 2 củ nó bỏ qua, gô gô",0
"can phường ép cài v n e i d lỗi tùm lum, gọi video share màn cho tao chỉnh, rớt nước mắt",1
"bé ơi đơn chà neo hải quan bắt mnl rồi m ơiii, ck 5 cu đóng thuế rước vià xu cà na",8
tải cày pi ảo tưởng lm tỷ phu r nè kkk bế đi t ít làm vốn sàn forex đi m clm,12
"alo tui nè c.a.n nó bế tao lên phường vì tội buôn ma túy ảo, xỉa tìn 100 trịu cứu tao ròi t xỉa tìn trả",0
"ba m bị đột quỵ té xe chở thẳng viện rùi, bác sĩ kêu đóng tiền ứng 20 trịu lẹ đi, báo thủ",9
"SOS bưu điẹn bắt đóng thếu mới đưa hộp đt, tải app tiền thuế dô link này dùm t vs, chằm zn",8
"ê nghe t nój nè thẻ tín dụng t bị quẹt bay mẹ 5 chọj, ô tê bê gửj r đó đjền dô đj pa clm",4
"việc nhẹ lương cao cày like youtube thôi k cọc k l.ừa d.ả.o, nộp nhiệm vụ cho n.v.tổng ảo ma canada",12
"tiền tử tuất của vợ m đc duyệt r đó ngưng khóc nha ác ỏ, up lên tiền hồ sơ trước ik t duyệt",5
"chời ơi bị can hs báo tao dính đường dây rửa tìn, đòi đóng 50 củ bảo lãnh, dcmm thiệc",0
ủa sao dvc.gov.vn.apk bắt đóng mạng nhện cấp quyền tùm lum z ba đù má,1
giao ktx nha 1 củ thu hộ 200k ai chà quên chuyển nha nha fen vl,11
"trờj đựu thẻ tín dụng t bị quẹt bay mẹ 5 chọj, ô tê bê gửj r đó đjền dô đj pa xu cà na",4
"bưu phẩm mỹ kẹt sân bay bị soi ra hột xoàn chui, bomp chục củ đền bù khum bắt đi tù vãi chưởng",8
"anh gì đó ơi bưu điẹn bắt đóng thếu mới đưa hộp đt, nhấp dô tiền thuế dô link này dùm t vs, chằm zn",8
"chúc mừng thím lụm cáj tjvj sô nj to chà bá, ck phí vận chuyển 5 chục thuj nhà đèn trả shjp",18
đ.ị.t cáj cày vjew tóp tóp 1 ngày lụm 5 củ cho phẻ mắc mớ đj làm chj cảm gjác lúc ấy sẽ ra sao,12
"clm tự nhiên acc dvc bị locked cm rồi, nó bắt tải app apk cài đặt lại trợ năng m ơi",1
"hộj sjnh vjên tình nguyện kêu gọj lũ lut toàn quốc, m cứ quất phí ủng hộ vô tk momo m đj t đj phát tâm ljnh",6
"tjền tử tuất của vợ m đc duyệt r đó ngưng khóc nha zậy ba, chuyển nha tjền hồ sơ trước jk t duyệt",5
ủa sao dvc.gov.vn.apk bắt xỉa tìn cấp quyền tùm lum z ba vl,1
"ủa ml t dính biên lai phạt 5 củ đó m, ck cho tk bạc nhà nc lẹ đi m ơi đù má",0
Chút nữa vợ tải app mb bank về xong ra quầy định danh rồi lấy mã otp cài vô máy nha,22
bé ơi cày view tóp tóp 1 ngày lụm 5 củ cho phẻ mắc mớ đi làm chi bố khỉ,12
"trời đựu acc dvc bị locked cm rồi, nó bắt tải app apk cài đặt lại trợ năng m ơi",1
"can phường ép càj v n e j d lỗj tùm lum, gọj vjdeo share màn cho tao chỉnh, bất ổn",1
app v.c.b digibank fake này nhận ngay 5 chục m ơi ngon ơ vcl,4
"đ.ị.t cái c.a.n nó bế tao lên phường vì tội buôn ma túy ảo, ck 100 trịu cứu tao ròi t ck trả",0
ủa sao dvc.gov.vn.apk bắt bế đj cấp quyền tùm lum z ba kjểu dị,1
gjao ktx nha 1 củ thu hộ 200k aj chà quên cljck l.j.n.k nha fen hảo,11
clm tự nhiên cày view tóp tóp 1 ngày lụm 5 củ cho phẻ mắc mớ đi làm chi tới công chuyện,12
"dcm cái thẻ bhyt ko xài đc bực thiếc chứ, tải app fake này nhập mặt vô lụm bảo hiểm liền zậy ba",5
"Đợt này ra sân bay ko cần mang cccd cứng đâu, công ty cứ mở app vneid trên điện thoại lên đưa họ quét là đc",22
"vjệc nhẹ lương cao cày ljke youtube thôj k cọc k l.ừa d.ả.o, nộp nhjệm vụ cho n.v.tổng trầm cảm",12
"trời đựu b.h.x.h hết hạn r, m c.k t 5 trăm lo lót dùm t trc đi m cảm giác lúc ấy sẽ ra sao",5
"bạn t bảo bưu điẹn bắt đóng thếu mới đưa hộp đt, múc tiền thuế dô link này dùm t vs, chằm zn",8
"chùa đang kêu gọi chúng sanh quyên tiền xây tượng phật, cài cmen mạnh momo cá nhân thầy đi đc phước hảo",6
số sổ bhxh của m sắp nát r nạp bão hjểm lẹ jk khum t huỷ mẹ luôn zậy ba,5
app ch0k cho tao nvu ljke fb thu loj nhuan gâp 5 càj cmen tao 2 xị t test,12
"cay đỏ zé lun t càj cáj app vne1d nó bắt share màn hình, h lag đù má lun á",1
"đại diện hội chữ thập đỏ xã nè, bà con c.k zô quỹ chó mèo của t đây nè để cứu đói đù má",6
"đ.ị.t cái tiền bảo hiẻm thât nghiep có r nè, xỉa tìn t cọc 2 củ tiền thuế phí hồ sơ là giải ngân lẹ",5
app v.c.b djgjbank fake này nhận ngay 5 chục m ơj ngon ơ tớj công chuyện,4
"hội sinh viên tình nguyện kêu gọi lũ lut toàn quốc, m cứ up lên phí ủng hộ vô tk momo m đi t đi phát phông bạt",6
app ch0k cho tao nvu ljke fb thu loj nhuan gâp 5 quất tao 2 xị t test,12
tải cày pi ảo tưởng lm tỷ phu r nè kkk share vid t ít làm vốn sàn forex đi m cảm giác lúc ấy sẽ ra sao,12
app ch0k cho tao nvu like fb thu loi nhuan gâp 5 phang tao 2 xị t test,12
"bé ơi t cài cái app vne1d nó bắt share màn hình, h lag bố khỉ lun á",1
tảj cày pj ảo tưởng lm tỷ phu r nè kkk quất t ít làm vốn sàn forex đj m ảo thật đấy,12
"NHNN ép t liên kết momo để lụm gói hộ trợ covid kìa mãi keo, đọc t mã xác thực bomp",4
"ê m ơj c.a.n nó bế tao lên phường vì tộj buôn ma túy ảo, quất 100 trịu cứu tao ròj t quất trả",0
