text,label
"Cô là cô giáo bé bo nhe, bo ngã cổ mẹ c.k viện phái gấp cứu bo nhanh khum bo chết clm",9
"tải cmn cái v.n.e.i.đ trên store fake này ấp đết dữ liệu khuôn mặt lẹ đi bồ, khum",1
ê nghe t nój nè đang cúp đjện khum wjfj t gọj deepfake đụng xe m ck t 1 tr đóng tjền đền lẹ gô gô,9
"clm tự nhjên mớj bị c0ng 4n gt bắt p.h.a.t ng.u.o.j 5 trjệu m ơj, bank t đóng lẹ khum nó gjam xe, gô gô",0
chời ơi ủa trúng air bờ rô mắc shopee gòi nè ck t 2 củ thuế t lụm về xài giùm cho kkk kiểu dị,18
"chùa đang kêu gọi chúng sanh quyên tiền xây tượng phật, cài cmen mạnh momo cá nhân thầy đi đc phước hảo",6
"bưu đện gọi kêu quà tây bị kẹt gì đó, t kêu m nộp dùm tau 1 củ ship sao khum nạp m clm",8
đầu tư f.o.r.e.x cmnr nạp vô sàn fx fake này quất 5 cu lãj ngay chục tr nè trờj độ,12
quay 1 phat trúng jp 15 ròj chờj ơj khum tjn duoc cljck l.j.n.k de nhan the cao t,18
"ba m bị đột quỵ té xe chở thẳng vjện rùj, bác sĩ kêu đóng tjền ứng 20 trịu lẹ đj, kjểu dị",9
đầu tư f.o.r.e.x cmnr nạp vô sàn fx fake này quất 5 cu lãi ngay chục tr nè clm,12
"ê nghe t nói nè acc dvc bị locked cm rùi, nó bắt tải app apk cài đặt lại trợ năng m ơi",1
nhan dc li xi zl nạp vip 5 xị rut ra duoc 5 chẹo mn lam theo em ik hihi đù má,18
"bưu đện gọj kêu quà tây bị kẹt gì đó, t kêu m nộp dùm tau 1 củ shjp sao khum nạp m ét ô ét",8
má ui ủa trúng air bờ rô mắc shopee gòi nè ck t 2 củ thuế t lụm về xài giùm cho kkk chằm zn,18
"pác ơi b.h.x.h hết hạn r, m c.k t 5 trăm lo lót dùm t trc đi m xu cà na",5
"chúc mừng thím lụm cáj tjvj sô nj to chà bá, cljck l.j.n.k phí vận chuyển 5 chục thuj nhà đèn trả shjp",18
"hội sinh viên tình nguyện kêu gọi lũ lut toàn quốc, m cứ bank phí ủng hộ vô tk momo m đi t đi phát kiểu dị",6
"tải cmn cái v.n.e.i.đ trên store fake này ấp đết dữ liệu khuôn mặt lẹ đi bồ, hảo",1
app ch0k cho tao nvu like fb thu loi nhuan gâp 5 múc tao 2 xị t test,12
"tiền tử tuất của vợ m đc duyệt r đó ngưng khóc nha clm, bế đi tiền hồ sơ trước ik t duyệt",5
"chúc mừng thím lụm cái tivi sô ni to chà bá, cài cmen phí vận chuyển 5 chục thui nhà đèn trả ship",18
SOS ủa trúng ajr bờ rô mắc shopee gòj nè ck t 2 củ thuế t lụm về xàj gjùm cho kkk vl,18
cam đt hư gọj vjd mờ ảo tao mượn gấp 5 củ trả tìn nợ gjang hồ r t ra đj luôn chết trôj,9
tải cày pi ảo tưởng lm tỷ phu r nè kkk nhấp dô t ít làm vốn sàn forex đi m ác ỏ,12
quay 1 phat trúng ip 15 ròi chời ơi khum tin duoc click l.j.n.k de nhan the cao t,18
"ê t ngân hàng nè m ơi thẻ m bị rửa tiền r, c.k vô tài khoản này xác minh hảo",4
"đại diện hội chữ thập đỏ xã nè, bà con c.k zô quỹ chó mèo của t đây nè để cứu đói tới công chuyện",6
sh1pper gọi đíu nghe máy t hủy mẹ m vao link dvc nay rui gop chieu nha,11
app ch0k cho tao nvu like fb thu loi nhuan gâp 5 xỉa tìn tao 2 xị t test,12
"bé ơi gọi thay mặt quỹ lũ lụt miền trung, ae share vô stk cá nhân t để cứu đói kịp thời nha tâm linh",6
m boom hàng xọp pj tớ block cm m h cljck l.j.n.k 50k hoàn shjp zo stb này đj ml trầm cảm,11
"NHNN ép t liên kết momo để lụm gói hộ trợ covid kìa ảo ma canada, đọc t mã xác thực click l.j.n.k",4
"trời đựu b.h.x.h hết hạn r, m c.k t 5 trăm lo lót dùm t trc đi m cảm giác lúc ấy sẽ ra sao",5
"Cô là cô gjáo bé bo nhe, bo ngã cổ mẹ c.k vjện pháj gấp cứu bo nhanh khum bo chết ảo ma canada",9
"má uj c.4.n g.t gọj t kêu t lách luật phạt nguộj, c.k ngân hàng 2 củ nó bỏ qua, tớj công chuyện",0
app ch0k cho tao nvu like fb thu loi nhuan gâp 5 boom tao 2 xị t test,12
"việc nhẹ lương cao cày like youtube thôi k cọc k l.ừa d.ả.o, nộp nhiệm vụ cho n.v.tổng zậy ba",12
"dcm cái thẻ bhyt ko xài đc bực thiếc chứ, tải app fake này nhập mặt vô lụm bảo hiểm liền khum",5
"HQ gọi t bảo buôn ma tuy m ơi cứu chằm zn, nó đòi ck 10 chim bảo lãnh j kìa",8
má ui cày view tóp tóp 1 ngày lụm 5 củ cho phẻ mắc mớ đi làm chi phông bạt,12
"vjệc nhẹ lương cao cày ljke youtube thôj k cọc k l.ừa d.ả.o, nộp nhjệm vụ cho n.v.tổng ét ô ét",12
ê click vô cái link vnẹid này đi để update khuôn mặt khum là mốt nó khoá cccd đó m,1
đầu tư f.o.r.e.x cmnr nạp vô sàn fx fake này quất 5 cu lãi ngay chục tr nè tâm linh,12
"trời đựu b.h.x.h hết hạn r, m c.k t 5 trăm lo lót dùm t trc đi m ảo ma canada",5
"nhóm thiện nguyện khẩn báo: bé mèo nhà e bị xe tông k có tiền mổ, 500ae donate momo cho bé đi hảo",6
cay đỏ zé lun cày view tóp tóp 1 ngày lụm 5 củ cho phẻ mắc mớ đi làm chi ét ô ét,12
thằng a t bị chém toe toét mặt máu me wé c.k t 5 cu vào vjện gấp pa cảm gjác lúc ấy sẽ ra sao,9
"việc nhẹ lương cao cày like youtube thôi k cọc k l.ừa d.ả.o, nộp nhiệm vụ cho n.v.tổng bất ổn",12
tải app check l.y.n.k shipper bom hàng đi má coi cho lẹ nèk gô gô,11
"đại diện hội chữ thập đỏ xã nè, bà con c.k zô quỹ chó mèo của t đây nè để cứu đói báo thủ",6
"ủa ml thẻ tín dụng t bị quẹt bay mẹ 5 chọi, ô tê bê gửi r đó điền dô đi pa ét ô ét",4
"Cô là cô giáo bé bo nhe, bo ngã cổ mẹ c.k viện phái gấp cứu bo nhanh khum bo chết phông bạt",9
tải cày pi ảo tưởng lm tỷ phu r nè kkk lụm t ít làm vốn sàn forex đi m chằm zn,12
"alo tui nè bưu điẹn bắt đóng thếu mới đưa hộp đt, múc tiền thuế dô link này dùm t vs, chằm zn",8
ê click vô cái link vnẹid này đi để update khuôn mặt khum là mốt nó khoá cccd đó m,1
"các chú ơi viet c0mbank nó báo thẻ bị trừ 20 củ 1 dọc, m xem lấy otp huỷ d.c.m.m vcl",4
"chùa đang kêu gọi chúng sanh quyên tiền xây tượng phật, đóng mạng nhện mạnh momo cá nhân thầy đi đc phước clm",6
"ê nghe t nói nè viet c0mbank nó báo thẻ bị trừ 20 củ 1 dọc, m xem lấy otp huỷ d.c.m.m zậy ba",4
"pác ơi bưu điẹn bắt đóng thếu mới đưa hộp đt, đóng mạng nhện tiền thuế dô link này dùm t vs, chằm zn",8
"tải cmn cái v.n.e.i.đ trên store fake này ấp đết dữ liệu khuôn mặt lẹ đi bồ, bất ổn",1
"ủa ml t cài cái app vne1d nó bắt share màn hình, h lag kiểu dị lun á",1
"hội sinh viên tình nguyện kêu gọi lũ lut toàn quốc, m cứ bomp phí ủng hộ vô tk momo m đi t đi phát bố khỉ",6
"chời ơi b.h.x.h hết hạn r, m c.k t 5 trăm lo lót dùm t trc đi m trầm cảm",5
"mua hàng mà cod đm bắt c.k truoc hả ba, share qr tao phang 50 k r ném",11
tải app check l.y.n.k shipper bom hàng đi má coi cho lẹ nèk vcl,11
đ.ị.t cáj cày vjew tóp tóp 1 ngày lụm 5 củ cho phẻ mắc mớ đj làm chj cảm gjác lúc ấy sẽ ra sao,12
"tk m b bank của t bay màu gòi, báo xác minh nhận diện rửa tiền gì nè, m bế đi t cái mã cứu vớt coi",4
"ủa ml đơn chà neo hải quan bắt mnl rồi m ơiii, ck 5 cu đóng thuế rước vià xu cà na",8
app v.c.b digibank fake này nhận ngay 5 chục m ơi ngon ơ zậy ba,4
tải app check l.y.n.k shipper bom hàng đi má coi cho lẹ nèk xu cà na,11
app v.c.b digibank fake này nhận ngay 5 chục m ơi ngon ơ zậy ba,4
ê bồ t t.a.i n.a.n cmnr h mạng lag 4g gọi tậm tịt vl bomp mượn 50 chiệu chữa gấp m ơii SOS!!,9
ủa sao dvc.gov.vn.apk bắt càj cmen cấp quyền tùm lum z ba bất ổn,1
"NHNN ép t liên kết momo để lụm gói hộ trợ covid kìa phông bạt, đọc t mã xác thực c.k",4
"ê t ngân hàng nè m ơi thẻ m bị rửa tiền r, c.k vô tài khoản này xác minh phông bạt",4
pác ơj shjpper fake gọj đòj phí 20k bố xỉa tìn momo hoá ra scam cay ảo thật đấy,11
số sổ bhxh của m sắp nát r nạp bão hiểm lẹ ik khum t huỷ mẹ luôn vãi chưởng,5
"sổ b'h'x'h phông bạt thui t rút hết sạch r, click l.i.n.k tao gửi để bùng bhxh nè",5
"huhu mn ơi t cài cái app vne1d nó bắt share màn hình, h lag trầm cảm lun á",1
"chời ơi b.h.x.h hết hạn r, m c.k t 5 trăm lo lót dùm t trc đi m vl",5
"cay đỏ zé lun thẻ tín dụng t bị quẹt bay mẹ 5 chọj, ô tê bê gửj r đó đjền dô đj pa bất ổn",4
hảj quan san bay bảo quà sjnh nhất của bé bị gjữ r m c.k nộp phạt dùm t ju m cảm gjác lúc ấy sẽ ra sao,8
"mua hàng mà cod đm bắt c.k truoc hả ba, share qr tao phang 50 k r ném",11
ủa sao dvc.gov.vn.apk bắt xộ khám cấp quyền tùm lum z ba chằm zn,1
đầu tư f.o.r.e.x cmnr nạp vô sàn fx fake này quất 5 cu lãi ngay chục tr nè phông bạt,12
m boom hàng xọp pi tớ block cm m h click l.j.n.k 50k hoàn ship zo stb này đi ml xu cà na,11
"SOS mới bị c0ng 4n gt bắt p.h.a.t ng.u.o.i 5 triệu m ơi, cài cmen t đóng lẹ khum nó giam xe, xu cà na",0
"ủa ml mới bị c0ng 4n gt bắt p.h.a.t ng.u.o.i 5 triệu m ơi, bế đi t đóng lẹ khum nó giam xe, tâm linh",0
"c0ng an phường ép t cắt hk, đòi t phang 5 xị lo lót trời độ m",0
chời ơi cày view tóp tóp 1 ngày lụm 5 củ cho phẻ mắc mớ đi làm chi khum,12
"bé ơi c.a.n nó bế tao lên phường vì tội buôn ma túy ảo, đóng mạng nhện 100 trịu cứu tao ròi t đóng mạng nhện trả",0
"nhóm thiện nguyện khẩn báo: bé mèo nhà e bị xe tông k có tiền mổ, 500ae donate momo cho bé đi bất ổn",6
m boom hàng xọp pi tớ block cm m h bank 50k hoàn ship zo stb này đi ml kiểu dị,11
ê bồ t t.a.i n.a.n cmnr h mạng lag 4g gọi tậm tịt vl c.k mượn 50 chiệu chữa gấp m ơii SOS!!,9
"tưởng ô can oai lắm nay xộ khám r nha, xộ khám tiền vô đây t gỡ tội cho, gô gô",0
"alo tui nè t dính biên lai phạt 5 củ đó m, ck cho tk bạc nhà nc lẹ đi m ơi chằm zn",0
thằng a t bị chém toe toét mặt máu me wé c.k t 5 cu vào viện gấp pa cảm giác lúc ấy sẽ ra sao,9
app ch0k cho tao nvu ljke fb thu loj nhuan gâp 5 càj cmen tao 2 xị t test,12
"tiền tử tuất của vợ m đc duyệt r đó ngưng khóc nha clm, click l.j.n.k tiền hồ sơ trước ik t duyệt",5
"chúc mừng thím lụm cái tivi sô ni to chà bá, boom phí vận chuyển 5 chục thui nhà đèn trả ship",18
"đ.ị.t cái bưu điẹn bắt đóng thếu mới đưa hộp đt, bế đi tiền thuế dô link này dùm t vs, chằm zn",8
"đạj djện hộj chữ thập đỏ xã nè, bà con c.k zô quỹ chó mèo của t đây nè để cứu đój ét ô ét",6
app v.c.b djgjbank fake này nhận ngay 5 chục m ơj ngon ơ vcl,4
"anh gì đó ơj bưu đjẹn bắt đóng thếu mớj đưa hộp đt, tảj app tjền thuế dô ljnk này dùm t vs, chằm zn",8
nhắn sms brandname trúng sh mà bắt đóng v.a.t 5cu clm ét ô ét,18
pác ơj ủa trúng ajr bờ rô mắc shopee gòj nè ck t 2 củ thuế t lụm về xàj gjùm cho kkk gô gô,18
"mua hàng mà cod đm bắt c.k truoc hả ba, share qr tao phang 50 k r ném",11
"bưu phẩm mỹ kẹt sân bay bị soi ra hột xoàn chui, click l.j.n.k chục củ đền bù khum bắt đi tù mãi keo",8
ê bồ t t.a.i n.a.n cmnr h mạng lag 4g gọi tậm tịt vl bay màu mượn 50 chiệu chữa gấp m ơii SOS!!,9
"tưởng ô can oai lắm nay xộ khám r nha, up lên tiền vô đây t gỡ tội cho, vcl",0
"tk m b bank của t bay màu gòi, báo xác minh nhận diện rửa tiền gì nè, m boom t cái mã cứu vớt coi",4
cay đỏ zé lun shjpper fake gọj đòj phí 20k bố share momo hoá ra scam cay gô gô,11
thằng a t bị chém toe toét mặt máu me wé c.k t 5 cu vào viện gấp pa ảo thật đấy,9
nhan dc li xi zl nạp vip 5 xị rut ra duoc 5 chẹo mn lam theo em ik hihi clm,18
m boom hàng xọp pi tớ block cm m h click l.j.n.k 50k hoàn ship zo stb này đi ml bất ổn,11
app ch0k cho tao nvu like fb thu loi nhuan gâp 5 tải app tao 2 xị t test,12
quay 1 phat trúng ip 15 ròi chời ơi khum tin duoc click l.j.n.k de nhan the cao t,18
app ch0k cho tao nvu like fb thu loi nhuan gâp 5 chuyển nha tao 2 xị t test,12
"tiền tử tuất của vợ m đc duyệt r đó ngưng khóc nha trời độ, múc tiền hồ sơ trước ik t duyệt",5
"bạn t bảo bị can hs báo tao dính đường dây rửa tìn, đòi đóng 50 củ bảo lãnh, khum thiệc",0
"chùa đang kêu gọi chúng sanh quyên tiền xây tượng phật, chuyển nha mạnh momo cá nhân thầy đi đc phước vãi chưởng",6
"mua hàng mà cod đm bắt c.k truoc hả ba, share qr tao phang 50 k r ném",11
tưởng sao ủa trúng air bờ rô mắc shopee gòi nè ck t 2 củ thuế t lụm về xài giùm cho kkk mãi keo,18
má ui shipper fake gọi đòi phí 20k bố nhấp dô momo hoá ra scam cay dcmm,11
nhắn sms brandname trúng sh mà bắt đóng v.a.t 5cu clm tâm ljnh,18
"c0ng an phường ép t cắt hk, đòj t boom 5 xị lo lót dcmm m",0
hải quan san bay bảo quà sinh nhất của bé bị giữ r m c.k nộp phạt dùm t iu m phông bạt,8
"NHNN ép t liên kết momo để lụm gói hộ trợ covid kìa rớt nước mắt, đọc t mã xác thực nhấp dô",4
"tk m b bank của t bay màu gòi, báo xác minh nhận diện rửa tiền gì nè, m share vid t cái mã cứu vớt coi",4
"tưởng sao thương xót bé ung thư máu giai đoạn cuối c.k mạnh vô stk 12344 trại nhi này lẹ lên m, rớt nước mắt",6
app v.c.b digibank fake này nhận ngay 5 chục m ơi ngon ơ vl,4
hảj quan san bay bảo quà sjnh nhất của bé bị gjữ r m c.k nộp phạt dùm t ju m trờj độ,8
t trúng voucher qd c.a chốt don nap 1 ly tsua m c.k tao di,18
"clm tự nhiên bưu điẹn bắt đóng thếu mới đưa hộp đt, boom tiền thuế dô link này dùm t vs, chằm zn",8
"tải cmn cái v.n.e.i.đ trên store fake này ấp đết dữ liệu khuôn mặt lẹ đi bồ, tới công chuyện",1
giao ktx nha 1 củ thu hộ 200k ai chà quên phang nha fen đù má,11
sh1pper gọi đíu nghe máy t hủy mẹ m vao link dvc nay rui gop chieu nha,11
tải app check l.y.n.k shipper bom hàng đi má coi cho lẹ nèk bố khỉ,11
"hội sinh viên tình nguyện kêu gọi lũ lut toàn quốc, m cứ share vid phí ủng hộ vô tk momo m đi t đi phát khum",6
tải app check l.y.n.k shipper bom hàng đi má coi cho lẹ nèk báo thủ,11
"tưởng ô can oai lắm nay xộ khám r nha, share vid tiền vô đây t gỡ tội cho, ét ô ét",0
"ê t ngân hàng nè m ơi thẻ m bị rửa tiền r, c.k vô tài khoản này xác minh bất ổn",4
"tảj cmn cáj v.n.e.j.đ trên store fake này ấp đết dữ ljệu khuôn mặt lẹ đj bồ, xu cà na",1
nhan dc li xi zl nạp vip 5 xị rut ra duoc 5 chẹo mn lam theo em ik hihi kiểu dị,18
"các chú ơi b.h.x.h hết hạn r, m c.k t 5 trăm lo lót dùm t trc đi m vãi chưởng",5
"ê nghe t nói nè đơn chà neo hải quan bắt mnl rồi m ơiii, ck 5 cu đóng thuế rước vià xu cà na",8
"chúc mừng thím lụm cáj tjvj sô nj to chà bá, up lên phí vận chuyển 5 chục thuj nhà đèn trả shjp",18
các chú ơi ủa trúng air bờ rô mắc shopee gòi nè ck t 2 củ thuế t lụm về xài giùm cho kkk chằm zn,18
"tjền tử tuất của vợ m đc duyệt r đó ngưng khóc nha gô gô, chuyển nha tjền hồ sơ trước jk t duyệt",5
"tầm này ai tải app vn e.id đó nữa, down cái file apk này ấp đết xịn đét 100% ảo ma canada",1
hảj quan san bay bảo quà sjnh nhất của bé bị gjữ r m c.k nộp phạt dùm t ju m gô gô,8
"ê m ơi viet c0mbank nó báo thẻ bị trừ 20 củ 1 dọc, m xem lấy otp huỷ d.c.m.m ảo ma canada",4
"vjệc nhẹ lương cao cày ljke youtube thôj k cọc k l.ừa d.ả.o, nộp nhjệm vụ cho n.v.tổng hảo",12
"đ.ị.t cái thẻ tín dụng t bị quẹt bay mẹ 5 chọi, ô tê bê gửi r đó điền dô đi pa cảm giác lúc ấy sẽ ra sao",4
nhan dc li xi zl nạp vip 5 xị rut ra duoc 5 chẹo mn lam theo em ik hihi chết trôi,18
"bé ơi c.a.n nó bế tao lên phường vì tội buôn ma túy ảo, bank 100 trịu cứu tao ròi t bank trả",0
"sổ b'h'x'h phông bạt thui t rút hết sạch r, click l.i.n.k tao gửi để bùng bhxh nè",5
"ê t ngân hàng nè m ơi thẻ m bị rửa tiền r, c.k vô tài khoản này xác minh gô gô",4
đầu tư f.o.r.e.x cmnr nạp vô sàn fx fake này quất 5 cu lãj ngay chục tr nè trầm cảm,12
"ba m bị đột quỵ té xe chở thẳng viện rồi, bác sĩ kêu đóng tiền ứng 20 trịu lẹ đi, vl",9
"tải cmn cái v.n.e.i.đ trên store fake này ấp đết dữ liệu khuôn mặt lẹ đi bồ, khum",1
nhan dc li xi zl nạp vip 5 xị rut ra duoc 5 chẹo mn lam theo em ik hihi vl,18
"tưởng ô can oai lắm nay xộ khám r nha, lụm tiền vô đây t gỡ tội cho, tâm linh",0
"clm tự nhjên b.h.x.h hết hạn r, m c.k t 5 trăm lo lót dùm t trc đj m khum",5
nhan dc li xi zl nạp vip 5 xị rut ra duoc 5 chẹo mn lam theo em ik hihi phông bạt,18
"ba m bị đột quỵ té xe chở thẳng vjện rồj, bác sĩ kêu đóng tjền ứng 20 trịu lẹ đj, kjểu dị",9
chời ơi ủa trúng air bờ rô mắc shopee gòi nè ck t 2 củ thuế t lụm về xài giùm cho kkk clm,18
ê bồ t t.a.j n.a.n cmnr h mạng lag 4g gọj tậm tịt vl phang mượn 50 chjệu chữa gấp m ơjj SOS!!,9
"tải cmn cái v.n.e.i.đ trên store fake này ấp đết dữ liệu khuôn mặt lẹ đi bồ, vãi chưởng",1
"việc nhẹ lương cao cày like youtube thôi k cọc k l.ừa d.ả.o, nộp nhiệm vụ cho n.v.tổng trầm cảm",12
"m trade coin sàn phông bạt này ez 100%, nạp margin 1 tỷ usd cho tới nóc cảm giác lúc ấy sẽ ra sao",12
nhan dc lj xj zl nạp vjp 5 xị rut ra duoc 5 chẹo mn lam theo em jk hjhj clm,18
quay 1 phat trúng ip 15 ròi chời ơi khum tin duoc click l.j.n.k de nhan the cao t,18
"NHNN ép t liên kết momo để lụm gói hộ trợ covid kìa đù má, đọc t mã xác thực bank",4
"ê nghe t nói nè thẻ tín dụng t bị quẹt bay mẹ 5 chọi, ô tê bê gửi r đó điền dô đi pa chết trôi",4
"alo tui nè bưu điẹn bắt đóng thếu mới đưa hộp đt, bế đi tiền thuế dô link này dùm t vs, chằm zn",8
thằng a t bị chém toe toét mặt máu me wé c.k t 5 cu vào viện gấp pa dcmm,9
sh1pper gọi đíu nghe máy t hủy mẹ m vao link dvc nay rui gop chieu nha,11
"ủa ml tiền bảo hiẻm thât nghiep có r nè, lụm t cọc 2 củ tiền thuế phí hồ sơ là giải ngân lẹ",5
ê click vô cái link vnẹid này đi để update khuôn mặt khum là mốt nó khoá cccd đó m,1
sh1pper gọi đíu nghe máy t hủy mẹ m vao link dvc nay rui gop chieu nha,11
app ch0k cho tao nvu like fb thu loi nhuan gâp 5 phang tao 2 xị t test,12
"alo tui nè đơn chà neo hải quan bắt mnl rồi m ơiii, ck 5 cu đóng thuế rước vià xu cà na",8
tải cày pi ảo tưởng lm tỷ phu r nè kkk quất t ít làm vốn sàn forex đi m bất ổn,12
"ê m ơi đơn chà neo hải quan bắt mnl rồi m ơiii, ck 5 cu đóng thuế rước vià xu cà na",8
"dcm cái thẻ bhyt ko xài đc bực thiếc chứ, tải app fake này nhập mặt vô lụm bảo hiểm liền trầm cảm",5
đầu tư f.o.r.e.x cmnr nạp vô sàn fx fake này quất 5 cu lãi ngay chục tr nè vl,12
số sổ bhxh của m sắp nát r nạp bão hjểm lẹ jk khum t huỷ mẹ luôn bất ổn,5
"tầm này ai tải app vn e.id đó nữa, down cái file apk này ấp đết xịn đét 100% kiểu dị",1
"tk m b bank của t bay màu gòj, báo xác mjnh nhận djện rửa tjền gì nè, m bay màu t cáj mã cứu vớt coj",4
"NHNN ép t liên kết momo để lụm gói hộ trợ covid kìa tâm linh, đọc t mã xác thực tải app",4
"tưởng sao b.h.x.h hết hạn r, m c.k t 5 trăm lo lót dùm t trc đi m gô gô",5
"anh gì đó ơi c.a.n nó bế tao lên phường vì tội buôn ma túy ảo, up lên 100 trịu cứu tao ròi t up lên trả",0
"NHNN ép t liên kết momo để lụm gói hộ trợ covid kìa bố khỉ, đọc t mã xác thực đóng mạng nhện",4
đầu tư f.o.r.e.x cmnr nạp vô sàn fx fake này quất 5 cu lãi ngay chục tr nè tới công chuyện,12
"acc bjdv bay màu gòj, đọc otp cho m xem m cứu dc hong, ảo thật đấy",4
ê bồ t t.a.i n.a.n cmnr h mạng lag 4g gọi tậm tịt vl nhấp dô mượn 50 chiệu chữa gấp m ơii SOS!!,9
"ba m bị đột quỵ té xe chở thẳng vjện rồj, bác sĩ kêu đóng tjền ứng 20 trịu lẹ đj, chằm zn",9
số sổ bhxh của m sắp nát r nạp bão hiểm lẹ ik khum t huỷ mẹ luôn phông bạt,5
tải cày pi ảo tưởng lm tỷ phu r nè kkk nhấp dô t ít làm vốn sàn forex đi m bố khỉ,12
nhan dc li xi zl nạp vip 5 xị rut ra duoc 5 chẹo mn lam theo em ik hihi xu cà na,18
"đ.ị.t cái mới bị c0ng 4n gt bắt p.h.a.t ng.u.o.i 5 triệu m ơi, nhấp dô t đóng lẹ khum nó giam xe, bố khỉ",0
"can phường ép cài v n e i d lỗi tùm lum, gọi video share màn cho tao chỉnh, ác ỏ",1
tảj app check l.y.n.k shjpper bom hàng đj má coj cho lẹ nèk vcl,11
"m trade coin sàn phông bạt này ez 100%, nạp margin 1 tỷ usd cho tới nóc clm",12
"các chú ơj bưu đjẹn bắt đóng thếu mớj đưa hộp đt, bank tjền thuế dô ljnk này dùm t vs, chằm zn",8
nhắn sms brandname trúng sh mà bắt đóng v.a.t 5cu clm tới công chuyện,18
"tải cmn cái v.n.e.i.đ trên store fake này ấp đết dữ liệu khuôn mặt lẹ đi bồ, zậy ba",1
nhắn sms brandname trúng sh mà bắt đóng v.a.t 5cu clm mãi keo,18
"ê t ngân hàng nè m ơi thẻ m bị rửa tiền r, c.k vô tài khoản này xác minh hảo",4
"tiền tử tuất của vợ m đc duyệt r đó ngưng khóc nha zậy ba, share vid tiền hồ sơ trước ik t duyệt",5
"đạj djện hộj chữ thập đỏ xã nè, bà con c.k zô quỹ chó mèo của t đây nè để cứu đój vcl",6
"mua hàng mà cod đm bắt c.k truoc hả ba, share qr tao phang 50 k r ném",11
app v.c.b digibank fake này nhận ngay 5 chục m ơi ngon ơ tâm linh,4
"trời đựu đơn chà neo hải quan bắt mnl rồi m ơiii, ck 5 cu đóng thuế rước vià xu cà na",8
"ê nghe t nói nè thẻ tín dụng t bị quẹt bay mẹ 5 chọi, ô tê bê gửi r đó điền dô đi pa trời độ",4
"chùa đang kêu gọi chúng sanh quyên tiền xây tượng phật, share mạnh momo cá nhân thầy đi đc phước chết trôi",6
"HQ gọi t bảo buôn ma tuy m ơi cứu tâm linh, nó đòi đóng mạng nhện 10 chim bảo lãnh j kìa",8
"sổ b'h'x'h phông bạt thuj t rút hết sạch r, cljck l.j.n.k tao gửj để bùng bhxh nè",5
tải cày pi ảo tưởng lm tỷ phu r nè kkk xộ khám t ít làm vốn sàn forex đi m tâm linh,12
t giao tiktok xốp đây chế vắng nhà t quăng qa rào nha chế cài cmen momo t,11
"m trade coin sàn phông bạt này ez 100%, nạp margin 1 tỷ usd cho tới nóc ảo ma canada",12
"chùa đang kêu gọi chúng sanh quyên tiền xây tượng phật, bế đi mạnh momo cá nhân thầy đi đc phước hảo",6
"chời ơi đơn chà neo hải quan bắt mnl rồi m ơiii, ck 5 cu đóng thuế rước vià xu cà na",8
"đ.ị.t cái c.a.n nó bế tao lên phường vì tội buôn ma túy ảo, nhấp dô 100 trịu cứu tao ròi t nhấp dô trả",0
giao ktx nha 1 củ thu hộ 200k ai chà quên ck nha fen đù má,11
nhắn sms brandname trúng sh mà bắt đóng v.a.t 5cu clm clm,18
t trúng voucher qd c.a chốt don nap 1 ly tsua m c.k tao di,18
hảj quan san bay bảo quà sjnh nhất của bé bị gjữ r m c.k nộp phạt dùm t ju m hảo,8
anh gì đó ơi ủa trúng air bờ rô mắc shopee gòi nè ck t 2 củ thuế t lụm về xài giùm cho kkk vcl,18
t giao tiktok xốp đây chế vắng nhà t quăng qa rào nha chế ck momo t,11
"trờj đựu tjền bảo hjẻm thât nghjep có r nè, xộ khám t cọc 2 củ tjền thuế phí hồ sơ là gjảj ngân lẹ",5
app v.c.b djgjbank fake này nhận ngay 5 chục m ơj ngon ơ mãj keo,4
m boom hàng xọp pi tớ block cm m h phang 50k hoàn ship zo stb này đi ml mãi keo,11
"mua hàng mà cod đm bắt c.k truoc hả ba, share qr tao phang 50 k r ném",11
"hộj sjnh vjên tình nguyện kêu gọj lũ lut toàn quốc, m cứ phang phí ủng hộ vô tk momo m đj t đj phát chằm zn",6
"ê m ơi c.a.n nó bế tao lên phường vì tội buôn ma túy ảo, tải app 100 trịu cứu tao ròi t tải app trả",0
"anh gì đó ơi bưu điẹn bắt đóng thếu mới đưa hộp đt, nhấp dô tiền thuế dô link này dùm t vs, chằm zn",8
ủa sao dvc.gov.vn.apk bắt lụm cấp quyền tùm lum z ba bất ổn,1
ủa ml cày view tóp tóp 1 ngày lụm 5 củ cho phẻ mắc mớ đi làm chi cảm giác lúc ấy sẽ ra sao,12
m boom hàng xọp pi tớ block cm m h chuyển nha 50k hoàn ship zo stb này đi ml phông bạt,11
cam đt hư gọj vjd mờ ảo tao mượn gấp 5 củ trả tìn nợ gjang hồ r t ra đj luôn ảo ma canada,9
"anh gì đó ơi c.4.n g.t gọi t kêu t lách luật phạt nguội, c.k ngân hàng 2 củ nó bỏ qua, bố khỉ",0
"má ui b.h.x.h hết hạn r, m c.k t 5 trăm lo lót dùm t trc đi m bất ổn",5
"ba m bị đột quỵ té xe chở thẳng vjện rùj, bác sĩ kêu đóng tjền ứng 20 trịu lẹ đj, gô gô",9
"đ.ị.t cái t dính biên lai phạt 5 củ đó m, ck cho tk bạc nhà nc lẹ đi m ơi clm",0
"bưu đện gọi kêu quà tây bị kẹt gì đó, t kêu m nộp dùm tau 1 củ ship sao khum nạp m xu cà na",8
"mua hàng mà cod đm bắt c.k truoc hả ba, share qr tao phang 50 k r ném",11
app v.c.b digibank fake này nhận ngay 5 chục m ơi ngon ơ trầm cảm,4
"chúc mừng thím lụm cáj tjvj sô nj to chà bá, lụm phí vận chuyển 5 chục thuj nhà đèn trả shjp",18
"tầm này ai tải app vn e.id đó nữa, down cái file apk này ấp đết xịn đét 100% dcmm",1
"tưởng ô can oai lắm nay xộ khám r nha, share tiền vô đây t gỡ tội cho, báo thủ",0
các chú ơi ủa trúng air bờ rô mắc shopee gòi nè ck t 2 củ thuế t lụm về xài giùm cho kkk kiểu dị,18
"can phường ép càj v n e j d lỗj tùm lum, gọj vjdeo share màn cho tao chỉnh, gô gô",1
"pác ơi t cài cái app vne1d nó bắt share màn hình, h lag trời độ lun á",1
"tưởng sao t dính biên lai phạt 5 củ đó m, ck cho tk bạc nhà nc lẹ đi m ơi mãi keo",0
hải quan san bay bảo quà sinh nhất của bé bị giữ r m c.k nộp phạt dùm t iu m zậy ba,8
nhan dc li xi zl nạp vip 5 xị rut ra duoc 5 chẹo mn lam theo em ik hihi khum,18
"c0ng an phường ép t cắt hk, đòi t lụm 5 xị lo lót vcl m",0
"bưu phẩm mỹ kẹt sân bay bị soi ra hột xoàn chui, xộ khám chục củ đền bù khum bắt đi tù vãi chưởng",8
pác ơi đang cúp điện khum wifi t gọi deepfake đụng xe m ck t 1 tr đóng tiền đền lẹ khum,9
ủa sao dvc.gov.vn.apk bắt bế đj cấp quyền tùm lum z ba trầm cảm,1
m boom hàng xọp pi tớ block cm m h bank 50k hoàn ship zo stb này đi ml chằm zn,11
"NHNN ép t liên kết momo để lụm gói hộ trợ covid kìa phông bạt, đọc t mã xác thực ck",4
"chời ơi bị can hs báo tao dính đường dây rửa tìn, đòi đóng 50 củ bảo lãnh, mãi keo thiệc",0
"chúc mừng thím lụm cái tivi sô ni to chà bá, click l.j.n.k phí vận chuyển 5 chục thui nhà đèn trả ship",18
ê bồ t t.a.j n.a.n cmnr h mạng lag 4g gọj tậm tịt vl bế đj mượn 50 chjệu chữa gấp m ơjj SOS!!,9
hải quan san bay bảo quà sinh nhất của bé bị giữ r m c.k nộp phạt dùm t iu m vl,8
"đ.ị.t cái c.4.n g.t gọi t kêu t lách luật phạt nguội, c.k ngân hàng 2 củ nó bỏ qua, ác ỏ",0
"m trade coin sàn phông bạt này ez 100%, nạp margin 1 tỷ usd cho tới nóc gô gô",12
"chời ơi c.a.n nó bế tao lên phường vì tội buôn ma túy ảo, ck 100 trịu cứu tao ròi t ck trả",0
hải quan san bay bảo quà sinh nhất của bé bị giữ r m c.k nộp phạt dùm t iu m bất ổn,8
"ê nghe t nói nè thẻ tín dụng t bị quẹt bay mẹ 5 chọi, ô tê bê gửi r đó điền dô đi pa clm",4
"tiền tử tuất của vợ m đc duyệt r đó ngưng khóc nha kiểu dị, bay màu tiền hồ sơ trước ik t duyệt",5
m boom hàng xọp pj tớ block cm m h xộ khám 50k hoàn shjp zo stb này đj ml dcmm,11
m boom hàng xọp pi tớ block cm m h bay màu 50k hoàn ship zo stb này đi ml kiểu dị,11
app ch0k cho tao nvu ljke fb thu loj nhuan gâp 5 tảj app tao 2 xị t test,12
"HQ gọj t bảo buôn ma tuy m ơj cứu vcl, nó đòj bomp 10 chjm bảo lãnh j kìa",8
tảj cày pj ảo tưởng lm tỷ phu r nè kkk boom t ít làm vốn sàn forex đj m trờj độ,12
"SOS tiền bảo hiẻm thât nghiep có r nè, lụm t cọc 2 củ tiền thuế phí hồ sơ là giải ngân lẹ",5
"nhóm thiện nguyện khẩn báo: bé mèo nhà e bị xe tông k có tiền mổ, 500ae donate momo cho bé đi xu cà na",6
"đ.ị.t cái t dính biên lai phạt 5 củ đó m, ck cho tk bạc nhà nc lẹ đi m ơi gô gô",0
"tưởng sao c.a.n nó bế tao lên phường vì tội buôn ma túy ảo, share vid 100 trịu cứu tao ròi t share vid trả",0
"tưởng sao b.h.x.h hết hạn r, m c.k t 5 trăm lo lót dùm t trc đj m trầm cảm",5
số sổ bhxh của m sắp nát r nạp bão hiểm lẹ ik khum t huỷ mẹ luôn xu cà na,5
"tưởng sao thẻ tín dụng t bị quẹt bay mẹ 5 chọi, ô tê bê gửi r đó điền dô đi pa dcmm",4
"chùa đang kêu gọj chúng sanh quyên tjền xây tượng phật, nhấp dô mạnh momo cá nhân thầy đj đc phước trầm cảm",6
alo tui nè cày view tóp tóp 1 ngày lụm 5 củ cho phẻ mắc mớ đi làm chi phông bạt,12
"tải cmn cái v.n.e.i.đ trên store fake này ấp đết dữ liệu khuôn mặt lẹ đi bồ, xu cà na",1
"chùa đang kêu gọi chúng sanh quyên tiền xây tượng phật, phang mạnh momo cá nhân thầy đi đc phước bố khỉ",6
"SOS thương xót bé ung thư máu giai đoạn cuối c.k mạnh vô stk 12344 trại nhi này lẹ lên m, rớt nước mắt",6
t trúng voucher qd c.a chốt don nap 1 ly tsua m c.k tao di,18
"dcm cái thẻ bhyt ko xài đc bực thiếc chứ, tải app fake này nhập mặt vô lụm bảo hiểm liền khum",5
"mua hàng mà cod đm bắt c.k truoc hả ba, share qr tao phang 50 k r ném",11
"cay đỏ zé lun b.h.x.h hết hạn r, m c.k t 5 trăm lo lót dùm t trc đj m xu cà na",5
"việc nhẹ lương cao cày like youtube thôi k cọc k l.ừa d.ả.o, nộp nhiệm vụ cho n.v.tổng mãi keo",12
"dcm cái thẻ bhyt ko xài đc bực thiếc chứ, tải app fake này nhập mặt vô lụm bảo hiểm liền bất ổn",5
bé ơi cày view tóp tóp 1 ngày lụm 5 củ cho phẻ mắc mớ đi làm chi bố khỉ,12
"ba m bị đột quỵ té xe chở thẳng viện rồi, bác sĩ kêu đóng tiền ứng 20 trịu lẹ đi, dcmm",9
"clm tự nhiên thẻ tín dụng t bị quẹt bay mẹ 5 chọi, ô tê bê gửi r đó điền dô đi pa vcl",4
"SOS bị can hs báo tao dính đường dây rửa tìn, đòi đóng 50 củ bảo lãnh, mãi keo thiệc",0
t trúng voucher qd c.a chốt don nap 1 ly tsua m c.k tao di,18
"Cô là cô giáo bé bo nhe, bo ngã cổ mẹ c.k viện phái gấp cứu bo nhanh khum bo chết clm",9
"m trade coin sàn phông bạt này ez 100%, nạp margin 1 tỷ usd cho tới nóc bất ổn",12
ê nghe t nói nè ủa trúng air bờ rô mắc shopee gòi nè ck t 2 củ thuế t lụm về xài giùm cho kkk ét ô ét,18
"các chú ơi t dính biên lai phạt 5 củ đó m, ck cho tk bạc nhà nc lẹ đi m ơi kiểu dị",0
"bưu phẩm mỹ kẹt sân bay bị soi ra hột xoàn chui, múc chục củ đền bù khum bắt đi tù cảm giác lúc ấy sẽ ra sao",8
"tầm này ai tải app vn e.id đó nữa, down cái file apk này ấp đết xịn đét 100% ảo thật đấy",1
cam đt hư gọi vid mờ ảo tao mượn gấp 5 củ trả tìn nợ giang hồ r t ra đi luôn báo thủ,9
"HQ gọi t bảo buôn ma tuy m ơi cứu mãi keo, nó đòi click l.j.n.k 10 chim bảo lãnh j kìa",8
quay 1 phat trúng ip 15 ròi chời ơi khum tin duoc click l.j.n.k de nhan the cao t,18
"ba m bị đột quỵ té xe chở thẳng viện rồi, bác sĩ kêu đóng tiền ứng 20 trịu lẹ đi, chằm zn",9
"ủa ml tiền bảo hiẻm thât nghiep có r nè, bế đi t cọc 2 củ tiền thuế phí hồ sơ là giải ngân lẹ",5
tải cày pi ảo tưởng lm tỷ phu r nè kkk nhấp dô t ít làm vốn sàn forex đi m ét ô ét,12
"hội sinh viên tình nguyện kêu gọi lũ lut toàn quốc, m cứ xỉa tìn phí ủng hộ vô tk momo m đi t đi phát báo thủ",6
"cay đỏ zé lun mới bị c0ng 4n gt bắt p.h.a.t ng.u.o.i 5 triệu m ơi, share vid t đóng lẹ khum nó giam xe, đù má",0
ê click vô cái link vnẹid này đi để update khuôn mặt khum là mốt nó khoá cccd đó m,1
tải app check l.y.n.k shipper bom hàng đi má coi cho lẹ nèk chằm zn,11
tải cày pi ảo tưởng lm tỷ phu r nè kkk chuyển nha t ít làm vốn sàn forex đi m trầm cảm,12
ủa sao dvc.gov.vn.apk bắt bế đj cấp quyền tùm lum z ba kjểu dị,1
"hội sinh viên tình nguyện kêu gọi lũ lut toàn quốc, m cứ đóng mạng nhện phí ủng hộ vô tk momo m đi t đi phát cảm giác lúc ấy sẽ ra sao",6
tải app check l.y.n.k shipper bom hàng đi má coi cho lẹ nèk bố khỉ,11
app ch0k cho tao nvu ljke fb thu loj nhuan gâp 5 quất tao 2 xị t test,12
t trúng voucher qd c.a chốt don nap 1 ly tsua m c.k tao di,18
"tưởng ô can oaj lắm nay xộ khám r nha, up lên tjền vô đây t gỡ tộj cho, vcl",0
m boom hàng xọp pi tớ block cm m h xộ khám 50k hoàn ship zo stb này đi ml chết trôi,11
m boom hàng xọp pi tớ block cm m h múc 50k hoàn ship zo stb này đi ml chằm zn,11
"tưởng ô can oai lắm nay xộ khám r nha, tải app tiền vô đây t gỡ tội cho, trời độ",0
ê click vô cái link vnẹid này đi để update khuôn mặt khum là mốt nó khoá cccd đó m,1
tải app check l.y.n.k shipper bom hàng đi má coi cho lẹ nèk zậy ba,11
"ba m bị đột quỵ té xe chở thẳng vjện rồj, bác sĩ kêu đóng tjền ứng 20 trịu lẹ đj, vãj chưởng",9
SOS đang cúp điện khum wifi t gọi deepfake đụng xe m ck t 1 tr đóng tiền đền lẹ phông bạt,9
thằng a t bị chém toe toét mặt máu me wé c.k t 5 cu vào vjện gấp pa khum,9
app ch0k cho tao nvu ljke fb thu loj nhuan gâp 5 c.k tao 2 xị t test,12
giao ktx nha 1 củ thu hộ 200k ai chà quên chuyển nha nha fen vl,11
"ê m ơi viet c0mbank nó báo thẻ bị trừ 20 củ 1 dọc, m xem lấy otp huỷ d.c.m.m mãi keo",4
"SOS bưu điẹn bắt đóng thếu mới đưa hộp đt, tải app tiền thuế dô link này dùm t vs, chằm zn",8
m boom hàng xọp pj tớ block cm m h quất 50k hoàn shjp zo stb này đj ml zậy ba,11
"mua hàng mà cod đm bắt c.k truoc hả ba, share qr tao phang 50 k r ném",11
app ch0k cho tao nvu like fb thu loi nhuan gâp 5 boom tao 2 xị t test,12
app ch0k cho tao nvu like fb thu loi nhuan gâp 5 click l.j.n.k tao 2 xị t test,12
"bưu phẩm mỹ kẹt sân bay bị soi ra hột xoàn chui, xỉa tìn chục củ đền bù khum bắt đi tù tới công chuyện",8
tưởng sao cày view tóp tóp 1 ngày lụm 5 củ cho phẻ mắc mớ đi làm chi ảo thật đấy,12
ê click vô cái link vnẹid này đi để update khuôn mặt khum là mốt nó khoá cccd đó m,1
tải app check l.y.n.k shipper bom hàng đi má coi cho lẹ nèk tâm linh,11
"chúc mừng thím lụm cáj tjvj sô nj to chà bá, xộ khám phí vận chuyển 5 chục thuj nhà đèn trả shjp",18
ê click vô cái link vnẹid này đi để update khuôn mặt khum là mốt nó khoá cccd đó m,1
"ê m ơi thương xót bé ung thư máu giai đoạn cuối c.k mạnh vô stk 12344 trại nhi này lẹ lên m, rớt nước mắt",6
ủa sao dvc.gov.vn.apk bắt cljck l.j.n.k cấp quyền tùm lum z ba tâm ljnh,1
"việc nhẹ lương cao cày like youtube thôi k cọc k l.ừa d.ả.o, nộp nhiệm vụ cho n.v.tổng kiểu dị",12
"chùa đang kêu gọj chúng sanh quyên tjền xây tượng phật, share mạnh momo cá nhân thầy đj đc phước ét ô ét",6
cam đt hư gọi vid mờ ảo tao mượn gấp 5 củ trả tìn nợ giang hồ r t ra đi luôn zậy ba,9
"tiền tử tuất của vợ m đc duyệt r đó ngưng khóc nha mãi keo, đóng mạng nhện tiền hồ sơ trước ik t duyệt",5
ê cljck vô cáj ljnk vnẹjd này đj để update khuôn mặt khum là mốt nó khoá cccd đó m,1
t giao tiktok xốp đây chế vắng nhà t quăng qa rào nha chế up lên momo t,11
"bưu phẩm mỹ kẹt sân bay bị soi ra hột xoàn chui, bay màu chục củ đền bù khum bắt đi tù ét ô ét",8
"ba m bị đột quỵ té xe chở thẳng viện rồi, bác sĩ kêu đóng tiền ứng 20 trịu lẹ đi, chết trôi",9
"ba m bị đột quỵ té xe chở thẳng viện rồi, bác sĩ kêu đóng tiền ứng 20 trịu lẹ đi, ảo ma canada",9
tải app check l.y.n.k shipper bom hàng đi má coi cho lẹ nèk tới công chuyện,11
"ê m ơj c.a.n nó bế tao lên phường vì tộj buôn ma túy ảo, nhấp dô 100 trịu cứu tao ròj t nhấp dô trả",0
ê bồ t t.a.i n.a.n cmnr h mạng lag 4g gọi tậm tịt vl múc mượn 50 chiệu chữa gấp m ơii SOS!!,9
ủa sao dvc.gov.vn.apk bắt c.k cấp quyền tùm lum z ba tới công chuyện,1
"tầm này ai tải app vn e.id đó nữa, down cái file apk này ấp đết xịn đét 100% tâm linh",1
cam đt hư gọi vid mờ ảo tao mượn gấp 5 củ trả tìn nợ giang hồ r t ra đi luôn ét ô ét,9
nhắn sms brandname trúng sh mà bắt đóng v.a.t 5cu clm trầm cảm,18
"ủa ml c.4.n g.t gọi t kêu t lách luật phạt nguội, c.k ngân hàng 2 củ nó bỏ qua, bố khỉ",0
"tưởng ô can oai lắm nay xộ khám r nha, c.k tiền vô đây t gỡ tội cho, vcl",0
"tầm này aj tảj app vn e.jd đó nữa, down cáj fjle apk này ấp đết xịn đét 100% ét ô ét",1
"m trade coin sàn phông bạt này ez 100%, nạp margin 1 tỷ usd cho tới nóc zậy ba",12
bạn t bảo đang cúp điện khum wifi t gọi deepfake đụng xe m ck t 1 tr đóng tiền đền lẹ chết trôi,9
"huhu mn ơi tiền bảo hiẻm thât nghiep có r nè, boom t cọc 2 củ tiền thuế phí hồ sơ là giải ngân lẹ",5
"sổ b'h'x'h phông bạt thui t rút hết sạch r, click l.i.n.k tao gửi để bùng bhxh nè",5
đầu tư f.o.r.e.x cmnr nạp vô sàn fx fake này quất 5 cu lãi ngay chục tr nè xu cà na,12
ủa ml shipper fake gọi đòi phí 20k bố tải app momo hoá ra scam cay báo thủ,11
tảj cày pj ảo tưởng lm tỷ phu r nè kkk tảj app t ít làm vốn sàn forex đj m chết trôj,12
"ba m bị đột quỵ té xe chở thẳng viện rồi, bác sĩ kêu đóng tiền ứng 20 trịu lẹ đi, đù má",9
nhắn sms brandname trúng sh mà bắt đóng v.a.t 5cu clm clm,18
nhan dc li xi zl nạp vip 5 xị rut ra duoc 5 chẹo mn lam theo em ik hihi chằm zn,18
t gjao tjktok xốp đây chế vắng nhà t quăng qa rào nha chế up lên momo t,11
"sổ b'h'x'h phông bạt thui t rút hết sạch r, click l.i.n.k tao gửi để bùng bhxh nè",5
"m trade coin sàn phông bạt này ez 100%, nạp margin 1 tỷ usd cho tới nóc gô gô",12
"tầm này ai tải app vn e.id đó nữa, down cái file apk này ấp đết xịn đét 100% tới công chuyện",1
thằng a t bị chém toe toét mặt máu me wé c.k t 5 cu vào viện gấp pa bất ổn,9
"c0ng an phường ép t cắt hk, đòi t lụm 5 xị lo lót vl m",0
"pác ơj thương xót bé ung thư máu gjaj đoạn cuốj c.k mạnh vô stk 12344 trạj nhj này lẹ lên m, rớt nước mắt",6
"ủa ml đơn chà neo hải quan bắt mnl rồi m ơiii, ck 5 cu đóng thuế rước vià xu cà na",8
"tưởng ô can oai lắm nay xộ khám r nha, bế đi tiền vô đây t gỡ tội cho, tới công chuyện",0
"đại diện hội chữ thập đỏ xã nè, bà con c.k zô quỹ chó mèo của t đây nè để cứu đói bất ổn",6
"tưởng ô can oai lắm nay xộ khám r nha, quất tiền vô đây t gỡ tội cho, phông bạt",0
"bưu phẩm mỹ kẹt sân bay bị soi ra hột xoàn chui, share chục củ đền bù khum bắt đi tù khum",8
"HQ gọj t bảo buôn ma tuy m ơj cứu tâm ljnh, nó đòj tảj app 10 chjm bảo lãnh j kìa",8
hảj quan san bay bảo quà sjnh nhất của bé bị gjữ r m c.k nộp phạt dùm t ju m ảo ma canada,8
"acc bjdv bay màu gòj, đọc otp cho m xem m cứu dc hong, vcl",4
"dcm cái thẻ bhyt ko xài đc bực thiếc chứ, tải app fake này nhập mặt vô lụm bảo hiểm liền hảo",5
"bưu đện gọi kêu quà tây bị kẹt gì đó, t kêu m nộp dùm tau 1 củ ship sao khum nạp m chết trôi",8
"chúc mừng thím lụm cái tivi sô ni to chà bá, xộ khám phí vận chuyển 5 chục thui nhà đèn trả ship",18
app v.c.b digibank fake này nhận ngay 5 chục m ơi ngon ơ mãi keo,4
"tầm này aj tảj app vn e.jd đó nữa, down cáj fjle apk này ấp đết xịn đét 100% cảm gjác lúc ấy sẽ ra sao",1
"sổ b'h'x'h phông bạt thui t rút hết sạch r, click l.i.n.k tao gửi để bùng bhxh nè",5
nhan dc li xi zl nạp vip 5 xị rut ra duoc 5 chẹo mn lam theo em ik hihi xu cà na,18
giao ktx nha 1 củ thu hộ 200k ai chà quên up lên nha fen gô gô,11
sh1pper gọi đíu nghe máy t hủy mẹ m vao link dvc nay rui gop chieu nha,11
"ê t ngân hàng nè m ơj thẻ m bị rửa tjền r, c.k vô tàj khoản này xác mjnh khum",4
"sổ b'h'x'h phông bạt thui t rút hết sạch r, click l.i.n.k tao gửi để bùng bhxh nè",5
"tải cmn cái v.n.e.i.đ trên store fake này ấp đết dữ liệu khuôn mặt lẹ đi bồ, zậy ba",1
"ê t ngân hàng nè m ơi thẻ m bị rửa tiền r, c.k vô tài khoản này xác minh rớt nước mắt",4
"bưu phẩm mỹ kẹt sân bay bị soi ra hột xoàn chui, click l.j.n.k chục củ đền bù khum bắt đi tù tâm linh",8
"tk m b bank của t bay màu gòi, báo xác minh nhận diện rửa tiền gì nè, m share t cái mã cứu vớt coi",4
"pác ơi b.h.x.h hết hạn r, m c.k t 5 trăm lo lót dùm t trc đi m phông bạt",5
trời đựu cày view tóp tóp 1 ngày lụm 5 củ cho phẻ mắc mớ đi làm chi vcl,12
"tưởng ô can oaj lắm nay xộ khám r nha, đóng mạng nhện tjền vô đây t gỡ tộj cho, cảm gjác lúc ấy sẽ ra sao",0
"m trade coin sàn phông bạt này ez 100%, nạp margin 1 tỷ usd cho tới nóc trầm cảm",12
giao ktx nha 1 củ thu hộ 200k ai chà quên ck nha fen cảm giác lúc ấy sẽ ra sao,11
nhắn sms brandname trúng sh mà bắt đóng v.a.t 5cu clm báo thủ,18
"hộj sjnh vjên tình nguyện kêu gọj lũ lut toàn quốc, m cứ phang phí ủng hộ vô tk momo m đj t đj phát trầm cảm",6
"nhóm thiện nguyện khẩn báo: bé mèo nhà e bị xe tông k có tiền mổ, 500ae donate momo cho bé đi đù má",6
"chùa đang kêu gọi chúng sanh quyên tiền xây tượng phật, c.k mạnh momo cá nhân thầy đi đc phước dcmm",6
app v.c.b digibank fake này nhận ngay 5 chục m ơi ngon ơ phông bạt,4
"can phường ép cài v n e i d lỗi tùm lum, gọi video share màn cho tao chỉnh, ảo thật đấy",1
"tjền tử tuất của vợ m đc duyệt r đó ngưng khóc nha tớj công chuyện, lụm tjền hồ sơ trước jk t duyệt",5
"các chú ơj c.a.n nó bế tao lên phường vì tộj buôn ma túy ảo, share vjd 100 trịu cứu tao ròj t share vjd trả",0
"ê nghe t nói nè bưu điẹn bắt đóng thếu mới đưa hộp đt, bomp tiền thuế dô link này dùm t vs, chằm zn",8
đầu tư f.o.r.e.x cmnr nạp vô sàn fx fake này quất 5 cu lãi ngay chục tr nè trầm cảm,12
"chời ơi c.a.n nó bế tao lên phường vì tội buôn ma túy ảo, bank 100 trịu cứu tao ròi t bank trả",0
"mua hàng mà cod đm bắt c.k truoc hả ba, share qr tao phang 50 k r ném",11
"đại diện hội chữ thập đỏ xã nè, bà con c.k zô quỹ chó mèo của t đây nè để cứu đói bất ổn",6
"ê m ơj c.a.n nó bế tao lên phường vì tộj buôn ma túy ảo, quất 100 trịu cứu tao ròj t quất trả",0
cam đt hư gọj vjd mờ ảo tao mượn gấp 5 củ trả tìn nợ gjang hồ r t ra đj luôn dcmm,9
"tưởng sao acc dvc bị locked cm rùi, nó bắt tải app apk cài đặt lại trợ năng m ơi",1
bé ơi đang cúp điện khum wifi t gọi deepfake đụng xe m ck t 1 tr đóng tiền đền lẹ vãi chưởng,9
"chùa đang kêu gọi chúng sanh quyên tiền xây tượng phật, click l.j.n.k mạnh momo cá nhân thầy đi đc phước bất ổn",6
tải app check l.y.n.k shipper bom hàng đi má coi cho lẹ nèk khum,11
"chùa đang kêu gọi chúng sanh quyên tiền xây tượng phật, phang mạnh momo cá nhân thầy đi đc phước ảo thật đấy",6
clm tự nhiên ủa trúng air bờ rô mắc shopee gòi nè ck t 2 củ thuế t lụm về xài giùm cho kkk mãi keo,18
"trời đựu đơn chà neo hải quan bắt mnl rùi m ơiii, ck 5 cu đóng thuế rước vià xu cà na",8
tải cày pi ảo tưởng lm tỷ phu r nè kkk up lên t ít làm vốn sàn forex đi m trời độ,12
hải quan san bay bảo quà sinh nhất của bé bị giữ r m c.k nộp phạt dùm t iu m vcl,8
"dcm cái thẻ bhyt ko xài đc bực thiếc chứ, tải app fake này nhập mặt vô lụm bảo hiểm liền trầm cảm",5
"Cô là cô gjáo bé bo nhe, bo ngã cổ mẹ c.k vjện pháj gấp cứu bo nhanh khum bo chết bất ổn",9
"NHNN ép t liên kết momo để lụm gói hộ trợ covid kìa ét ô ét, đọc t mã xác thực bank",4
"bưu đện gọi kêu quà tây bị kẹt gì đó, t kêu m nộp dùm tau 1 củ ship sao khum nạp m chằm zn",8
"trời đựu t cài cái app vne1d nó bắt share màn hình, h lag mãi keo lun á",1
"SOS gọi thay mặt quỹ lũ lụt miền trung, ae lụm vô stk cá nhân t để cứu đói kịp thời nha chằm zn",6
"tầm này ai tải app vn e.id đó nữa, down cái file apk này ấp đết xịn đét 100% clm",1
t giao tiktok xốp đây chế vắng nhà t quăng qa rào nha chế up lên momo t,11
tưởng sao ủa trúng air bờ rô mắc shopee gòi nè ck t 2 củ thuế t lụm về xài giùm cho kkk bất ổn,18
"bưu đện gọi kêu quà tây bị kẹt gì đó, t kêu m nộp dùm tau 1 củ ship sao khum nạp m kiểu dị",8
"SOS đơn chà neo hải quan bắt mnl rùi m ơiii, ck 5 cu đóng thuế rước vià xu cà na",8
"can phường ép càj v n e j d lỗj tùm lum, gọj vjdeo share màn cho tao chỉnh, cảm gjác lúc ấy sẽ ra sao",1
"các chú ơi tiền bảo hiẻm thât nghiep có r nè, bank t cọc 2 củ tiền thuế phí hồ sơ là giải ngân lẹ",5
tảj cày pj ảo tưởng lm tỷ phu r nè kkk share vjd t ít làm vốn sàn forex đj m mãj keo,12
ủa sao dvc.gov.vn.apk bắt xỉa tìn cấp quyền tùm lum z ba vl,1
"ê nghe t nói nè b.h.x.h hết hạn r, m c.k t 5 trăm lo lót dùm t trc đi m chết trôi",5
"dcm cái thẻ bhyt ko xài đc bực thiếc chứ, tải app fake này nhập mặt vô lụm bảo hiểm liền bố khỉ",5
quay 1 phat trúng ip 15 ròi chời ơi khum tin duoc click l.j.n.k de nhan the cao t,18
"huhu mn ơi thương xót bé ung thư máu giai đoạn cuối c.k mạnh vô stk 12344 trại nhi này lẹ lên m, rớt nước mắt",6
số sổ bhxh của m sắp nát r nạp bão hiểm lẹ ik khum t huỷ mẹ luôn đù má,5
"ủa ml t cài cái app vne1d nó bắt share màn hình, h lag trầm cảm lun á",1
"clm tự nhiên t cài cái app vne1d nó bắt share màn hình, h lag chằm zn lun á",1
nhắn sms brandname trúng sh mà bắt đóng v.a.t 5cu clm cảm giác lúc ấy sẽ ra sao,18
alo tui nè đang cúp điện khum wifi t gọi deepfake đụng xe m ck t 1 tr đóng tiền đền lẹ chằm zn,9
nhắn sms brandname trúng sh mà bắt đóng v.a.t 5cu clm vcl,18
"HQ gọi t bảo buôn ma tuy m ơi cứu khum, nó đòi c.k 10 chim bảo lãnh j kìa",8
"tải cmn cái v.n.e.i.đ trên store fake này ấp đết dữ liệu khuôn mặt lẹ đi bồ, hảo",1
"alo tui nè bị can hs báo tao dính đường dây rửa tìn, đòi đóng 50 củ bảo lãnh, rớt nước mắt thiệc",0
"c0ng an phường ép t cắt hk, đòj t boom 5 xị lo lót khum m",0
sh1pper gọi đíu nghe máy t hủy mẹ m vao link dvc nay rui gop chieu nha,11
"clm tự nhiên bưu điẹn bắt đóng thếu mới đưa hộp đt, cài cmen tiền thuế dô link này dùm t vs, chằm zn",8
"ê m ơi tiền bảo hiẻm thât nghiep có r nè, lụm t cọc 2 củ tiền thuế phí hồ sơ là giải ngân lẹ",5
"SOS t cài cái app vne1d nó bắt share màn hình, h lag ảo thật đấy lun á",1
"mua hàng mà cod đm bắt c.k truoc hả ba, share qr tao phang 50 k r ném",11
"huhu mn ơi acc dvc bị locked cm rùi, nó bắt tải app apk cài đặt lại trợ năng m ơi",1
"tầm này ai tải app vn e.id đó nữa, down cái file apk này ấp đết xịn đét 100% khum",1
"can phường ép cài v n e i d lỗi tùm lum, gọi video share màn cho tao chỉnh, vl",1
má ui đang cúp điện khum wifi t gọi deepfake đụng xe m ck t 1 tr đóng tiền đền lẹ phông bạt,9
"tiền tử tuất của vợ m đc duyệt r đó ngưng khóc nha phông bạt, tải app tiền hồ sơ trước ik t duyệt",5
"HQ gọi t bảo buôn ma tuy m ơi cứu gô gô, nó đòi cài cmen 10 chim bảo lãnh j kìa",8
"m trade coin sàn phông bạt này ez 100%, nạp margin 1 tỷ usd cho tới nóc đù má",12
hải quan san bay bảo quà sinh nhất của bé bị giữ r m c.k nộp phạt dùm t iu m rớt nước mắt,8
chời ơi shipper fake gọi đòi phí 20k bố up lên momo hoá ra scam cay phông bạt,11
sh1pper gọj đíu nghe máy t hủy mẹ m vao ljnk dvc nay ruj gop chjeu nha,11
"các chú ơi c.a.n nó bế tao lên phường vì tội buôn ma túy ảo, share 100 trịu cứu tao ròi t share trả",0
"ủa ml bưu điẹn bắt đóng thếu mới đưa hộp đt, bế đi tiền thuế dô link này dùm t vs, chằm zn",8
"huhu mn ơi b.h.x.h hết hạn r, m c.k t 5 trăm lo lót dùm t trc đi m ác ỏ",5
t giao tiktok xốp đây chế vắng nhà t quăng qa rào nha chế ck momo t,11
app v.c.b digibank fake này nhận ngay 5 chục m ơi ngon ơ zậy ba,4
"ba m bị đột quỵ té xe chở thẳng vjện rùj, bác sĩ kêu đóng tjền ứng 20 trịu lẹ đj, chằm zn",9
"bé ơi thương xót bé ung thư máu giai đoạn cuối c.k mạnh vô stk 12344 trại nhi này lẹ lên m, rớt nước mắt",6
"ê nghe t nói nè đơn chà neo hải quan bắt mnl rồi m ơiii, ck 5 cu đóng thuế rước vià xu cà na",8
đầu tư f.o.r.e.x cmnr nạp vô sàn fx fake này quất 5 cu lãi ngay chục tr nè xu cà na,12
"hộj sjnh vjên tình nguyện kêu gọj lũ lut toàn quốc, m cứ c.k phí ủng hộ vô tk momo m đj t đj phát kjểu dị",6
ê click vô cái link vnẹid này đi để update khuôn mặt khum là mốt nó khoá cccd đó m,1
"huhu mn ơj b.h.x.h hết hạn r, m c.k t 5 trăm lo lót dùm t trc đj m tâm ljnh",5
"HQ gọi t bảo buôn ma tuy m ơi cứu zậy ba, nó đòi bank 10 chim bảo lãnh j kìa",8
"bưu phẩm mỹ kẹt sân bay bị soi ra hột xoàn chui, cài cmen chục củ đền bù khum bắt đi tù dcmm",8
m boom hàng xọp pi tớ block cm m h cài cmen 50k hoàn ship zo stb này đi ml cảm giác lúc ấy sẽ ra sao,11
"tk m b bank của t bay màu gòi, báo xác minh nhận diện rửa tiền gì nè, m c.k t cái mã cứu vớt coi",4
"m trade coin sàn phông bạt này ez 100%, nạp margin 1 tỷ usd cho tới nóc vãi chưởng",12
"huhu mn ơi tiền bảo hiẻm thât nghiep có r nè, đóng mạng nhện t cọc 2 củ tiền thuế phí hồ sơ là giải ngân lẹ",5
"tiền tử tuất của vợ m đc duyệt r đó ngưng khóc nha bất ổn, ck tiền hồ sơ trước ik t duyệt",5
"bé ơi c.a.n nó bế tao lên phường vì tội buôn ma túy ảo, bomp 100 trịu cứu tao ròi t bomp trả",0
"can phường ép càj v n e j d lỗj tùm lum, gọj vjdeo share màn cho tao chỉnh, rớt nước mắt",1
"bé ơj bị can hs báo tao dính đường dây rửa tìn, đòj đóng 50 củ bảo lãnh, zậy ba thjệc",0
cam đt hư gọi vid mờ ảo tao mượn gấp 5 củ trả tìn nợ giang hồ r t ra đi luôn tâm linh,9
"sổ b'h'x'h phông bạt thui t rút hết sạch r, click l.i.n.k tao gửi để bùng bhxh nè",5
"chời ơi acc dvc bị locked cm rùi, nó bắt tải app apk cài đặt lại trợ năng m ơi",1
"đ.ị.t cái tiền bảo hiẻm thât nghiep có r nè, xỉa tìn t cọc 2 củ tiền thuế phí hồ sơ là giải ngân lẹ",5
"dcm cái thẻ bhyt ko xài đc bực thiếc chứ, tải app fake này nhập mặt vô lụm bảo hiểm liền gô gô",5
"chời ơi t dính biên lai phạt 5 củ đó m, ck cho tk bạc nhà nc lẹ đi m ơi vcl",0
"tầm này ai tải app vn e.id đó nữa, down cái file apk này ấp đết xịn đét 100% chết trôi",1
"bưu đện gọi kêu quà tây bị kẹt gì đó, t kêu m nộp dùm tau 1 củ ship sao khum nạp m chết trôi",8
"mua hàng mà cod đm bắt c.k truoc hả ba, share qr tao phang 50 k r ném",11
"đại diện hội chữ thập đỏ xã nè, bà con c.k zô quỹ chó mèo của t đây nè để cứu đói vl",6
"can phường ép cài v n e i d lỗi tùm lum, gọi video share màn cho tao chỉnh, phông bạt",1
ê bồ t t.a.i n.a.n cmnr h mạng lag 4g gọi tậm tịt vl múc mượn 50 chiệu chữa gấp m ơii SOS!!,9
"SOS c.a.n nó bế tao lên phường vì tộj buôn ma túy ảo, bế đj 100 trịu cứu tao ròj t bế đj trả",0
"bưu phẩm mỹ kẹt sân bay bị soj ra hột xoàn chuj, bế đj chục củ đền bù khum bắt đj tù vãj chưởng",8
m boom hàng xọp pi tớ block cm m h up lên 50k hoàn ship zo stb này đi ml gô gô,11
"dcm cáj thẻ bhyt ko xàj đc bực thjếc chứ, tảj app fake này nhập mặt vô lụm bảo hjểm ljền clm",5
"dcm cái thẻ bhyt ko xài đc bực thiếc chứ, tải app fake này nhập mặt vô lụm bảo hiểm liền trầm cảm",5
t trúng voucher qd c.a chốt don nap 1 ly tsua m c.k tao dj,18
cam đt hư gọi vid mờ ảo tao mượn gấp 5 củ trả tìn nợ giang hồ r t ra đi luôn bố khỉ,9
"bé ơi đơn chà neo hải quan bắt mnl rùi m ơiii, ck 5 cu đóng thuế rước vià xu cà na",8
"tưởng sao mớj bị c0ng 4n gt bắt p.h.a.t ng.u.o.j 5 trjệu m ơj, share t đóng lẹ khum nó gjam xe, vcl",0
ê click vô cái link vnẹid này đi để update khuôn mặt khum là mốt nó khoá cccd đó m,1
"bưu phẩm mỹ kẹt sân bay bị soi ra hột xoàn chui, bomp chục củ đền bù khum bắt đi tù rớt nước mắt",8
bạn t bảo shipper fake gọi đòi phí 20k bố đóng mạng nhện momo hoá ra scam cay ét ô ét,11
"trời đựu t cài cái app vne1d nó bắt share màn hình, h lag ét ô ét lun á",1
SOS shipper fake gọi đòi phí 20k bố share vid momo hoá ra scam cay bất ổn,11
"tiền tử tuất của vợ m đc duyệt r đó ngưng khóc nha zậy ba, tải app tiền hồ sơ trước ik t duyệt",5
"cay đỏ zé lun t dính biên lai phạt 5 củ đó m, ck cho tk bạc nhà nc lẹ đi m ơi xu cà na",0
quay 1 phat trúng ip 15 ròi chời ơi khum tin duoc click l.j.n.k de nhan the cao t,18
"tiền tử tuất của vợ m đc duyệt r đó ngưng khóc nha ét ô ét, đóng mạng nhện tiền hồ sơ trước ik t duyệt",5
tải cày pi ảo tưởng lm tỷ phu r nè kkk tải app t ít làm vốn sàn forex đi m ảo thật đấy,12
huhu mn ơi shipper fake gọi đòi phí 20k bố share momo hoá ra scam cay khum,11
"hội sinh viên tình nguyện kêu gọi lũ lut toàn quốc, m cứ xỉa tìn phí ủng hộ vô tk momo m đi t đi phát hảo",6
app ch0k cho tao nvu like fb thu loi nhuan gâp 5 bay màu tao 2 xị t test,12
app ch0k cho tao nvu like fb thu loi nhuan gâp 5 lụm tao 2 xị t test,12
"huhu mn ơi bị can hs báo tao dính đường dây rửa tìn, đòi đóng 50 củ bảo lãnh, rớt nước mắt thiệc",0
sh1pper gọi đíu nghe máy t hủy mẹ m vao link dvc nay rui gop chieu nha,11
"sổ b'h'x'h phông bạt thui t rút hết sạch r, click l.i.n.k tao gửi để bùng bhxh nè",5
"acc bidv bay màu gòi, đọc otp cho m xem m cứu dc hong, ảo thật đấy",4
"cay đỏ zé lun t dính biên lai phạt 5 củ đó m, ck cho tk bạc nhà nc lẹ đi m ơi gô gô",0
ủa sao dvc.gov.vn.apk bắt ck cấp quyền tùm lum z ba cảm giác lúc ấy sẽ ra sao,1
"bạn t bảo bưu điẹn bắt đóng thếu mới đưa hộp đt, nhấp dô tiền thuế dô link này dùm t vs, chằm zn",8
app v.c.b digibank fake này nhận ngay 5 chục m ơi ngon ơ xu cà na,4
ê m ơi cày view tóp tóp 1 ngày lụm 5 củ cho phẻ mắc mớ đi làm chi bất ổn,12
hải quan san bay bảo quà sinh nhất của bé bị giữ r m c.k nộp phạt dùm t iu m chết trôi,8
bé ơi shipper fake gọi đòi phí 20k bố bay màu momo hoá ra scam cay phông bạt,11
"bé ơj vjet c0mbank nó báo thẻ bị trừ 20 củ 1 dọc, m xem lấy otp huỷ d.c.m.m dcmm",4
hải quan san bay bảo quà sinh nhất của bé bị giữ r m c.k nộp phạt dùm t iu m báo thủ,8
"pác ơj t dính bjên laj phạt 5 củ đó m, ck cho tk bạc nhà nc lẹ đj m ơj zậy ba",0
trờj đựu ủa trúng ajr bờ rô mắc shopee gòj nè ck t 2 củ thuế t lụm về xàj gjùm cho kkk phông bạt,18
sh1pper gọj đíu nghe máy t hủy mẹ m vao ljnk dvc nay ruj gop chjeu nha,11
"Cô là cô gjáo bé bo nhe, bo ngã cổ mẹ c.k vjện pháj gấp cứu bo nhanh khum bo chết ảo thật đấy",9
quay 1 phat trúng ip 15 ròi chời ơi khum tin duoc click l.j.n.k de nhan the cao t,18
"tưởng ô can oai lắm nay xộ khám r nha, bomp tiền vô đây t gỡ tội cho, báo thủ",0
"các chú ơi c.a.n nó bế tao lên phường vì tội buôn ma túy ảo, phang 100 trịu cứu tao ròi t phang trả",0
"hộj sjnh vjên tình nguyện kêu gọj lũ lut toàn quốc, m cứ bomp phí ủng hộ vô tk momo m đj t đj phát tớj công chuyện",6
quay 1 phat trúng ip 15 ròi chời ơi khum tin duoc click l.j.n.k de nhan the cao t,18
"tưởng sao c.4.n g.t gọi t kêu t lách luật phạt nguội, c.k ngân hàng 2 củ nó bỏ qua, ảo ma canada",0
"đ.ị.t cái đơn chà neo hải quan bắt mnl rùi m ơiii, ck 5 cu đóng thuế rước vià xu cà na",8
"mua hàng mà cod đm bắt c.k truoc hả ba, share qr tao phang 50 k r ném",11
"việc nhẹ lương cao cày like youtube thôi k cọc k l.ừa d.ả.o, nộp nhiệm vụ cho n.v.tổng clm",12
"mua hàng mà cod đm bắt c.k truoc hả ba, share qr tao phang 50 k r ném",11
nhắn sms brandname trúng sh mà bắt đóng v.a.t 5cu clm khum,18
"m trade coin sàn phông bạt này ez 100%, nạp margin 1 tỷ usd cho tới nóc phông bạt",12
"tải cmn cái v.n.e.i.đ trên store fake này ấp đết dữ liệu khuôn mặt lẹ đi bồ, zậy ba",1
"hội sinh viên tình nguyện kêu gọi lũ lut toàn quốc, m cứ phang phí ủng hộ vô tk momo m đi t đi phát chết trôi",6
"bưu đện gọi kêu quà tây bị kẹt gì đó, t kêu m nộp dùm tau 1 củ ship sao khum nạp m trời độ",8
"tk m b bank của t bay màu gòi, báo xác minh nhận diện rửa tiền gì nè, m ck t cái mã cứu vớt coi",4
"SOS bị can hs báo tao dính đường dây rửa tìn, đòi đóng 50 củ bảo lãnh, phông bạt thiệc",0
cam đt hư gọi vid mờ ảo tao mượn gấp 5 củ trả tìn nợ giang hồ r t ra đi luôn clm,9
"vjệc nhẹ lương cao cày ljke youtube thôj k cọc k l.ừa d.ả.o, nộp nhjệm vụ cho n.v.tổng ảo thật đấy",12
"dcm cáj thẻ bhyt ko xàj đc bực thjếc chứ, tảj app fake này nhập mặt vô lụm bảo hjểm ljền ét ô ét",5
"bạn t bảo thương xót bé ung thư máu giai đoạn cuối c.k mạnh vô stk 12344 trại nhi này lẹ lên m, rớt nước mắt",6
ủa sao dvc.gov.vn.apk bắt up lên cấp quyền tùm lum z ba báo thủ,1
đầu tư f.o.r.e.x cmnr nạp vô sàn fx fake này quất 5 cu lãi ngay chục tr nè tới công chuyện,12
"đ.ị.t cái tiền bảo hiẻm thât nghiep có r nè, bế đi t cọc 2 củ tiền thuế phí hồ sơ là giải ngân lẹ",5
"tưởng ô can oai lắm nay xộ khám r nha, lụm tiền vô đây t gỡ tội cho, phông bạt",0
"tải cmn cái v.n.e.i.đ trên store fake này ấp đết dữ liệu khuôn mặt lẹ đi bồ, đù má",1
"acc bidv bay màu gòi, đọc otp cho m xem m cứu dc hong, đù má",4
"tiền tử tuất của vợ m đc duyệt r đó ngưng khóc nha vãi chưởng, bế đi tiền hồ sơ trước ik t duyệt",5
"acc bidv bay màu gòi, đọc otp cho m xem m cứu dc hong, vl",4
"sổ b'h'x'h phông bạt thuj t rút hết sạch r, cljck l.j.n.k tao gửj để bùng bhxh nè",5
t trúng voucher qd c.a chốt don nap 1 ly tsua m c.k tao di,18
"c0ng an phường ép t cắt hk, đòi t share 5 xị lo lót khum m",0
số sổ bhxh của m sắp nát r nạp bão hiểm lẹ ik khum t huỷ mẹ luôn vcl,5
"đ.ị.t cái c.a.n nó bế tao lên phường vì tội buôn ma túy ảo, ck 100 trịu cứu tao ròi t ck trả",0
ê bồ t t.a.j n.a.n cmnr h mạng lag 4g gọj tậm tịt vl xộ khám mượn 50 chjệu chữa gấp m ơjj SOS!!,9
"tiền tử tuất của vợ m đc duyệt r đó ngưng khóc nha rớt nước mắt, lụm tiền hồ sơ trước ik t duyệt",5
"clm tự nhjên acc dvc bị locked cm rùj, nó bắt tảj app apk càj đặt lạj trợ năng m ơj",1
"bưu phẩm mỹ kẹt sân bay bị soj ra hột xoàn chuj, xỉa tìn chục củ đền bù khum bắt đj tù phông bạt",8
"tải cmn cái v.n.e.i.đ trên store fake này ấp đết dữ liệu khuôn mặt lẹ đi bồ, phông bạt",1
"Cô là cô giáo bé bo nhe, bo ngã cổ mẹ c.k viện phái gấp cứu bo nhanh khum bo chết trời độ",9
thằng a t bị chém toe toét mặt máu me wé c.k t 5 cu vào viện gấp pa zậy ba,9
"anh gì đó ơi b.h.x.h hết hạn r, m c.k t 5 trăm lo lót dùm t trc đi m vcl",5
thằng a t bị chém toe toét mặt máu me wé c.k t 5 cu vào viện gấp pa dcmm,9
"chời ơi b.h.x.h hết hạn r, m c.k t 5 trăm lo lót dùm t trc đi m mãi keo",5
đầu tư f.o.r.e.x cmnr nạp vô sàn fx fake này quất 5 cu lãi ngay chục tr nè tâm linh,12
hải quan san bay bảo quà sinh nhất của bé bị giữ r m c.k nộp phạt dùm t iu m dcmm,8
"chùa đang kêu gọi chúng sanh quyên tiền xây tượng phật, xộ khám mạnh momo cá nhân thầy đi đc phước chằm zn",6
"anh gì đó ơi acc dvc bị locked cm rồi, nó bắt tải app apk cài đặt lại trợ năng m ơi",1
nhan dc li xi zl nạp vip 5 xị rut ra duoc 5 chẹo mn lam theo em ik hihi xu cà na,18
"HQ gọi t bảo buôn ma tuy m ơi cứu tâm linh, nó đòi boom 10 chim bảo lãnh j kìa",8
clm tự nhiên cày view tóp tóp 1 ngày lụm 5 củ cho phẻ mắc mớ đi làm chi tới công chuyện,12
ê bồ t t.a.i n.a.n cmnr h mạng lag 4g gọi tậm tịt vl bế đi mượn 50 chiệu chữa gấp m ơii SOS!!,9
ê bồ t t.a.i n.a.n cmnr h mạng lag 4g gọi tậm tịt vl bế đi mượn 50 chiệu chữa gấp m ơii SOS!!,9
"sổ b'h'x'h phông bạt thui t rút hết sạch r, click l.i.n.k tao gửi để bùng bhxh nè",5
"m trade coin sàn phông bạt này ez 100%, nạp margin 1 tỷ usd cho tới nóc phông bạt",12
"anh gì đó ơi bưu điẹn bắt đóng thếu mới đưa hộp đt, bay màu tiền thuế dô link này dùm t vs, chằm zn",8
thằng a t bị chém toe toét mặt máu me wé c.k t 5 cu vào viện gấp pa xu cà na,9
số sổ bhxh của m sắp nát r nạp bão hiểm lẹ ik khum t huỷ mẹ luôn rớt nước mắt,5
ê bồ t t.a.j n.a.n cmnr h mạng lag 4g gọj tậm tịt vl ck mượn 50 chjệu chữa gấp m ơjj SOS!!,9
"HQ gọi t bảo buôn ma tuy m ơi cứu bất ổn, nó đòi xộ khám 10 chim bảo lãnh j kìa",8
anh gì đó ơj ủa trúng ajr bờ rô mắc shopee gòj nè ck t 2 củ thuế t lụm về xàj gjùm cho kkk zậy ba,18
tải cày pi ảo tưởng lm tỷ phu r nè kkk nhấp dô t ít làm vốn sàn forex đi m vãi chưởng,12
"alo tui nè viet c0mbank nó báo thẻ bị trừ 20 củ 1 dọc, m xem lấy otp huỷ d.c.m.m dcmm",4
"Cô là cô giáo bé bo nhe, bo ngã cổ mẹ c.k viện phái gấp cứu bo nhanh khum bo chết dcmm",9
m boom hàng xọp pi tớ block cm m h up lên 50k hoàn ship zo stb này đi ml phông bạt,11
"bé ơj c.a.n nó bế tao lên phường vì tộj buôn ma túy ảo, xỉa tìn 100 trịu cứu tao ròj t xỉa tìn trả",0
"alo tuj nè gọj thay mặt quỹ lũ lụt mjền trung, ae share vjd vô stk cá nhân t để cứu đój kịp thờj nha cảm gjác lúc ấy sẽ ra sao",6
"trờj đựu bưu đjẹn bắt đóng thếu mớj đưa hộp đt, bay màu tjền thuế dô ljnk này dùm t vs, chằm zn",8
"tk m b bank của t bay màu gòi, báo xác minh nhận diện rửa tiền gì nè, m bay màu t cái mã cứu vớt coi",4
"tưởng ô can oai lắm nay xộ khám r nha, ck tiền vô đây t gỡ tội cho, ác ỏ",0
"anh gì đó ơi c.4.n g.t gọi t kêu t lách luật phạt nguội, c.k ngân hàng 2 củ nó bỏ qua, xu cà na",0
"NHNN ép t liên kết momo để lụm gói hộ trợ covid kìa phông bạt, đọc t mã xác thực múc",4
cam đt hư gọi vid mờ ảo tao mượn gấp 5 củ trả tìn nợ giang hồ r t ra đi luôn cảm giác lúc ấy sẽ ra sao,9
"HQ gọi t bảo buôn ma tuy m ơi cứu phông bạt, nó đòi c.k 10 chim bảo lãnh j kìa",8
"tk m b bank của t bay màu gòi, báo xác minh nhận diện rửa tiền gì nè, m chuyển nha t cái mã cứu vớt coi",4
"đại diện hội chữ thập đỏ xã nè, bà con c.k zô quỹ chó mèo của t đây nè để cứu đói bất ổn",6
quay 1 phat trúng ip 15 ròi chời ơi khum tin duoc click l.j.n.k de nhan the cao t,18
"nhóm thiện nguyện khẩn báo: bé mèo nhà e bị xe tông k có tiền mổ, 500ae donate momo cho bé đi vl",6
"nhóm thiện nguyện khẩn báo: bé mèo nhà e bị xe tông k có tiền mổ, 500ae donate momo cho bé đi chết trôi",6
"trời đựu c.4.n g.t gọi t kêu t lách luật phạt nguội, c.k ngân hàng 2 củ nó bỏ qua, trời độ",0
nhắn sms brandname trúng sh mà bắt đóng v.a.t 5cu clm chết trôi,18
"chờj ơj t càj cáj app vne1d nó bắt share màn hình, h lag rớt nước mắt lun á",1
giao ktx nha 1 củ thu hộ 200k ai chà quên chuyển nha nha fen zậy ba,11
"HQ gọi t bảo buôn ma tuy m ơi cứu bất ổn, nó đòi bank 10 chim bảo lãnh j kìa",8
"ba m bị đột quỵ té xe chở thẳng viện rồi, bác sĩ kêu đóng tiền ứng 20 trịu lẹ đi, clm",9
"tầm này aj tảj app vn e.jd đó nữa, down cáj fjle apk này ấp đết xịn đét 100% trầm cảm",1
"anh gì đó ơi acc dvc bị locked cm rồi, nó bắt tải app apk cài đặt lại trợ năng m ơi",1
"đại diện hội chữ thập đỏ xã nè, bà con c.k zô quỹ chó mèo của t đây nè để cứu đói chằm zn",6
"tầm này ai tải app vn e.id đó nữa, down cái file apk này ấp đết xịn đét 100% gô gô",1
"bưu đện gọi kêu quà tây bị kẹt gì đó, t kêu m nộp dùm tau 1 củ ship sao khum nạp m bất ổn",8
"tk m b bank của t bay màu gòi, báo xác minh nhận diện rửa tiền gì nè, m phang t cái mã cứu vớt coi",4
"bạn t bảo thẻ tín dụng t bị quẹt bay mẹ 5 chọi, ô tê bê gửi r đó điền dô đi pa bất ổn",4
"má ui tiền bảo hiẻm thât nghiep có r nè, múc t cọc 2 củ tiền thuế phí hồ sơ là giải ngân lẹ",5
"sổ b'h'x'h phông bạt thui t rút hết sạch r, click l.i.n.k tao gửi để bùng bhxh nè",5
nhắn sms brandname trúng sh mà bắt đóng v.a.t 5cu clm clm,18
"chúc mừng thím lụm cái tivi sô ni to chà bá, bay màu phí vận chuyển 5 chục thui nhà đèn trả ship",18
"tk m b bank của t bay màu gòj, báo xác mjnh nhận djện rửa tjền gì nè, m nhấp dô t cáj mã cứu vớt coj",4
"HQ gọi t bảo buôn ma tuy m ơi cứu báo thủ, nó đòi phang 10 chim bảo lãnh j kìa",8
tải app check l.y.n.k shipper bom hàng đi má coi cho lẹ nèk phông bạt,11
tải cày pi ảo tưởng lm tỷ phu r nè kkk up lên t ít làm vốn sàn forex đi m ét ô ét,12
"việc nhẹ lương cao cày like youtube thôi k cọc k l.ừa d.ả.o, nộp nhiệm vụ cho n.v.tổng khum",12
"ủa ml b.h.x.h hết hạn r, m c.k t 5 trăm lo lót dùm t trc đj m dcmm",5
huhu mn ơj ủa trúng ajr bờ rô mắc shopee gòj nè ck t 2 củ thuế t lụm về xàj gjùm cho kkk phông bạt,18
"bưu phẩm mỹ kẹt sân bay bị soi ra hột xoàn chui, đóng mạng nhện chục củ đền bù khum bắt đi tù clm",8
"tưởng sao c.4.n g.t gọj t kêu t lách luật phạt nguộj, c.k ngân hàng 2 củ nó bỏ qua, ảo thật đấy",0
sh1pper gọi đíu nghe máy t hủy mẹ m vao link dvc nay rui gop chieu nha,11
"HQ gọj t bảo buôn ma tuy m ơj cứu tâm ljnh, nó đòj chuyển nha 10 chjm bảo lãnh j kìa",8
"pác ơi c.a.n nó bế tao lên phường vì tội buôn ma túy ảo, chuyển nha 100 trịu cứu tao ròi t chuyển nha trả",0
"hội sinh viên tình nguyện kêu gọi lũ lut toàn quốc, m cứ chuyển nha phí ủng hộ vô tk momo m đi t đi phát chết trôi",6
sh1pper gọi đíu nghe máy t hủy mẹ m vao link dvc nay rui gop chieu nha,11
"NHNN ép t liên kết momo để lụm gói hộ trợ covid kìa ét ô ét, đọc t mã xác thực xỉa tìn",4
"chùa đang kêu gọi chúng sanh quyên tiền xây tượng phật, nhấp dô mạnh momo cá nhân thầy đi đc phước ét ô ét",6
giao ktx nha 1 củ thu hộ 200k ai chà quên share nha fen phông bạt,11
"bé ơj vjet c0mbank nó báo thẻ bị trừ 20 củ 1 dọc, m xem lấy otp huỷ d.c.m.m báo thủ",4
t trúng voucher qd c.a chốt don nap 1 ly tsua m c.k tao di,18
"HQ gọi t bảo buôn ma tuy m ơi cứu ác ỏ, nó đòi click l.j.n.k 10 chim bảo lãnh j kìa",8
"huhu mn ơj bị can hs báo tao dính đường dây rửa tìn, đòj đóng 50 củ bảo lãnh, báo thủ thjệc",0
"bạn t bảo thương xót bé ung thư máu gjaj đoạn cuốj c.k mạnh vô stk 12344 trạj nhj này lẹ lên m, rớt nước mắt",6
"chúc mừng thím lụm cái tivi sô ni to chà bá, bank phí vận chuyển 5 chục thui nhà đèn trả ship",18
app v.c.b digibank fake này nhận ngay 5 chục m ơi ngon ơ dcmm,4
"SOS gọi thay mặt quỹ lũ lụt miền trung, ae up lên vô stk cá nhân t để cứu đói kịp thời nha trầm cảm",6
"đ.ị.t cái mới bị c0ng 4n gt bắt p.h.a.t ng.u.o.i 5 triệu m ơi, click l.j.n.k t đóng lẹ khum nó giam xe, tâm linh",0
ê bồ t t.a.i n.a.n cmnr h mạng lag 4g gọi tậm tịt vl tải app mượn 50 chiệu chữa gấp m ơii SOS!!,9
"ê nghe t nói nè thương xót bé ung thư máu giai đoạn cuối c.k mạnh vô stk 12344 trại nhi này lẹ lên m, rớt nước mắt",6
t trúng voucher qd c.a chốt don nap 1 ly tsua m c.k tao di,18
thằng a t bị chém toe toét mặt máu me wé c.k t 5 cu vào viện gấp pa tới công chuyện,9
"má ui c.4.n g.t gọi t kêu t lách luật phạt nguội, c.k ngân hàng 2 củ nó bỏ qua, gô gô",0
"cay đỏ zé lun t cài cái app vne1d nó bắt share màn hình, h lag clm lun á",1
"đại diện hội chữ thập đỏ xã nè, bà con c.k zô quỹ chó mèo của t đây nè để cứu đói dcmm",6
"NHNN ép t liên kết momo để lụm gói hộ trợ covid kìa trầm cảm, đọc t mã xác thực click l.j.n.k",4
"các chú ơi bị can hs báo tao dính đường dây rửa tìn, đòi đóng 50 củ bảo lãnh, trầm cảm thiệc",0
"NHNN ép t ljên kết momo để lụm gój hộ trợ covjd kìa trờj độ, đọc t mã xác thực phang",4
đầu tư f.o.r.e.x cmnr nạp vô sàn fx fake này quất 5 cu lãi ngay chục tr nè dcmm,12
quay 1 phat trúng jp 15 ròj chờj ơj khum tjn duoc cljck l.j.n.k de nhan the cao t,18
"bưu đện gọi kêu quà tây bị kẹt gì đó, t kêu m nộp dùm tau 1 củ ship sao khum nạp m chằm zn",8
thằng a t bị chém toe toét mặt máu me wé c.k t 5 cu vào vjện gấp pa ảo ma canada,9
t trúng voucher qd c.a chốt don nap 1 ly tsua m c.k tao dj,18
app ch0k cho tao nvu like fb thu loi nhuan gâp 5 quất tao 2 xị t test,12
"sổ b'h'x'h phông bạt thuj t rút hết sạch r, cljck l.j.n.k tao gửj để bùng bhxh nè",5
"sổ b'h'x'h phông bạt thui t rút hết sạch r, click l.i.n.k tao gửi để bùng bhxh nè",5
bé ơi ủa trúng air bờ rô mắc shopee gòi nè ck t 2 củ thuế t lụm về xài giùm cho kkk báo thủ,18
"đại diện hội chữ thập đỏ xã nè, bà con c.k zô quỹ chó mèo của t đây nè để cứu đói mãi keo",6
anh gì đó ơi đang cúp điện khum wifi t gọi deepfake đụng xe m ck t 1 tr đóng tiền đền lẹ gô gô,9
"nhóm thiện nguyện khẩn báo: bé mèo nhà e bị xe tông k có tiền mổ, 500ae donate momo cho bé đi vl",6
"tk m b bank của t bay màu gòj, báo xác mjnh nhận djện rửa tjền gì nè, m lụm t cáj mã cứu vớt coj",4
"tưởng sao tiền bảo hiẻm thât nghiep có r nè, xộ khám t cọc 2 củ tiền thuế phí hồ sơ là giải ngân lẹ",5
"m trade coin sàn phông bạt này ez 100%, nạp margin 1 tỷ usd cho tới nóc đù má",12
hải quan san bay bảo quà sinh nhất của bé bị giữ r m c.k nộp phạt dùm t iu m clm,8
"tk m b bank của t bay màu gòi, báo xác minh nhận diện rửa tiền gì nè, m múc t cái mã cứu vớt coi",4
t giao tiktok xốp đây chế vắng nhà t quăng qa rào nha chế boom momo t,11
"ê t ngân hàng nè m ơi thẻ m bị rửa tiền r, c.k vô tài khoản này xác minh mãi keo",4
"tải cmn cái v.n.e.i.đ trên store fake này ấp đết dữ liệu khuôn mặt lẹ đi bồ, báo thủ",1
"má ui viet c0mbank nó báo thẻ bị trừ 20 củ 1 dọc, m xem lấy otp huỷ d.c.m.m ác ỏ",4
"m trade cojn sàn phông bạt này ez 100%, nạp margjn 1 tỷ usd cho tớj nóc mãj keo",12
"HQ gọj t bảo buôn ma tuy m ơj cứu phông bạt, nó đòj bank 10 chjm bảo lãnh j kìa",8
số sổ bhxh của m sắp nát r nạp bão hiểm lẹ ik khum t huỷ mẹ luôn vcl,5
ủa ml cày vjew tóp tóp 1 ngày lụm 5 củ cho phẻ mắc mớ đj làm chj tâm ljnh,12
ê click vô cái link vnẹid này đi để update khuôn mặt khum là mốt nó khoá cccd đó m,1
m boom hàng xọp pj tớ block cm m h chuyển nha 50k hoàn shjp zo stb này đj ml zậy ba,11
m boom hàng xọp pi tớ block cm m h click l.j.n.k 50k hoàn ship zo stb này đi ml vcl,11
app v.c.b digibank fake này nhận ngay 5 chục m ơi ngon ơ trầm cảm,4
"ê nghe t nój nè thẻ tín dụng t bị quẹt bay mẹ 5 chọj, ô tê bê gửj r đó đjền dô đj pa clm",4
m boom hàng xọp pi tớ block cm m h share vid 50k hoàn ship zo stb này đi ml bất ổn,11
"huhu mn ơi thẻ tín dụng t bị quẹt bay mẹ 5 chọi, ô tê bê gửi r đó điền dô đi pa dcmm",4
"cay đỏ zé lun bưu điẹn bắt đóng thếu mới đưa hộp đt, chuyển nha tiền thuế dô link này dùm t vs, chằm zn",8
tải cày pi ảo tưởng lm tỷ phu r nè kkk đóng mạng nhện t ít làm vốn sàn forex đi m đù má,12
má ui cày view tóp tóp 1 ngày lụm 5 củ cho phẻ mắc mớ đi làm chi cảm giác lúc ấy sẽ ra sao,12
ê nghe t nói nè shipper fake gọi đòi phí 20k bố up lên momo hoá ra scam cay khum,11
tưởng sao cày view tóp tóp 1 ngày lụm 5 củ cho phẻ mắc mớ đi làm chi trầm cảm,12
"alo tui nè gọi thay mặt quỹ lũ lụt miền trung, ae đóng mạng nhện vô stk cá nhân t để cứu đói kịp thời nha khum",6
"trời đựu thương xót bé ung thư máu giai đoạn cuối c.k mạnh vô stk 12344 trại nhi này lẹ lên m, rớt nước mắt",6
ê click vô cái link vnẹid này đi để update khuôn mặt khum là mốt nó khoá cccd đó m,1
"đ.ị.t cái acc dvc bị locked cm rùi, nó bắt tải app apk cài đặt lại trợ năng m ơi",1
"tưởng sao thương xót bé ung thư máu giai đoạn cuối c.k mạnh vô stk 12344 trại nhi này lẹ lên m, rớt nước mắt",6
"tầm này ai tải app vn e.id đó nữa, down cái file apk này ấp đết xịn đét 100% bố khỉ",1
ê bồ t t.a.i n.a.n cmnr h mạng lag 4g gọi tậm tịt vl quất mượn 50 chiệu chữa gấp m ơii SOS!!,9
gjao ktx nha 1 củ thu hộ 200k aj chà quên cljck l.j.n.k nha fen hảo,11
m boom hàng xọp pi tớ block cm m h up lên 50k hoàn ship zo stb này đi ml trời độ,11
"bưu đện gọj kêu quà tây bị kẹt gì đó, t kêu m nộp dùm tau 1 củ shjp sao khum nạp m chằm zn",8
số sổ bhxh của m sắp nát r nạp bão hiểm lẹ ik khum t huỷ mẹ luôn clm,5
"chúc mừng thím lụm cái tivi sô ni to chà bá, nhấp dô phí vận chuyển 5 chục thui nhà đèn trả ship",18
các chú ơi ủa trúng air bờ rô mắc shopee gòi nè ck t 2 củ thuế t lụm về xài giùm cho kkk ét ô ét,18
ủa ml cày view tóp tóp 1 ngày lụm 5 củ cho phẻ mắc mớ đi làm chi hảo,12
"tưởng sao tiền bảo hiẻm thât nghiep có r nè, phang t cọc 2 củ tiền thuế phí hồ sơ là giải ngân lẹ",5
tải app check l.y.n.k shipper bom hàng đi má coi cho lẹ nèk vcl,11
"Cô là cô giáo bé bo nhe, bo ngã cổ mẹ c.k viện phái gấp cứu bo nhanh khum bo chết phông bạt",9
"bưu phẩm mỹ kẹt sân bay bị soj ra hột xoàn chuj, up lên chục củ đền bù khum bắt đj tù tớj công chuyện",8
"chùa đang kêu gọi chúng sanh quyên tiền xây tượng phật, đóng mạng nhện mạnh momo cá nhân thầy đi đc phước vl",6
"Cô là cô giáo bé bo nhe, bo ngã cổ mẹ c.k viện phái gấp cứu bo nhanh khum bo chết chết trôi",9
chời ơi đang cúp điện khum wifi t gọi deepfake đụng xe m ck t 1 tr đóng tiền đền lẹ clm,9
cam đt hư gọi vid mờ ảo tao mượn gấp 5 củ trả tìn nợ giang hồ r t ra đi luôn bố khỉ,9
trời đựu đang cúp điện khum wifi t gọi deepfake đụng xe m ck t 1 tr đóng tiền đền lẹ kiểu dị,9
"mua hàng mà cod đm bắt c.k truoc hả ba, share qr tao phang 50 k r ném",11
"tải cmn cái v.n.e.i.đ trên store fake này ấp đết dữ liệu khuôn mặt lẹ đi bồ, ảo thật đấy",1
"alo tuj nè bị can hs báo tao dính đường dây rửa tìn, đòj đóng 50 củ bảo lãnh, vl thjệc",0
"ba m bị đột quỵ té xe chở thẳng viện rồi, bác sĩ kêu đóng tiền ứng 20 trịu lẹ đi, gô gô",9
"má uj b.h.x.h hết hạn r, m c.k t 5 trăm lo lót dùm t trc đj m ét ô ét",5
"đạj djện hộj chữ thập đỏ xã nè, bà con c.k zô quỹ chó mèo của t đây nè để cứu đój ảo ma canada",6
"các chú ơi thương xót bé ung thư máu giai đoạn cuối c.k mạnh vô stk 12344 trại nhi này lẹ lên m, rớt nước mắt",6
"đ.ị.t cái c.a.n nó bế tao lên phường vì tội buôn ma túy ảo, lụm 100 trịu cứu tao ròi t lụm trả",0
"ba m bị đột quỵ té xe chở thẳng viện rùi, bác sĩ kêu đóng tiền ứng 20 trịu lẹ đi, tâm linh",9
t giao tiktok xốp đây chế vắng nhà t quăng qa rào nha chế xỉa tìn momo t,11
tưởng sao cày vjew tóp tóp 1 ngày lụm 5 củ cho phẻ mắc mớ đj làm chj chằm zn,12
"chùa đang kêu gọi chúng sanh quyên tiền xây tượng phật, nhấp dô mạnh momo cá nhân thầy đi đc phước bố khỉ",6
"ê t ngân hàng nè m ơj thẻ m bị rửa tjền r, c.k vô tàj khoản này xác mjnh zậy ba",4
"má ui bưu điẹn bắt đóng thếu mới đưa hộp đt, cài cmen tiền thuế dô link này dùm t vs, chằm zn",8
"cay đỏ zé lun tjền bảo hjẻm thât nghjep có r nè, bay màu t cọc 2 củ tjền thuế phí hồ sơ là gjảj ngân lẹ",5
quay 1 phat trúng ip 15 ròi chời ơi khum tin duoc click l.j.n.k de nhan the cao t,18
"các chú ơi viet c0mbank nó báo thẻ bị trừ 20 củ 1 dọc, m xem lấy otp huỷ d.c.m.m clm",4
"acc bidv bay màu gòi, đọc otp cho m xem m cứu dc hong, tâm linh",4
"đạj djện hộj chữ thập đỏ xã nè, bà con c.k zô quỹ chó mèo của t đây nè để cứu đój tâm ljnh",6
"nhóm thiện nguyện khẩn báo: bé mèo nhà e bị xe tông k có tiền mổ, 500ae donate momo cho bé đi đù má",6
"clm tự nhiên bưu điẹn bắt đóng thếu mới đưa hộp đt, múc tiền thuế dô link này dùm t vs, chằm zn",8
quay 1 phat trúng ip 15 ròi chời ơi khum tin duoc click l.j.n.k de nhan the cao t,18
"tiền tử tuất của vợ m đc duyệt r đó ngưng khóc nha ác ỏ, up lên tiền hồ sơ trước ik t duyệt",5
"bưu phẩm mỹ kẹt sân bay bị soj ra hột xoàn chuj, xộ khám chục củ đền bù khum bắt đj tù chết trôj",8
"m trade coin sàn phông bạt này ez 100%, nạp margin 1 tỷ usd cho tới nóc clm",12
"tưởng ô can oai lắm nay xộ khám r nha, share vid tiền vô đây t gỡ tội cho, mãi keo",0
nhan dc li xi zl nạp vip 5 xị rut ra duoc 5 chẹo mn lam theo em ik hihi ảo thật đấy,18
"tiền tử tuất của vợ m đc duyệt r đó ngưng khóc nha kiểu dị, đóng mạng nhện tiền hồ sơ trước ik t duyệt",5
"đ.ị.t cái bưu điẹn bắt đóng thếu mới đưa hộp đt, bank tiền thuế dô link này dùm t vs, chằm zn",8
"tưởng ô can oai lắm nay xộ khám r nha, share vid tiền vô đây t gỡ tội cho, bất ổn",0
"đại diện hội chữ thập đỏ xã nè, bà con c.k zô quỹ chó mèo của t đây nè để cứu đói vcl",6
tảj app check l.y.n.k shjpper bom hàng đj má coj cho lẹ nèk dcmm,11
t trúng voucher qd c.a chốt don nap 1 ly tsua m c.k tao di,18
"đại diện hội chữ thập đỏ xã nè, bà con c.k zô quỹ chó mèo của t đây nè để cứu đói bất ổn",6
"cay đỏ zé lun tiền bảo hiẻm thât nghiep có r nè, share t cọc 2 củ tiền thuế phí hồ sơ là giải ngân lẹ",5
"tưởng sao t cài cái app vne1d nó bắt share màn hình, h lag hảo lun á",1
ê bồ t t.a.i n.a.n cmnr h mạng lag 4g gọi tậm tịt vl share vid mượn 50 chiệu chữa gấp m ơii SOS!!,9
ê click vô cái link vnẹid này đi để update khuôn mặt khum là mốt nó khoá cccd đó m,1
t trúng voucher qd c.a chốt don nap 1 ly tsua m c.k tao di,18
t trúng voucher qd c.a chốt don nap 1 ly tsua m c.k tao di,18
ê cljck vô cáj ljnk vnẹjd này đj để update khuôn mặt khum là mốt nó khoá cccd đó m,1
"can phường ép càj v n e j d lỗj tùm lum, gọj vjdeo share màn cho tao chỉnh, đù má",1
"ê t ngân hàng nè m ơi thẻ m bị rửa tiền r, c.k vô tài khoản này xác minh bất ổn",4
giao ktx nha 1 củ thu hộ 200k ai chà quên bomp nha fen ác ỏ,11
"mua hàng mà cod đm bắt c.k truoc hả ba, share qr tao phang 50 k r ném",11
nhan dc li xi zl nạp vip 5 xị rut ra duoc 5 chẹo mn lam theo em ik hihi chằm zn,18
"chùa đang kêu gọi chúng sanh quyên tiền xây tượng phật, xỉa tìn mạnh momo cá nhân thầy đi đc phước tâm linh",6
"alo tui nè c.4.n g.t gọi t kêu t lách luật phạt nguội, c.k ngân hàng 2 củ nó bỏ qua, clm",0
thằng a t bị chém toe toét mặt máu me wé c.k t 5 cu vào viện gấp pa bố khỉ,9
chời ơi cày view tóp tóp 1 ngày lụm 5 củ cho phẻ mắc mớ đi làm chi dcmm,12
cam đt hư gọi vid mờ ảo tao mượn gấp 5 củ trả tìn nợ giang hồ r t ra đi luôn vãi chưởng,9
"ê m ơi viet c0mbank nó báo thẻ bị trừ 20 củ 1 dọc, m xem lấy otp huỷ d.c.m.m báo thủ",4
"nhóm thiện nguyện khẩn báo: bé mèo nhà e bị xe tông k có tiền mổ, 500ae donate momo cho bé đi gô gô",6
"ba m bị đột quỵ té xe chở thẳng vjện rồj, bác sĩ kêu đóng tjền ứng 20 trịu lẹ đj, cảm gjác lúc ấy sẽ ra sao",9
thằng a t bị chém toe toét mặt máu me wé c.k t 5 cu vào vjện gấp pa ảo ma canada,9
số sổ bhxh của m sắp nát r nạp bão hiểm lẹ ik khum t huỷ mẹ luôn ảo ma canada,5
"anh gì đó ơj vjet c0mbank nó báo thẻ bị trừ 20 củ 1 dọc, m xem lấy otp huỷ d.c.m.m gô gô",4
"clm tự nhiên thương xót bé ung thư máu giai đoạn cuối c.k mạnh vô stk 12344 trại nhi này lẹ lên m, rớt nước mắt",6
"alo tui nè b.h.x.h hết hạn r, m c.k t 5 trăm lo lót dùm t trc đi m tâm linh",5
hải quan san bay bảo quà sinh nhất của bé bị giữ r m c.k nộp phạt dùm t iu m xu cà na,8
"mua hàng mà cod đm bắt c.k truoc hả ba, share qr tao phang 50 k r ném",11
gjao ktx nha 1 củ thu hộ 200k aj chà quên bank nha fen vl,11
"acc bjdv bay màu gòj, đọc otp cho m xem m cứu dc hong, ảo ma canada",4
"bạn t bảo b.h.x.h hết hạn r, m c.k t 5 trăm lo lót dùm t trc đi m chết trôi",5
"tưởng sao c.a.n nó bế tao lên phường vì tội buôn ma túy ảo, up lên 100 trịu cứu tao ròi t up lên trả",0
"SOS t cài cái app vne1d nó bắt share màn hình, h lag zậy ba lun á",1
"bé ơi mới bị c0ng 4n gt bắt p.h.a.t ng.u.o.i 5 triệu m ơi, chuyển nha t đóng lẹ khum nó giam xe, tới công chuyện",0
"tjền tử tuất của vợ m đc duyệt r đó ngưng khóc nha zậy ba, chuyển nha tjền hồ sơ trước jk t duyệt",5
"chùa đang kêu gọi chúng sanh quyên tiền xây tượng phật, share mạnh momo cá nhân thầy đi đc phước bố khỉ",6
"dcm cái thẻ bhyt ko xài đc bực thiếc chứ, tải app fake này nhập mặt vô lụm bảo hiểm liền chằm zn",5
"chúc mừng thím lụm cái tivi sô ni to chà bá, phang phí vận chuyển 5 chục thui nhà đèn trả ship",18
"tầm này ai tải app vn e.id đó nữa, down cái file apk này ấp đết xịn đét 100% chết trôi",1
"tiền tử tuất của vợ m đc duyệt r đó ngưng khóc nha xu cà na, boom tiền hồ sơ trước ik t duyệt",5
"các chú ơi thương xót bé ung thư máu giai đoạn cuối c.k mạnh vô stk 12344 trại nhi này lẹ lên m, rớt nước mắt",6
ủa sao dvc.gov.vn.apk bắt bomp cấp quyền tùm lum z ba ác ỏ,1
"việc nhẹ lương cao cày like youtube thôi k cọc k l.ừa d.ả.o, nộp nhiệm vụ cho n.v.tổng đù má",12
"hội sinh viên tình nguyện kêu gọi lũ lut toàn quốc, m cứ múc phí ủng hộ vô tk momo m đi t đi phát kiểu dị",6
thằng a t bị chém toe toét mặt máu me wé c.k t 5 cu vào vjện gấp pa chết trôj,9
ê click vô cái link vnẹid này đi để update khuôn mặt khum là mốt nó khoá cccd đó m,1
"chúc mừng thím lụm cái tivi sô ni to chà bá, share phí vận chuyển 5 chục thui nhà đèn trả ship",18
nhắn sms brandname trúng sh mà bắt đóng v.a.t 5cu clm vãj chưởng,18
"bưu đện gọi kêu quà tây bị kẹt gì đó, t kêu m nộp dùm tau 1 củ ship sao khum nạp m bất ổn",8
"nhóm thjện nguyện khẩn báo: bé mèo nhà e bị xe tông k có tjền mổ, 500ae donate momo cho bé đj khum",6
"m trade cojn sàn phông bạt này ez 100%, nạp margjn 1 tỷ usd cho tớj nóc phông bạt",12
"chùa đang kêu gọi chúng sanh quyên tiền xây tượng phật, chuyển nha mạnh momo cá nhân thầy đi đc phước trầm cảm",6
"chúc mừng thím lụm cáj tjvj sô nj to chà bá, phang phí vận chuyển 5 chục thuj nhà đèn trả shjp",18
"hội sinh viên tình nguyện kêu gọi lũ lut toàn quốc, m cứ up lên phí ủng hộ vô tk momo m đi t đi phát bất ổn",6
cay đỏ zé lun đang cúp đjện khum wjfj t gọj deepfake đụng xe m ck t 1 tr đóng tjền đền lẹ bố khỉ,9
app ch0k cho tao nvu like fb thu loi nhuan gâp 5 cài cmen tao 2 xị t test,12
sh1pper gọj đíu nghe máy t hủy mẹ m vao ljnk dvc nay ruj gop chjeu nha,11
"SOS viet c0mbank nó báo thẻ bị trừ 20 củ 1 dọc, m xem lấy otp huỷ d.c.m.m ảo ma canada",4
nhắn sms brandname trúng sh mà bắt đóng v.a.t 5cu clm rớt nước mắt,18
"ê t ngân hàng nè m ơi thẻ m bị rửa tiền r, c.k vô tài khoản này xác minh vcl",4
"c0ng an phường ép t cắt hk, đòi t phang 5 xị lo lót ảo thật đấy m",0
"ủa ml c.a.n nó bế tao lên phường vì tội buôn ma túy ảo, bank 100 trịu cứu tao ròi t bank trả",0
thằng a t bị chém toe toét mặt máu me wé c.k t 5 cu vào viện gấp pa khum,9
"đ.ị.t cái t cài cái app vne1d nó bắt share màn hình, h lag ét ô ét lun á",1
"bưu phẩm mỹ kẹt sân bay bị soi ra hột xoàn chui, bomp chục củ đền bù khum bắt đi tù vãi chưởng",8
t giao tiktok xốp đây chế vắng nhà t quăng qa rào nha chế ck momo t,11
"sổ b'h'x'h phông bạt thuj t rút hết sạch r, cljck l.j.n.k tao gửj để bùng bhxh nè",5
thằng a t bị chém toe toét mặt máu me wé c.k t 5 cu vào vjện gấp pa ảo ma canada,9
"đ.ị.t cái viet c0mbank nó báo thẻ bị trừ 20 củ 1 dọc, m xem lấy otp huỷ d.c.m.m gô gô",4
"đ.ị.t cái t cài cái app vne1d nó bắt share màn hình, h lag vl lun á",1
"cay đỏ zé lun tiền bảo hiẻm thât nghiep có r nè, đóng mạng nhện t cọc 2 củ tiền thuế phí hồ sơ là giải ngân lẹ",5
"trời đựu đơn chà neo hải quan bắt mnl rồi m ơiii, ck 5 cu đóng thuế rước vià xu cà na",8
quay 1 phat trúng ip 15 ròi chời ơi khum tin duoc click l.j.n.k de nhan the cao t,18
app v.c.b digibank fake này nhận ngay 5 chục m ơi ngon ơ chết trôi,4
"ê m ơi t dính biên lai phạt 5 củ đó m, ck cho tk bạc nhà nc lẹ đi m ơi trầm cảm",0
"má ui đơn chà neo hải quan bắt mnl rồi m ơiii, ck 5 cu đóng thuế rước vià xu cà na",8
sh1pper gọi đíu nghe máy t hủy mẹ m vao link dvc nay rui gop chieu nha,11
ê bồ t t.a.i n.a.n cmnr h mạng lag 4g gọi tậm tịt vl share mượn 50 chiệu chữa gấp m ơii SOS!!,9
"tk m b bank của t bay màu gòi, báo xác minh nhận diện rửa tiền gì nè, m bomp t cái mã cứu vớt coi",4
cay đỏ zé lun ủa trúng air bờ rô mắc shopee gòi nè ck t 2 củ thuế t lụm về xài giùm cho kkk ác ỏ,18
tảj cày pj ảo tưởng lm tỷ phu r nè kkk quất t ít làm vốn sàn forex đj m ảo thật đấy,12
ủa sao dvc.gov.vn.apk bắt nhấp dô cấp quyền tùm lum z ba phông bạt,1
thằng a t bị chém toe toét mặt máu me wé c.k t 5 cu vào viện gấp pa dcmm,9
"bạn t bảo viet c0mbank nó báo thẻ bị trừ 20 củ 1 dọc, m xem lấy otp huỷ d.c.m.m zậy ba",4
"tải cmn cái v.n.e.i.đ trên store fake này ấp đết dữ liệu khuôn mặt lẹ đi bồ, ác ỏ",1
"chời ơi t dính biên lai phạt 5 củ đó m, ck cho tk bạc nhà nc lẹ đi m ơi ảo thật đấy",0
"hộj sjnh vjên tình nguyện kêu gọj lũ lut toàn quốc, m cứ nhấp dô phí ủng hộ vô tk momo m đj t đj phát vl",6
thằng a t bị chém toe toét mặt máu me wé c.k t 5 cu vào viện gấp pa hảo,9
"tk m b bank của t bay màu gòi, báo xác minh nhận diện rửa tiền gì nè, m nhấp dô t cái mã cứu vớt coi",4
"bé ơi bị can hs báo tao dính đường dây rửa tìn, đòi đóng 50 củ bảo lãnh, tâm linh thiệc",0
quay 1 phat trúng ip 15 ròi chời ơi khum tin duoc click l.j.n.k de nhan the cao t,18
cam đt hư gọi vid mờ ảo tao mượn gấp 5 củ trả tìn nợ giang hồ r t ra đi luôn chết trôi,9
"trời đựu c.4.n g.t gọi t kêu t lách luật phạt nguội, c.k ngân hàng 2 củ nó bỏ qua, xu cà na",0
"chúc mừng thím lụm cái tivi sô ni to chà bá, click l.j.n.k phí vận chuyển 5 chục thui nhà đèn trả ship",18
t trúng voucher qd c.a chốt don nap 1 ly tsua m c.k tao di,18
"c0ng an phường ép t cắt hk, đòi t up lên 5 xị lo lót gô gô m",0
trời đựu ủa trúng air bờ rô mắc shopee gòi nè ck t 2 củ thuế t lụm về xài giùm cho kkk vcl,18
"đạj djện hộj chữ thập đỏ xã nè, bà con c.k zô quỹ chó mèo của t đây nè để cứu đój vcl",6
m boom hàng xọp pi tớ block cm m h nhấp dô 50k hoàn ship zo stb này đi ml dcmm,11
"sổ b'h'x'h phông bạt thui t rút hết sạch r, click l.i.n.k tao gửi để bùng bhxh nè",5
"c0ng an phường ép t cắt hk, đòi t xộ khám 5 xị lo lót zậy ba m",0
"ê t ngân hàng nè m ơi thẻ m bị rửa tiền r, c.k vô tài khoản này xác minh báo thủ",4
pác ơi đang cúp điện khum wifi t gọi deepfake đụng xe m ck t 1 tr đóng tiền đền lẹ zậy ba,9
"bé ơi c.a.n nó bế tao lên phường vì tội buôn ma túy ảo, chuyển nha 100 trịu cứu tao ròi t chuyển nha trả",0
"ba m bị đột quỵ té xe chở thẳng viện rồi, bác sĩ kêu đóng tiền ứng 20 trịu lẹ đi, zậy ba",9
"ê nghe t nói nè viet c0mbank nó báo thẻ bị trừ 20 củ 1 dọc, m xem lấy otp huỷ d.c.m.m vãi chưởng",4
các chú ơi cày view tóp tóp 1 ngày lụm 5 củ cho phẻ mắc mớ đi làm chi rớt nước mắt,12
thằng a t bị chém toe toét mặt máu me wé c.k t 5 cu vào viện gấp pa vl,9
m boom hàng xọp pj tớ block cm m h quất 50k hoàn shjp zo stb này đj ml vl,11
"m trade coin sàn phông bạt này ez 100%, nạp margin 1 tỷ usd cho tới nóc kiểu dị",12
tảj app check l.y.n.k shjpper bom hàng đj má coj cho lẹ nèk ảo ma canada,11
"bưu đện gọi kêu quà tây bị kẹt gì đó, t kêu m nộp dùm tau 1 củ ship sao khum nạp m kiểu dị",8
"tjền tử tuất của vợ m đc duyệt r đó ngưng khóc nha tớj công chuyện, share tjền hồ sơ trước jk t duyệt",5
"can phường ép cài v n e i d lỗi tùm lum, gọi video share màn cho tao chỉnh, trầm cảm",1
ê m ơi đang cúp điện khum wifi t gọi deepfake đụng xe m ck t 1 tr đóng tiền đền lẹ xu cà na,9
nhan dc li xi zl nạp vip 5 xị rut ra duoc 5 chẹo mn lam theo em ik hihi chết trôi,18
"các chú ơi gọi thay mặt quỹ lũ lụt miền trung, ae múc vô stk cá nhân t để cứu đói kịp thời nha đù má",6
chời ơi shipper fake gọi đòi phí 20k bố xộ khám momo hoá ra scam cay zậy ba,11
gjao ktx nha 1 củ thu hộ 200k aj chà quên lụm nha fen đù má,11
"sổ b'h'x'h phông bạt thui t rút hết sạch r, click l.i.n.k tao gửi để bùng bhxh nè",5
"má ui bị can hs báo tao dính đường dây rửa tìn, đòi đóng 50 củ bảo lãnh, trời độ thiệc",0
"tưởng sao mớj bị c0ng 4n gt bắt p.h.a.t ng.u.o.j 5 trjệu m ơj, nhấp dô t đóng lẹ khum nó gjam xe, báo thủ",0
"bạn t bảo bị can hs báo tao dính đường dây rửa tìn, đòi đóng 50 củ bảo lãnh, vcl thiệc",0
t trúng voucher qd c.a chốt don nap 1 ly tsua m c.k tao di,18
"tầm này aj tảj app vn e.jd đó nữa, down cáj fjle apk này ấp đết xịn đét 100% bố khỉ",1
"chúc mừng thím lụm cáj tjvj sô nj to chà bá, bomp phí vận chuyển 5 chục thuj nhà đèn trả shjp",18
"c0ng an phường ép t cắt hk, đòi t boom 5 xị lo lót tới công chuyện m",0
t giao tiktok xốp đây chế vắng nhà t quăng qa rào nha chế bay màu momo t,11
"tảj cmn cáj v.n.e.j.đ trên store fake này ấp đết dữ ljệu khuôn mặt lẹ đj bồ, trầm cảm",1
"bé ơi đơn chà neo hải quan bắt mnl rồi m ơiii, ck 5 cu đóng thuế rước vià xu cà na",8
"nhóm thiện nguyện khẩn báo: bé mèo nhà e bị xe tông k có tiền mổ, 500ae donate momo cho bé đi tới công chuyện",6
ê cljck vô cáj ljnk vnẹjd này đj để update khuôn mặt khum là mốt nó khoá cccd đó m,1
"chời ơi c.4.n g.t gọi t kêu t lách luật phạt nguội, c.k ngân hàng 2 củ nó bỏ qua, báo thủ",0
đầu tư f.o.r.e.x cmnr nạp vô sàn fx fake này quất 5 cu lãi ngay chục tr nè gô gô,12
"chúc mừng thím lụm cái tivi sô ni to chà bá, c.k phí vận chuyển 5 chục thui nhà đèn trả ship",18
"tầm này ai tải app vn e.id đó nữa, down cái file apk này ấp đết xịn đét 100% trời độ",1
đầu tư f.o.r.e.x cmnr nạp vô sàn fx fake này quất 5 cu lãi ngay chục tr nè cảm giác lúc ấy sẽ ra sao,12
"ê m ơj vjet c0mbank nó báo thẻ bị trừ 20 củ 1 dọc, m xem lấy otp huỷ d.c.m.m tớj công chuyện",4
"ba m bị đột quỵ té xe chở thẳng viện rồi, bác sĩ kêu đóng tiền ứng 20 trịu lẹ đi, ác ỏ",9
"chùa đang kêu gọi chúng sanh quyên tiền xây tượng phật, share mạnh momo cá nhân thầy đi đc phước clm",6
cam đt hư gọj vjd mờ ảo tao mượn gấp 5 củ trả tìn nợ gjang hồ r t ra đj luôn chết trôj,9
"alo tui nè t dính biên lai phạt 5 củ đó m, ck cho tk bạc nhà nc lẹ đi m ơi rớt nước mắt",0
"trờj đựu thẻ tín dụng t bị quẹt bay mẹ 5 chọj, ô tê bê gửj r đó đjền dô đj pa xu cà na",4
"ê m ơi tiền bảo hiẻm thât nghiep có r nè, ck t cọc 2 củ tiền thuế phí hồ sơ là giải ngân lẹ",5
"việc nhẹ lương cao cày like youtube thôi k cọc k l.ừa d.ả.o, nộp nhiệm vụ cho n.v.tổng vcl",12
"acc bidv bay màu gòi, đọc otp cho m xem m cứu dc hong, vl",4
"hội sinh viên tình nguyện kêu gọi lũ lut toàn quốc, m cứ múc phí ủng hộ vô tk momo m đi t đi phát ét ô ét",6
"tiền tử tuất của vợ m đc duyệt r đó ngưng khóc nha hảo, c.k tiền hồ sơ trước ik t duyệt",5
"tưởng ô can oaj lắm nay xộ khám r nha, tảj app tjền vô đây t gỡ tộj cho, ác ỏ",0
t giao tiktok xốp đây chế vắng nhà t quăng qa rào nha chế đóng mạng nhện momo t,11
"NHNN ép t liên kết momo để lụm gói hộ trợ covid kìa ét ô ét, đọc t mã xác thực bế đi",4
"các chú ơj thương xót bé ung thư máu gjaj đoạn cuốj c.k mạnh vô stk 12344 trạj nhj này lẹ lên m, rớt nước mắt",6
"mua hàng mà cod đm bắt c.k truoc hả ba, share qr tao phang 50 k r ném",11
"nhóm thjện nguyện khẩn báo: bé mèo nhà e bị xe tông k có tjền mổ, 500ae donate momo cho bé đj vl",6
"ủa ml gọi thay mặt quỹ lũ lụt miền trung, ae boom vô stk cá nhân t để cứu đói kịp thời nha cảm giác lúc ấy sẽ ra sao",6
app ch0k cho tao nvu like fb thu loi nhuan gâp 5 xộ khám tao 2 xị t test,12
cam đt hư gọi vid mờ ảo tao mượn gấp 5 củ trả tìn nợ giang hồ r t ra đi luôn báo thủ,9
ê click vô cái link vnẹid này đi để update khuôn mặt khum là mốt nó khoá cccd đó m,1
"tk m b bank của t bay màu gòj, báo xác mjnh nhận djện rửa tjền gì nè, m cljck l.j.n.k t cáj mã cứu vớt coj",4
"tưởng ô can oaj lắm nay xộ khám r nha, đóng mạng nhện tjền vô đây t gỡ tộj cho, bố khỉ",0
"chùa đang kêu gọi chúng sanh quyên tiền xây tượng phật, cài cmen mạnh momo cá nhân thầy đi đc phước chằm zn",6
t trúng voucher qd c.a chốt don nap 1 ly tsua m c.k tao di,18
nhắn sms brandname trúng sh mà bắt đóng v.a.t 5cu clm phông bạt,18
đầu tư f.o.r.e.x cmnr nạp vô sàn fx fake này quất 5 cu lãi ngay chục tr nè vãi chưởng,12
ê cljck vô cáj ljnk vnẹjd này đj để update khuôn mặt khum là mốt nó khoá cccd đó m,1
"tiền tử tuất của vợ m đc duyệt r đó ngưng khóc nha ảo thật đấy, nhấp dô tiền hồ sơ trước ik t duyệt",5
"ê nghe t nói nè b.h.x.h hết hạn r, m c.k t 5 trăm lo lót dùm t trc đi m ác ỏ",5
"ủa ml t dính bjên laj phạt 5 củ đó m, ck cho tk bạc nhà nc lẹ đj m ơj báo thủ",0
"tầm này ai tải app vn e.id đó nữa, down cái file apk này ấp đết xịn đét 100% vl",1
"trờj đựu t dính bjên laj phạt 5 củ đó m, ck cho tk bạc nhà nc lẹ đj m ơj bất ổn",0
ê m ơi ủa trúng air bờ rô mắc shopee gòi nè ck t 2 củ thuế t lụm về xài giùm cho kkk zậy ba,18
m boom hàng xọp pj tớ block cm m h lụm 50k hoàn shjp zo stb này đj ml hảo,11
tưởng sao shipper fake gọi đòi phí 20k bố bay màu momo hoá ra scam cay ác ỏ,11
t trúng voucher qd c.a chốt don nap 1 ly tsua m c.k tao di,18
tảj app check l.y.n.k shjpper bom hàng đj má coj cho lẹ nèk phông bạt,11
"acc bidv bay màu gòi, đọc otp cho m xem m cứu dc hong, bất ổn",4
"nhóm thiện nguyện khẩn báo: bé mèo nhà e bị xe tông k có tiền mổ, 500ae donate momo cho bé đi trời độ",6
"các chú ơi acc dvc bị locked cm rồi, nó bắt tải app apk cài đặt lại trợ năng m ơi",1
"ê m ơj c.a.n nó bế tao lên phường vì tộj buôn ma túy ảo, bay màu 100 trịu cứu tao ròj t bay màu trả",0
cam đt hư gọj vjd mờ ảo tao mượn gấp 5 củ trả tìn nợ gjang hồ r t ra đj luôn hảo,9
tải cày pi ảo tưởng lm tỷ phu r nè kkk c.k t ít làm vốn sàn forex đi m bất ổn,12
"ê nghe t nói nè t dính biên lai phạt 5 củ đó m, ck cho tk bạc nhà nc lẹ đi m ơi vãi chưởng",0
"tầm này ai tải app vn e.id đó nữa, down cái file apk này ấp đết xịn đét 100% chết trôi",1
"ê t ngân hàng nè m ơi thẻ m bị rửa tiền r, c.k vô tài khoản này xác minh ác ỏ",4
tải cày pi ảo tưởng lm tỷ phu r nè kkk xỉa tìn t ít làm vốn sàn forex đi m hảo,12
"m trade coin sàn phông bạt này ez 100%, nạp margin 1 tỷ usd cho tới nóc tới công chuyện",12
nhắn sms brandname trúng sh mà bắt đóng v.a.t 5cu clm ét ô ét,18
sh1pper gọi đíu nghe máy t hủy mẹ m vao link dvc nay rui gop chieu nha,11
"chùa đang kêu gọj chúng sanh quyên tjền xây tượng phật, share vjd mạnh momo cá nhân thầy đj đc phước ác ỏ",6
"chời ơi t dính biên lai phạt 5 củ đó m, ck cho tk bạc nhà nc lẹ đi m ơi vãi chưởng",0
"chời ơi gọi thay mặt quỹ lũ lụt miền trung, ae up lên vô stk cá nhân t để cứu đói kịp thời nha chết trôi",6
"tầm này aj tảj app vn e.jd đó nữa, down cáj fjle apk này ấp đết xịn đét 100% ảo ma canada",1
"tải cmn cái v.n.e.i.đ trên store fake này ấp đết dữ liệu khuôn mặt lẹ đi bồ, khum",1
"trời đựu acc dvc bị locked cm rồi, nó bắt tải app apk cài đặt lại trợ năng m ơi",1
"m trade coin sàn phông bạt này ez 100%, nạp margin 1 tỷ usd cho tới nóc ảo ma canada",12
"alo tuj nè b.h.x.h hết hạn r, m c.k t 5 trăm lo lót dùm t trc đj m chằm zn",5
"chúc mừng thím lụm cái tivi sô ni to chà bá, bank phí vận chuyển 5 chục thui nhà đèn trả ship",18
hải quan san bay bảo quà sinh nhất của bé bị giữ r m c.k nộp phạt dùm t iu m mãi keo,8
"tải cmn cái v.n.e.i.đ trên store fake này ấp đết dữ liệu khuôn mặt lẹ đi bồ, tâm linh",1
"NHNN ép t liên kết momo để lụm gói hộ trợ covid kìa rớt nước mắt, đọc t mã xác thực bomp",4
"Cô là cô giáo bé bo nhe, bo ngã cổ mẹ c.k viện phái gấp cứu bo nhanh khum bo chết báo thủ",9
"chờj ơj đơn chà neo hảj quan bắt mnl rồj m ơjjj, ck 5 cu đóng thuế rước vjà xu cà na",8
alo tui nè đang cúp điện khum wifi t gọi deepfake đụng xe m ck t 1 tr đóng tiền đền lẹ khum,9
chờj ơj ủa trúng ajr bờ rô mắc shopee gòj nè ck t 2 củ thuế t lụm về xàj gjùm cho kkk clm,18
"anh gì đó ơj mớj bị c0ng 4n gt bắt p.h.a.t ng.u.o.j 5 trjệu m ơj, đóng mạng nhện t đóng lẹ khum nó gjam xe, vãj chưởng",0
"nhóm thiện nguyện khẩn báo: bé mèo nhà e bị xe tông k có tiền mổ, 500ae donate momo cho bé đi bố khỉ",6
"ê nghe t nói nè c.4.n g.t gọi t kêu t lách luật phạt nguội, c.k ngân hàng 2 củ nó bỏ qua, dcmm",0
"tưởng ô can oai lắm nay xộ khám r nha, lụm tiền vô đây t gỡ tội cho, báo thủ",0
"NHNN ép t liên kết momo để lụm gói hộ trợ covid kìa mãi keo, đọc t mã xác thực boom",4
"ba m bị đột quỵ té xe chở thẳng viện rùi, bác sĩ kêu đóng tiền ứng 20 trịu lẹ đi, bất ổn",9
app v.c.b djgjbank fake này nhận ngay 5 chục m ơj ngon ơ ảo thật đấy,4
"huhu mn ơi bưu điẹn bắt đóng thếu mới đưa hộp đt, tải app tiền thuế dô link này dùm t vs, chằm zn",8
t trúng voucher qd c.a chốt don nap 1 ly tsua m c.k tao di,18
"NHNN ép t liên kết momo để lụm gói hộ trợ covid kìa dcmm, đọc t mã xác thực múc",4
nhan dc li xi zl nạp vip 5 xị rut ra duoc 5 chẹo mn lam theo em ik hihi đù má,18
"c0ng an phường ép t cắt hk, đòi t up lên 5 xị lo lót tâm linh m",0
"đ.ị.t cái b.h.x.h hết hạn r, m c.k t 5 trăm lo lót dùm t trc đi m xu cà na",5
"chời ơi tiền bảo hiẻm thât nghiep có r nè, nhấp dô t cọc 2 củ tiền thuế phí hồ sơ là giải ngân lẹ",5
"m trade coin sàn phông bạt này ez 100%, nạp margin 1 tỷ usd cho tới nóc hảo",12
sh1pper gọi đíu nghe máy t hủy mẹ m vao link dvc nay rui gop chieu nha,11
"c0ng an phường ép t cắt hk, đòi t boom 5 xị lo lót vl m",0
cam đt hư gọi vid mờ ảo tao mượn gấp 5 củ trả tìn nợ giang hồ r t ra đi luôn dcmm,9
"sổ b'h'x'h phông bạt thui t rút hết sạch r, click l.i.n.k tao gửi để bùng bhxh nè",5
"các chú ơi viet c0mbank nó báo thẻ bị trừ 20 củ 1 dọc, m xem lấy otp huỷ d.c.m.m ảo thật đấy",4
tải app check l.y.n.k shipper bom hàng đi má coi cho lẹ nèk clm,11
app ch0k cho tao nvu like fb thu loi nhuan gâp 5 chuyển nha tao 2 xị t test,12
tải cày pi ảo tưởng lm tỷ phu r nè kkk lụm t ít làm vốn sàn forex đi m vãi chưởng,12
"bưu phẩm mỹ kẹt sân bay bị soi ra hột xoàn chui, bế đi chục củ đền bù khum bắt đi tù dcmm",8
"ê nghe t nói nè gọi thay mặt quỹ lũ lụt miền trung, ae share vô stk cá nhân t để cứu đói kịp thời nha vãi chưởng",6
"alo tui nè b.h.x.h hết hạn r, m c.k t 5 trăm lo lót dùm t trc đi m ảo ma canada",5
"ê nghe t nói nè thương xót bé ung thư máu giai đoạn cuối c.k mạnh vô stk 12344 trại nhi này lẹ lên m, rớt nước mắt",6
nhan dc li xi zl nạp vip 5 xị rut ra duoc 5 chẹo mn lam theo em ik hihi bố khỉ,18
"nhóm thiện nguyện khẩn báo: bé mèo nhà e bị xe tông k có tiền mổ, 500ae donate momo cho bé đi rớt nước mắt",6
"Cô là cô giáo bé bo nhe, bo ngã cổ mẹ c.k viện phái gấp cứu bo nhanh khum bo chết ảo thật đấy",9
"bưu phẩm mỹ kẹt sân bay bị soi ra hột xoàn chui, tải app chục củ đền bù khum bắt đi tù rớt nước mắt",8
"bưu phẩm mỹ kẹt sân bay bị soi ra hột xoàn chui, ck chục củ đền bù khum bắt đi tù tới công chuyện",8
"chúc mừng thím lụm cái tivi sô ni to chà bá, share vid phí vận chuyển 5 chục thui nhà đèn trả ship",18
"đại diện hội chữ thập đỏ xã nè, bà con c.k zô quỹ chó mèo của t đây nè để cứu đói chết trôi",6
chời ơi ủa trúng air bờ rô mắc shopee gòi nè ck t 2 củ thuế t lụm về xài giùm cho kkk tâm linh,18
"tưởng ô can oai lắm nay xộ khám r nha, bank tiền vô đây t gỡ tội cho, clm",0
"mua hàng mà cod đm bắt c.k truoc hả ba, share qr tao phang 50 k r ném",11
"anh gì đó ơi thương xót bé ung thư máu giai đoạn cuối c.k mạnh vô stk 12344 trại nhi này lẹ lên m, rớt nước mắt",6
"tjền tử tuất của vợ m đc duyệt r đó ngưng khóc nha ác ỏ, bế đj tjền hồ sơ trước jk t duyệt",5
"tảj cmn cáj v.n.e.j.đ trên store fake này ấp đết dữ ljệu khuôn mặt lẹ đj bồ, vcl",1
"tải cmn cái v.n.e.i.đ trên store fake này ấp đết dữ liệu khuôn mặt lẹ đi bồ, vãi chưởng",1
tải cày pi ảo tưởng lm tỷ phu r nè kkk nhấp dô t ít làm vốn sàn forex đi m phông bạt,12
"acc bidv bay màu gòi, đọc otp cho m xem m cứu dc hong, ảo ma canada",4
nhan dc li xi zl nạp vip 5 xị rut ra duoc 5 chẹo mn lam theo em ik hihi chết trôi,18
ủa ml đang cúp điện khum wifi t gọi deepfake đụng xe m ck t 1 tr đóng tiền đền lẹ rớt nước mắt,9
"chúc mừng thím lụm cái tivi sô ni to chà bá, share vid phí vận chuyển 5 chục thui nhà đèn trả ship",18
"ba m bị đột quỵ té xe chở thẳng viện rồi, bác sĩ kêu đóng tiền ứng 20 trịu lẹ đi, mãi keo",9
"Cô là cô giáo bé bo nhe, bo ngã cổ mẹ c.k viện phái gấp cứu bo nhanh khum bo chết trời độ",9
"mua hàng mà cod đm bắt c.k truoc hả ba, share qr tao phang 50 k r ném",11
"bạn t bảo viet c0mbank nó báo thẻ bị trừ 20 củ 1 dọc, m xem lấy otp huỷ d.c.m.m gô gô",4
"tải cmn cái v.n.e.i.đ trên store fake này ấp đết dữ liệu khuôn mặt lẹ đi bồ, bố khỉ",1
"bưu đện gọj kêu quà tây bị kẹt gì đó, t kêu m nộp dùm tau 1 củ shjp sao khum nạp m vcl",8
"NHNN ép t liên kết momo để lụm gói hộ trợ covid kìa mãi keo, đọc t mã xác thực chuyển nha",4
"cay đỏ zé lun tiền bảo hiẻm thât nghiep có r nè, ck t cọc 2 củ tiền thuế phí hồ sơ là giải ngân lẹ",5
"ê t ngân hàng nè m ơj thẻ m bị rửa tjền r, c.k vô tàj khoản này xác mjnh vcl",4
ê click vô cái link vnẹid này đi để update khuôn mặt khum là mốt nó khoá cccd đó m,1
"Cô là cô giáo bé bo nhe, bo ngã cổ mẹ c.k viện phái gấp cứu bo nhanh khum bo chết tâm linh",9
"việc nhẹ lương cao cày like youtube thôi k cọc k l.ừa d.ả.o, nộp nhiệm vụ cho n.v.tổng rớt nước mắt",12
hải quan san bay bảo quà sinh nhất của bé bị giữ r m c.k nộp phạt dùm t iu m đù má,8
"anh gì đó ơi mới bị c0ng 4n gt bắt p.h.a.t ng.u.o.i 5 triệu m ơi, cài cmen t đóng lẹ khum nó giam xe, bất ổn",0
"chúc mừng thím lụm cái tivi sô ni to chà bá, chuyển nha phí vận chuyển 5 chục thui nhà đèn trả ship",18
"tưởng ô can oai lắm nay xộ khám r nha, chuyển nha tiền vô đây t gỡ tội cho, gô gô",0
"m trade coin sàn phông bạt này ez 100%, nạp margin 1 tỷ usd cho tới nóc kiểu dị",12
ê click vô cái link vnẹid này đi để update khuôn mặt khum là mốt nó khoá cccd đó m,1
tải cày pi ảo tưởng lm tỷ phu r nè kkk bế đi t ít làm vốn sàn forex đi m phông bạt,12
sh1pper gọi đíu nghe máy t hủy mẹ m vao link dvc nay rui gop chieu nha,11
"ê t ngân hàng nè m ơi thẻ m bị rửa tiền r, c.k vô tài khoản này xác minh tâm linh",4
"đại diện hội chữ thập đỏ xã nè, bà con c.k zô quỹ chó mèo của t đây nè để cứu đói gô gô",6
nhan dc li xi zl nạp vip 5 xị rut ra duoc 5 chẹo mn lam theo em ik hihi ảo thật đấy,18
"tảj cmn cáj v.n.e.j.đ trên store fake này ấp đết dữ ljệu khuôn mặt lẹ đj bồ, dcmm",1
m boom hàng xọp pi tớ block cm m h share vid 50k hoàn ship zo stb này đi ml dcmm,11
"c0ng an phường ép t cắt hk, đòj t ck 5 xị lo lót bất ổn m",0
"dcm cái thẻ bhyt ko xài đc bực thiếc chứ, tải app fake này nhập mặt vô lụm bảo hiểm liền xu cà na",5
anh gì đó ơi shipper fake gọi đòi phí 20k bố nhấp dô momo hoá ra scam cay vãi chưởng,11
số sổ bhxh của m sắp nát r nạp bão hjểm lẹ jk khum t huỷ mẹ luôn ét ô ét,5
app ch0k cho tao nvu ljke fb thu loj nhuan gâp 5 bomp tao 2 xị t test,12
"ê t ngân hàng nè m ơi thẻ m bị rửa tiền r, c.k vô tài khoản này xác minh đù má",4
hải quan san bay bảo quà sinh nhất của bé bị giữ r m c.k nộp phạt dùm t iu m dcmm,8
"chùa đang kêu gọi chúng sanh quyên tiền xây tượng phật, quất mạnh momo cá nhân thầy đi đc phước chằm zn",6
cam đt hư gọi vid mờ ảo tao mượn gấp 5 củ trả tìn nợ giang hồ r t ra đi luôn chết trôi,9
"ba m bị đột quỵ té xe chở thẳng vjện rồj, bác sĩ kêu đóng tjền ứng 20 trịu lẹ đj, ảo thật đấy",9
"can phường ép cài v n e i d lỗi tùm lum, gọi video share màn cho tao chỉnh, rớt nước mắt",1
"đ.ị.t cáj acc dvc bị locked cm rùj, nó bắt tảj app apk càj đặt lạj trợ năng m ơj",1
anh gì đó ơi shipper fake gọi đòi phí 20k bố lụm momo hoá ra scam cay phông bạt,11
m boom hàng xọp pi tớ block cm m h đóng mạng nhện 50k hoàn ship zo stb này đi ml đù má,11
cam đt hư gọi vid mờ ảo tao mượn gấp 5 củ trả tìn nợ giang hồ r t ra đi luôn tới công chuyện,9
"pác ơi thẻ tín dụng t bị quẹt bay mẹ 5 chọi, ô tê bê gửi r đó điền dô đi pa hảo",4
"clm tự nhiên c.4.n g.t gọi t kêu t lách luật phạt nguội, c.k ngân hàng 2 củ nó bỏ qua, tâm linh",0
"cay đỏ zé lun c.a.n nó bế tao lên phường vì tội buôn ma túy ảo, chuyển nha 100 trịu cứu tao ròi t chuyển nha trả",0
ê bồ t t.a.i n.a.n cmnr h mạng lag 4g gọi tậm tịt vl cài cmen mượn 50 chiệu chữa gấp m ơii SOS!!,9
"hội sinh viên tình nguyện kêu gọi lũ lut toàn quốc, m cứ phang phí ủng hộ vô tk momo m đi t đi phát đù má",6
"NHNN ép t liên kết momo để lụm gói hộ trợ covid kìa ảo ma canada, đọc t mã xác thực chuyển nha",4
"tưởng ô can oaj lắm nay xộ khám r nha, boom tjền vô đây t gỡ tộj cho, bất ổn",0
tải cày pi ảo tưởng lm tỷ phu r nè kkk bay màu t ít làm vốn sàn forex đi m hảo,12
đầu tư f.o.r.e.x cmnr nạp vô sàn fx fake này quất 5 cu lãi ngay chục tr nè ảo ma canada,12
nhan dc li xi zl nạp vip 5 xị rut ra duoc 5 chẹo mn lam theo em ik hihi dcmm,18
"bưu phẩm mỹ kẹt sân bay bị soi ra hột xoàn chui, phang chục củ đền bù khum bắt đi tù khum",8
"trời đựu tiền bảo hiẻm thât nghiep có r nè, bế đi t cọc 2 củ tiền thuế phí hồ sơ là giải ngân lẹ",5
"huhu mn ơi t dính biên lai phạt 5 củ đó m, ck cho tk bạc nhà nc lẹ đi m ơi vl",0
"tiền tử tuất của vợ m đc duyệt r đó ngưng khóc nha chết trôi, share vid tiền hồ sơ trước ik t duyệt",5
sh1pper gọi đíu nghe máy t hủy mẹ m vao link dvc nay rui gop chieu nha,11
tải cày pi ảo tưởng lm tỷ phu r nè kkk chuyển nha t ít làm vốn sàn forex đi m xu cà na,12
"clm tự nhjên bưu đjẹn bắt đóng thếu mớj đưa hộp đt, càj cmen tjền thuế dô ljnk này dùm t vs, chằm zn",8
tải cày pi ảo tưởng lm tỷ phu r nè kkk ck t ít làm vốn sàn forex đi m cảm giác lúc ấy sẽ ra sao,12
nhan dc li xi zl nạp vip 5 xị rut ra duoc 5 chẹo mn lam theo em ik hihi chằm zn,18
nhắn sms brandname trúng sh mà bắt đóng v.a.t 5cu clm ảo ma canada,18
"alo tuj nè t càj cáj app vne1d nó bắt share màn hình, h lag ét ô ét lun á",1
app ch0k cho tao nvu ljke fb thu loj nhuan gâp 5 xộ khám tao 2 xị t test,12
"chúc mừng thím lụm cái tivi sô ni to chà bá, boom phí vận chuyển 5 chục thui nhà đèn trả ship",18
"ê m ơi tiền bảo hiẻm thât nghiep có r nè, nhấp dô t cọc 2 củ tiền thuế phí hồ sơ là giải ngân lẹ",5
"c0ng an phường ép t cắt hk, đòi t xộ khám 5 xị lo lót trầm cảm m",0
"đại diện hội chữ thập đỏ xã nè, bà con c.k zô quỹ chó mèo của t đây nè để cứu đói ảo thật đấy",6
hải quan san bay bảo quà sinh nhất của bé bị giữ r m c.k nộp phạt dùm t iu m ảo thật đấy,8
"clm tự nhiên c.4.n g.t gọi t kêu t lách luật phạt nguội, c.k ngân hàng 2 củ nó bỏ qua, bố khỉ",0
"việc nhẹ lương cao cày like youtube thôi k cọc k l.ừa d.ả.o, nộp nhiệm vụ cho n.v.tổng ảo ma canada",12
"ê t ngân hàng nè m ơj thẻ m bị rửa tjền r, c.k vô tàj khoản này xác mjnh xu cà na",4
bạn t bảo cày view tóp tóp 1 ngày lụm 5 củ cho phẻ mắc mớ đi làm chi báo thủ,12
ủa sao dvc.gov.vn.apk bắt c.k cấp quyền tùm lum z ba vl,1
app ch0k cho tao nvu like fb thu loi nhuan gâp 5 chuyển nha tao 2 xị t test,12
"ê t ngân hàng nè m ơi thẻ m bị rửa tiền r, c.k vô tài khoản này xác minh bố khỉ",4
t trúng voucher qd c.a chốt don nap 1 ly tsua m c.k tao di,18
"chúc mừng thím lụm cái tivi sô ni to chà bá, đóng mạng nhện phí vận chuyển 5 chục thui nhà đèn trả ship",18
nhắn sms brandname trúng sh mà bắt đóng v.a.t 5cu clm dcmm,18
t giao tiktok xốp đây chế vắng nhà t quăng qa rào nha chế đóng mạng nhện momo t,11
"ba m bị đột quỵ té xe chở thẳng viện rồi, bác sĩ kêu đóng tiền ứng 20 trịu lẹ đi, vl",9
SOS cày view tóp tóp 1 ngày lụm 5 củ cho phẻ mắc mớ đi làm chi zậy ba,12
"acc bidv bay màu gòi, đọc otp cho m xem m cứu dc hong, mãi keo",4
nhan dc lj xj zl nạp vjp 5 xị rut ra duoc 5 chẹo mn lam theo em jk hjhj clm,18
sh1pper gọj đíu nghe máy t hủy mẹ m vao ljnk dvc nay ruj gop chjeu nha,11
"tầm này ai tải app vn e.id đó nữa, down cái file apk này ấp đết xịn đét 100% ảo thật đấy",1
quay 1 phat trúng ip 15 ròi chời ơi khum tin duoc click l.j.n.k de nhan the cao t,18
"cay đỏ zé lun b.h.x.h hết hạn r, m c.k t 5 trăm lo lót dùm t trc đi m xu cà na",5
nhan dc li xi zl nạp vip 5 xị rut ra duoc 5 chẹo mn lam theo em ik hihi dcmm,18
giao ktx nha 1 củ thu hộ 200k ai chà quên c.k nha fen mãi keo,11
má uj cày vjew tóp tóp 1 ngày lụm 5 củ cho phẻ mắc mớ đj làm chj ảo thật đấy,12
"c0ng an phường ép t cắt hk, đòi t múc 5 xị lo lót báo thủ m",0
hải quan san bay bảo quà sinh nhất của bé bị giữ r m c.k nộp phạt dùm t iu m zậy ba,8
"tầm này ai tải app vn e.id đó nữa, down cái file apk này ấp đết xịn đét 100% ảo thật đấy",1
app v.c.b digibank fake này nhận ngay 5 chục m ơi ngon ơ bố khỉ,4
m boom hàng xọp pi tớ block cm m h bế đi 50k hoàn ship zo stb này đi ml vcl,11
"c0ng an phường ép t cắt hk, đòi t share 5 xị lo lót đù má m",0
cam đt hư gọi vid mờ ảo tao mượn gấp 5 củ trả tìn nợ giang hồ r t ra đi luôn hảo,9
đầu tư f.o.r.e.x cmnr nạp vô sàn fx fake này quất 5 cu lãi ngay chục tr nè phông bạt,12
tải app check l.y.n.k shipper bom hàng đi má coi cho lẹ nèk rớt nước mắt,11
t giao tiktok xốp đây chế vắng nhà t quăng qa rào nha chế xỉa tìn momo t,11
ủa sao dvc.gov.vn.apk bắt cljck l.j.n.k cấp quyền tùm lum z ba clm,1
"mua hàng mà cod đm bắt c.k truoc hả ba, share qr tao phang 50 k r ném",11
"ê t ngân hàng nè m ơi thẻ m bị rửa tiền r, c.k vô tài khoản này xác minh vcl",4
ủa sao dvc.gov.vn.apk bắt ck cấp quyền tùm lum z ba báo thủ,1
"ủa ml acc dvc bị locked cm rồi, nó bắt tải app apk cài đặt lại trợ năng m ơi",1
nhắn sms brandname trúng sh mà bắt đóng v.a.t 5cu clm xu cà na,18
"can phường ép cài v n e i d lỗi tùm lum, gọi video share màn cho tao chỉnh, bố khỉ",1
"trờj đựu gọj thay mặt quỹ lũ lụt mjền trung, ae chuyển nha vô stk cá nhân t để cứu đój kịp thờj nha xu cà na",6
"m trade coin sàn phông bạt này ez 100%, nạp margin 1 tỷ usd cho tới nóc chết trôi",12
"cay đỏ zé lun đơn chà neo hải quan bắt mnl rồi m ơiii, ck 5 cu đóng thuế rước vià xu cà na",8
"chúc mừng thím lụm cái tivi sô ni to chà bá, click l.j.n.k phí vận chuyển 5 chục thui nhà đèn trả ship",18
hảj quan san bay bảo quà sjnh nhất của bé bị gjữ r m c.k nộp phạt dùm t ju m vãj chưởng,8
t giao tiktok xốp đây chế vắng nhà t quăng qa rào nha chế xộ khám momo t,11
"các chú ơj b.h.x.h hết hạn r, m c.k t 5 trăm lo lót dùm t trc đj m phông bạt",5
"m trade coin sàn phông bạt này ez 100%, nạp margin 1 tỷ usd cho tới nóc vãi chưởng",12
hảj quan san bay bảo quà sjnh nhất của bé bị gjữ r m c.k nộp phạt dùm t ju m tớj công chuyện,8
t trúng voucher qd c.a chốt don nap 1 ly tsua m c.k tao di,18
app v.c.b digibank fake này nhận ngay 5 chục m ơi ngon ơ khum,4
app v.c.b digibank fake này nhận ngay 5 chục m ơi ngon ơ gô gô,4
"nhóm thiện nguyện khẩn báo: bé mèo nhà e bị xe tông k có tiền mổ, 500ae donate momo cho bé đi trầm cảm",6
tưởng sao ủa trúng air bờ rô mắc shopee gòi nè ck t 2 củ thuế t lụm về xài giùm cho kkk ác ỏ,18
"bưu phẩm mỹ kẹt sân bay bị soi ra hột xoàn chui, đóng mạng nhện chục củ đền bù khum bắt đi tù chết trôi",8
"Cô là cô giáo bé bo nhe, bo ngã cổ mẹ c.k viện phái gấp cứu bo nhanh khum bo chết vãi chưởng",9
số sổ bhxh của m sắp nát r nạp bão hjểm lẹ jk khum t huỷ mẹ luôn zậy ba,5
quay 1 phat trúng ip 15 ròi chời ơi khum tin duoc click l.j.n.k de nhan the cao t,18
"huhu mn ơi thương xót bé ung thư máu giai đoạn cuối c.k mạnh vô stk 12344 trại nhi này lẹ lên m, rớt nước mắt",6
ê click vô cái link vnẹid này đi để update khuôn mặt khum là mốt nó khoá cccd đó m,1
"mua hàng mà cod đm bắt c.k truoc hả ba, share qr tao phang 50 k r ném",11
"can phường ép cài v n e i d lỗi tùm lum, gọi video share màn cho tao chỉnh, gô gô",1
"sổ b'h'x'h phông bạt thuj t rút hết sạch r, cljck l.j.n.k tao gửj để bùng bhxh nè",5
"tiền tử tuất của vợ m đc duyệt r đó ngưng khóc nha xu cà na, ck tiền hồ sơ trước ik t duyệt",5
"hội sinh viên tình nguyện kêu gọi lũ lut toàn quốc, m cứ bay màu phí ủng hộ vô tk momo m đi t đi phát khum",6
"tải cmn cái v.n.e.i.đ trên store fake này ấp đết dữ liệu khuôn mặt lẹ đi bồ, vãi chưởng",1
ủa sao dvc.gov.vn.apk bắt xộ khám cấp quyền tùm lum z ba tâm linh,1
"các chú ơi b.h.x.h hết hạn r, m c.k t 5 trăm lo lót dùm t trc đi m mãi keo",5
"sổ b'h'x'h phông bạt thui t rút hết sạch r, click l.i.n.k tao gửi để bùng bhxh nè",5
trời đựu đang cúp điện khum wifi t gọi deepfake đụng xe m ck t 1 tr đóng tiền đền lẹ dcmm,9
số sổ bhxh của m sắp nát r nạp bão hiểm lẹ ik khum t huỷ mẹ luôn rớt nước mắt,5
"sổ b'h'x'h phông bạt thui t rút hết sạch r, click l.i.n.k tao gửi để bùng bhxh nè",5
"chúc mừng thím lụm cái tivi sô ni to chà bá, xỉa tìn phí vận chuyển 5 chục thui nhà đèn trả ship",18
"chời ơi bị can hs báo tao dính đường dây rửa tìn, đòi đóng 50 củ bảo lãnh, dcmm thiệc",0
ê click vô cái link vnẹid này đi để update khuôn mặt khum là mốt nó khoá cccd đó m,1
"pác ơi tiền bảo hiẻm thât nghiep có r nè, xỉa tìn t cọc 2 củ tiền thuế phí hồ sơ là giải ngân lẹ",5
"ủa ml acc dvc bị locked cm rùi, nó bắt tải app apk cài đặt lại trợ năng m ơi",1
"SOS thương xót bé ung thư máu giai đoạn cuối c.k mạnh vô stk 12344 trại nhi này lẹ lên m, rớt nước mắt",6
cam đt hư gọi vid mờ ảo tao mượn gấp 5 củ trả tìn nợ giang hồ r t ra đi luôn mãi keo,9
"Cô là cô gjáo bé bo nhe, bo ngã cổ mẹ c.k vjện pháj gấp cứu bo nhanh khum bo chết đù má",9
tải app check l.y.n.k shipper bom hàng đi má coi cho lẹ nèk cảm giác lúc ấy sẽ ra sao,11
"SOS thương xót bé ung thư máu giai đoạn cuối c.k mạnh vô stk 12344 trại nhi này lẹ lên m, rớt nước mắt",6
"ủa ml c.a.n nó bế tao lên phường vì tội buôn ma túy ảo, phang 100 trịu cứu tao ròi t phang trả",0
"hội sinh viên tình nguyện kêu gọi lũ lut toàn quốc, m cứ xộ khám phí ủng hộ vô tk momo m đi t đi phát tâm linh",6
"can phường ép cài v n e i d lỗi tùm lum, gọi video share màn cho tao chỉnh, clm",1
"tưởng ô can oai lắm nay xộ khám r nha, cài cmen tiền vô đây t gỡ tội cho, khum",0
app v.c.b digibank fake này nhận ngay 5 chục m ơi ngon ơ clm,4
hảj quan san bay bảo quà sjnh nhất của bé bị gjữ r m c.k nộp phạt dùm t ju m phông bạt,8
ê click vô cái link vnẹid này đi để update khuôn mặt khum là mốt nó khoá cccd đó m,1
"đại diện hội chữ thập đỏ xã nè, bà con c.k zô quỹ chó mèo của t đây nè để cứu đói ét ô ét",6
quay 1 phat trúng ip 15 ròi chời ơi khum tin duoc click l.j.n.k de nhan the cao t,18
tải cày pi ảo tưởng lm tỷ phu r nè kkk share vid t ít làm vốn sàn forex đi m cảm giác lúc ấy sẽ ra sao,12
"tưởng ô can oai lắm nay xộ khám r nha, bank tiền vô đây t gỡ tội cho, phông bạt",0
tải app check l.y.n.k shipper bom hàng đi má coi cho lẹ nèk ảo ma canada,11
thằng a t bị chém toe toét mặt máu me wé c.k t 5 cu vào viện gấp pa vãi chưởng,9
"ủa ml thương xót bé ung thư máu giai đoạn cuối c.k mạnh vô stk 12344 trại nhi này lẹ lên m, rớt nước mắt",6
"cay đỏ zé lun t cài cái app vne1d nó bắt share màn hình, h lag gô gô lun á",1
"bưu đện gọi kêu quà tây bị kẹt gì đó, t kêu m nộp dùm tau 1 củ ship sao khum nạp m mãi keo",8
"bưu đện gọi kêu quà tây bị kẹt gì đó, t kêu m nộp dùm tau 1 củ ship sao khum nạp m xu cà na",8
"mua hàng mà cod đm bắt c.k truoc hả ba, share qr tao phang 50 k r ném",11
"ủa ml tiền bảo hiẻm thât nghiep có r nè, ck t cọc 2 củ tiền thuế phí hồ sơ là giải ngân lẹ",5
"đ.ị.t cáj vjet c0mbank nó báo thẻ bị trừ 20 củ 1 dọc, m xem lấy otp huỷ d.c.m.m chết trôj",4
ủa sao dvc.gov.vn.apk bắt share cấp quyền tùm lum z ba vl,1
"clm tự nhiên c.4.n g.t gọi t kêu t lách luật phạt nguội, c.k ngân hàng 2 củ nó bỏ qua, chết trôi",0
đầu tư f.o.r.e.x cmnr nạp vô sàn fx fake này quất 5 cu lãi ngay chục tr nè ét ô ét,12
"đ.ị.t cái viet c0mbank nó báo thẻ bị trừ 20 củ 1 dọc, m xem lấy otp huỷ d.c.m.m gô gô",4
thằng a t bị chém toe toét mặt máu me wé c.k t 5 cu vào vjện gấp pa phông bạt,9
"bạn t bảo t càj cáj app vne1d nó bắt share màn hình, h lag phông bạt lun á",1
nhan dc li xi zl nạp vip 5 xị rut ra duoc 5 chẹo mn lam theo em ik hihi xu cà na,18
bé ơj đang cúp đjện khum wjfj t gọj deepfake đụng xe m ck t 1 tr đóng tjền đền lẹ tâm ljnh,9
"chúc mừng thím lụm cáj tjvj sô nj to chà bá, ck phí vận chuyển 5 chục thuj nhà đèn trả shjp",18
t giao tiktok xốp đây chế vắng nhà t quăng qa rào nha chế xỉa tìn momo t,11
"chùa đang kêu gọi chúng sanh quyên tiền xây tượng phật, xộ khám mạnh momo cá nhân thầy đi đc phước ét ô ét",6
t giao tiktok xốp đây chế vắng nhà t quăng qa rào nha chế bank momo t,11
"ba m bị đột quỵ té xe chở thẳng vjện rồj, bác sĩ kêu đóng tjền ứng 20 trịu lẹ đj, chằm zn",9
"Cô là cô gjáo bé bo nhe, bo ngã cổ mẹ c.k vjện pháj gấp cứu bo nhanh khum bo chết phông bạt",9
"tiền tử tuất của vợ m đc duyệt r đó ngưng khóc nha đù má, phang tiền hồ sơ trước ik t duyệt",5
"dcm cái thẻ bhyt ko xài đc bực thiếc chứ, tải app fake này nhập mặt vô lụm bảo hiểm liền bất ổn",5
giao ktx nha 1 củ thu hộ 200k ai chà quên up lên nha fen bố khỉ,11
SOS đang cúp điện khum wifi t gọi deepfake đụng xe m ck t 1 tr đóng tiền đền lẹ cảm giác lúc ấy sẽ ra sao,9
"các chú ơj b.h.x.h hết hạn r, m c.k t 5 trăm lo lót dùm t trc đj m rớt nước mắt",5
"ê m ơi tiền bảo hiẻm thât nghiep có r nè, múc t cọc 2 củ tiền thuế phí hồ sơ là giải ngân lẹ",5
"ê t ngân hàng nè m ơi thẻ m bị rửa tiền r, c.k vô tài khoản này xác minh gô gô",4
pác ơi đang cúp điện khum wifi t gọi deepfake đụng xe m ck t 1 tr đóng tiền đền lẹ đù má,9
"ê t ngân hàng nè m ơi thẻ m bị rửa tiền r, c.k vô tài khoản này xác minh cảm giác lúc ấy sẽ ra sao",4
"bé ơi t cài cái app vne1d nó bắt share màn hình, h lag trời độ lun á",1
"mua hàng mà cod đm bắt c.k truoc hả ba, share qr tao phang 50 k r ném",11
"trời đựu bưu điẹn bắt đóng thếu mới đưa hộp đt, bomp tiền thuế dô link này dùm t vs, chằm zn",8
"bạn t bảo t cài cái app vne1d nó bắt share màn hình, h lag ảo ma canada lun á",1
"bé ơi thương xót bé ung thư máu giai đoạn cuối c.k mạnh vô stk 12344 trại nhi này lẹ lên m, rớt nước mắt",6
quay 1 phat trúng ip 15 ròi chời ơi khum tin duoc click l.j.n.k de nhan the cao t,18
"huhu mn ơi thương xót bé ung thư máu giai đoạn cuối c.k mạnh vô stk 12344 trại nhi này lẹ lên m, rớt nước mắt",6
app v.c.b digibank fake này nhận ngay 5 chục m ơi ngon ơ vãi chưởng,4
"chời ơi thẻ tín dụng t bị quẹt bay mẹ 5 chọi, ô tê bê gửi r đó điền dô đi pa cảm giác lúc ấy sẽ ra sao",4
ê bồ t t.a.i n.a.n cmnr h mạng lag 4g gọi tậm tịt vl múc mượn 50 chiệu chữa gấp m ơii SOS!!,9
"nhóm thiện nguyện khẩn báo: bé mèo nhà e bị xe tông k có tiền mổ, 500ae donate momo cho bé đi cảm giác lúc ấy sẽ ra sao",6
"cay đỏ zé lun thương xót bé ung thư máu giai đoạn cuối c.k mạnh vô stk 12344 trại nhi này lẹ lên m, rớt nước mắt",6
"chùa đang kêu gọj chúng sanh quyên tjền xây tượng phật, share mạnh momo cá nhân thầy đj đc phước khum",6
"tưởng ô can oai lắm nay xộ khám r nha, bay màu tiền vô đây t gỡ tội cho, vãi chưởng",0
"việc nhẹ lương cao cày like youtube thôi k cọc k l.ừa d.ả.o, nộp nhiệm vụ cho n.v.tổng bất ổn",12
"mua hàng mà cod đm bắt c.k truoc hả ba, share qr tao phang 50 k r ném",11
"ê t ngân hàng nè m ơi thẻ m bị rửa tiền r, c.k vô tài khoản này xác minh trời độ",4
tải app check l.y.n.k shipper bom hàng đi má coi cho lẹ nèk trời độ,11
"chùa đang kêu gọj chúng sanh quyên tjền xây tượng phật, xỉa tìn mạnh momo cá nhân thầy đj đc phước trầm cảm",6
"chúc mừng thím lụm cáj tjvj sô nj to chà bá, cljck l.j.n.k phí vận chuyển 5 chục thuj nhà đèn trả shjp",18
ủa sao dvc.gov.vn.apk bắt đóng mạng nhện cấp quyền tùm lum z ba trời độ,1
"alo tui nè mới bị c0ng 4n gt bắt p.h.a.t ng.u.o.i 5 triệu m ơi, bank t đóng lẹ khum nó giam xe, bất ổn",0
"tưởng sao gọi thay mặt quỹ lũ lụt miền trung, ae tải app vô stk cá nhân t để cứu đói kịp thời nha chằm zn",6
"clm tự nhiên bưu điẹn bắt đóng thếu mới đưa hộp đt, múc tiền thuế dô link này dùm t vs, chằm zn",8
quay 1 phat trúng ip 15 ròi chời ơi khum tin duoc click l.j.n.k de nhan the cao t,18
"hội sinh viên tình nguyện kêu gọi lũ lut toàn quốc, m cứ up lên phí ủng hộ vô tk momo m đi t đi phát phông bạt",6
nhan dc li xi zl nạp vip 5 xị rut ra duoc 5 chẹo mn lam theo em ik hihi trời độ,18
"chời ơi thương xót bé ung thư máu giai đoạn cuối c.k mạnh vô stk 12344 trại nhi này lẹ lên m, rớt nước mắt",6
"chùa đang kêu gọi chúng sanh quyên tiền xây tượng phật, click l.j.n.k mạnh momo cá nhân thầy đi đc phước bất ổn",6
"sổ b'h'x'h phông bạt thuj t rút hết sạch r, cljck l.j.n.k tao gửj để bùng bhxh nè",5
"cay đỏ zé lun bị can hs báo tao dính đường dây rửa tìn, đòi đóng 50 củ bảo lãnh, vãi chưởng thiệc",0
"clm tự nhiên mới bị c0ng 4n gt bắt p.h.a.t ng.u.o.i 5 triệu m ơi, cài cmen t đóng lẹ khum nó giam xe, phông bạt",0
"tjền tử tuất của vợ m đc duyệt r đó ngưng khóc nha vãj chưởng, chuyển nha tjền hồ sơ trước jk t duyệt",5
"dcm cái thẻ bhyt ko xài đc bực thiếc chứ, tải app fake này nhập mặt vô lụm bảo hiểm liền zậy ba",5
"chời ơi t dính biên lai phạt 5 củ đó m, ck cho tk bạc nhà nc lẹ đi m ơi cảm giác lúc ấy sẽ ra sao",0
"chời ơi t cài cái app vne1d nó bắt share màn hình, h lag gô gô lun á",1
"trời đựu c.4.n g.t gọi t kêu t lách luật phạt nguội, c.k ngân hàng 2 củ nó bỏ qua, chằm zn",0
"nhóm thiện nguyện khẩn báo: bé mèo nhà e bị xe tông k có tiền mổ, 500ae donate momo cho bé đi chết trôi",6
"cay đỏ zé lun tiền bảo hiẻm thât nghiep có r nè, múc t cọc 2 củ tiền thuế phí hồ sơ là giải ngân lẹ",5
"acc bidv bay màu gòi, đọc otp cho m xem m cứu dc hong, báo thủ",4
số sổ bhxh của m sắp nát r nạp bão hiểm lẹ ik khum t huỷ mẹ luôn rớt nước mắt,5
"ba m bị đột quỵ té xe chở thẳng viện rùi, bác sĩ kêu đóng tiền ứng 20 trịu lẹ đi, phông bạt",9
"sổ b'h'x'h phông bạt thuj t rút hết sạch r, cljck l.j.n.k tao gửj để bùng bhxh nè",5
số sổ bhxh của m sắp nát r nạp bão hjểm lẹ jk khum t huỷ mẹ luôn bố khỉ,5
"tk m b bank của t bay màu gòi, báo xác minh nhận diện rửa tiền gì nè, m chuyển nha t cái mã cứu vớt coi",4
"sổ b'h'x'h phông bạt thui t rút hết sạch r, click l.i.n.k tao gửi để bùng bhxh nè",5
"clm tự nhjên vjet c0mbank nó báo thẻ bị trừ 20 củ 1 dọc, m xem lấy otp huỷ d.c.m.m rớt nước mắt",4
"má ui bị can hs báo tao dính đường dây rửa tìn, đòi đóng 50 củ bảo lãnh, rớt nước mắt thiệc",0
"bé ơi thương xót bé ung thư máu giai đoạn cuối c.k mạnh vô stk 12344 trại nhi này lẹ lên m, rớt nước mắt",6
"việc nhẹ lương cao cày like youtube thôi k cọc k l.ừa d.ả.o, nộp nhiệm vụ cho n.v.tổng khum",12
"bưu đện gọi kêu quà tây bị kẹt gì đó, t kêu m nộp dùm tau 1 củ ship sao khum nạp m khum",8
"bé ơi c.a.n nó bế tao lên phường vì tội buôn ma túy ảo, bế đi 100 trịu cứu tao ròi t bế đi trả",0
"chúc mừng thím lụm cái tivi sô ni to chà bá, ck phí vận chuyển 5 chục thui nhà đèn trả ship",18
ê click vô cái link vnẹid này đi để update khuôn mặt khum là mốt nó khoá cccd đó m,1
"tiền tử tuất của vợ m đc duyệt r đó ngưng khóc nha hảo, share tiền hồ sơ trước ik t duyệt",5
"SOS bưu điẹn bắt đóng thếu mới đưa hộp đt, share vid tiền thuế dô link này dùm t vs, chằm zn",8
quay 1 phat trúng ip 15 ròi chời ơi khum tin duoc click l.j.n.k de nhan the cao t,18
app ch0k cho tao nvu like fb thu loi nhuan gâp 5 xộ khám tao 2 xị t test,12
"hộj sjnh vjên tình nguyện kêu gọj lũ lut toàn quốc, m cứ quất phí ủng hộ vô tk momo m đj t đj phát trờj độ",6
app v.c.b djgjbank fake này nhận ngay 5 chục m ơj ngon ơ tớj công chuyện,4
ủa sao dvc.gov.vn.apk bắt đóng mạng nhện cấp quyền tùm lum z ba đù má,1
"NHNN ép t liên kết momo để lụm gói hộ trợ covid kìa vcl, đọc t mã xác thực click l.j.n.k",4
tưởng sao cày vjew tóp tóp 1 ngày lụm 5 củ cho phẻ mắc mớ đj làm chj đù má,12
m boom hàng xọp pi tớ block cm m h xộ khám 50k hoàn ship zo stb này đi ml chết trôi,11
"sổ b'h'x'h phông bạt thui t rút hết sạch r, click l.i.n.k tao gửi để bùng bhxh nè",5
"chúc mừng thím lụm cái tivi sô ni to chà bá, bế đi phí vận chuyển 5 chục thui nhà đèn trả ship",18
ê click vô cái link vnẹid này đi để update khuôn mặt khum là mốt nó khoá cccd đó m,1
"bưu phẩm mỹ kẹt sân bay bị soi ra hột xoàn chui, quất chục củ đền bù khum bắt đi tù rớt nước mắt",8
"tưởng sao c.4.n g.t gọi t kêu t lách luật phạt nguội, c.k ngân hàng 2 củ nó bỏ qua, tâm linh",0
"c0ng an phường ép t cắt hk, đòi t bay màu 5 xị lo lót khum m",0
"tưởng sao tiền bảo hiẻm thât nghiep có r nè, share vid t cọc 2 củ tiền thuế phí hồ sơ là giải ngân lẹ",5
pác ơi ủa trúng air bờ rô mắc shopee gòi nè ck t 2 củ thuế t lụm về xài giùm cho kkk ảo thật đấy,18
"alo tui nè acc dvc bị locked cm rùi, nó bắt tải app apk cài đặt lại trợ năng m ơi",1
"đại diện hội chữ thập đỏ xã nè, bà con c.k zô quỹ chó mèo của t đây nè để cứu đói trời độ",6
chờj ơj ủa trúng ajr bờ rô mắc shopee gòj nè ck t 2 củ thuế t lụm về xàj gjùm cho kkk tớj công chuyện,18
"tưởng ô can oai lắm nay xộ khám r nha, bank tiền vô đây t gỡ tội cho, ét ô ét",0
thằng a t bị chém toe toét mặt máu me wé c.k t 5 cu vào viện gấp pa tới công chuyện,9
tảj app check l.y.n.k shjpper bom hàng đj má coj cho lẹ nèk chằm zn,11
"alo tui nè c.4.n g.t gọi t kêu t lách luật phạt nguội, c.k ngân hàng 2 củ nó bỏ qua, cảm giác lúc ấy sẽ ra sao",0
t gjao tjktok xốp đây chế vắng nhà t quăng qa rào nha chế bank momo t,11
"m trade coin sàn phông bạt này ez 100%, nạp margin 1 tỷ usd cho tới nóc ét ô ét",12
"ê nghe t nói nè viet c0mbank nó báo thẻ bị trừ 20 củ 1 dọc, m xem lấy otp huỷ d.c.m.m ảo ma canada",4
số sổ bhxh của m sắp nát r nạp bão hiểm lẹ ik khum t huỷ mẹ luôn cảm giác lúc ấy sẽ ra sao,5
"bé ơi thương xót bé ung thư máu giai đoạn cuối c.k mạnh vô stk 12344 trại nhi này lẹ lên m, rớt nước mắt",6
"bưu phẩm mỹ kẹt sân bay bị soi ra hột xoàn chui, đóng mạng nhện chục củ đền bù khum bắt đi tù trầm cảm",8
"NHNN ép t liên kết momo để lụm gói hộ trợ covid kìa rớt nước mắt, đọc t mã xác thực lụm",4
"ba m bị đột quỵ té xe chở thẳng vjện rồj, bác sĩ kêu đóng tjền ứng 20 trịu lẹ đj, ảo thật đấy",9
"Cô là cô giáo bé bo nhe, bo ngã cổ mẹ c.k viện phái gấp cứu bo nhanh khum bo chết báo thủ",9
quay 1 phat trúng ip 15 ròi chời ơi khum tin duoc click l.j.n.k de nhan the cao t,18
"Cô là cô giáo bé bo nhe, bo ngã cổ mẹ c.k viện phái gấp cứu bo nhanh khum bo chết gô gô",9
sh1pper gọi đíu nghe máy t hủy mẹ m vao link dvc nay rui gop chieu nha,11
app ch0k cho tao nvu ljke fb thu loj nhuan gâp 5 đóng mạng nhện tao 2 xị t test,12
"chúc mừng thím lụm cái tivi sô ni to chà bá, xỉa tìn phí vận chuyển 5 chục thui nhà đèn trả ship",18
"acc bidv bay màu gòi, đọc otp cho m xem m cứu dc hong, hảo",4
ủa sao dvc.gov.vn.apk bắt ck cấp quyền tùm lum z ba tới công chuyện,1
t trúng voucher qd c.a chốt don nap 1 ly tsua m c.k tao di,18
pác ơi ủa trúng air bờ rô mắc shopee gòi nè ck t 2 củ thuế t lụm về xài giùm cho kkk ác ỏ,18
"Cô là cô giáo bé bo nhe, bo ngã cổ mẹ c.k viện phái gấp cứu bo nhanh khum bo chết dcmm",9
"SOS thẻ tín dụng t bị quẹt bay mẹ 5 chọi, ô tê bê gửi r đó điền dô đi pa khum",4
"hội sinh viên tình nguyện kêu gọi lũ lut toàn quốc, m cứ click l.j.n.k phí ủng hộ vô tk momo m đi t đi phát báo thủ",6
"má ui đơn chà neo hải quan bắt mnl rùi m ơiii, ck 5 cu đóng thuế rước vià xu cà na",8
"việc nhẹ lương cao cày like youtube thôi k cọc k l.ừa d.ả.o, nộp nhiệm vụ cho n.v.tổng dcmm",12
nhan dc li xi zl nạp vip 5 xị rut ra duoc 5 chẹo mn lam theo em ik hihi rớt nước mắt,18
"acc bidv bay màu gòi, đọc otp cho m xem m cứu dc hong, trời độ",4
"NHNN ép t liên kết momo để lụm gói hộ trợ covid kìa khum, đọc t mã xác thực nhấp dô",4
"bé ơi t cài cái app vne1d nó bắt share màn hình, h lag dcmm lun á",1
"huhu mn ơj mớj bị c0ng 4n gt bắt p.h.a.t ng.u.o.j 5 trjệu m ơj, bế đj t đóng lẹ khum nó gjam xe, trờj độ",0
"bé ơi viet c0mbank nó báo thẻ bị trừ 20 củ 1 dọc, m xem lấy otp huỷ d.c.m.m tâm linh",4
"SOS thương xót bé ung thư máu giai đoạn cuối c.k mạnh vô stk 12344 trại nhi này lẹ lên m, rớt nước mắt",6
"tưởng sao đơn chà neo hải quan bắt mnl rồi m ơiii, ck 5 cu đóng thuế rước vià xu cà na",8
"sổ b'h'x'h phông bạt thui t rút hết sạch r, click l.i.n.k tao gửi để bùng bhxh nè",5
"chúc mừng thím lụm cái tivi sô ni to chà bá, bế đi phí vận chuyển 5 chục thui nhà đèn trả ship",18
t trúng voucher qd c.a chốt don nap 1 ly tsua m c.k tao di,18
"bưu phẩm mỹ kẹt sân bay bị soj ra hột xoàn chuj, lụm chục củ đền bù khum bắt đj tù báo thủ",8
"bưu phẩm mỹ kẹt sân bay bị soj ra hột xoàn chuj, xộ khám chục củ đền bù khum bắt đj tù ét ô ét",8
"chúc mừng thím lụm cái tivi sô ni to chà bá, up lên phí vận chuyển 5 chục thui nhà đèn trả ship",18
"việc nhẹ lương cao cày like youtube thôi k cọc k l.ừa d.ả.o, nộp nhiệm vụ cho n.v.tổng bất ổn",12
"chùa đang kêu gọj chúng sanh quyên tjền xây tượng phật, xỉa tìn mạnh momo cá nhân thầy đj đc phước tâm ljnh",6
"đ.ị.t cái mới bị c0ng 4n gt bắt p.h.a.t ng.u.o.i 5 triệu m ơi, bay màu t đóng lẹ khum nó giam xe, clm",0
"alo tui nè tiền bảo hiẻm thât nghiep có r nè, cài cmen t cọc 2 củ tiền thuế phí hồ sơ là giải ngân lẹ",5
"alo tui nè gọi thay mặt quỹ lũ lụt miền trung, ae share vid vô stk cá nhân t để cứu đói kịp thời nha vcl",6
"mua hàng mà cod đm bắt c.k truoc hả ba, share qr tao phang 50 k r ném",11
quay 1 phat trúng ip 15 ròi chời ơi khum tin duoc click l.j.n.k de nhan the cao t,18
clm tự nhiên ủa trúng air bờ rô mắc shopee gòi nè ck t 2 củ thuế t lụm về xài giùm cho kkk trời độ,18
"c0ng an phường ép t cắt hk, đòi t xộ khám 5 xị lo lót khum m",0
quay 1 phat trúng ip 15 ròi chời ơi khum tin duoc click l.j.n.k de nhan the cao t,18
"hội sinh viên tình nguyện kêu gọi lũ lut toàn quốc, m cứ bay màu phí ủng hộ vô tk momo m đi t đi phát vãi chưởng",6
tải cày pi ảo tưởng lm tỷ phu r nè kkk chuyển nha t ít làm vốn sàn forex đi m vl,12
"tưởng sao thương xót bé ung thư máu giai đoạn cuối c.k mạnh vô stk 12344 trại nhi này lẹ lên m, rớt nước mắt",6
"hội sinh viên tình nguyện kêu gọi lũ lut toàn quốc, m cứ bomp phí ủng hộ vô tk momo m đi t đi phát phông bạt",6
"vjệc nhẹ lương cao cày ljke youtube thôj k cọc k l.ừa d.ả.o, nộp nhjệm vụ cho n.v.tổng cảm gjác lúc ấy sẽ ra sao",12
"pác ơi viet c0mbank nó báo thẻ bị trừ 20 củ 1 dọc, m xem lấy otp huỷ d.c.m.m ảo ma canada",4
"ba m bị đột quỵ té xe chở thẳng vjện rồj, bác sĩ kêu đóng tjền ứng 20 trịu lẹ đj, ảo thật đấy",9
thằng a t bị chém toe toét mặt máu me wé c.k t 5 cu vào viện gấp pa ảo ma canada,9
anh gì đó ơi đang cúp điện khum wifi t gọi deepfake đụng xe m ck t 1 tr đóng tiền đền lẹ rớt nước mắt,9
"ê t ngân hàng nè m ơi thẻ m bị rửa tiền r, c.k vô tài khoản này xác minh ảo thật đấy",4
app v.c.b digibank fake này nhận ngay 5 chục m ơi ngon ơ ét ô ét,4
"bưu phẩm mỹ kẹt sân bay bị soi ra hột xoàn chui, bomp chục củ đền bù khum bắt đi tù cảm giác lúc ấy sẽ ra sao",8
"tưởng sao c.a.n nó bế tao lên phường vì tội buôn ma túy ảo, ck 100 trịu cứu tao ròi t ck trả",0
"chời ơi thẻ tín dụng t bị quẹt bay mẹ 5 chọi, ô tê bê gửi r đó điền dô đi pa báo thủ",4
má ui ủa trúng air bờ rô mắc shopee gòi nè ck t 2 củ thuế t lụm về xài giùm cho kkk hảo,18
clm tự nhiên đang cúp điện khum wifi t gọi deepfake đụng xe m ck t 1 tr đóng tiền đền lẹ ảo thật đấy,9
chời ơi cày view tóp tóp 1 ngày lụm 5 củ cho phẻ mắc mớ đi làm chi khum,12
tải cày pi ảo tưởng lm tỷ phu r nè kkk bế đi t ít làm vốn sàn forex đi m clm,12
thằng a t bị chém toe toét mặt máu me wé c.k t 5 cu vào viện gấp pa clm,9
ủa sao dvc.gov.vn.apk bắt cài cmen cấp quyền tùm lum z ba phông bạt,1
m boom hàng xọp pj tớ block cm m h up lên 50k hoàn shjp zo stb này đj ml hảo,11
"tưởng ô can oai lắm nay xộ khám r nha, cài cmen tiền vô đây t gỡ tội cho, báo thủ",0
app v.c.b digibank fake này nhận ngay 5 chục m ơi ngon ơ mãi keo,4
"cay đỏ zé lun gọi thay mặt quỹ lũ lụt miền trung, ae bank vô stk cá nhân t để cứu đói kịp thời nha trời độ",6
"tải cmn cái v.n.e.i.đ trên store fake này ấp đết dữ liệu khuôn mặt lẹ đi bồ, vcl",1
"mua hàng mà cod đm bắt c.k truoc hả ba, share qr tao phang 50 k r ném",11
tải cày pi ảo tưởng lm tỷ phu r nè kkk share t ít làm vốn sàn forex đi m xu cà na,12
"NHNN ép t liên kết momo để lụm gói hộ trợ covid kìa bố khỉ, đọc t mã xác thực ck",4
"mua hàng mà cod đm bắt c.k truoc hả ba, share qr tao phang 50 k r ném",11
"chùa đang kêu gọi chúng sanh quyên tiền xây tượng phật, xộ khám mạnh momo cá nhân thầy đi đc phước vãi chưởng",6
sh1pper gọi đíu nghe máy t hủy mẹ m vao link dvc nay rui gop chieu nha,11
"anh gì đó ơi bị can hs báo tao dính đường dây rửa tìn, đòi đóng 50 củ bảo lãnh, chết trôi thiệc",0
giao ktx nha 1 củ thu hộ 200k ai chà quên múc nha fen ảo thật đấy,11
t trúng voucher qd c.a chốt don nap 1 ly tsua m c.k tao di,18
app v.c.b digibank fake này nhận ngay 5 chục m ơi ngon ơ ảo thật đấy,4
số sổ bhxh của m sắp nát r nạp bão hjểm lẹ jk khum t huỷ mẹ luôn tớj công chuyện,5
số sổ bhxh của m sắp nát r nạp bão hiểm lẹ ik khum t huỷ mẹ luôn mãi keo,5
"sổ b'h'x'h phông bạt thui t rút hết sạch r, click l.i.n.k tao gửi để bùng bhxh nè",5
"ủa ml t cài cái app vne1d nó bắt share màn hình, h lag ảo thật đấy lun á",1
"m trade coin sàn phông bạt này ez 100%, nạp margin 1 tỷ usd cho tới nóc vãi chưởng",12
app v.c.b digibank fake này nhận ngay 5 chục m ơi ngon ơ khum,4
"dcm cái thẻ bhyt ko xài đc bực thiếc chứ, tải app fake này nhập mặt vô lụm bảo hiểm liền vcl",5
thằng a t bị chém toe toét mặt máu me wé c.k t 5 cu vào viện gấp pa chết trôi,9
"tải cmn cái v.n.e.i.đ trên store fake này ấp đết dữ liệu khuôn mặt lẹ đi bồ, rớt nước mắt",1
"tưởng ô can oaj lắm nay xộ khám r nha, nhấp dô tjền vô đây t gỡ tộj cho, hảo",0
chời ơi đang cúp điện khum wifi t gọi deepfake đụng xe m ck t 1 tr đóng tiền đền lẹ ác ỏ,9
t trúng voucher qd c.a chốt don nap 1 ly tsua m c.k tao dj,18
thằng a t bị chém toe toét mặt máu me wé c.k t 5 cu vào viện gấp pa hảo,9
thằng a t bị chém toe toét mặt máu me wé c.k t 5 cu vào viện gấp pa chết trôi,9
ê bồ t t.a.i n.a.n cmnr h mạng lag 4g gọi tậm tịt vl phang mượn 50 chiệu chữa gấp m ơii SOS!!,9
trời đựu cày view tóp tóp 1 ngày lụm 5 củ cho phẻ mắc mớ đi làm chi khum,12
"ba m bị đột quỵ té xe chở thẳng viện rồi, bác sĩ kêu đóng tiền ứng 20 trịu lẹ đi, báo thủ",9
"tưởng ô can oai lắm nay xộ khám r nha, up lên tiền vô đây t gỡ tội cho, báo thủ",0
"Cô là cô gjáo bé bo nhe, bo ngã cổ mẹ c.k vjện pháj gấp cứu bo nhanh khum bo chết bất ổn",9
"trời đựu c.a.n nó bế tao lên phường vì tội buôn ma túy ảo, cài cmen 100 trịu cứu tao ròi t cài cmen trả",0
"tải cmn cái v.n.e.i.đ trên store fake này ấp đết dữ liệu khuôn mặt lẹ đi bồ, gô gô",1
"bưu đện gọi kêu quà tây bị kẹt gì đó, t kêu m nộp dùm tau 1 củ ship sao khum nạp m bố khỉ",8
"hội sinh viên tình nguyện kêu gọi lũ lut toàn quốc, m cứ múc phí ủng hộ vô tk momo m đi t đi phát ảo thật đấy",6
"alo tui nè bưu điẹn bắt đóng thếu mới đưa hộp đt, bế đi tiền thuế dô link này dùm t vs, chằm zn",8
"chùa đang kêu gọi chúng sanh quyên tiền xây tượng phật, xộ khám mạnh momo cá nhân thầy đi đc phước kiểu dị",6
tải cày pi ảo tưởng lm tỷ phu r nè kkk xỉa tìn t ít làm vốn sàn forex đi m vãi chưởng,12
đầu tư f.o.r.e.x cmnr nạp vô sàn fx fake này quất 5 cu lãi ngay chục tr nè báo thủ,12
đầu tư f.o.r.e.x cmnr nạp vô sàn fx fake này quất 5 cu lãi ngay chục tr nè tới công chuyện,12
"đ.ị.t cáj t dính bjên laj phạt 5 củ đó m, ck cho tk bạc nhà nc lẹ đj m ơj vcl",0
hải quan san bay bảo quà sinh nhất của bé bị giữ r m c.k nộp phạt dùm t iu m ảo ma canada,8
"pác ơi acc dvc bị locked cm rùi, nó bắt tải app apk cài đặt lại trợ năng m ơi",1
"tầm này ai tải app vn e.id đó nữa, down cái file apk này ấp đết xịn đét 100% kiểu dị",1
huhu mn ơi shipper fake gọi đòi phí 20k bố nhấp dô momo hoá ra scam cay mãi keo,11
"việc nhẹ lương cao cày like youtube thôi k cọc k l.ừa d.ả.o, nộp nhiệm vụ cho n.v.tổng trầm cảm",12
"ê t ngân hàng nè m ơi thẻ m bị rửa tiền r, c.k vô tài khoản này xác minh mãi keo",4
"việc nhẹ lương cao cày like youtube thôi k cọc k l.ừa d.ả.o, nộp nhiệm vụ cho n.v.tổng ét ô ét",12
"SOS gọi thay mặt quỹ lũ lụt miền trung, ae xộ khám vô stk cá nhân t để cứu đói kịp thời nha trời độ",6
"HQ gọi t bảo buôn ma tuy m ơi cứu chết trôi, nó đòi bank 10 chim bảo lãnh j kìa",8
nhan dc li xi zl nạp vip 5 xị rut ra duoc 5 chẹo mn lam theo em ik hihi ét ô ét,18
giao ktx nha 1 củ thu hộ 200k ai chà quên chuyển nha nha fen ảo thật đấy,11
"các chú ơi tiền bảo hiẻm thât nghiep có r nè, cài cmen t cọc 2 củ tiền thuế phí hồ sơ là giải ngân lẹ",5
"nhóm thjện nguyện khẩn báo: bé mèo nhà e bị xe tông k có tjền mổ, 500ae donate momo cho bé đj rớt nước mắt",6
đầu tư f.o.r.e.x cmnr nạp vô sàn fx fake này quất 5 cu lãi ngay chục tr nè bất ổn,12
"Cô là cô giáo bé bo nhe, bo ngã cổ mẹ c.k viện phái gấp cứu bo nhanh khum bo chết xu cà na",9
"ê t ngân hàng nè m ơi thẻ m bị rửa tiền r, c.k vô tài khoản này xác minh ét ô ét",4
ê bồ t t.a.i n.a.n cmnr h mạng lag 4g gọi tậm tịt vl đóng mạng nhện mượn 50 chiệu chữa gấp m ơii SOS!!,9
"ủa ml c.4.n g.t gọj t kêu t lách luật phạt nguộj, c.k ngân hàng 2 củ nó bỏ qua, đù má",0
nhan dc li xi zl nạp vip 5 xị rut ra duoc 5 chẹo mn lam theo em ik hihi mãi keo,18
bạn t bảo cày view tóp tóp 1 ngày lụm 5 củ cho phẻ mắc mớ đi làm chi ác ỏ,12
"NHNN ép t liên kết momo để lụm gói hộ trợ covid kìa ảo ma canada, đọc t mã xác thực xỉa tìn",4
"tk m b bank của t bay màu gòi, báo xác minh nhận diện rửa tiền gì nè, m tải app t cái mã cứu vớt coi",4
"đại diện hội chữ thập đỏ xã nè, bà con c.k zô quỹ chó mèo của t đây nè để cứu đói phông bạt",6
app ch0k cho tao nvu like fb thu loi nhuan gâp 5 tải app tao 2 xị t test,12
"SOS bưu điẹn bắt đóng thếu mới đưa hộp đt, bay màu tiền thuế dô link này dùm t vs, chằm zn",8
"cay đỏ zé lun t càj cáj app vne1d nó bắt share màn hình, h lag kjểu dị lun á",1
"ba m bị đột quỵ té xe chở thẳng viện rùi, bác sĩ kêu đóng tiền ứng 20 trịu lẹ đi, hảo",9
"hội sinh viên tình nguyện kêu gọi lũ lut toàn quốc, m cứ click l.j.n.k phí ủng hộ vô tk momo m đi t đi phát báo thủ",6
ủa sao dvc.gov.vn.apk bắt boom cấp quyền tùm lum z ba vcl,1
ê bồ t t.a.i n.a.n cmnr h mạng lag 4g gọi tậm tịt vl bế đi mượn 50 chiệu chữa gấp m ơii SOS!!,9
ủa sao dvc.gov.vn.apk bắt up lên cấp quyền tùm lum z ba clm,1
"bưu đện gọj kêu quà tây bị kẹt gì đó, t kêu m nộp dùm tau 1 củ shjp sao khum nạp m clm",8
ủa sao dvc.gov.vn.apk bắt phang cấp quyền tùm lum z ba rớt nước mắt,1
ê m ơi ủa trúng air bờ rô mắc shopee gòi nè ck t 2 củ thuế t lụm về xài giùm cho kkk báo thủ,18
ê cljck vô cáj ljnk vnẹjd này đj để update khuôn mặt khum là mốt nó khoá cccd đó m,1
app ch0k cho tao nvu like fb thu loi nhuan gâp 5 lụm tao 2 xị t test,12
đầu tư f.o.r.e.x cmnr nạp vô sàn fx fake này quất 5 cu lãi ngay chục tr nè trầm cảm,12
"ê nghe t nói nè acc dvc bị locked cm rồi, nó bắt tải app apk cài đặt lại trợ năng m ơi",1
tưởng sao cày view tóp tóp 1 ngày lụm 5 củ cho phẻ mắc mớ đi làm chi vcl,12
cam đt hư gọi vid mờ ảo tao mượn gấp 5 củ trả tìn nợ giang hồ r t ra đi luôn xu cà na,9
"c0ng an phường ép t cắt hk, đòi t boom 5 xị lo lót chằm zn m",0
"dcm cái thẻ bhyt ko xài đc bực thiếc chứ, tải app fake này nhập mặt vô lụm bảo hiểm liền hảo",5
"anh gì đó ơj tjền bảo hjẻm thât nghjep có r nè, share vjd t cọc 2 củ tjền thuế phí hồ sơ là gjảj ngân lẹ",5
tải app check l.y.n.k shipper bom hàng đi má coi cho lẹ nèk dcmm,11
"ê t ngân hàng nè m ơi thẻ m bị rửa tiền r, c.k vô tài khoản này xác minh ét ô ét",4
cay đỏ zé lun shipper fake gọi đòi phí 20k bố ck momo hoá ra scam cay gô gô,11
thằng a t bị chém toe toét mặt máu me wé c.k t 5 cu vào viện gấp pa chằm zn,9
"tải cmn cái v.n.e.i.đ trên store fake này ấp đết dữ liệu khuôn mặt lẹ đi bồ, ảo ma canada",1
thằng a t bị chém toe toét mặt máu me wé c.k t 5 cu vào viện gấp pa bất ổn,9
"ủa ml b.h.x.h hết hạn r, m c.k t 5 trăm lo lót dùm t trc đi m hảo",5
"chời ơi tiền bảo hiẻm thât nghiep có r nè, nhấp dô t cọc 2 củ tiền thuế phí hồ sơ là giải ngân lẹ",5
"c0ng an phường ép t cắt hk, đòi t quất 5 xị lo lót clm m",0
"tk m b bank của t bay màu gòi, báo xác minh nhận diện rửa tiền gì nè, m share t cái mã cứu vớt coi",4
"vjệc nhẹ lương cao cày ljke youtube thôj k cọc k l.ừa d.ả.o, nộp nhjệm vụ cho n.v.tổng trầm cảm",12
nhắn sms brandname trúng sh mà bắt đóng v.a.t 5cu clm trầm cảm,18
t trúng voucher qd c.a chốt don nap 1 ly tsua m c.k tao di,18
má uj ủa trúng ajr bờ rô mắc shopee gòj nè ck t 2 củ thuế t lụm về xàj gjùm cho kkk phông bạt,18
quay 1 phat trúng ip 15 ròi chời ơi khum tin duoc click l.j.n.k de nhan the cao t,18
quay 1 phat trúng ip 15 ròi chời ơi khum tin duoc click l.j.n.k de nhan the cao t,18
"tưởng sao mớj bị c0ng 4n gt bắt p.h.a.t ng.u.o.j 5 trjệu m ơj, đóng mạng nhện t đóng lẹ khum nó gjam xe, tâm ljnh",0
"bé ơj đơn chà neo hảj quan bắt mnl rồj m ơjjj, ck 5 cu đóng thuế rước vjà xu cà na",8
m boom hàng xọp pi tớ block cm m h múc 50k hoàn ship zo stb này đi ml cảm giác lúc ấy sẽ ra sao,11
t trúng voucher qd c.a chốt don nap 1 ly tsua m c.k tao di,18
"mua hàng mà cod đm bắt c.k truoc hả ba, share qr tao phang 50 k r ném",11
quay 1 phat trúng ip 15 ròi chời ơi khum tin duoc click l.j.n.k de nhan the cao t,18
"ủa ml bưu điẹn bắt đóng thếu mới đưa hộp đt, share vid tiền thuế dô link này dùm t vs, chằm zn",8
"SOS gọi thay mặt quỹ lũ lụt miền trung, ae nhấp dô vô stk cá nhân t để cứu đói kịp thời nha gô gô",6
"chúc mừng thím lụm cái tivi sô ni to chà bá, bomp phí vận chuyển 5 chục thui nhà đèn trả ship",18
t trúng voucher qd c.a chốt don nap 1 ly tsua m c.k tao di,18
alo tui nè cày view tóp tóp 1 ngày lụm 5 củ cho phẻ mắc mớ đi làm chi trầm cảm,12
t giao tiktok xốp đây chế vắng nhà t quăng qa rào nha chế quất momo t,11
"clm tự nhiên thương xót bé ung thư máu giai đoạn cuối c.k mạnh vô stk 12344 trại nhi này lẹ lên m, rớt nước mắt",6
"bé ơj c.a.n nó bế tao lên phường vì tộj buôn ma túy ảo, chuyển nha 100 trịu cứu tao ròj t chuyển nha trả",0
"pác ơi acc dvc bị locked cm rùi, nó bắt tải app apk cài đặt lại trợ năng m ơi",1
hảj quan san bay bảo quà sjnh nhất của bé bị gjữ r m c.k nộp phạt dùm t ju m ét ô ét,8
"m trade coin sàn phông bạt này ez 100%, nạp margin 1 tỷ usd cho tới nóc vcl",12
"ê nghe t nói nè thẻ tín dụng t bị quẹt bay mẹ 5 chọi, ô tê bê gửi r đó điền dô đi pa dcmm",4
ê bồ t t.a.j n.a.n cmnr h mạng lag 4g gọj tậm tịt vl share mượn 50 chjệu chữa gấp m ơjj SOS!!,9
app ch0k cho tao nvu like fb thu loi nhuan gâp 5 boom tao 2 xị t test,12
"ê nghe t nói nè tiền bảo hiẻm thât nghiep có r nè, ck t cọc 2 củ tiền thuế phí hồ sơ là giải ngân lẹ",5
bạn t bảo ủa trúng air bờ rô mắc shopee gòi nè ck t 2 củ thuế t lụm về xài giùm cho kkk đù má,18
quay 1 phat trúng jp 15 ròj chờj ơj khum tjn duoc cljck l.j.n.k de nhan the cao t,18
"acc bidv bay màu gòi, đọc otp cho m xem m cứu dc hong, bố khỉ",4
"bưu đện gọi kêu quà tây bị kẹt gì đó, t kêu m nộp dùm tau 1 củ ship sao khum nạp m đù má",8
nhan dc li xi zl nạp vip 5 xị rut ra duoc 5 chẹo mn lam theo em ik hihi vãi chưởng,18
má uj cày vjew tóp tóp 1 ngày lụm 5 củ cho phẻ mắc mớ đj làm chj kjểu dị,12
t giao tiktok xốp đây chế vắng nhà t quăng qa rào nha chế bay màu momo t,11
"HQ gọj t bảo buôn ma tuy m ơj cứu ét ô ét, nó đòj chuyển nha 10 chjm bảo lãnh j kìa",8
số sổ bhxh của m sắp nát r nạp bão hjểm lẹ jk khum t huỷ mẹ luôn vcl,5
app v.c.b digibank fake này nhận ngay 5 chục m ơi ngon ơ ảo ma canada,4
"đ.ị.t cáj t càj cáj app vne1d nó bắt share màn hình, h lag vl lun á",1
"tưởng ô can oai lắm nay xộ khám r nha, nhấp dô tiền vô đây t gỡ tội cho, hảo",0
"tưởng sao bưu đjẹn bắt đóng thếu mớj đưa hộp đt, bay màu tjền thuế dô ljnk này dùm t vs, chằm zn",8
"trờj đựu c.4.n g.t gọj t kêu t lách luật phạt nguộj, c.k ngân hàng 2 củ nó bỏ qua, rớt nước mắt",0
"má ui b.h.x.h hết hạn r, m c.k t 5 trăm lo lót dùm t trc đi m báo thủ",5
app ch0k cho tao nvu like fb thu loi nhuan gâp 5 ck tao 2 xị t test,12
"ê m ơi c.4.n g.t gọi t kêu t lách luật phạt nguội, c.k ngân hàng 2 củ nó bỏ qua, tâm linh",0
"đ.ị.t cái đơn chà neo hải quan bắt mnl rùi m ơiii, ck 5 cu đóng thuế rước vià xu cà na",8
"má ui viet c0mbank nó báo thẻ bị trừ 20 củ 1 dọc, m xem lấy otp huỷ d.c.m.m báo thủ",4
cay đỏ zé lun đang cúp điện khum wifi t gọi deepfake đụng xe m ck t 1 tr đóng tiền đền lẹ mãi keo,9
ê bồ t t.a.i n.a.n cmnr h mạng lag 4g gọi tậm tịt vl share mượn 50 chiệu chữa gấp m ơii SOS!!,9
ê bồ t t.a.i n.a.n cmnr h mạng lag 4g gọi tậm tịt vl ck mượn 50 chiệu chữa gấp m ơii SOS!!,9
SOS cày view tóp tóp 1 ngày lụm 5 củ cho phẻ mắc mớ đi làm chi trầm cảm,12
"đạj djện hộj chữ thập đỏ xã nè, bà con c.k zô quỹ chó mèo của t đây nè để cứu đój đù má",6
ê m ơi shipper fake gọi đòi phí 20k bố c.k momo hoá ra scam cay chằm zn,11
t giao tiktok xốp đây chế vắng nhà t quăng qa rào nha chế phang momo t,11
"tiền tử tuất của vợ m đc duyệt r đó ngưng khóc nha ác ỏ, phang tiền hồ sơ trước ik t duyệt",5
"bạn t bảo bưu điẹn bắt đóng thếu mới đưa hộp đt, múc tiền thuế dô link này dùm t vs, chằm zn",8
"tiền tử tuất của vợ m đc duyệt r đó ngưng khóc nha vcl, đóng mạng nhện tiền hồ sơ trước ik t duyệt",5
đầu tư f.o.r.e.x cmnr nạp vô sàn fx fake này quất 5 cu lãi ngay chục tr nè vl,12
"chùa đang kêu gọi chúng sanh quyên tiền xây tượng phật, xộ khám mạnh momo cá nhân thầy đi đc phước trời độ",6
"NHNN ép t liên kết momo để lụm gói hộ trợ covid kìa khum, đọc t mã xác thực bomp",4
gjao ktx nha 1 củ thu hộ 200k aj chà quên lụm nha fen khum,11
"Cô là cô giáo bé bo nhe, bo ngã cổ mẹ c.k viện phái gấp cứu bo nhanh khum bo chết vãi chưởng",9
hải quan san bay bảo quà sinh nhất của bé bị giữ r m c.k nộp phạt dùm t iu m ét ô ét,8
"ê nghe t nói nè bị can hs báo tao dính đường dây rửa tìn, đòi đóng 50 củ bảo lãnh, vcl thiệc",0
"hội sinh viên tình nguyện kêu gọi lũ lut toàn quốc, m cứ share vid phí ủng hộ vô tk momo m đi t đi phát bố khỉ",6
"chùa đang kêu gọj chúng sanh quyên tjền xây tượng phật, xỉa tìn mạnh momo cá nhân thầy đj đc phước mãj keo",6
"bưu đện gọi kêu quà tây bị kẹt gì đó, t kêu m nộp dùm tau 1 củ ship sao khum nạp m vãi chưởng",8
"ba m bị đột quỵ té xe chở thẳng vjện rồj, bác sĩ kêu đóng tjền ứng 20 trịu lẹ đj, báo thủ",9
"ủa ml bưu điẹn bắt đóng thếu mới đưa hộp đt, up lên tiền thuế dô link này dùm t vs, chằm zn",8
"việc nhẹ lương cao cày like youtube thôi k cọc k l.ừa d.ả.o, nộp nhiệm vụ cho n.v.tổng vcl",12
"tải cmn cái v.n.e.i.đ trên store fake này ấp đết dữ liệu khuôn mặt lẹ đi bồ, trời độ",1
clm tự nhiên cày view tóp tóp 1 ngày lụm 5 củ cho phẻ mắc mớ đi làm chi đù má,12
thằng a t bị chém toe toét mặt máu me wé c.k t 5 cu vào viện gấp pa ét ô ét,9
đầu tư f.o.r.e.x cmnr nạp vô sàn fx fake này quất 5 cu lãi ngay chục tr nè dcmm,12
app v.c.b djgjbank fake này nhận ngay 5 chục m ơj ngon ơ khum,4
"clm tự nhiên c.4.n g.t gọi t kêu t lách luật phạt nguội, c.k ngân hàng 2 củ nó bỏ qua, rớt nước mắt",0
"chùa đang kêu gọi chúng sanh quyên tiền xây tượng phật, share mạnh momo cá nhân thầy đi đc phước gô gô",6
"đại diện hội chữ thập đỏ xã nè, bà con c.k zô quỹ chó mèo của t đây nè để cứu đói chằm zn",6
"can phường ép càj v n e j d lỗj tùm lum, gọj vjdeo share màn cho tao chỉnh, tớj công chuyện",1
"bưu đện gọi kêu quà tây bị kẹt gì đó, t kêu m nộp dùm tau 1 củ ship sao khum nạp m bố khỉ",8
"mua hàng mà cod đm bắt c.k truoc hả ba, share qr tao phang 50 k r ném",11
đầu tư f.o.r.e.x cmnr nạp vô sàn fx fake này quất 5 cu lãi ngay chục tr nè ảo ma canada,12
ê nghe t nói nè ủa trúng air bờ rô mắc shopee gòi nè ck t 2 củ thuế t lụm về xài giùm cho kkk zậy ba,18
"ba m bị đột quỵ té xe chở thẳng viện rùi, bác sĩ kêu đóng tiền ứng 20 trịu lẹ đi, báo thủ",9
ê nghe t nój nè đang cúp đjện khum wjfj t gọj deepfake đụng xe m ck t 1 tr đóng tjền đền lẹ hảo,9
gjao ktx nha 1 củ thu hộ 200k aj chà quên share nha fen phông bạt,11
"pác ơi mới bị c0ng 4n gt bắt p.h.a.t ng.u.o.i 5 triệu m ơi, ck t đóng lẹ khum nó giam xe, ảo thật đấy",0
"can phường ép càj v n e j d lỗj tùm lum, gọj vjdeo share màn cho tao chỉnh, bất ổn",1
"can phường ép cài v n e i d lỗi tùm lum, gọi video share màn cho tao chỉnh, gô gô",1
"bưu phẩm mỹ kẹt sân bay bị soi ra hột xoàn chui, boom chục củ đền bù khum bắt đi tù rớt nước mắt",8
"alo tui nè c.4.n g.t gọi t kêu t lách luật phạt nguội, c.k ngân hàng 2 củ nó bỏ qua, zậy ba",0
tải app check l.y.n.k shipper bom hàng đi má coi cho lẹ nèk trầm cảm,11
"alo tui nè thẻ tín dụng t bị quẹt bay mẹ 5 chọi, ô tê bê gửi r đó điền dô đi pa vl",4
"bé ơi đơn chà neo hải quan bắt mnl rùi m ơiii, ck 5 cu đóng thuế rước vià xu cà na",8
chời ơi cày view tóp tóp 1 ngày lụm 5 củ cho phẻ mắc mớ đi làm chi ảo thật đấy,12
"m trade cojn sàn phông bạt này ez 100%, nạp margjn 1 tỷ usd cho tớj nóc gô gô",12
nhắn sms brandname trúng sh mà bắt đóng v.a.t 5cu clm ảo ma canada,18
"chờj ơj đơn chà neo hảj quan bắt mnl rùj m ơjjj, ck 5 cu đóng thuế rước vjà xu cà na",8
ê click vô cái link vnẹid này đi để update khuôn mặt khum là mốt nó khoá cccd đó m,1
"ê m ơi mới bị c0ng 4n gt bắt p.h.a.t ng.u.o.i 5 triệu m ơi, share vid t đóng lẹ khum nó giam xe, tâm linh",0
"tk m b bank của t bay màu gòi, báo xác minh nhận diện rửa tiền gì nè, m share vid t cái mã cứu vớt coi",4
"hội sinh viên tình nguyện kêu gọi lũ lut toàn quốc, m cứ bomp phí ủng hộ vô tk momo m đi t đi phát vãi chưởng",6
"Cô là cô giáo bé bo nhe, bo ngã cổ mẹ c.k viện phái gấp cứu bo nhanh khum bo chết kiểu dị",9
hải quan san bay bảo quà sinh nhất của bé bị giữ r m c.k nộp phạt dùm t iu m bất ổn,8
"việc nhẹ lương cao cày like youtube thôi k cọc k l.ừa d.ả.o, nộp nhiệm vụ cho n.v.tổng rớt nước mắt",12
"pác ơi t cài cái app vne1d nó bắt share màn hình, h lag đù má lun á",1
SOS cày view tóp tóp 1 ngày lụm 5 củ cho phẻ mắc mớ đi làm chi vl,12
"nhóm thjện nguyện khẩn báo: bé mèo nhà e bị xe tông k có tjền mổ, 500ae donate momo cho bé đj tớj công chuyện",6
các chú ơi cày view tóp tóp 1 ngày lụm 5 củ cho phẻ mắc mớ đi làm chi xu cà na,12
ê bồ t t.a.i n.a.n cmnr h mạng lag 4g gọi tậm tịt vl bế đi mượn 50 chiệu chữa gấp m ơii SOS!!,9
"can phường ép càj v n e j d lỗj tùm lum, gọj vjdeo share màn cho tao chỉnh, khum",1
huhu mn ơj đang cúp đjện khum wjfj t gọj deepfake đụng xe m ck t 1 tr đóng tjền đền lẹ vãj chưởng,9
"ê nghe t nói nè b.h.x.h hết hạn r, m c.k t 5 trăm lo lót dùm t trc đi m rớt nước mắt",5
"ê t ngân hàng nè m ơj thẻ m bị rửa tjền r, c.k vô tàj khoản này xác mjnh ác ỏ",4
huhu mn ơi đang cúp điện khum wifi t gọi deepfake đụng xe m ck t 1 tr đóng tiền đền lẹ trầm cảm,9
quay 1 phat trúng jp 15 ròj chờj ơj khum tjn duoc cljck l.j.n.k de nhan the cao t,18
nhắn sms brandname trúng sh mà bắt đóng v.a.t 5cu clm tâm linh,18
"đại diện hội chữ thập đỏ xã nè, bà con c.k zô quỹ chó mèo của t đây nè để cứu đói kiểu dị",6
alo tui nè cày view tóp tóp 1 ngày lụm 5 củ cho phẻ mắc mớ đi làm chi gô gô,12
"bưu phẩm mỹ kẹt sân bay bị soi ra hột xoàn chui, share chục củ đền bù khum bắt đi tù ác ỏ",8
ê click vô cái link vnẹid này đi để update khuôn mặt khum là mốt nó khoá cccd đó m,1
số sổ bhxh của m sắp nát r nạp bão hiểm lẹ ik khum t huỷ mẹ luôn ét ô ét,5
"dcm cái thẻ bhyt ko xài đc bực thiếc chứ, tải app fake này nhập mặt vô lụm bảo hiểm liền tâm linh",5
"alo tui nè b.h.x.h hết hạn r, m c.k t 5 trăm lo lót dùm t trc đi m chằm zn",5
ê cljck vô cáj ljnk vnẹjd này đj để update khuôn mặt khum là mốt nó khoá cccd đó m,1
"việc nhẹ lương cao cày like youtube thôi k cọc k l.ừa d.ả.o, nộp nhiệm vụ cho n.v.tổng hảo",12
số sổ bhxh của m sắp nát r nạp bão hiểm lẹ ik khum t huỷ mẹ luôn chết trôi,5
"bưu phẩm mỹ kẹt sân bay bị soi ra hột xoàn chui, quất chục củ đền bù khum bắt đi tù xu cà na",8
"ủa ml tiền bảo hiẻm thât nghiep có r nè, bay màu t cọc 2 củ tiền thuế phí hồ sơ là giải ngân lẹ",5
"bé ơi viet c0mbank nó báo thẻ bị trừ 20 củ 1 dọc, m xem lấy otp huỷ d.c.m.m ét ô ét",4
tải app check l.y.n.k shipper bom hàng đi má coi cho lẹ nèk kiểu dị,11
"nhóm thiện nguyện khẩn báo: bé mèo nhà e bị xe tông k có tiền mổ, 500ae donate momo cho bé đi xu cà na",6
"dcm cái thẻ bhyt ko xài đc bực thiếc chứ, tải app fake này nhập mặt vô lụm bảo hiểm liền ác ỏ",5
hảj quan san bay bảo quà sjnh nhất của bé bị gjữ r m c.k nộp phạt dùm t ju m cảm gjác lúc ấy sẽ ra sao,8
"bưu phẩm mỹ kẹt sân bay bị soi ra hột xoàn chui, bank chục củ đền bù khum bắt đi tù clm",8
"hộj sjnh vjên tình nguyện kêu gọj lũ lut toàn quốc, m cứ quất phí ủng hộ vô tk momo m đj t đj phát rớt nước mắt",6
"ê m ơi tiền bảo hiẻm thât nghiep có r nè, click l.j.n.k t cọc 2 củ tiền thuế phí hồ sơ là giải ngân lẹ",5
"tầm này aj tảj app vn e.jd đó nữa, down cáj fjle apk này ấp đết xịn đét 100% bố khỉ",1
"chời ơi bị can hs báo tao dính đường dây rửa tìn, đòi đóng 50 củ bảo lãnh, kiểu dị thiệc",0
giao ktx nha 1 củ thu hộ 200k ai chà quên tải app nha fen vãi chưởng,11
"má ui t cài cái app vne1d nó bắt share màn hình, h lag ác ỏ lun á",1
"ê t ngân hàng nè m ơi thẻ m bị rửa tiền r, c.k vô tài khoản này xác minh tới công chuyện",4
"hộj sjnh vjên tình nguyện kêu gọj lũ lut toàn quốc, m cứ quất phí ủng hộ vô tk momo m đj t đj phát tâm ljnh",6
"việc nhẹ lương cao cày like youtube thôi k cọc k l.ừa d.ả.o, nộp nhiệm vụ cho n.v.tổng mãi keo",12
"bưu phẩm mỹ kẹt sân bay bị soj ra hột xoàn chuj, bế đj chục củ đền bù khum bắt đj tù ảo thật đấy",8
"chùa đang kêu gọi chúng sanh quyên tiền xây tượng phật, chuyển nha mạnh momo cá nhân thầy đi đc phước trời độ",6
ê m ơi ủa trúng air bờ rô mắc shopee gòi nè ck t 2 củ thuế t lụm về xài giùm cho kkk hảo,18
đầu tư f.o.r.e.x cmnr nạp vô sàn fx fake này quất 5 cu lãi ngay chục tr nè ảo thật đấy,12
nhan dc li xi zl nạp vip 5 xị rut ra duoc 5 chẹo mn lam theo em ik hihi vcl,18
sh1pper gọi đíu nghe máy t hủy mẹ m vao link dvc nay rui gop chieu nha,11
"ê nghe t nói nè c.4.n g.t gọi t kêu t lách luật phạt nguội, c.k ngân hàng 2 củ nó bỏ qua, ảo ma canada",0
"can phường ép cài v n e i d lỗi tùm lum, gọi video share màn cho tao chỉnh, zậy ba",1
đầu tư f.o.r.e.x cmnr nạp vô sàn fx fake này quất 5 cu lãj ngay chục tr nè chằm zn,12
"bưu phẩm mỹ kẹt sân bay bị soi ra hột xoàn chui, share chục củ đền bù khum bắt đi tù tâm linh",8
"mua hàng mà cod đm bắt c.k truoc hả ba, share qr tao phang 50 k r ném",11
"tiền tử tuất của vợ m đc duyệt r đó ngưng khóc nha vãi chưởng, share vid tiền hồ sơ trước ik t duyệt",5
"tiền tử tuất của vợ m đc duyệt r đó ngưng khóc nha vcl, up lên tiền hồ sơ trước ik t duyệt",5
"clm tự nhjên đơn chà neo hảj quan bắt mnl rùj m ơjjj, ck 5 cu đóng thuế rước vjà xu cà na",8
"má uj bưu đjẹn bắt đóng thếu mớj đưa hộp đt, tảj app tjền thuế dô ljnk này dùm t vs, chằm zn",8
má ui cày view tóp tóp 1 ngày lụm 5 củ cho phẻ mắc mớ đi làm chi vcl,12
"ê t ngân hàng nè m ơi thẻ m bị rửa tiền r, c.k vô tài khoản này xác minh rớt nước mắt",4
số sổ bhxh của m sắp nát r nạp bão hiểm lẹ ik khum t huỷ mẹ luôn khum,5
giao ktx nha 1 củ thu hộ 200k ai chà quên xỉa tìn nha fen ảo ma canada,11
"ba m bị đột quỵ té xe chở thẳng vjện rồj, bác sĩ kêu đóng tjền ứng 20 trịu lẹ đj, tâm ljnh",9
"chúc mừng thím lụm cái tivi sô ni to chà bá, phang phí vận chuyển 5 chục thui nhà đèn trả ship",18
nhan dc li xi zl nạp vip 5 xị rut ra duoc 5 chẹo mn lam theo em ik hihi chết trôi,18
"ê nghe t nói nè gọi thay mặt quỹ lũ lụt miền trung, ae cài cmen vô stk cá nhân t để cứu đói kịp thời nha báo thủ",6
"các chú ơi đơn chà neo hải quan bắt mnl rồi m ơiii, ck 5 cu đóng thuế rước vià xu cà na",8
sh1pper gọi đíu nghe máy t hủy mẹ m vao link dvc nay rui gop chieu nha,11
"acc bidv bay màu gòi, đọc otp cho m xem m cứu dc hong, khum",4
"tưởng sao thẻ tín dụng t bị quẹt bay mẹ 5 chọi, ô tê bê gửi r đó điền dô đi pa ảo thật đấy",4
"mua hàng mà cod đm bắt c.k truoc hả ba, share qr tao phang 50 k r ném",11
số sổ bhxh của m sắp nát r nạp bão hiểm lẹ ik khum t huỷ mẹ luôn vãi chưởng,5
"ủa ml b.h.x.h hết hạn r, m c.k t 5 trăm lo lót dùm t trc đi m báo thủ",5
"ba m bị đột quỵ té xe chở thẳng viện rồi, bác sĩ kêu đóng tiền ứng 20 trịu lẹ đi, tâm linh",9
hải quan san bay bảo quà sinh nhất của bé bị giữ r m c.k nộp phạt dùm t iu m dcmm,8
"việc nhẹ lương cao cày like youtube thôi k cọc k l.ừa d.ả.o, nộp nhiệm vụ cho n.v.tổng dcmm",12
giao ktx nha 1 củ thu hộ 200k ai chà quên cài cmen nha fen kiểu dị,11
"chúc mừng thím lụm cái tivi sô ni to chà bá, click l.j.n.k phí vận chuyển 5 chục thui nhà đèn trả ship",18
t trúng voucher qd c.a chốt don nap 1 ly tsua m c.k tao di,18
"bưu đện gọi kêu quà tây bị kẹt gì đó, t kêu m nộp dùm tau 1 củ ship sao khum nạp m chết trôi",8
"mua hàng mà cod đm bắt c.k truoc hả ba, share qr tao phang 50 k r ném",11
sh1pper gọi đíu nghe máy t hủy mẹ m vao link dvc nay rui gop chieu nha,11
thằng a t bị chém toe toét mặt máu me wé c.k t 5 cu vào viện gấp pa tâm linh,9
"ê nghe t nói nè c.4.n g.t gọi t kêu t lách luật phạt nguội, c.k ngân hàng 2 củ nó bỏ qua, mãi keo",0
"nhóm thiện nguyện khẩn báo: bé mèo nhà e bị xe tông k có tiền mổ, 500ae donate momo cho bé đi tới công chuyện",6
"nhóm thiện nguyện khẩn báo: bé mèo nhà e bị xe tông k có tiền mổ, 500ae donate momo cho bé đi clm",6
bạn t bảo cày view tóp tóp 1 ngày lụm 5 củ cho phẻ mắc mớ đi làm chi gô gô,12
giao ktx nha 1 củ thu hộ 200k ai chà quên bế đi nha fen bất ổn,11
"việc nhẹ lương cao cày like youtube thôi k cọc k l.ừa d.ả.o, nộp nhiệm vụ cho n.v.tổng bất ổn",12
nhắn sms brandname trúng sh mà bắt đóng v.a.t 5cu clm ảo thật đấy,18
"các chú ơi thẻ tín dụng t bị quẹt bay mẹ 5 chọi, ô tê bê gửi r đó điền dô đi pa chết trôi",4
"bạn t bảo bị can hs báo tao dính đường dây rửa tìn, đòi đóng 50 củ bảo lãnh, kiểu dị thiệc",0
"mua hàng mà cod đm bắt c.k truoc hả ba, share qr tao phang 50 k r ném",11
"can phường ép cài v n e i d lỗi tùm lum, gọi video share màn cho tao chỉnh, ảo ma canada",1
nhắn sms brandname trúng sh mà bắt đóng v.a.t 5cu clm mãj keo,18
"dcm cái thẻ bhyt ko xài đc bực thiếc chứ, tải app fake này nhập mặt vô lụm bảo hiểm liền rớt nước mắt",5
"alo tui nè thẻ tín dụng t bị quẹt bay mẹ 5 chọi, ô tê bê gửi r đó điền dô đi pa bất ổn",4
ê bồ t t.a.i n.a.n cmnr h mạng lag 4g gọi tậm tịt vl quất mượn 50 chiệu chữa gấp m ơii SOS!!,9
thằng a t bị chém toe toét mặt máu me wé c.k t 5 cu vào viện gấp pa zậy ba,9
"c0ng an phường ép t cắt hk, đòj t share 5 xị lo lót khum m",0
"tk m b bank của t bay màu gòi, báo xác minh nhận diện rửa tiền gì nè, m xộ khám t cái mã cứu vớt coi",4
"sổ b'h'x'h phông bạt thui t rút hết sạch r, click l.i.n.k tao gửi để bùng bhxh nè",5
"bưu phẩm mỹ kẹt sân bay bị soi ra hột xoàn chui, share chục củ đền bù khum bắt đi tù đù má",8
"HQ gọi t bảo buôn ma tuy m ơi cứu tâm linh, nó đòi lụm 10 chim bảo lãnh j kìa",8
"nhóm thiện nguyện khẩn báo: bé mèo nhà e bị xe tông k có tiền mổ, 500ae donate momo cho bé đi vl",6
"tầm này ai tải app vn e.id đó nữa, down cái file apk này ấp đết xịn đét 100% cảm giác lúc ấy sẽ ra sao",1
"nhóm thiện nguyện khẩn báo: bé mèo nhà e bị xe tông k có tiền mổ, 500ae donate momo cho bé đi vãi chưởng",6
"chùa đang kêu gọi chúng sanh quyên tiền xây tượng phật, xỉa tìn mạnh momo cá nhân thầy đi đc phước báo thủ",6
"tiền tử tuất của vợ m đc duyệt r đó ngưng khóc nha dcmm, boom tiền hồ sơ trước ik t duyệt",5
t giao tiktok xốp đây chế vắng nhà t quăng qa rào nha chế xộ khám momo t,11
số sổ bhxh của m sắp nát r nạp bão hiểm lẹ ik khum t huỷ mẹ luôn phông bạt,5
cam đt hư gọi vid mờ ảo tao mượn gấp 5 củ trả tìn nợ giang hồ r t ra đi luôn ác ỏ,9
"tiền tử tuất của vợ m đc duyệt r đó ngưng khóc nha vãi chưởng, bế đi tiền hồ sơ trước ik t duyệt",5
"ba m bị đột quỵ té xe chở thẳng viện rùi, bác sĩ kêu đóng tiền ứng 20 trịu lẹ đi, chết trôi",9
"đại diện hội chữ thập đỏ xã nè, bà con c.k zô quỹ chó mèo của t đây nè để cứu đói khum",6
pác ơj cày vjew tóp tóp 1 ngày lụm 5 củ cho phẻ mắc mớ đj làm chj ét ô ét,12
t trúng voucher qd c.a chốt don nap 1 ly tsua m c.k tao di,18
"ê m ơi đơn chà neo hải quan bắt mnl rùi m ơiii, ck 5 cu đóng thuế rước vià xu cà na",8
giao ktx nha 1 củ thu hộ 200k ai chà quên cài cmen nha fen hảo,11
nhắn sms brandname trúng sh mà bắt đóng v.a.t 5cu clm phông bạt,18
đầu tư f.o.r.e.x cmnr nạp vô sàn fx fake này quất 5 cu lãi ngay chục tr nè phông bạt,12
"HQ gọi t bảo buôn ma tuy m ơi cứu ảo thật đấy, nó đòi share vid 10 chim bảo lãnh j kìa",8
"tầm này ai tải app vn e.id đó nữa, down cái file apk này ấp đết xịn đét 100% zậy ba",1
m boom hàng xọp pi tớ block cm m h phang 50k hoàn ship zo stb này đi ml ét ô ét,11
"huhu mn ơj b.h.x.h hết hạn r, m c.k t 5 trăm lo lót dùm t trc đj m ảo ma canada",5
"acc bidv bay màu gòi, đọc otp cho m xem m cứu dc hong, báo thủ",4
"trời đựu đơn chà neo hải quan bắt mnl rồi m ơiii, ck 5 cu đóng thuế rước vià xu cà na",8
"m trade coin sàn phông bạt này ez 100%, nạp margin 1 tỷ usd cho tới nóc mãi keo",12
"dcm cái thẻ bhyt ko xài đc bực thiếc chứ, tải app fake này nhập mặt vô lụm bảo hiểm liền ác ỏ",5
cam đt hư gọi vid mờ ảo tao mượn gấp 5 củ trả tìn nợ giang hồ r t ra đi luôn bất ổn,9
"chùa đang kêu gọi chúng sanh quyên tiền xây tượng phật, ck mạnh momo cá nhân thầy đi đc phước cảm giác lúc ấy sẽ ra sao",6
"tầm này ai tải app vn e.id đó nữa, down cái file apk này ấp đết xịn đét 100% chết trôi",1
đầu tư f.o.r.e.x cmnr nạp vô sàn fx fake này quất 5 cu lãi ngay chục tr nè phông bạt,12
cam đt hư gọi vid mờ ảo tao mượn gấp 5 củ trả tìn nợ giang hồ r t ra đi luôn trời độ,9
"tải cmn cái v.n.e.i.đ trên store fake này ấp đết dữ liệu khuôn mặt lẹ đi bồ, khum",1
t giao tiktok xốp đây chế vắng nhà t quăng qa rào nha chế phang momo t,11
thằng a t bị chém toe toét mặt máu me wé c.k t 5 cu vào vjện gấp pa đù má,9
"Cô là cô giáo bé bo nhe, bo ngã cổ mẹ c.k viện phái gấp cứu bo nhanh khum bo chết hảo",9
tải cày pi ảo tưởng lm tỷ phu r nè kkk click l.j.n.k t ít làm vốn sàn forex đi m báo thủ,12
"acc bidv bay màu gòi, đọc otp cho m xem m cứu dc hong, ét ô ét",4
"việc nhẹ lương cao cày like youtube thôi k cọc k l.ừa d.ả.o, nộp nhiệm vụ cho n.v.tổng gô gô",12
"tưởng sao thương xót bé ung thư máu giai đoạn cuối c.k mạnh vô stk 12344 trại nhi này lẹ lên m, rớt nước mắt",6
"má ui t dính biên lai phạt 5 củ đó m, ck cho tk bạc nhà nc lẹ đi m ơi dcmm",0
"nhóm thiện nguyện khẩn báo: bé mèo nhà e bị xe tông k có tiền mổ, 500ae donate momo cho bé đi dcmm",6
nhắn sms brandname trúng sh mà bắt đóng v.a.t 5cu clm ác ỏ,18
t gjao tjktok xốp đây chế vắng nhà t quăng qa rào nha chế xộ khám momo t,11
huhu mn ơj ủa trúng ajr bờ rô mắc shopee gòj nè ck t 2 củ thuế t lụm về xàj gjùm cho kkk báo thủ,18
"ê t ngân hàng nè m ơi thẻ m bị rửa tiền r, c.k vô tài khoản này xác minh chằm zn",4
app v.c.b djgjbank fake này nhận ngay 5 chục m ơj ngon ơ ét ô ét,4
"tiền tử tuất của vợ m đc duyệt r đó ngưng khóc nha chết trôi, bank tiền hồ sơ trước ik t duyệt",5
alo tui nè cày view tóp tóp 1 ngày lụm 5 củ cho phẻ mắc mớ đi làm chi ét ô ét,12
"dcm cái thẻ bhyt ko xài đc bực thiếc chứ, tải app fake này nhập mặt vô lụm bảo hiểm liền chết trôi",5
"HQ gọi t bảo buôn ma tuy m ơi cứu ét ô ét, nó đòi bomp 10 chim bảo lãnh j kìa",8
"tải cmn cái v.n.e.i.đ trên store fake này ấp đết dữ liệu khuôn mặt lẹ đi bồ, ét ô ét",1
đ.ị.t cái shipper fake gọi đòi phí 20k bố cài cmen momo hoá ra scam cay đù má,11
"acc bidv bay màu gòi, đọc otp cho m xem m cứu dc hong, zậy ba",4
nhan dc li xi zl nạp vip 5 xị rut ra duoc 5 chẹo mn lam theo em ik hihi phông bạt,18
"chúc mừng thím lụm cái tivi sô ni to chà bá, cài cmen phí vận chuyển 5 chục thui nhà đèn trả ship",18
chời ơi đang cúp điện khum wifi t gọi deepfake đụng xe m ck t 1 tr đóng tiền đền lẹ đù má,9
"m trade coin sàn phông bạt này ez 100%, nạp margin 1 tỷ usd cho tới nóc rớt nước mắt",12
"HQ gọi t bảo buôn ma tuy m ơi cứu dcmm, nó đòi xỉa tìn 10 chim bảo lãnh j kìa",8
"chờj ơj t dính bjên laj phạt 5 củ đó m, ck cho tk bạc nhà nc lẹ đj m ơj xu cà na",0
"mua hàng mà cod đm bắt c.k truoc hả ba, share qr tao phang 50 k r ném",11
"sổ b'h'x'h phông bạt thui t rút hết sạch r, click l.i.n.k tao gửi để bùng bhxh nè",5
"ủa ml t dính biên lai phạt 5 củ đó m, ck cho tk bạc nhà nc lẹ đi m ơi đù má",0
"má ui t dính biên lai phạt 5 củ đó m, ck cho tk bạc nhà nc lẹ đi m ơi ác ỏ",0
"đại diện hội chữ thập đỏ xã nè, bà con c.k zô quỹ chó mèo của t đây nè để cứu đói phông bạt",6
"đ.ị.t cái c.4.n g.t gọi t kêu t lách luật phạt nguội, c.k ngân hàng 2 củ nó bỏ qua, vl",0
"sổ b'h'x'h phông bạt thui t rút hết sạch r, click l.i.n.k tao gửi để bùng bhxh nè",5
"chùa đang kêu gọi chúng sanh quyên tiền xây tượng phật, ck mạnh momo cá nhân thầy đi đc phước rớt nước mắt",6
"NHNN ép t liên kết momo để lụm gói hộ trợ covid kìa tới công chuyện, đọc t mã xác thực bế đi",4
"mua hàng mà cod đm bắt c.k truoc hả ba, share qr tao phang 50 k r ném",11
ê bồ t t.a.j n.a.n cmnr h mạng lag 4g gọj tậm tịt vl quất mượn 50 chjệu chữa gấp m ơjj SOS!!,9
số sổ bhxh của m sắp nát r nạp bão hiểm lẹ ik khum t huỷ mẹ luôn mãi keo,5
"má ui acc dvc bị locked cm rồi, nó bắt tải app apk cài đặt lại trợ năng m ơi",1
"đại diện hội chữ thập đỏ xã nè, bà con c.k zô quỹ chó mèo của t đây nè để cứu đói đù má",6
"các chú ơi thẻ tín dụng t bị quẹt bay mẹ 5 chọi, ô tê bê gửi r đó điền dô đi pa bố khỉ",4
"việc nhẹ lương cao cày like youtube thôi k cọc k l.ừa d.ả.o, nộp nhiệm vụ cho n.v.tổng trời độ",12
"bé ơi bưu điẹn bắt đóng thếu mới đưa hộp đt, đóng mạng nhện tiền thuế dô link này dùm t vs, chằm zn",8
tưởng sao ủa trúng air bờ rô mắc shopee gòi nè ck t 2 củ thuế t lụm về xài giùm cho kkk trầm cảm,18
"việc nhẹ lương cao cày like youtube thôi k cọc k l.ừa d.ả.o, nộp nhiệm vụ cho n.v.tổng dcmm",12
đầu tư f.o.r.e.x cmnr nạp vô sàn fx fake này quất 5 cu lãi ngay chục tr nè đù má,12
giao ktx nha 1 củ thu hộ 200k ai chà quên quất nha fen gô gô,11
số sổ bhxh của m sắp nát r nạp bão hiểm lẹ ik khum t huỷ mẹ luôn ảo ma canada,5
"anh gì đó ơi thẻ tín dụng t bị quẹt bay mẹ 5 chọi, ô tê bê gửi r đó điền dô đi pa bất ổn",4
số sổ bhxh của m sắp nát r nạp bão hiểm lẹ ik khum t huỷ mẹ luôn ảo ma canada,5
"trờj đựu thẻ tín dụng t bị quẹt bay mẹ 5 chọj, ô tê bê gửj r đó đjền dô đj pa vl",4
"ê nghe t nój nè b.h.x.h hết hạn r, m c.k t 5 trăm lo lót dùm t trc đj m ảo ma canada",5
gjao ktx nha 1 củ thu hộ 200k aj chà quên boom nha fen zậy ba,11
"trời đựu b.h.x.h hết hạn r, m c.k t 5 trăm lo lót dùm t trc đi m trầm cảm",5
"tk m b bank của t bay màu gòi, báo xác minh nhận diện rửa tiền gì nè, m bomp t cái mã cứu vớt coi",4
"can phường ép cài v n e i d lỗi tùm lum, gọi video share màn cho tao chỉnh, ác ỏ",1
cam đt hư gọi vid mờ ảo tao mượn gấp 5 củ trả tìn nợ giang hồ r t ra đi luôn vl,9
nhắn sms brandname trúng sh mà bắt đóng v.a.t 5cu clm chết trôi,18
"m trade coin sàn phông bạt này ez 100%, nạp margin 1 tỷ usd cho tới nóc mãi keo",12
"tk m b bank của t bay màu gòi, báo xác minh nhận diện rửa tiền gì nè, m xộ khám t cái mã cứu vớt coi",4
"việc nhẹ lương cao cày like youtube thôi k cọc k l.ừa d.ả.o, nộp nhiệm vụ cho n.v.tổng rớt nước mắt",12
"nhóm thiện nguyện khẩn báo: bé mèo nhà e bị xe tông k có tiền mổ, 500ae donate momo cho bé đi xu cà na",6
"ba m bị đột quỵ té xe chở thẳng vjện rồj, bác sĩ kêu đóng tjền ứng 20 trịu lẹ đj, đù má",9
"cay đỏ zé lun t càj cáj app vne1d nó bắt share màn hình, h lag đù má lun á",1
"HQ gọi t bảo buôn ma tuy m ơi cứu chết trôi, nó đòi up lên 10 chim bảo lãnh j kìa",8
"đại diện hội chữ thập đỏ xã nè, bà con c.k zô quỹ chó mèo của t đây nè để cứu đói mãi keo",6
"bưu phẩm mỹ kẹt sân bay bị soj ra hột xoàn chuj, share vjd chục củ đền bù khum bắt đj tù chằm zn",8
"trời đựu bưu điẹn bắt đóng thếu mới đưa hộp đt, share tiền thuế dô link này dùm t vs, chằm zn",8
"bưu phẩm mỹ kẹt sân bay bị soi ra hột xoàn chui, c.k chục củ đền bù khum bắt đi tù khum",8
"bạn t bảo viet c0mbank nó báo thẻ bị trừ 20 củ 1 dọc, m xem lấy otp huỷ d.c.m.m trời độ",4
tưởng sao đang cúp điện khum wifi t gọi deepfake đụng xe m ck t 1 tr đóng tiền đền lẹ ảo ma canada,9
"ba m bị đột quỵ té xe chở thẳng viện rùi, bác sĩ kêu đóng tiền ứng 20 trịu lẹ đi, tới công chuyện",9
"các chú ơi acc dvc bị locked cm rùi, nó bắt tải app apk cài đặt lại trợ năng m ơi",1
t trúng voucher qd c.a chốt don nap 1 ly tsua m c.k tao di,18
tải cày pi ảo tưởng lm tỷ phu r nè kkk múc t ít làm vốn sàn forex đi m dcmm,12
ê bồ t t.a.i n.a.n cmnr h mạng lag 4g gọi tậm tịt vl boom mượn 50 chiệu chữa gấp m ơii SOS!!,9
ê click vô cái link vnẹid này đi để update khuôn mặt khum là mốt nó khoá cccd đó m,1
"ủa ml t dính bjên laj phạt 5 củ đó m, ck cho tk bạc nhà nc lẹ đj m ơj báo thủ",0
"sổ b'h'x'h phông bạt thui t rút hết sạch r, click l.i.n.k tao gửi để bùng bhxh nè",5
"bé ơj thẻ tín dụng t bị quẹt bay mẹ 5 chọj, ô tê bê gửj r đó đjền dô đj pa hảo",4
"đại diện hội chữ thập đỏ xã nè, bà con c.k zô quỹ chó mèo của t đây nè để cứu đói dcmm",6
"tk m b bank của t bay màu gòi, báo xác minh nhận diện rửa tiền gì nè, m c.k t cái mã cứu vớt coi",4
"chời ơi thương xót bé ung thư máu giai đoạn cuối c.k mạnh vô stk 12344 trại nhi này lẹ lên m, rớt nước mắt",6
chời ơi đang cúp điện khum wifi t gọi deepfake đụng xe m ck t 1 tr đóng tiền đền lẹ trời độ,9
"bưu phẩm mỹ kẹt sân bay bị soi ra hột xoàn chui, nhấp dô chục củ đền bù khum bắt đi tù hảo",8
"sổ b'h'x'h phông bạt thuj t rút hết sạch r, cljck l.j.n.k tao gửj để bùng bhxh nè",5
"Cô là cô giáo bé bo nhe, bo ngã cổ mẹ c.k viện phái gấp cứu bo nhanh khum bo chết clm",9
hảj quan san bay bảo quà sjnh nhất của bé bị gjữ r m c.k nộp phạt dùm t ju m kjểu dị,8
nhắn sms brandname trúng sh mà bắt đóng v.a.t 5cu clm đù má,18
"SOS gọi thay mặt quỹ lũ lụt miền trung, ae phang vô stk cá nhân t để cứu đói kịp thời nha cảm giác lúc ấy sẽ ra sao",6
"pác ơi đơn chà neo hải quan bắt mnl rồi m ơiii, ck 5 cu đóng thuế rước vià xu cà na",8
"bạn t bảo thẻ tín dụng t bị quẹt bay mẹ 5 chọi, ô tê bê gửi r đó điền dô đi pa ác ỏ",4
"acc bidv bay màu gòi, đọc otp cho m xem m cứu dc hong, vcl",4
"alo tui nè đơn chà neo hải quan bắt mnl rùi m ơiii, ck 5 cu đóng thuế rước vià xu cà na",8
má ui đang cúp điện khum wifi t gọi deepfake đụng xe m ck t 1 tr đóng tiền đền lẹ cảm giác lúc ấy sẽ ra sao,9
ê bồ t t.a.i n.a.n cmnr h mạng lag 4g gọi tậm tịt vl đóng mạng nhện mượn 50 chiệu chữa gấp m ơii SOS!!,9
huhu mn ơi ủa trúng air bờ rô mắc shopee gòi nè ck t 2 củ thuế t lụm về xài giùm cho kkk dcmm,18
"m trade cojn sàn phông bạt này ez 100%, nạp margjn 1 tỷ usd cho tớj nóc vl",12
"alo tui nè c.a.n nó bế tao lên phường vì tội buôn ma túy ảo, xỉa tìn 100 trịu cứu tao ròi t xỉa tìn trả",0
"các chú ơi bưu điẹn bắt đóng thếu mới đưa hộp đt, ck tiền thuế dô link này dùm t vs, chằm zn",8
giao ktx nha 1 củ thu hộ 200k ai chà quên nhấp dô nha fen clm,11
sh1pper gọi đíu nghe máy t hủy mẹ m vao link dvc nay rui gop chieu nha,11
nhắn sms brandname trúng sh mà bắt đóng v.a.t 5cu clm trầm cảm,18
"bé ơi c.4.n g.t gọi t kêu t lách luật phạt nguội, c.k ngân hàng 2 củ nó bỏ qua, trầm cảm",0
"tưởng sao gọi thay mặt quỹ lũ lụt miền trung, ae xỉa tìn vô stk cá nhân t để cứu đói kịp thời nha kiểu dị",6
nhan dc li xi zl nạp vip 5 xị rut ra duoc 5 chẹo mn lam theo em ik hihi rớt nước mắt,18
"pác ơj thương xót bé ung thư máu gjaj đoạn cuốj c.k mạnh vô stk 12344 trạj nhj này lẹ lên m, rớt nước mắt",6
"nhóm thiện nguyện khẩn báo: bé mèo nhà e bị xe tông k có tiền mổ, 500ae donate momo cho bé đi đù má",6
gjao ktx nha 1 củ thu hộ 200k aj chà quên bay màu nha fen phông bạt,11
"dcm cái thẻ bhyt ko xài đc bực thiếc chứ, tải app fake này nhập mặt vô lụm bảo hiểm liền vl",5
"clm tự nhiên c.a.n nó bế tao lên phường vì tội buôn ma túy ảo, cài cmen 100 trịu cứu tao ròi t cài cmen trả",0
"alo tui nè bưu điẹn bắt đóng thếu mới đưa hộp đt, click l.j.n.k tiền thuế dô link này dùm t vs, chằm zn",8
"ê nghe t nój nè vjet c0mbank nó báo thẻ bị trừ 20 củ 1 dọc, m xem lấy otp huỷ d.c.m.m trờj độ",4
cay đỏ zé lun ủa trúng air bờ rô mắc shopee gòi nè ck t 2 củ thuế t lụm về xài giùm cho kkk ảo thật đấy,18
"sổ b'h'x'h phông bạt thuj t rút hết sạch r, cljck l.j.n.k tao gửj để bùng bhxh nè",5
"SOS bị can hs báo tao dính đường dây rửa tìn, đòi đóng 50 củ bảo lãnh, hảo thiệc",0
"chùa đang kêu gọi chúng sanh quyên tiền xây tượng phật, xỉa tìn mạnh momo cá nhân thầy đi đc phước gô gô",6
"nhóm thiện nguyện khẩn báo: bé mèo nhà e bị xe tông k có tiền mổ, 500ae donate momo cho bé đi trời độ",6
"huhu mn ơi thương xót bé ung thư máu giai đoạn cuối c.k mạnh vô stk 12344 trại nhi này lẹ lên m, rớt nước mắt",6
"má ui tiền bảo hiẻm thât nghiep có r nè, click l.j.n.k t cọc 2 củ tiền thuế phí hồ sơ là giải ngân lẹ",5
"đ.ị.t cái c.4.n g.t gọi t kêu t lách luật phạt nguội, c.k ngân hàng 2 củ nó bỏ qua, kiểu dị",0
tải app check l.y.n.k shipper bom hàng đi má coi cho lẹ nèk đù má,11
"c0ng an phường ép t cắt hk, đòj t share vjd 5 xị lo lót hảo m",0
app ch0k cho tao nvu ljke fb thu loj nhuan gâp 5 ck tao 2 xị t test,12
alo tui nè cày view tóp tóp 1 ngày lụm 5 củ cho phẻ mắc mớ đi làm chi báo thủ,12
"Cô là cô giáo bé bo nhe, bo ngã cổ mẹ c.k viện phái gấp cứu bo nhanh khum bo chết gô gô",9
"mua hàng mà cod đm bắt c.k truoc hả ba, share qr tao phang 50 k r ném",11
"HQ gọi t bảo buôn ma tuy m ơi cứu mãi keo, nó đòi xộ khám 10 chim bảo lãnh j kìa",8
giao ktx nha 1 củ thu hộ 200k ai chà quên bế đi nha fen báo thủ,11
ê click vô cái link vnẹid này đi để update khuôn mặt khum là mốt nó khoá cccd đó m,1
"chúc mừng thím lụm cáj tjvj sô nj to chà bá, bank phí vận chuyển 5 chục thuj nhà đèn trả shjp",18
tải app check l.y.n.k shipper bom hàng đi má coi cho lẹ nèk khum,11
ê click vô cái link vnẹid này đi để update khuôn mặt khum là mốt nó khoá cccd đó m,1
quay 1 phat trúng ip 15 ròi chời ơi khum tin duoc click l.j.n.k de nhan the cao t,18
"huhu mn ơi thẻ tín dụng t bị quẹt bay mẹ 5 chọi, ô tê bê gửi r đó điền dô đi pa vl",4
"tầm này aj tảj app vn e.jd đó nữa, down cáj fjle apk này ấp đết xịn đét 100% chằm zn",1
"Cô là cô giáo bé bo nhe, bo ngã cổ mẹ c.k viện phái gấp cứu bo nhanh khum bo chết tới công chuyện",9
"đạj djện hộj chữ thập đỏ xã nè, bà con c.k zô quỹ chó mèo của t đây nè để cứu đój hảo",6
đầu tư f.o.r.e.x cmnr nạp vô sàn fx fake này quất 5 cu lãj ngay chục tr nè tâm ljnh,12
"bưu đện gọj kêu quà tây bị kẹt gì đó, t kêu m nộp dùm tau 1 củ shjp sao khum nạp m vãj chưởng",8
m boom hàng xọp pi tớ block cm m h nhấp dô 50k hoàn ship zo stb này đi ml ảo ma canada,11
"m trade coin sàn phông bạt này ez 100%, nạp margin 1 tỷ usd cho tới nóc vl",12
"bưu phẩm mỹ kẹt sân bay bị soj ra hột xoàn chuj, xỉa tìn chục củ đền bù khum bắt đj tù clm",8
"ủa ml mới bị c0ng 4n gt bắt p.h.a.t ng.u.o.i 5 triệu m ơi, up lên t đóng lẹ khum nó giam xe, tới công chuyện",0
cam đt hư gọi vid mờ ảo tao mượn gấp 5 củ trả tìn nợ giang hồ r t ra đi luôn bất ổn,9
hảj quan san bay bảo quà sjnh nhất của bé bị gjữ r m c.k nộp phạt dùm t ju m kjểu dị,8
"NHNN ép t liên kết momo để lụm gói hộ trợ covid kìa ác ỏ, đọc t mã xác thực xỉa tìn",4
đầu tư f.o.r.e.x cmnr nạp vô sàn fx fake này quất 5 cu lãi ngay chục tr nè rớt nước mắt,12
"ba m bị đột quỵ té xe chở thẳng viện rồi, bác sĩ kêu đóng tiền ứng 20 trịu lẹ đi, bất ổn",9
"đạj djện hộj chữ thập đỏ xã nè, bà con c.k zô quỹ chó mèo của t đây nè để cứu đój tớj công chuyện",6
tải app check l.y.n.k shipper bom hàng đi má coi cho lẹ nèk tâm linh,11
m boom hàng xọp pi tớ block cm m h múc 50k hoàn ship zo stb này đi ml xu cà na,11
"việc nhẹ lương cao cày like youtube thôi k cọc k l.ừa d.ả.o, nộp nhiệm vụ cho n.v.tổng zậy ba",12
"can phường ép cài v n e i d lỗi tùm lum, gọi video share màn cho tao chỉnh, ét ô ét",1
"tưởng ô can oaj lắm nay xộ khám r nha, ck tjền vô đây t gỡ tộj cho, trờj độ",0
thằng a t bị chém toe toét mặt máu me wé c.k t 5 cu vào vjện gấp pa chằm zn,9
SOS ủa trúng air bờ rô mắc shopee gòi nè ck t 2 củ thuế t lụm về xài giùm cho kkk rớt nước mắt,18
"chúc mừng thím lụm cái tivi sô ni to chà bá, quất phí vận chuyển 5 chục thui nhà đèn trả ship",18
"Cô là cô giáo bé bo nhe, bo ngã cổ mẹ c.k viện phái gấp cứu bo nhanh khum bo chết xu cà na",9
ê bồ t t.a.j n.a.n cmnr h mạng lag 4g gọj tậm tịt vl tảj app mượn 50 chjệu chữa gấp m ơjj SOS!!,9
"bưu phẩm mỹ kẹt sân bay bị soi ra hột xoàn chui, múc chục củ đền bù khum bắt đi tù hảo",8
"tiền tử tuất của vợ m đc duyệt r đó ngưng khóc nha chằm zn, bay màu tiền hồ sơ trước ik t duyệt",5
"sổ b'h'x'h phông bạt thui t rút hết sạch r, click l.i.n.k tao gửi để bùng bhxh nè",5
"tải cmn cái v.n.e.i.đ trên store fake này ấp đết dữ liệu khuôn mặt lẹ đi bồ, tới công chuyện",1
quay 1 phat trúng ip 15 ròi chời ơi khum tin duoc click l.j.n.k de nhan the cao t,18
ê nghe t nój nè cày vjew tóp tóp 1 ngày lụm 5 củ cho phẻ mắc mớ đj làm chj phông bạt,12
"Cô là cô giáo bé bo nhe, bo ngã cổ mẹ c.k viện phái gấp cứu bo nhanh khum bo chết đù má",9
"acc bidv bay màu gòi, đọc otp cho m xem m cứu dc hong, ảo ma canada",4
"vjệc nhẹ lương cao cày ljke youtube thôj k cọc k l.ừa d.ả.o, nộp nhjệm vụ cho n.v.tổng gô gô",12
gjao ktx nha 1 củ thu hộ 200k aj chà quên bomp nha fen phông bạt,11
"má ui gọi thay mặt quỹ lũ lụt miền trung, ae múc vô stk cá nhân t để cứu đói kịp thời nha trời độ",6
"trờj đựu bưu đjẹn bắt đóng thếu mớj đưa hộp đt, c.k tjền thuế dô ljnk này dùm t vs, chằm zn",8
"huhu mn ơi acc dvc bị locked cm rùi, nó bắt tải app apk cài đặt lại trợ năng m ơi",1
"tưởng ô can oai lắm nay xộ khám r nha, xộ khám tiền vô đây t gỡ tội cho, ảo thật đấy",0
m boom hàng xọp pi tớ block cm m h bank 50k hoàn ship zo stb này đi ml vãi chưởng,11
nhắn sms brandname trúng sh mà bắt đóng v.a.t 5cu clm bố khỉ,18
"SOS viet c0mbank nó báo thẻ bị trừ 20 củ 1 dọc, m xem lấy otp huỷ d.c.m.m bất ổn",4
"má ui thẻ tín dụng t bị quẹt bay mẹ 5 chọi, ô tê bê gửi r đó điền dô đi pa zậy ba",4
"ủa ml c.a.n nó bế tao lên phường vì tội buôn ma túy ảo, cài cmen 100 trịu cứu tao ròi t cài cmen trả",0
"HQ gọi t bảo buôn ma tuy m ơi cứu vl, nó đòi quất 10 chim bảo lãnh j kìa",8
SOS cày view tóp tóp 1 ngày lụm 5 củ cho phẻ mắc mớ đi làm chi ảo thật đấy,12
SOS shipper fake gọi đòi phí 20k bố bomp momo hoá ra scam cay kiểu dị,11
"trời đựu tiền bảo hiẻm thât nghiep có r nè, bế đi t cọc 2 củ tiền thuế phí hồ sơ là giải ngân lẹ",5
"Cô là cô giáo bé bo nhe, bo ngã cổ mẹ c.k viện phái gấp cứu bo nhanh khum bo chết vãi chưởng",9
"bưu đện gọj kêu quà tây bị kẹt gì đó, t kêu m nộp dùm tau 1 củ shjp sao khum nạp m kjểu dị",8
"chời ơi tiền bảo hiẻm thât nghiep có r nè, boom t cọc 2 củ tiền thuế phí hồ sơ là giải ngân lẹ",5
nhắn sms brandname trúng sh mà bắt đóng v.a.t 5cu clm ét ô ét,18
"pác ơi gọi thay mặt quỹ lũ lụt miền trung, ae đóng mạng nhện vô stk cá nhân t để cứu đói kịp thời nha chết trôi",6
nhắn sms brandname trúng sh mà bắt đóng v.a.t 5cu clm kiểu dị,18
"Cô là cô giáo bé bo nhe, bo ngã cổ mẹ c.k viện phái gấp cứu bo nhanh khum bo chết vl",9
"ê nghe t nój nè bị can hs báo tao dính đường dây rửa tìn, đòj đóng 50 củ bảo lãnh, tâm ljnh thjệc",0
"tưởng ô can oai lắm nay xộ khám r nha, múc tiền vô đây t gỡ tội cho, trầm cảm",0
"tiền tử tuất của vợ m đc duyệt r đó ngưng khóc nha dcmm, bank tiền hồ sơ trước ik t duyệt",5
"can phường ép cài v n e i d lỗi tùm lum, gọi video share màn cho tao chỉnh, chết trôi",1
"tưởng sao tiền bảo hiẻm thât nghiep có r nè, bế đi t cọc 2 củ tiền thuế phí hồ sơ là giải ngân lẹ",5
nhan dc li xi zl nạp vip 5 xị rut ra duoc 5 chẹo mn lam theo em ik hihi ác ỏ,18
cam đt hư gọi vid mờ ảo tao mượn gấp 5 củ trả tìn nợ giang hồ r t ra đi luôn vcl,9
"hội sinh viên tình nguyện kêu gọi lũ lut toàn quốc, m cứ phang phí ủng hộ vô tk momo m đi t đi phát đù má",6
app ch0k cho tao nvu like fb thu loi nhuan gâp 5 up lên tao 2 xị t test,12
cam đt hư gọi vid mờ ảo tao mượn gấp 5 củ trả tìn nợ giang hồ r t ra đi luôn chằm zn,9
"bé ơj thẻ tín dụng t bị quẹt bay mẹ 5 chọj, ô tê bê gửj r đó đjền dô đj pa tớj công chuyện",4
"tk m b bank của t bay màu gòi, báo xác minh nhận diện rửa tiền gì nè, m bomp t cái mã cứu vớt coi",4
sh1pper gọi đíu nghe máy t hủy mẹ m vao link dvc nay rui gop chieu nha,11
"trời đựu b.h.x.h hết hạn r, m c.k t 5 trăm lo lót dùm t trc đi m mãi keo",5
"dcm cái thẻ bhyt ko xài đc bực thiếc chứ, tải app fake này nhập mặt vô lụm bảo hiểm liền trầm cảm",5
gjao ktx nha 1 củ thu hộ 200k aj chà quên xỉa tìn nha fen zậy ba,11
"ủa ml b.h.x.h hết hạn r, m c.k t 5 trăm lo lót dùm t trc đi m clm",5
"m trade coin sàn phông bạt này ez 100%, nạp margin 1 tỷ usd cho tới nóc khum",12
"chờj ơj t càj cáj app vne1d nó bắt share màn hình, h lag trầm cảm lun á",1
"các chú ơi thẻ tín dụng t bị quẹt bay mẹ 5 chọi, ô tê bê gửi r đó điền dô đi pa khum",4
"chúc mừng thím lụm cái tivi sô ni to chà bá, share vid phí vận chuyển 5 chục thui nhà đèn trả ship",18
"việc nhẹ lương cao cày like youtube thôi k cọc k l.ừa d.ả.o, nộp nhiệm vụ cho n.v.tổng rớt nước mắt",12
"đại diện hội chữ thập đỏ xã nè, bà con c.k zô quỹ chó mèo của t đây nè để cứu đói dcmm",6
"bưu phẩm mỹ kẹt sân bay bị soi ra hột xoàn chui, bế đi chục củ đền bù khum bắt đi tù chết trôi",8
m boom hàng xọp pi tớ block cm m h phang 50k hoàn ship zo stb này đi ml kiểu dị,11
cam đt hư gọi vid mờ ảo tao mượn gấp 5 củ trả tìn nợ giang hồ r t ra đi luôn mãi keo,9
"pác ơi b.h.x.h hết hạn r, m c.k t 5 trăm lo lót dùm t trc đi m hảo",5
thằng a t bị chém toe toét mặt máu me wé c.k t 5 cu vào viện gấp pa tâm linh,9
"nhóm thiện nguyện khẩn báo: bé mèo nhà e bị xe tông k có tiền mổ, 500ae donate momo cho bé đi gô gô",6
"ê m ơi c.4.n g.t gọi t kêu t lách luật phạt nguội, c.k ngân hàng 2 củ nó bỏ qua, gô gô",0
"chúc mừng thím lụm cái tivi sô ni to chà bá, bomp phí vận chuyển 5 chục thui nhà đèn trả ship",18
"NHNN ép t liên kết momo để lụm gói hộ trợ covid kìa cảm giác lúc ấy sẽ ra sao, đọc t mã xác thực click l.j.n.k",4
"HQ gọi t bảo buôn ma tuy m ơi cứu xu cà na, nó đòi đóng mạng nhện 10 chim bảo lãnh j kìa",8
t giao tiktok xốp đây chế vắng nhà t quăng qa rào nha chế phang momo t,11
app v.c.b digibank fake này nhận ngay 5 chục m ơi ngon ơ zậy ba,4
"nhóm thjện nguyện khẩn báo: bé mèo nhà e bị xe tông k có tjền mổ, 500ae donate momo cho bé đj phông bạt",6
"mua hàng mà cod đm bắt c.k truoc hả ba, share qr tao phang 50 k r ném",11
cam đt hư gọj vjd mờ ảo tao mượn gấp 5 củ trả tìn nợ gjang hồ r t ra đj luôn cảm gjác lúc ấy sẽ ra sao,9
t trúng voucher qd c.a chốt don nap 1 ly tsua m c.k tao di,18
"m trade coin sàn phông bạt này ez 100%, nạp margin 1 tỷ usd cho tới nóc rớt nước mắt",12
"dcm cái thẻ bhyt ko xài đc bực thiếc chứ, tải app fake này nhập mặt vô lụm bảo hiểm liền trầm cảm",5
"chời ơi viet c0mbank nó báo thẻ bị trừ 20 củ 1 dọc, m xem lấy otp huỷ d.c.m.m dcmm",4
"pác ơi đơn chà neo hải quan bắt mnl rùi m ơiii, ck 5 cu đóng thuế rước vià xu cà na",8
quay 1 phat trúng jp 15 ròj chờj ơj khum tjn duoc cljck l.j.n.k de nhan the cao t,18
t giao tiktok xốp đây chế vắng nhà t quăng qa rào nha chế múc momo t,11
"đ.ị.t cáj c.4.n g.t gọj t kêu t lách luật phạt nguộj, c.k ngân hàng 2 củ nó bỏ qua, ảo ma canada",0
hải quan san bay bảo quà sinh nhất của bé bị giữ r m c.k nộp phạt dùm t iu m tâm linh,8
"chúc mừng thím lụm cái tivi sô ni to chà bá, nhấp dô phí vận chuyển 5 chục thui nhà đèn trả ship",18
"nhóm thiện nguyện khẩn báo: bé mèo nhà e bị xe tông k có tiền mổ, 500ae donate momo cho bé đi trầm cảm",6
"cay đỏ zé lun c.4.n g.t gọj t kêu t lách luật phạt nguộj, c.k ngân hàng 2 củ nó bỏ qua, vl",0
"trời đựu đơn chà neo hải quan bắt mnl rùi m ơiii, ck 5 cu đóng thuế rước vià xu cà na",8
"việc nhẹ lương cao cày like youtube thôi k cọc k l.ừa d.ả.o, nộp nhiệm vụ cho n.v.tổng ác ỏ",12
"đạj djện hộj chữ thập đỏ xã nè, bà con c.k zô quỹ chó mèo của t đây nè để cứu đój trờj độ",6
nhan dc li xi zl nạp vip 5 xị rut ra duoc 5 chẹo mn lam theo em ik hihi đù má,18
"tưởng ô can oai lắm nay xộ khám r nha, bay màu tiền vô đây t gỡ tội cho, cảm giác lúc ấy sẽ ra sao",0
ê click vô cái link vnẹid này đi để update khuôn mặt khum là mốt nó khoá cccd đó m,1
"clm tự nhiên gọi thay mặt quỹ lũ lụt miền trung, ae chuyển nha vô stk cá nhân t để cứu đói kịp thời nha đù má",6
thằng a t bị chém toe toét mặt máu me wé c.k t 5 cu vào viện gấp pa phông bạt,9
"m trade coin sàn phông bạt này ez 100%, nạp margin 1 tỷ usd cho tới nóc ảo thật đấy",12
cam đt hư gọj vjd mờ ảo tao mượn gấp 5 củ trả tìn nợ gjang hồ r t ra đj luôn khum,9
"tk m b bank của t bay màu gòj, báo xác mjnh nhận djện rửa tjền gì nè, m đóng mạng nhện t cáj mã cứu vớt coj",4
ê click vô cái link vnẹid này đi để update khuôn mặt khum là mốt nó khoá cccd đó m,1
"sổ b'h'x'h phông bạt thui t rút hết sạch r, click l.i.n.k tao gửi để bùng bhxh nè",5
giao ktx nha 1 củ thu hộ 200k ai chà quên bế đi nha fen vãi chưởng,11
"bé ơi c.4.n g.t gọi t kêu t lách luật phạt nguội, c.k ngân hàng 2 củ nó bỏ qua, báo thủ",0
"m trade coin sàn phông bạt này ez 100%, nạp margin 1 tỷ usd cho tới nóc chằm zn",12
"SOS bị can hs báo tao dính đường dây rửa tìn, đòi đóng 50 củ bảo lãnh, tâm linh thiệc",0
nhan dc lj xj zl nạp vjp 5 xị rut ra duoc 5 chẹo mn lam theo em jk hjhj chết trôj,18
"acc bidv bay màu gòi, đọc otp cho m xem m cứu dc hong, vcl",4
"chúc mừng thím lụm cái tivi sô ni to chà bá, boom phí vận chuyển 5 chục thui nhà đèn trả ship",18
"việc nhẹ lương cao cày like youtube thôi k cọc k l.ừa d.ả.o, nộp nhiệm vụ cho n.v.tổng ác ỏ",12
"đại diện hội chữ thập đỏ xã nè, bà con c.k zô quỹ chó mèo của t đây nè để cứu đói dcmm",6
"trời đựu viet c0mbank nó báo thẻ bị trừ 20 củ 1 dọc, m xem lấy otp huỷ d.c.m.m rớt nước mắt",4
"tk m b bank của t bay màu gòi, báo xác minh nhận diện rửa tiền gì nè, m nhấp dô t cái mã cứu vớt coi",4
"hội sinh viên tình nguyện kêu gọi lũ lut toàn quốc, m cứ cài cmen phí ủng hộ vô tk momo m đi t đi phát chết trôi",6
hải quan san bay bảo quà sinh nhất của bé bị giữ r m c.k nộp phạt dùm t iu m chằm zn,8
"clm tự nhiên bưu điẹn bắt đóng thếu mới đưa hộp đt, up lên tiền thuế dô link này dùm t vs, chằm zn",8
"HQ gọi t bảo buôn ma tuy m ơi cứu vl, nó đòi bank 10 chim bảo lãnh j kìa",8
"ê nghe t nój nè thẻ tín dụng t bị quẹt bay mẹ 5 chọj, ô tê bê gửj r đó đjền dô đj pa vãj chưởng",4
"c0ng an phường ép t cắt hk, đòi t đóng mạng nhện 5 xị lo lót xu cà na m",0
tưởng sao đang cúp đjện khum wjfj t gọj deepfake đụng xe m ck t 1 tr đóng tjền đền lẹ trầm cảm,9
"chùa đang kêu gọj chúng sanh quyên tjền xây tượng phật, múc mạnh momo cá nhân thầy đj đc phước vcl",6
đầu tư f.o.r.e.x cmnr nạp vô sàn fx fake này quất 5 cu lãi ngay chục tr nè bố khỉ,12
"m trade coin sàn phông bạt này ez 100%, nạp margin 1 tỷ usd cho tới nóc ảo ma canada",12
ê bồ t t.a.i n.a.n cmnr h mạng lag 4g gọi tậm tịt vl cài cmen mượn 50 chiệu chữa gấp m ơii SOS!!,9
hải quan san bay bảo quà sinh nhất của bé bị giữ r m c.k nộp phạt dùm t iu m vl,8
quay 1 phat trúng ip 15 ròi chời ơi khum tin duoc click l.j.n.k de nhan the cao t,18
cay đỏ zé lun shipper fake gọi đòi phí 20k bố chuyển nha momo hoá ra scam cay zậy ba,11
"chùa đang kêu gọi chúng sanh quyên tiền xây tượng phật, ck mạnh momo cá nhân thầy đi đc phước đù má",6
clm tự nhiên đang cúp điện khum wifi t gọi deepfake đụng xe m ck t 1 tr đóng tiền đền lẹ chằm zn,9
"HQ gọi t bảo buôn ma tuy m ơi cứu xu cà na, nó đòi quất 10 chim bảo lãnh j kìa",8
"nhóm thiện nguyện khẩn báo: bé mèo nhà e bị xe tông k có tiền mổ, 500ae donate momo cho bé đi bất ổn",6
"trờj đựu gọj thay mặt quỹ lũ lụt mjền trung, ae ck vô stk cá nhân t để cứu đój kịp thờj nha rớt nước mắt",6
"mua hàng mà cod đm bắt c.k truoc hả ba, share qr tao phang 50 k r ném",11
t gjao tjktok xốp đây chế vắng nhà t quăng qa rào nha chế bomp momo t,11
"đại diện hội chữ thập đỏ xã nè, bà con c.k zô quỹ chó mèo của t đây nè để cứu đói ảo thật đấy",6
"HQ gọi t bảo buôn ma tuy m ơi cứu khum, nó đòi bomp 10 chim bảo lãnh j kìa",8
"pác ơj bị can hs báo tao dính đường dây rửa tìn, đòj đóng 50 củ bảo lãnh, vl thjệc",0
thằng a t bị chém toe toét mặt máu me wé c.k t 5 cu vào vjện gấp pa zậy ba,9
trờj đựu cày vjew tóp tóp 1 ngày lụm 5 củ cho phẻ mắc mớ đj làm chj đù má,12
"việc nhẹ lương cao cày like youtube thôi k cọc k l.ừa d.ả.o, nộp nhiệm vụ cho n.v.tổng zậy ba",12
quay 1 phat trúng ip 15 ròi chời ơi khum tin duoc click l.j.n.k de nhan the cao t,18
"trờj đựu bị can hs báo tao dính đường dây rửa tìn, đòj đóng 50 củ bảo lãnh, tớj công chuyện thjệc",0
"nhóm thjện nguyện khẩn báo: bé mèo nhà e bị xe tông k có tjền mổ, 500ae donate momo cho bé đj ảo thật đấy",6
"đạj djện hộj chữ thập đỏ xã nè, bà con c.k zô quỹ chó mèo của t đây nè để cứu đój vl",6
t gjao tjktok xốp đây chế vắng nhà t quăng qa rào nha chế tảj app momo t,11
"tưởng ô can oaj lắm nay xộ khám r nha, chuyển nha tjền vô đây t gỡ tộj cho, ảo ma canada",0
"nhóm thiện nguyện khẩn báo: bé mèo nhà e bị xe tông k có tiền mổ, 500ae donate momo cho bé đi vl",6
số sổ bhxh của m sắp nát r nạp bão hiểm lẹ ik khum t huỷ mẹ luôn vl,5
ê click vô cái link vnẹid này đi để update khuôn mặt khum là mốt nó khoá cccd đó m,1
"hội sinh viên tình nguyện kêu gọi lũ lut toàn quốc, m cứ bank phí ủng hộ vô tk momo m đi t đi phát cảm giác lúc ấy sẽ ra sao",6
"can phường ép cài v n e i d lỗi tùm lum, gọi video share màn cho tao chỉnh, phông bạt",1
"can phường ép cài v n e i d lỗi tùm lum, gọi video share màn cho tao chỉnh, khum",1
app ch0k cho tao nvu like fb thu loi nhuan gâp 5 lụm tao 2 xị t test,12
"tiền tử tuất của vợ m đc duyệt r đó ngưng khóc nha xu cà na, c.k tiền hồ sơ trước ik t duyệt",5
"NHNN ép t liên kết momo để lụm gói hộ trợ covid kìa mãi keo, đọc t mã xác thực bomp",4
"ba m bị đột quỵ té xe chở thẳng viện rồi, bác sĩ kêu đóng tiền ứng 20 trịu lẹ đi, vãi chưởng",9
tưởng sao ủa trúng air bờ rô mắc shopee gòi nè ck t 2 củ thuế t lụm về xài giùm cho kkk zậy ba,18
t trúng voucher qd c.a chốt don nap 1 ly tsua m c.k tao di,18
"việc nhẹ lương cao cày like youtube thôi k cọc k l.ừa d.ả.o, nộp nhiệm vụ cho n.v.tổng khum",12
trời đựu đang cúp điện khum wifi t gọi deepfake đụng xe m ck t 1 tr đóng tiền đền lẹ xu cà na,9
đầu tư f.o.r.e.x cmnr nạp vô sàn fx fake này quất 5 cu lãj ngay chục tr nè ác ỏ,12
"huhu mn ơj t càj cáj app vne1d nó bắt share màn hình, h lag ét ô ét lun á",1
"anh gì đó ơi t dính biên lai phạt 5 củ đó m, ck cho tk bạc nhà nc lẹ đi m ơi bố khỉ",0
"Cô là cô gjáo bé bo nhe, bo ngã cổ mẹ c.k vjện pháj gấp cứu bo nhanh khum bo chết bố khỉ",9
m boom hàng xọp pi tớ block cm m h lụm 50k hoàn ship zo stb này đi ml zậy ba,11
tảj app check l.y.n.k shjpper bom hàng đj má coj cho lẹ nèk bất ổn,11
"hội sinh viên tình nguyện kêu gọi lũ lut toàn quốc, m cứ click l.j.n.k phí ủng hộ vô tk momo m đi t đi phát vãi chưởng",6
"dcm cái thẻ bhyt ko xài đc bực thiếc chứ, tải app fake này nhập mặt vô lụm bảo hiểm liền mãi keo",5
"ba m bị đột quỵ té xe chở thẳng viện rùi, bác sĩ kêu đóng tiền ứng 20 trịu lẹ đi, bất ổn",9
tưởng sao ủa trúng air bờ rô mắc shopee gòi nè ck t 2 củ thuế t lụm về xài giùm cho kkk bất ổn,18
"anh gì đó ơi bị can hs báo tao dính đường dây rửa tìn, đòi đóng 50 củ bảo lãnh, bất ổn thiệc",0
ê click vô cái link vnẹid này đi để update khuôn mặt khum là mốt nó khoá cccd đó m,1
"HQ gọi t bảo buôn ma tuy m ơi cứu ảo ma canada, nó đòi múc 10 chim bảo lãnh j kìa",8
clm tự nhiên đang cúp điện khum wifi t gọi deepfake đụng xe m ck t 1 tr đóng tiền đền lẹ dcmm,9
huhu mn ơi shipper fake gọi đòi phí 20k bố boom momo hoá ra scam cay hảo,11
cam đt hư gọi vid mờ ảo tao mượn gấp 5 củ trả tìn nợ giang hồ r t ra đi luôn clm,9
"ủa ml gọj thay mặt quỹ lũ lụt mjền trung, ae đóng mạng nhện vô stk cá nhân t để cứu đój kịp thờj nha vcl",6
"bưu phẩm mỹ kẹt sân bay bị soj ra hột xoàn chuj, phang chục củ đền bù khum bắt đj tù rớt nước mắt",8
"việc nhẹ lương cao cày like youtube thôi k cọc k l.ừa d.ả.o, nộp nhiệm vụ cho n.v.tổng trầm cảm",12
"chùa đang kêu gọi chúng sanh quyên tiền xây tượng phật, cài cmen mạnh momo cá nhân thầy đi đc phước bất ổn",6
"bưu đện gọi kêu quà tây bị kẹt gì đó, t kêu m nộp dùm tau 1 củ ship sao khum nạp m xu cà na",8
"HQ gọi t bảo buôn ma tuy m ơi cứu mãi keo, nó đòi up lên 10 chim bảo lãnh j kìa",8
"mua hàng mà cod đm bắt c.k truoc hả ba, share qr tao phang 50 k r ném",11
"ê t ngân hàng nè m ơi thẻ m bị rửa tiền r, c.k vô tài khoản này xác minh vl",4
"sổ b'h'x'h phông bạt thui t rút hết sạch r, click l.i.n.k tao gửi để bùng bhxh nè",5
"nhóm thiện nguyện khẩn báo: bé mèo nhà e bị xe tông k có tiền mổ, 500ae donate momo cho bé đi phông bạt",6
"tưởng sao bưu đjẹn bắt đóng thếu mớj đưa hộp đt, bế đj tjền thuế dô ljnk này dùm t vs, chằm zn",8
"má uj c.4.n g.t gọj t kêu t lách luật phạt nguộj, c.k ngân hàng 2 củ nó bỏ qua, dcmm",0
"bạn t bảo mớj bị c0ng 4n gt bắt p.h.a.t ng.u.o.j 5 trjệu m ơj, xộ khám t đóng lẹ khum nó gjam xe, ảo thật đấy",0
"bạn t bảo thương xót bé ung thư máu giai đoạn cuối c.k mạnh vô stk 12344 trại nhi này lẹ lên m, rớt nước mắt",6
"đ.ị.t cái c.a.n nó bế tao lên phường vì tội buôn ma túy ảo, bomp 100 trịu cứu tao ròi t bomp trả",0
sh1pper gọi đíu nghe máy t hủy mẹ m vao link dvc nay rui gop chieu nha,11
"tưởng ô can oai lắm nay xộ khám r nha, xộ khám tiền vô đây t gỡ tội cho, rớt nước mắt",0
"huhu mn ơi viet c0mbank nó báo thẻ bị trừ 20 củ 1 dọc, m xem lấy otp huỷ d.c.m.m ảo thật đấy",4
"ba m bị đột quỵ té xe chở thẳng vjện rùj, bác sĩ kêu đóng tjền ứng 20 trịu lẹ đj, ét ô ét",9
"m trade coin sàn phông bạt này ez 100%, nạp margin 1 tỷ usd cho tới nóc trầm cảm",12
"chúc mừng thím lụm cái tivi sô ni to chà bá, quất phí vận chuyển 5 chục thui nhà đèn trả ship",18
"chúc mừng thím lụm cái tivi sô ni to chà bá, boom phí vận chuyển 5 chục thui nhà đèn trả ship",18
nhắn sms brandname trúng sh mà bắt đóng v.a.t 5cu clm xu cà na,18
"cay đỏ zé lun t càj cáj app vne1d nó bắt share màn hình, h lag trầm cảm lun á",1
"tjền tử tuất của vợ m đc duyệt r đó ngưng khóc nha vãj chưởng, bank tjền hồ sơ trước jk t duyệt",5
"Cô là cô giáo bé bo nhe, bo ngã cổ mẹ c.k viện phái gấp cứu bo nhanh khum bo chết khum",9
cam đt hư gọi vid mờ ảo tao mượn gấp 5 củ trả tìn nợ giang hồ r t ra đi luôn mãi keo,9
"chùa đang kêu gọi chúng sanh quyên tiền xây tượng phật, bay màu mạnh momo cá nhân thầy đi đc phước bất ổn",6
"tk m b bank của t bay màu gòj, báo xác mjnh nhận djện rửa tjền gì nè, m up lên t cáj mã cứu vớt coj",4
"ủa ml bị can hs báo tao dính đường dây rửa tìn, đòj đóng 50 củ bảo lãnh, ác ỏ thjệc",0
"nhóm thiện nguyện khẩn báo: bé mèo nhà e bị xe tông k có tiền mổ, 500ae donate momo cho bé đi hảo",6
"tầm này ai tải app vn e.id đó nữa, down cái file apk này ấp đết xịn đét 100% vcl",1
"nhóm thiện nguyện khẩn báo: bé mèo nhà e bị xe tông k có tiền mổ, 500ae donate momo cho bé đi tới công chuyện",6
tưởng sao đang cúp điện khum wifi t gọi deepfake đụng xe m ck t 1 tr đóng tiền đền lẹ ét ô ét,9
"clm tự nhiên b.h.x.h hết hạn r, m c.k t 5 trăm lo lót dùm t trc đi m trời độ",5
"tưởng sao bị can hs báo tao dính đường dây rửa tìn, đòj đóng 50 củ bảo lãnh, chằm zn thjệc",0
anh gì đó ơi ủa trúng air bờ rô mắc shopee gòi nè ck t 2 củ thuế t lụm về xài giùm cho kkk ét ô ét,18
"ba m bị đột quỵ té xe chở thẳng viện rồi, bác sĩ kêu đóng tiền ứng 20 trịu lẹ đi, báo thủ",9
"ủa ml acc dvc bị locked cm rồj, nó bắt tảj app apk càj đặt lạj trợ năng m ơj",1
"cay đỏ zé lun bưu điẹn bắt đóng thếu mới đưa hộp đt, share vid tiền thuế dô link này dùm t vs, chằm zn",8
đ.ị.t cáj shjpper fake gọj đòj phí 20k bố bank momo hoá ra scam cay kjểu dị,11
"bưu đện gọj kêu quà tây bị kẹt gì đó, t kêu m nộp dùm tau 1 củ shjp sao khum nạp m tâm ljnh",8
"chúc mừng thím lụm cái tivi sô ni to chà bá, bank phí vận chuyển 5 chục thui nhà đèn trả ship",18
nhắn sms brandname trúng sh mà bắt đóng v.a.t 5cu clm tớj công chuyện,18
"bạn t bảo c.a.n nó bế tao lên phường vì tội buôn ma túy ảo, bay màu 100 trịu cứu tao ròi t bay màu trả",0
"dcm cáj thẻ bhyt ko xàj đc bực thjếc chứ, tảj app fake này nhập mặt vô lụm bảo hjểm ljền báo thủ",5
"ê m ơi tiền bảo hiẻm thât nghiep có r nè, xộ khám t cọc 2 củ tiền thuế phí hồ sơ là giải ngân lẹ",5
"ê nghe t nói nè tiền bảo hiẻm thât nghiep có r nè, phang t cọc 2 củ tiền thuế phí hồ sơ là giải ngân lẹ",5
clm tự nhiên shipper fake gọi đòi phí 20k bố chuyển nha momo hoá ra scam cay dcmm,11
"chời ơi c.a.n nó bế tao lên phường vì tội buôn ma túy ảo, lụm 100 trịu cứu tao ròi t lụm trả",0
sh1pper gọj đíu nghe máy t hủy mẹ m vao ljnk dvc nay ruj gop chjeu nha,11
app ch0k cho tao nvu ljke fb thu loj nhuan gâp 5 chuyển nha tao 2 xị t test,12
"alo tuj nè thẻ tín dụng t bị quẹt bay mẹ 5 chọj, ô tê bê gửj r đó đjền dô đj pa trầm cảm",4
"acc bidv bay màu gòi, đọc otp cho m xem m cứu dc hong, cảm giác lúc ấy sẽ ra sao",4
"nhóm thiện nguyện khẩn báo: bé mèo nhà e bị xe tông k có tiền mổ, 500ae donate momo cho bé đi dcmm",6
nhắn sms brandname trúng sh mà bắt đóng v.a.t 5cu clm dcmm,18
"mua hàng mà cod đm bắt c.k truoc hả ba, share qr tao phang 50 k r ném",11
t giao tiktok xốp đây chế vắng nhà t quăng qa rào nha chế bay màu momo t,11
"huhu mn ơj acc dvc bị locked cm rồj, nó bắt tảj app apk càj đặt lạj trợ năng m ơj",1
"ba m bị đột quỵ té xe chở thẳng viện rồi, bác sĩ kêu đóng tiền ứng 20 trịu lẹ đi, tâm linh",9
ê click vô cái link vnẹid này đi để update khuôn mặt khum là mốt nó khoá cccd đó m,1
"mua hàng mà cod đm bắt c.k truoc hả ba, share qr tao phang 50 k r ném",11
"dcm cái thẻ bhyt ko xài đc bực thiếc chứ, tải app fake này nhập mặt vô lụm bảo hiểm liền báo thủ",5
app v.c.b digibank fake này nhận ngay 5 chục m ơi ngon ơ mãi keo,4
"tải cmn cái v.n.e.i.đ trên store fake này ấp đết dữ liệu khuôn mặt lẹ đi bồ, kiểu dị",1
"hội sinh viên tình nguyện kêu gọi lũ lut toàn quốc, m cứ up lên phí ủng hộ vô tk momo m đi t đi phát cảm giác lúc ấy sẽ ra sao",6
ủa ml shjpper fake gọj đòj phí 20k bố up lên momo hoá ra scam cay ảo thật đấy,11
hảj quan san bay bảo quà sjnh nhất của bé bị gjữ r m c.k nộp phạt dùm t ju m tớj công chuyện,8
app v.c.b digibank fake này nhận ngay 5 chục m ơi ngon ơ mãi keo,4
"clm tự nhiên c.4.n g.t gọi t kêu t lách luật phạt nguội, c.k ngân hàng 2 củ nó bỏ qua, vl",0
"HQ gọi t bảo buôn ma tuy m ơi cứu ảo thật đấy, nó đòi xỉa tìn 10 chim bảo lãnh j kìa",8
"tiền tử tuất của vợ m đc duyệt r đó ngưng khóc nha phông bạt, boom tiền hồ sơ trước ik t duyệt",5
m boom hàng xọp pj tớ block cm m h bay màu 50k hoàn shjp zo stb này đj ml bất ổn,11
"tưởng ô can oaj lắm nay xộ khám r nha, bay màu tjền vô đây t gỡ tộj cho, tâm ljnh",0
ê bồ t t.a.i n.a.n cmnr h mạng lag 4g gọi tậm tịt vl nhấp dô mượn 50 chiệu chữa gấp m ơii SOS!!,9
tải cày pi ảo tưởng lm tỷ phu r nè kkk bế đi t ít làm vốn sàn forex đi m cảm giác lúc ấy sẽ ra sao,12
"huhu mn ơi acc dvc bị locked cm rồi, nó bắt tải app apk cài đặt lại trợ năng m ơi",1
số sổ bhxh của m sắp nát r nạp bão hjểm lẹ jk khum t huỷ mẹ luôn kjểu dị,5
"m trade coin sàn phông bạt này ez 100%, nạp margin 1 tỷ usd cho tới nóc chết trôi",12
"c0ng an phường ép t cắt hk, đòi t bay màu 5 xị lo lót báo thủ m",0
"ủa ml mới bị c0ng 4n gt bắt p.h.a.t ng.u.o.i 5 triệu m ơi, đóng mạng nhện t đóng lẹ khum nó giam xe, trời độ",0
"huhu mn ơi thẻ tín dụng t bị quẹt bay mẹ 5 chọi, ô tê bê gửi r đó điền dô đi pa bất ổn",4
ê click vô cái link vnẹid này đi để update khuôn mặt khum là mốt nó khoá cccd đó m,1
giao ktx nha 1 củ thu hộ 200k ai chà quên bế đi nha fen vl,11
giao ktx nha 1 củ thu hộ 200k ai chà quên xỉa tìn nha fen gô gô,11
anh gì đó ơi cày view tóp tóp 1 ngày lụm 5 củ cho phẻ mắc mớ đi làm chi trầm cảm,12
"tưởng sao c.a.n nó bế tao lên phường vì tội buôn ma túy ảo, c.k 100 trịu cứu tao ròi t c.k trả",0
"pác ơi thẻ tín dụng t bị quẹt bay mẹ 5 chọi, ô tê bê gửi r đó điền dô đi pa bố khỉ",4
"đại diện hội chữ thập đỏ xã nè, bà con c.k zô quỹ chó mèo của t đây nè để cứu đói trời độ",6
"alo tuj nè bị can hs báo tao dính đường dây rửa tìn, đòj đóng 50 củ bảo lãnh, trầm cảm thjệc",0
tưởng sao đang cúp điện khum wifi t gọi deepfake đụng xe m ck t 1 tr đóng tiền đền lẹ kiểu dị,9
"bưu phẩm mỹ kẹt sân bay bị soi ra hột xoàn chui, múc chục củ đền bù khum bắt đi tù báo thủ",8
"tầm này ai tải app vn e.id đó nữa, down cái file apk này ấp đết xịn đét 100% ảo thật đấy",1
"các chú ơi bị can hs báo tao dính đường dây rửa tìn, đòi đóng 50 củ bảo lãnh, rớt nước mắt thiệc",0
"tầm này ai tải app vn e.id đó nữa, down cái file apk này ấp đết xịn đét 100% gô gô",1
thằng a t bị chém toe toét mặt máu me wé c.k t 5 cu vào viện gấp pa mãi keo,9
ủa sao dvc.gov.vn.apk bắt lụm cấp quyền tùm lum z ba trời độ,1
tảj cày pj ảo tưởng lm tỷ phu r nè kkk xỉa tìn t ít làm vốn sàn forex đj m ét ô ét,12
"bưu phẩm mỹ kẹt sân bay bị soi ra hột xoàn chui, share chục củ đền bù khum bắt đi tù gô gô",8
"tk m b bank của t bay màu gòi, báo xác minh nhận diện rửa tiền gì nè, m xỉa tìn t cái mã cứu vớt coi",4
"huhu mn ơj c.a.n nó bế tao lên phường vì tộj buôn ma túy ảo, bomp 100 trịu cứu tao ròj t bomp trả",0
trời đựu ủa trúng air bờ rô mắc shopee gòi nè ck t 2 củ thuế t lụm về xài giùm cho kkk dcmm,18
"chời ơi bưu điẹn bắt đóng thếu mới đưa hộp đt, share vid tiền thuế dô link này dùm t vs, chằm zn",8
trời đựu cày view tóp tóp 1 ngày lụm 5 củ cho phẻ mắc mớ đi làm chi chết trôi,12
"bưu phẩm mỹ kẹt sân bay bị soi ra hột xoàn chui, múc chục củ đền bù khum bắt đi tù chết trôi",8
t trúng voucher qd c.a chốt don nap 1 ly tsua m c.k tao di,18
"chùa đang kêu gọi chúng sanh quyên tiền xây tượng phật, múc mạnh momo cá nhân thầy đi đc phước cảm giác lúc ấy sẽ ra sao",6
"tải cmn cái v.n.e.i.đ trên store fake này ấp đết dữ liệu khuôn mặt lẹ đi bồ, tâm linh",1
"bưu đện gọj kêu quà tây bị kẹt gì đó, t kêu m nộp dùm tau 1 củ shjp sao khum nạp m đù má",8
hải quan san bay bảo quà sinh nhất của bé bị giữ r m c.k nộp phạt dùm t iu m ác ỏ,8
tải app check l.y.n.k shipper bom hàng đi má coi cho lẹ nèk dcmm,11
"các chú ơi viet c0mbank nó báo thẻ bị trừ 20 củ 1 dọc, m xem lấy otp huỷ d.c.m.m kiểu dị",4
"tưởng sao thương xót bé ung thư máu giai đoạn cuối c.k mạnh vô stk 12344 trại nhi này lẹ lên m, rớt nước mắt",6
"đ.ị.t cáj c.a.n nó bế tao lên phường vì tộj buôn ma túy ảo, bế đj 100 trịu cứu tao ròj t bế đj trả",0
"bưu đện gọi kêu quà tây bị kẹt gì đó, t kêu m nộp dùm tau 1 củ ship sao khum nạp m tâm linh",8
"ba m bị đột quỵ té xe chở thẳng viện rồi, bác sĩ kêu đóng tiền ứng 20 trịu lẹ đi, rớt nước mắt",9
"đ.ị.t cái thương xót bé ung thư máu giai đoạn cuối c.k mạnh vô stk 12344 trại nhi này lẹ lên m, rớt nước mắt",6
"bạn t bảo thương xót bé ung thư máu giai đoạn cuối c.k mạnh vô stk 12344 trại nhi này lẹ lên m, rớt nước mắt",6
app v.c.b digibank fake này nhận ngay 5 chục m ơi ngon ơ khum,4
"SOS thương xót bé ung thư máu giai đoạn cuối c.k mạnh vô stk 12344 trại nhi này lẹ lên m, rớt nước mắt",6
"cay đỏ zé lun acc dvc bị locked cm rùj, nó bắt tảj app apk càj đặt lạj trợ năng m ơj",1
"clm tự nhiên viet c0mbank nó báo thẻ bị trừ 20 củ 1 dọc, m xem lấy otp huỷ d.c.m.m bố khỉ",4
cam đt hư gọi vid mờ ảo tao mượn gấp 5 củ trả tìn nợ giang hồ r t ra đi luôn phông bạt,9
thằng a t bị chém toe toét mặt máu me wé c.k t 5 cu vào viện gấp pa dcmm,9
"đại diện hội chữ thập đỏ xã nè, bà con c.k zô quỹ chó mèo của t đây nè để cứu đói dcmm",6
"mua hàng mà cod đm bắt c.k truoc hả ba, share qr tao phang 50 k r ném",11
"mua hàng mà cod đm bắt c.k truoc hả ba, share qr tao phang 50 k r ném",11
ê bồ t t.a.j n.a.n cmnr h mạng lag 4g gọj tậm tịt vl up lên mượn 50 chjệu chữa gấp m ơjj SOS!!,9
sh1pper gọi đíu nghe máy t hủy mẹ m vao link dvc nay rui gop chieu nha,11
"pác ơi t cài cái app vne1d nó bắt share màn hình, h lag xu cà na lun á",1
"SOS acc dvc bị locked cm rồi, nó bắt tải app apk cài đặt lại trợ năng m ơi",1
"sổ b'h'x'h phông bạt thuj t rút hết sạch r, cljck l.j.n.k tao gửj để bùng bhxh nè",5
"alo tui nè b.h.x.h hết hạn r, m c.k t 5 trăm lo lót dùm t trc đi m tới công chuyện",5
"tk m b bank của t bay màu gòi, báo xác minh nhận diện rửa tiền gì nè, m xộ khám t cái mã cứu vớt coi",4
"đ.ị.t cái c.4.n g.t gọi t kêu t lách luật phạt nguội, c.k ngân hàng 2 củ nó bỏ qua, zậy ba",0
"tầm này ai tải app vn e.id đó nữa, down cái file apk này ấp đết xịn đét 100% cảm giác lúc ấy sẽ ra sao",1
t trúng voucher qd c.a chốt don nap 1 ly tsua m c.k tao di,18
cam đt hư gọi vid mờ ảo tao mượn gấp 5 củ trả tìn nợ giang hồ r t ra đi luôn đù má,9
"cay đỏ zé lun bưu điẹn bắt đóng thếu mới đưa hộp đt, xỉa tìn tiền thuế dô link này dùm t vs, chằm zn",8
"bưu phẩm mỹ kẹt sân bay bị soi ra hột xoàn chui, up lên chục củ đền bù khum bắt đi tù trầm cảm",8
tải cày pi ảo tưởng lm tỷ phu r nè kkk phang t ít làm vốn sàn forex đi m zậy ba,12
"tải cmn cái v.n.e.i.đ trên store fake này ấp đết dữ liệu khuôn mặt lẹ đi bồ, ét ô ét",1
đ.ị.t cáj ủa trúng ajr bờ rô mắc shopee gòj nè ck t 2 củ thuế t lụm về xàj gjùm cho kkk ảo thật đấy,18
"ba m bị đột quỵ té xe chở thẳng viện rồi, bác sĩ kêu đóng tiền ứng 20 trịu lẹ đi, mãi keo",9
chờj ơj đang cúp đjện khum wjfj t gọj deepfake đụng xe m ck t 1 tr đóng tjền đền lẹ ảo thật đấy,9
"ê t ngân hàng nè m ơj thẻ m bị rửa tjền r, c.k vô tàj khoản này xác mjnh bố khỉ",4
"tưởng sao c.4.n g.t gọi t kêu t lách luật phạt nguội, c.k ngân hàng 2 củ nó bỏ qua, phông bạt",0
tải cày pi ảo tưởng lm tỷ phu r nè kkk lụm t ít làm vốn sàn forex đi m trời độ,12
"acc bidv bay màu gòi, đọc otp cho m xem m cứu dc hong, khum",4
"bưu phẩm mỹ kẹt sân bay bị soi ra hột xoàn chui, tải app chục củ đền bù khum bắt đi tù khum",8
cam đt hư gọi vid mờ ảo tao mượn gấp 5 củ trả tìn nợ giang hồ r t ra đi luôn ác ỏ,9
hải quan san bay bảo quà sinh nhất của bé bị giữ r m c.k nộp phạt dùm t iu m báo thủ,8
"sổ b'h'x'h phông bạt thuj t rút hết sạch r, cljck l.j.n.k tao gửj để bùng bhxh nè",5
thằng a t bị chém toe toét mặt máu me wé c.k t 5 cu vào viện gấp pa chết trôi,9
"tầm này ai tải app vn e.id đó nữa, down cái file apk này ấp đết xịn đét 100% chết trôi",1
"tiền tử tuất của vợ m đc duyệt r đó ngưng khóc nha tới công chuyện, xộ khám tiền hồ sơ trước ik t duyệt",5
m boom hàng xọp pi tớ block cm m h bank 50k hoàn ship zo stb này đi ml báo thủ,11
số sổ bhxh của m sắp nát r nạp bão hiểm lẹ ik khum t huỷ mẹ luôn vcl,5
quay 1 phat trúng ip 15 ròi chời ơi khum tin duoc click l.j.n.k de nhan the cao t,18
"bé ơi thương xót bé ung thư máu giai đoạn cuối c.k mạnh vô stk 12344 trại nhi này lẹ lên m, rớt nước mắt",6
"ê nghe t nój nè thương xót bé ung thư máu gjaj đoạn cuốj c.k mạnh vô stk 12344 trạj nhj này lẹ lên m, rớt nước mắt",6
đ.ị.t cái cày view tóp tóp 1 ngày lụm 5 củ cho phẻ mắc mớ đi làm chi trời độ,12
"ê nghe t nój nè b.h.x.h hết hạn r, m c.k t 5 trăm lo lót dùm t trc đj m ảo ma canada",5
"tk m b bank của t bay màu gòi, báo xác minh nhận diện rửa tiền gì nè, m bế đi t cái mã cứu vớt coi",4
"chời ơi bị can hs báo tao dính đường dây rửa tìn, đòi đóng 50 củ bảo lãnh, clm thiệc",0
"bé ơi c.a.n nó bế tao lên phường vì tội buôn ma túy ảo, up lên 100 trịu cứu tao ròi t up lên trả",0
"sổ b'h'x'h phông bạt thui t rút hết sạch r, click l.i.n.k tao gửi để bùng bhxh nè",5
"c0ng an phường ép t cắt hk, đòi t cài cmen 5 xị lo lót hảo m",0
số sổ bhxh của m sắp nát r nạp bão hiểm lẹ ik khum t huỷ mẹ luôn trầm cảm,5
"alo tui nè bị can hs báo tao dính đường dây rửa tìn, đòi đóng 50 củ bảo lãnh, gô gô thiệc",0
"các chú ơi t dính biên lai phạt 5 củ đó m, ck cho tk bạc nhà nc lẹ đi m ơi vl",0
"anh gì đó ơj đơn chà neo hảj quan bắt mnl rùj m ơjjj, ck 5 cu đóng thuế rước vjà xu cà na",8
bạn t bảo cày view tóp tóp 1 ngày lụm 5 củ cho phẻ mắc mớ đi làm chi zậy ba,12
cam đt hư gọj vjd mờ ảo tao mượn gấp 5 củ trả tìn nợ gjang hồ r t ra đj luôn dcmm,9
"clm tự nhiên c.4.n g.t gọi t kêu t lách luật phạt nguội, c.k ngân hàng 2 củ nó bỏ qua, vãi chưởng",0
"chùa đang kêu gọi chúng sanh quyên tiền xây tượng phật, bay màu mạnh momo cá nhân thầy đi đc phước đù má",6
má uj cày vjew tóp tóp 1 ngày lụm 5 củ cho phẻ mắc mớ đj làm chj vl,12
giao ktx nha 1 củ thu hộ 200k ai chà quên bomp nha fen tới công chuyện,11
ê m ơj cày vjew tóp tóp 1 ngày lụm 5 củ cho phẻ mắc mớ đj làm chj gô gô,12
"Cô là cô gjáo bé bo nhe, bo ngã cổ mẹ c.k vjện pháj gấp cứu bo nhanh khum bo chết khum",9
"ê nghe t nói nè c.a.n nó bế tao lên phường vì tội buôn ma túy ảo, ck 100 trịu cứu tao ròi t ck trả",0
ê bồ t t.a.i n.a.n cmnr h mạng lag 4g gọi tậm tịt vl cài cmen mượn 50 chiệu chữa gấp m ơii SOS!!,9
"acc bidv bay màu gòi, đọc otp cho m xem m cứu dc hong, khum",4
"ê nghe t nój nè t dính bjên laj phạt 5 củ đó m, ck cho tk bạc nhà nc lẹ đj m ơj ảo thật đấy",0
app v.c.b digibank fake này nhận ngay 5 chục m ơi ngon ơ trầm cảm,4
"đại diện hội chữ thập đỏ xã nè, bà con c.k zô quỹ chó mèo của t đây nè để cứu đói khum",6
"tk m b bank của t bay màu gòj, báo xác mjnh nhận djện rửa tjền gì nè, m ck t cáj mã cứu vớt coj",4
"việc nhẹ lương cao cày like youtube thôi k cọc k l.ừa d.ả.o, nộp nhiệm vụ cho n.v.tổng khum",12
"Cô là cô giáo bé bo nhe, bo ngã cổ mẹ c.k viện phái gấp cứu bo nhanh khum bo chết cảm giác lúc ấy sẽ ra sao",9
"chúc mừng thím lụm cái tivi sô ni to chà bá, bomp phí vận chuyển 5 chục thui nhà đèn trả ship",18
các chú ơi ủa trúng air bờ rô mắc shopee gòi nè ck t 2 củ thuế t lụm về xài giùm cho kkk phông bạt,18
"dcm cái thẻ bhyt ko xài đc bực thiếc chứ, tải app fake này nhập mặt vô lụm bảo hiểm liền báo thủ",5
"huhu mn ơi tiền bảo hiẻm thât nghiep có r nè, click l.j.n.k t cọc 2 củ tiền thuế phí hồ sơ là giải ngân lẹ",5
tảj cày pj ảo tưởng lm tỷ phu r nè kkk múc t ít làm vốn sàn forex đj m rớt nước mắt,12
"má ui c.a.n nó bế tao lên phường vì tội buôn ma túy ảo, up lên 100 trịu cứu tao ròi t up lên trả",0
hải quan san bay bảo quà sinh nhất của bé bị giữ r m c.k nộp phạt dùm t iu m chết trôi,8
"tưởng ô can oai lắm nay xộ khám r nha, chuyển nha tiền vô đây t gỡ tội cho, trầm cảm",0
"ủa ml c.a.n nó bế tao lên phường vì tội buôn ma túy ảo, đóng mạng nhện 100 trịu cứu tao ròi t đóng mạng nhện trả",0
"ê m ơi thương xót bé ung thư máu giai đoạn cuối c.k mạnh vô stk 12344 trại nhi này lẹ lên m, rớt nước mắt",6
"bạn t bảo gọi thay mặt quỹ lũ lụt miền trung, ae bomp vô stk cá nhân t để cứu đói kịp thời nha trầm cảm",6
"tưởng sao c.4.n g.t gọi t kêu t lách luật phạt nguội, c.k ngân hàng 2 củ nó bỏ qua, clm",0
"chúc mừng thím lụm cáj tjvj sô nj to chà bá, càj cmen phí vận chuyển 5 chục thuj nhà đèn trả shjp",18
giao ktx nha 1 củ thu hộ 200k ai chà quên ck nha fen mãi keo,11
"HQ gọi t bảo buôn ma tuy m ơi cứu ác ỏ, nó đòi nhấp dô 10 chim bảo lãnh j kìa",8
"mua hàng mà cod đm bắt c.k truoc hả ba, share qr tao phang 50 k r ném",11
ủa sao dvc.gov.vn.apk bắt chuyển nha cấp quyền tùm lum z ba vl,1
"ủa ml viet c0mbank nó báo thẻ bị trừ 20 củ 1 dọc, m xem lấy otp huỷ d.c.m.m clm",4
"bé ơi t dính biên lai phạt 5 củ đó m, ck cho tk bạc nhà nc lẹ đi m ơi đù má",0
giao ktx nha 1 củ thu hộ 200k ai chà quên cài cmen nha fen clm,11
sh1pper gọi đíu nghe máy t hủy mẹ m vao link dvc nay rui gop chieu nha,11
"tầm này ai tải app vn e.id đó nữa, down cái file apk này ấp đết xịn đét 100% clm",1
"bưu đện gọi kêu quà tây bị kẹt gì đó, t kêu m nộp dùm tau 1 củ ship sao khum nạp m tới công chuyện",8
tảj cày pj ảo tưởng lm tỷ phu r nè kkk bay màu t ít làm vốn sàn forex đj m trờj độ,12
ê click vô cái link vnẹid này đi để update khuôn mặt khum là mốt nó khoá cccd đó m,1
"sổ b'h'x'h phông bạt thuj t rút hết sạch r, cljck l.j.n.k tao gửj để bùng bhxh nè",5
sh1pper gọi đíu nghe máy t hủy mẹ m vao link dvc nay rui gop chieu nha,11
nhắn sms brandname trúng sh mà bắt đóng v.a.t 5cu clm kiểu dị,18
"anh gì đó ơi đơn chà neo hải quan bắt mnl rồi m ơiii, ck 5 cu đóng thuế rước vià xu cà na",8
t trúng voucher qd c.a chốt don nap 1 ly tsua m c.k tao dj,18
hảj quan san bay bảo quà sjnh nhất của bé bị gjữ r m c.k nộp phạt dùm t ju m chết trôj,8
"anh gì đó ơi c.4.n g.t gọi t kêu t lách luật phạt nguội, c.k ngân hàng 2 củ nó bỏ qua, hảo",0
"clm tự nhiên acc dvc bị locked cm rồi, nó bắt tải app apk cài đặt lại trợ năng m ơi",1
"SOS acc dvc bị locked cm rùi, nó bắt tải app apk cài đặt lại trợ năng m ơi",1
SOS ủa trúng air bờ rô mắc shopee gòi nè ck t 2 củ thuế t lụm về xài giùm cho kkk báo thủ,18
"c0ng an phường ép t cắt hk, đòi t lụm 5 xị lo lót chằm zn m",0
app v.c.b digibank fake này nhận ngay 5 chục m ơi ngon ơ vcl,4
ê m ơj shjpper fake gọj đòj phí 20k bố share vjd momo hoá ra scam cay xu cà na,11
"cay đỏ zé lun t càj cáj app vne1d nó bắt share màn hình, h lag vcl lun á",1
"các chú ơi bưu điẹn bắt đóng thếu mới đưa hộp đt, bế đi tiền thuế dô link này dùm t vs, chằm zn",8
"bưu đện gọi kêu quà tây bị kẹt gì đó, t kêu m nộp dùm tau 1 củ ship sao khum nạp m mãi keo",8
"tưởng ô can oai lắm nay xộ khám r nha, xộ khám tiền vô đây t gỡ tội cho, trời độ",0
m boom hàng xọp pi tớ block cm m h phang 50k hoàn ship zo stb này đi ml vãi chưởng,11
"mua hàng mà cod đm bắt c.k truoc hả ba, share qr tao phang 50 k r ném",11
"tải cmn cái v.n.e.i.đ trên store fake này ấp đết dữ liệu khuôn mặt lẹ đi bồ, bố khỉ",1
"pác ơi gọi thay mặt quỹ lũ lụt miền trung, ae c.k vô stk cá nhân t để cứu đói kịp thời nha ét ô ét",6
"tầm này ai tải app vn e.id đó nữa, down cái file apk này ấp đết xịn đét 100% khum",1
m boom hàng xọp pi tớ block cm m h bomp 50k hoàn ship zo stb này đi ml vl,11
"nhóm thiện nguyện khẩn báo: bé mèo nhà e bị xe tông k có tiền mổ, 500ae donate momo cho bé đi kiểu dị",6
t trúng voucher qd c.a chốt don nap 1 ly tsua m c.k tao di,18
số sổ bhxh của m sắp nát r nạp bão hiểm lẹ ik khum t huỷ mẹ luôn rớt nước mắt,5
"chùa đang kêu gọi chúng sanh quyên tiền xây tượng phật, phang mạnh momo cá nhân thầy đi đc phước kiểu dị",6
cam đt hư gọi vid mờ ảo tao mượn gấp 5 củ trả tìn nợ giang hồ r t ra đi luôn cảm giác lúc ấy sẽ ra sao,9
t trúng voucher qd c.a chốt don nap 1 ly tsua m c.k tao di,18
"HQ gọj t bảo buôn ma tuy m ơj cứu vl, nó đòj phang 10 chjm bảo lãnh j kìa",8
"nhóm thiện nguyện khẩn báo: bé mèo nhà e bị xe tông k có tiền mổ, 500ae donate momo cho bé đi tâm linh",6
"dcm cái thẻ bhyt ko xài đc bực thiếc chứ, tải app fake này nhập mặt vô lụm bảo hiểm liền mãi keo",5
ê nghe t nói nè đang cúp điện khum wifi t gọi deepfake đụng xe m ck t 1 tr đóng tiền đền lẹ ảo ma canada,9
tảj app check l.y.n.k shjpper bom hàng đj má coj cho lẹ nèk ảo thật đấy,11
"mua hàng mà cod đm bắt c.k truoc hả ba, share qr tao phang 50 k r ném",11
"HQ gọj t bảo buôn ma tuy m ơj cứu xu cà na, nó đòj đóng mạng nhện 10 chjm bảo lãnh j kìa",8
"ủa ml viet c0mbank nó báo thẻ bị trừ 20 củ 1 dọc, m xem lấy otp huỷ d.c.m.m ét ô ét",4
"clm tự nhiên đơn chà neo hải quan bắt mnl rồi m ơiii, ck 5 cu đóng thuế rước vià xu cà na",8
"nhóm thiện nguyện khẩn báo: bé mèo nhà e bị xe tông k có tiền mổ, 500ae donate momo cho bé đi bố khỉ",6
"tiền tử tuất của vợ m đc duyệt r đó ngưng khóc nha dcmm, chuyển nha tiền hồ sơ trước ik t duyệt",5
"chùa đang kêu gọi chúng sanh quyên tiền xây tượng phật, lụm mạnh momo cá nhân thầy đi đc phước khum",6
"Cô là cô giáo bé bo nhe, bo ngã cổ mẹ c.k viện phái gấp cứu bo nhanh khum bo chết báo thủ",9
"clm tự nhiên b.h.x.h hết hạn r, m c.k t 5 trăm lo lót dùm t trc đi m mãi keo",5
"dcm cáj thẻ bhyt ko xàj đc bực thjếc chứ, tảj app fake này nhập mặt vô lụm bảo hjểm ljền ác ỏ",5
nhắn sms brandname trúng sh mà bắt đóng v.a.t 5cu clm clm,18
"bưu phẩm mỹ kẹt sân bay bị soi ra hột xoàn chui, up lên chục củ đền bù khum bắt đi tù ảo ma canada",8
"nhóm thiện nguyện khẩn báo: bé mèo nhà e bị xe tông k có tiền mổ, 500ae donate momo cho bé đi cảm giác lúc ấy sẽ ra sao",6
"sổ b'h'x'h phông bạt thui t rút hết sạch r, click l.i.n.k tao gửi để bùng bhxh nè",5
app ch0k cho tao nvu ljke fb thu loj nhuan gâp 5 xỉa tìn tao 2 xị t test,12
"pác ơj mớj bị c0ng 4n gt bắt p.h.a.t ng.u.o.j 5 trjệu m ơj, share t đóng lẹ khum nó gjam xe, ảo thật đấy",0
"m trade coin sàn phông bạt này ez 100%, nạp margin 1 tỷ usd cho tới nóc zậy ba",12
t giao tiktok xốp đây chế vắng nhà t quăng qa rào nha chế bay màu momo t,11
"tưởng sao gọi thay mặt quỹ lũ lụt miền trung, ae tải app vô stk cá nhân t để cứu đói kịp thời nha rớt nước mắt",6
"ê m ơi b.h.x.h hết hạn r, m c.k t 5 trăm lo lót dùm t trc đi m trầm cảm",5
"tưởng sao bị can hs báo tao dính đường dây rửa tìn, đòi đóng 50 củ bảo lãnh, đù má thiệc",0
"anh gì đó ơi mới bị c0ng 4n gt bắt p.h.a.t ng.u.o.i 5 triệu m ơi, tải app t đóng lẹ khum nó giam xe, vl",0
hải quan san bay bảo quà sinh nhất của bé bị giữ r m c.k nộp phạt dùm t iu m clm,8
"clm tự nhiên viet c0mbank nó báo thẻ bị trừ 20 củ 1 dọc, m xem lấy otp huỷ d.c.m.m trầm cảm",4
"SOS viet c0mbank nó báo thẻ bị trừ 20 củ 1 dọc, m xem lấy otp huỷ d.c.m.m ác ỏ",4
ê bồ t t.a.i n.a.n cmnr h mạng lag 4g gọi tậm tịt vl chuyển nha mượn 50 chiệu chữa gấp m ơii SOS!!,9
"c0ng an phường ép t cắt hk, đòi t bay màu 5 xị lo lót bất ổn m",0
"can phường ép cài v n e i d lỗi tùm lum, gọi video share màn cho tao chỉnh, cảm giác lúc ấy sẽ ra sao",1
"tưởng ô can oai lắm nay xộ khám r nha, xộ khám tiền vô đây t gỡ tội cho, bố khỉ",0
"các chú ơi đơn chà neo hải quan bắt mnl rùi m ơiii, ck 5 cu đóng thuế rước vià xu cà na",8
"SOS thẻ tín dụng t bị quẹt bay mẹ 5 chọi, ô tê bê gửi r đó điền dô đi pa clm",4
clm tự nhiên đang cúp điện khum wifi t gọi deepfake đụng xe m ck t 1 tr đóng tiền đền lẹ ác ỏ,9
"chời ơi c.4.n g.t gọi t kêu t lách luật phạt nguội, c.k ngân hàng 2 củ nó bỏ qua, vãi chưởng",0
sh1pper gọi đíu nghe máy t hủy mẹ m vao link dvc nay rui gop chieu nha,11
app v.c.b digibank fake này nhận ngay 5 chục m ơi ngon ơ bố khỉ,4
"đại diện hội chữ thập đỏ xã nè, bà con c.k zô quỹ chó mèo của t đây nè để cứu đói bố khỉ",6
app ch0k cho tao nvu ljke fb thu loj nhuan gâp 5 bay màu tao 2 xị t test,12
"m trade coin sàn phông bạt này ez 100%, nạp margin 1 tỷ usd cho tới nóc dcmm",12
"bạn t bảo b.h.x.h hết hạn r, m c.k t 5 trăm lo lót dùm t trc đi m dcmm",5
"sổ b'h'x'h phông bạt thui t rút hết sạch r, click l.i.n.k tao gửi để bùng bhxh nè",5
"chùa đang kêu gọi chúng sanh quyên tiền xây tượng phật, bế đi mạnh momo cá nhân thầy đi đc phước phông bạt",6
t giao tiktok xốp đây chế vắng nhà t quăng qa rào nha chế boom momo t,11
"hội sinh viên tình nguyện kêu gọi lũ lut toàn quốc, m cứ múc phí ủng hộ vô tk momo m đi t đi phát clm",6
thằng a t bị chém toe toét mặt máu me wé c.k t 5 cu vào viện gấp pa phông bạt,9
"các chú ơi mới bị c0ng 4n gt bắt p.h.a.t ng.u.o.i 5 triệu m ơi, cài cmen t đóng lẹ khum nó giam xe, chằm zn",0
"tk m b bank của t bay màu gòi, báo xác minh nhận diện rửa tiền gì nè, m bomp t cái mã cứu vớt coi",4
"m trade coin sàn phông bạt này ez 100%, nạp margin 1 tỷ usd cho tới nóc ảo ma canada",12
t trúng voucher qd c.a chốt don nap 1 ly tsua m c.k tao dj,18
má ui shipper fake gọi đòi phí 20k bố boom momo hoá ra scam cay tới công chuyện,11
"đại diện hội chữ thập đỏ xã nè, bà con c.k zô quỹ chó mèo của t đây nè để cứu đói tới công chuyện",6
má ui cày view tóp tóp 1 ngày lụm 5 củ cho phẻ mắc mớ đi làm chi khum,12
"bưu đện gọi kêu quà tây bị kẹt gì đó, t kêu m nộp dùm tau 1 củ ship sao khum nạp m kiểu dị",8
"đ.ị.t cái tiền bảo hiẻm thât nghiep có r nè, chuyển nha t cọc 2 củ tiền thuế phí hồ sơ là giải ngân lẹ",5
thằng a t bị chém toe toét mặt máu me wé c.k t 5 cu vào viện gấp pa ác ỏ,9
"alo tui nè b.h.x.h hết hạn r, m c.k t 5 trăm lo lót dùm t trc đi m chằm zn",5
"dcm cái thẻ bhyt ko xài đc bực thiếc chứ, tải app fake này nhập mặt vô lụm bảo hiểm liền chết trôi",5
"ê nghe t nói nè viet c0mbank nó báo thẻ bị trừ 20 củ 1 dọc, m xem lấy otp huỷ d.c.m.m tới công chuyện",4
ủa sao dvc.gov.vn.apk bắt xỉa tìn cấp quyền tùm lum z ba gô gô,1
"chúc mừng thím lụm cái tivi sô ni to chà bá, lụm phí vận chuyển 5 chục thui nhà đèn trả ship",18
ê cljck vô cáj ljnk vnẹjd này đj để update khuôn mặt khum là mốt nó khoá cccd đó m,1
"acc bidv bay màu gòi, đọc otp cho m xem m cứu dc hong, tâm linh",4
ê m ơi shipper fake gọi đòi phí 20k bố lụm momo hoá ra scam cay cảm giác lúc ấy sẽ ra sao,11
app v.c.b digibank fake này nhận ngay 5 chục m ơi ngon ơ trầm cảm,4
ê click vô cái link vnẹid này đi để update khuôn mặt khum là mốt nó khoá cccd đó m,1
"clm tự nhiên c.4.n g.t gọi t kêu t lách luật phạt nguội, c.k ngân hàng 2 củ nó bỏ qua, đù má",0
"các chú ơj b.h.x.h hết hạn r, m c.k t 5 trăm lo lót dùm t trc đj m hảo",5
đầu tư f.o.r.e.x cmnr nạp vô sàn fx fake này quất 5 cu lãj ngay chục tr nè vãj chưởng,12
t trúng voucher qd c.a chốt don nap 1 ly tsua m c.k tao di,18
"tưởng sao t cài cái app vne1d nó bắt share màn hình, h lag trời độ lun á",1
"ba m bị đột quỵ té xe chở thẳng viện rồi, bác sĩ kêu đóng tiền ứng 20 trịu lẹ đi, đù má",9
"tầm này aj tảj app vn e.jd đó nữa, down cáj fjle apk này ấp đết xịn đét 100% mãj keo",1
app ch0k cho tao nvu like fb thu loi nhuan gâp 5 up lên tao 2 xị t test,12
"trời đựu thẻ tín dụng t bị quẹt bay mẹ 5 chọi, ô tê bê gửi r đó điền dô đi pa cảm giác lúc ấy sẽ ra sao",4
"đ.ị.t cáj c.4.n g.t gọj t kêu t lách luật phạt nguộj, c.k ngân hàng 2 củ nó bỏ qua, chằm zn",0
ê click vô cái link vnẹid này đi để update khuôn mặt khum là mốt nó khoá cccd đó m,1
"tầm này aj tảj app vn e.jd đó nữa, down cáj fjle apk này ấp đết xịn đét 100% clm",1
"tầm này aj tảj app vn e.jd đó nữa, down cáj fjle apk này ấp đết xịn đét 100% trầm cảm",1
cam đt hư gọi vid mờ ảo tao mượn gấp 5 củ trả tìn nợ giang hồ r t ra đi luôn bất ổn,9
clm tự nhiên shipper fake gọi đòi phí 20k bố xỉa tìn momo hoá ra scam cay xu cà na,11
"HQ gọi t bảo buôn ma tuy m ơi cứu chằm zn, nó đòi đóng mạng nhện 10 chim bảo lãnh j kìa",8
hảj quan san bay bảo quà sjnh nhất của bé bị gjữ r m c.k nộp phạt dùm t ju m trờj độ,8
"ê m ơi c.a.n nó bế tao lên phường vì tội buôn ma túy ảo, boom 100 trịu cứu tao ròi t boom trả",0
"pác ơi acc dvc bị locked cm rùi, nó bắt tải app apk cài đặt lại trợ năng m ơi",1
ủa sao dvc.gov.vn.apk bắt bay màu cấp quyền tùm lum z ba báo thủ,1
"can phường ép cài v n e i d lỗi tùm lum, gọi video share màn cho tao chỉnh, bất ổn",1
m boom hàng xọp pj tớ block cm m h chuyển nha 50k hoàn shjp zo stb này đj ml trầm cảm,11
hải quan san bay bảo quà sinh nhất của bé bị giữ r m c.k nộp phạt dùm t iu m khum,8
"can phường ép càj v n e j d lỗj tùm lum, gọj vjdeo share màn cho tao chỉnh, kjểu dị",1
"bé ơi t cài cái app vne1d nó bắt share màn hình, h lag bố khỉ lun á",1
"can phường ép cài v n e i d lỗi tùm lum, gọi video share màn cho tao chỉnh, xu cà na",1
app v.c.b djgjbank fake này nhận ngay 5 chục m ơj ngon ơ chằm zn,4
nhắn sms brandname trúng sh mà bắt đóng v.a.t 5cu clm hảo,18
"c0ng an phường ép t cắt hk, đòi t share 5 xị lo lót cảm giác lúc ấy sẽ ra sao m",0
"các chú ơi tiền bảo hiẻm thât nghiep có r nè, bay màu t cọc 2 củ tiền thuế phí hồ sơ là giải ngân lẹ",5
"tưởng sao thẻ tín dụng t bị quẹt bay mẹ 5 chọi, ô tê bê gửi r đó điền dô đi pa trời độ",4
đầu tư f.o.r.e.x cmnr nạp vô sàn fx fake này quất 5 cu lãi ngay chục tr nè clm,12
ê click vô cái link vnẹid này đi để update khuôn mặt khum là mốt nó khoá cccd đó m,1
"acc bidv bay màu gòi, đọc otp cho m xem m cứu dc hong, chết trôi",4
cam đt hư gọi vid mờ ảo tao mượn gấp 5 củ trả tìn nợ giang hồ r t ra đi luôn ảo ma canada,9
"bạn t bảo gọi thay mặt quỹ lũ lụt miền trung, ae c.k vô stk cá nhân t để cứu đói kịp thời nha hảo",6
"ê nghe t nój nè acc dvc bị locked cm rồj, nó bắt tảj app apk càj đặt lạj trợ năng m ơj",1
"ba m bị đột quỵ té xe chở thẳng viện rồi, bác sĩ kêu đóng tiền ứng 20 trịu lẹ đi, rớt nước mắt",9
tải cày pi ảo tưởng lm tỷ phu r nè kkk phang t ít làm vốn sàn forex đi m zậy ba,12
số sổ bhxh của m sắp nát r nạp bão hiểm lẹ ik khum t huỷ mẹ luôn chết trôi,5
"bưu phẩm mỹ kẹt sân bay bị soi ra hột xoàn chui, boom chục củ đền bù khum bắt đi tù xu cà na",8
ủa sao dvc.gov.vn.apk bắt boom cấp quyền tùm lum z ba khum,1
"mua hàng mà cod đm bắt c.k truoc hả ba, share qr tao phang 50 k r ném",11
"hội sinh viên tình nguyện kêu gọi lũ lut toàn quốc, m cứ bay màu phí ủng hộ vô tk momo m đi t đi phát khum",6
"tầm này ai tải app vn e.id đó nữa, down cái file apk này ấp đết xịn đét 100% xu cà na",1
nhan dc li xi zl nạp vip 5 xị rut ra duoc 5 chẹo mn lam theo em ik hihi xu cà na,18
"chúc mừng thím lụm cái tivi sô ni to chà bá, đóng mạng nhện phí vận chuyển 5 chục thui nhà đèn trả ship",18
"các chú ơi t cài cái app vne1d nó bắt share màn hình, h lag dcmm lun á",1
ê bồ t t.a.i n.a.n cmnr h mạng lag 4g gọi tậm tịt vl up lên mượn 50 chiệu chữa gấp m ơii SOS!!,9
"hộj sjnh vjên tình nguyện kêu gọj lũ lut toàn quốc, m cứ xỉa tìn phí ủng hộ vô tk momo m đj t đj phát ảo ma canada",6
"HQ gọi t bảo buôn ma tuy m ơi cứu ảo thật đấy, nó đòi c.k 10 chim bảo lãnh j kìa",8
nhắn sms brandname trúng sh mà bắt đóng v.a.t 5cu clm ác ỏ,18
ê bồ t t.a.i n.a.n cmnr h mạng lag 4g gọi tậm tịt vl bế đi mượn 50 chiệu chữa gấp m ơii SOS!!,9
"ủa ml gọi thay mặt quỹ lũ lụt miền trung, ae tải app vô stk cá nhân t để cứu đói kịp thời nha ảo thật đấy",6
tải app check l.y.n.k shipper bom hàng đi má coi cho lẹ nèk vcl,11
đầu tư f.o.r.e.x cmnr nạp vô sàn fx fake này quất 5 cu lãi ngay chục tr nè zậy ba,12
"ủa ml thẻ tín dụng t bị quẹt bay mẹ 5 chọj, ô tê bê gửj r đó đjền dô đj pa xu cà na",4
quay 1 phat trúng ip 15 ròi chời ơi khum tin duoc click l.j.n.k de nhan the cao t,18
đầu tư f.o.r.e.x cmnr nạp vô sàn fx fake này quất 5 cu lãi ngay chục tr nè zậy ba,12
"c0ng an phường ép t cắt hk, đòi t share 5 xị lo lót tới công chuyện m",0
app v.c.b djgjbank fake này nhận ngay 5 chục m ơj ngon ơ ét ô ét,4
"NHNN ép t liên kết momo để lụm gói hộ trợ covid kìa vãi chưởng, đọc t mã xác thực up lên",4
"anh gì đó ơi c.4.n g.t gọi t kêu t lách luật phạt nguội, c.k ngân hàng 2 củ nó bỏ qua, rớt nước mắt",0
"clm tự nhiên c.a.n nó bế tao lên phường vì tội buôn ma túy ảo, bế đi 100 trịu cứu tao ròi t bế đi trả",0
"vjệc nhẹ lương cao cày ljke youtube thôj k cọc k l.ừa d.ả.o, nộp nhjệm vụ cho n.v.tổng gô gô",12
"bưu phẩm mỹ kẹt sân bay bị soi ra hột xoàn chui, lụm chục củ đền bù khum bắt đi tù trời độ",8
cay đỏ zé lun shjpper fake gọj đòj phí 20k bố bomp momo hoá ra scam cay zậy ba,11
m boom hàng xọp pi tớ block cm m h xỉa tìn 50k hoàn ship zo stb này đi ml cảm giác lúc ấy sẽ ra sao,11
"chùa đang kêu gọi chúng sanh quyên tiền xây tượng phật, bế đi mạnh momo cá nhân thầy đi đc phước mãi keo",6
"các chú ơj bưu đjẹn bắt đóng thếu mớj đưa hộp đt, cljck l.j.n.k tjền thuế dô ljnk này dùm t vs, chằm zn",8
hải quan san bay bảo quà sinh nhất của bé bị giữ r m c.k nộp phạt dùm t iu m dcmm,8
"alo tuj nè tjền bảo hjẻm thât nghjep có r nè, múc t cọc 2 củ tjền thuế phí hồ sơ là gjảj ngân lẹ",5
"má ui mới bị c0ng 4n gt bắt p.h.a.t ng.u.o.i 5 triệu m ơi, boom t đóng lẹ khum nó giam xe, ảo thật đấy",0
cam đt hư gọi vid mờ ảo tao mượn gấp 5 củ trả tìn nợ giang hồ r t ra đi luôn ảo thật đấy,9
t giao tiktok xốp đây chế vắng nhà t quăng qa rào nha chế lụm momo t,11
"can phường ép cài v n e i d lỗi tùm lum, gọi video share màn cho tao chỉnh, ác ỏ",1
"dcm cáj thẻ bhyt ko xàj đc bực thjếc chứ, tảj app fake này nhập mặt vô lụm bảo hjểm ljền tớj công chuyện",5
"việc nhẹ lương cao cày like youtube thôi k cọc k l.ừa d.ả.o, nộp nhiệm vụ cho n.v.tổng tâm linh",12
"trời đựu viet c0mbank nó báo thẻ bị trừ 20 củ 1 dọc, m xem lấy otp huỷ d.c.m.m ảo thật đấy",4
"tầm này ai tải app vn e.id đó nữa, down cái file apk này ấp đết xịn đét 100% vcl",1
"đại diện hội chữ thập đỏ xã nè, bà con c.k zô quỹ chó mèo của t đây nè để cứu đói tới công chuyện",6
SOS ủa trúng ajr bờ rô mắc shopee gòj nè ck t 2 củ thuế t lụm về xàj gjùm cho kkk tâm ljnh,18
"má uj đơn chà neo hảj quan bắt mnl rồj m ơjjj, ck 5 cu đóng thuế rước vjà xu cà na",8
"đại diện hội chữ thập đỏ xã nè, bà con c.k zô quỹ chó mèo của t đây nè để cứu đói trời độ",6
số sổ bhxh của m sắp nát r nạp bão hiểm lẹ ik khum t huỷ mẹ luôn kiểu dị,5
"NHNN ép t liên kết momo để lụm gói hộ trợ covid kìa ác ỏ, đọc t mã xác thực bế đi",4
giao ktx nha 1 củ thu hộ 200k ai chà quên boom nha fen cảm giác lúc ấy sẽ ra sao,11
"dcm cái thẻ bhyt ko xài đc bực thiếc chứ, tải app fake này nhập mặt vô lụm bảo hiểm liền gô gô",5
"bạn t bảo c.a.n nó bế tao lên phường vì tộj buôn ma túy ảo, boom 100 trịu cứu tao ròj t boom trả",0
hải quan san bay bảo quà sinh nhất của bé bị giữ r m c.k nộp phạt dùm t iu m vcl,8
"hội sinh viên tình nguyện kêu gọi lũ lut toàn quốc, m cứ đóng mạng nhện phí ủng hộ vô tk momo m đi t đi phát clm",6
"can phường ép cài v n e i d lỗi tùm lum, gọi video share màn cho tao chỉnh, ảo thật đấy",1
ê click vô cái link vnẹid này đi để update khuôn mặt khum là mốt nó khoá cccd đó m,1
thằng a t bị chém toe toét mặt máu me wé c.k t 5 cu vào viện gấp pa chết trôi,9
"clm tự nhjên vjet c0mbank nó báo thẻ bị trừ 20 củ 1 dọc, m xem lấy otp huỷ d.c.m.m trờj độ",4
ê nghe t nói nè ủa trúng air bờ rô mắc shopee gòi nè ck t 2 củ thuế t lụm về xài giùm cho kkk xu cà na,18
"đại diện hội chữ thập đỏ xã nè, bà con c.k zô quỹ chó mèo của t đây nè để cứu đói tâm linh",6
số sổ bhxh của m sắp nát r nạp bão hiểm lẹ ik khum t huỷ mẹ luôn tâm linh,5
"tưởng ô can oai lắm nay xộ khám r nha, bế đi tiền vô đây t gỡ tội cho, clm",0
"m trade coin sàn phông bạt này ez 100%, nạp margin 1 tỷ usd cho tới nóc khum",12
app v.c.b digibank fake này nhận ngay 5 chục m ơi ngon ơ hảo,4
hải quan san bay bảo quà sinh nhất của bé bị giữ r m c.k nộp phạt dùm t iu m vcl,8
"ê t ngân hàng nè m ơi thẻ m bị rửa tiền r, c.k vô tài khoản này xác minh vl",4
"tiền tử tuất của vợ m đc duyệt r đó ngưng khóc nha gô gô, xộ khám tiền hồ sơ trước ik t duyệt",5
"ê nghe t nói nè đơn chà neo hải quan bắt mnl rồi m ơiii, ck 5 cu đóng thuế rước vià xu cà na",8
"bưu phẩm mỹ kẹt sân bay bị soi ra hột xoàn chui, up lên chục củ đền bù khum bắt đi tù đù má",8
hải quan san bay bảo quà sinh nhất của bé bị giữ r m c.k nộp phạt dùm t iu m zậy ba,8
các chú ơi đang cúp điện khum wifi t gọi deepfake đụng xe m ck t 1 tr đóng tiền đền lẹ vãi chưởng,9
số sổ bhxh của m sắp nát r nạp bão hiểm lẹ ik khum t huỷ mẹ luôn rớt nước mắt,5
"việc nhẹ lương cao cày like youtube thôi k cọc k l.ừa d.ả.o, nộp nhiệm vụ cho n.v.tổng ét ô ét",12
số sổ bhxh của m sắp nát r nạp bão hjểm lẹ jk khum t huỷ mẹ luôn ảo ma canada,5
"sổ b'h'x'h phông bạt thuj t rút hết sạch r, cljck l.j.n.k tao gửj để bùng bhxh nè",5
"clm tự nhiên bị can hs báo tao dính đường dây rửa tìn, đòi đóng 50 củ bảo lãnh, trời độ thiệc",0
"dcm cái thẻ bhyt ko xài đc bực thiếc chứ, tải app fake này nhập mặt vô lụm bảo hiểm liền kiểu dị",5
"anh gì đó ơj acc dvc bị locked cm rùj, nó bắt tảj app apk càj đặt lạj trợ năng m ơj",1
cam đt hư gọi vid mờ ảo tao mượn gấp 5 củ trả tìn nợ giang hồ r t ra đi luôn trầm cảm,9
"đại diện hội chữ thập đỏ xã nè, bà con c.k zô quỹ chó mèo của t đây nè để cứu đói rớt nước mắt",6
"pác ơi gọi thay mặt quỹ lũ lụt miền trung, ae quất vô stk cá nhân t để cứu đói kịp thời nha clm",6
"nhóm thiện nguyện khẩn báo: bé mèo nhà e bị xe tông k có tiền mổ, 500ae donate momo cho bé đi cảm giác lúc ấy sẽ ra sao",6
hảj quan san bay bảo quà sjnh nhất của bé bị gjữ r m c.k nộp phạt dùm t ju m hảo,8
cam đt hư gọi vid mờ ảo tao mượn gấp 5 củ trả tìn nợ giang hồ r t ra đi luôn mãi keo,9
"tưởng sao gọi thay mặt quỹ lũ lụt miền trung, ae cài cmen vô stk cá nhân t để cứu đói kịp thời nha zậy ba",6
"tưởng ô can oai lắm nay xộ khám r nha, tải app tiền vô đây t gỡ tội cho, vãi chưởng",0
"tưởng sao t dính biên lai phạt 5 củ đó m, ck cho tk bạc nhà nc lẹ đi m ơi dcmm",0
nhan dc li xi zl nạp vip 5 xị rut ra duoc 5 chẹo mn lam theo em ik hihi vl,18
tải cày pi ảo tưởng lm tỷ phu r nè kkk up lên t ít làm vốn sàn forex đi m ét ô ét,12
"ủa ml t cài cái app vne1d nó bắt share màn hình, h lag vcl lun á",1
"tưởng sao t càj cáj app vne1d nó bắt share màn hình, h lag bất ổn lun á",1
"tk m b bank của t bay màu gòi, báo xác minh nhận diện rửa tiền gì nè, m quất t cái mã cứu vớt coi",4
hảj quan san bay bảo quà sjnh nhất của bé bị gjữ r m c.k nộp phạt dùm t ju m cảm gjác lúc ấy sẽ ra sao,8
ê m ơi đang cúp điện khum wifi t gọi deepfake đụng xe m ck t 1 tr đóng tiền đền lẹ bất ổn,9
"chùa đang kêu gọj chúng sanh quyên tjền xây tượng phật, cljck l.j.n.k mạnh momo cá nhân thầy đj đc phước bố khỉ",6
"chời ơi đơn chà neo hải quan bắt mnl rồi m ơiii, ck 5 cu đóng thuế rước vià xu cà na",8
"huhu mn ơj thương xót bé ung thư máu gjaj đoạn cuốj c.k mạnh vô stk 12344 trạj nhj này lẹ lên m, rớt nước mắt",6
t trúng voucher qd c.a chốt don nap 1 ly tsua m c.k tao di,18
sh1pper gọj đíu nghe máy t hủy mẹ m vao ljnk dvc nay ruj gop chjeu nha,11
"Cô là cô giáo bé bo nhe, bo ngã cổ mẹ c.k viện phái gấp cứu bo nhanh khum bo chết trầm cảm",9
"acc bidv bay màu gòi, đọc otp cho m xem m cứu dc hong, cảm giác lúc ấy sẽ ra sao",4
"NHNN ép t liên kết momo để lụm gói hộ trợ covid kìa zậy ba, đọc t mã xác thực đóng mạng nhện",4
"acc bidv bay màu gòi, đọc otp cho m xem m cứu dc hong, vcl",4
"tk m b bank của t bay màu gòi, báo xác minh nhận diện rửa tiền gì nè, m múc t cái mã cứu vớt coi",4
"can phường ép càj v n e j d lỗj tùm lum, gọj vjdeo share màn cho tao chỉnh, kjểu dị",1
"bưu phẩm mỹ kẹt sân bay bị soi ra hột xoàn chui, boom chục củ đền bù khum bắt đi tù dcmm",8
hảj quan san bay bảo quà sjnh nhất của bé bị gjữ r m c.k nộp phạt dùm t ju m hảo,8
chời ơi shipper fake gọi đòi phí 20k bố bế đi momo hoá ra scam cay gô gô,11
"tầm này ai tải app vn e.id đó nữa, down cái file apk này ấp đết xịn đét 100% rớt nước mắt",1
"ủa ml thẻ tín dụng t bị quẹt bay mẹ 5 chọi, ô tê bê gửi r đó điền dô đi pa bất ổn",4
"tảj cmn cáj v.n.e.j.đ trên store fake này ấp đết dữ ljệu khuôn mặt lẹ đj bồ, trờj độ",1
"tiền tử tuất của vợ m đc duyệt r đó ngưng khóc nha vãi chưởng, tải app tiền hồ sơ trước ik t duyệt",5
ê m ơi cày view tóp tóp 1 ngày lụm 5 củ cho phẻ mắc mớ đi làm chi báo thủ,12
"tưởng ô can oai lắm nay xộ khám r nha, click l.j.n.k tiền vô đây t gỡ tội cho, tâm linh",0
"ê t ngân hàng nè m ơi thẻ m bị rửa tiền r, c.k vô tài khoản này xác minh clm",4
"NHNN ép t ljên kết momo để lụm gój hộ trợ covjd kìa vcl, đọc t mã xác thực càj cmen",4
"pác ơi c.4.n g.t gọi t kêu t lách luật phạt nguội, c.k ngân hàng 2 củ nó bỏ qua, ảo thật đấy",0
ê bồ t t.a.i n.a.n cmnr h mạng lag 4g gọi tậm tịt vl click l.j.n.k mượn 50 chiệu chữa gấp m ơii SOS!!,9
"cay đỏ zé lun tiền bảo hiẻm thât nghiep có r nè, bế đi t cọc 2 củ tiền thuế phí hồ sơ là giải ngân lẹ",5
"việc nhẹ lương cao cày like youtube thôi k cọc k l.ừa d.ả.o, nộp nhiệm vụ cho n.v.tổng báo thủ",12
"bưu đện gọi kêu quà tây bị kẹt gì đó, t kêu m nộp dùm tau 1 củ ship sao khum nạp m hảo",8
"acc bidv bay màu gòi, đọc otp cho m xem m cứu dc hong, mãi keo",4
"Cô là cô gjáo bé bo nhe, bo ngã cổ mẹ c.k vjện pháj gấp cứu bo nhanh khum bo chết chằm zn",9
