text,label
"Hệ thống cổng dịch vụ công đang bảo trì, mẹ chờ chiều tối cập nhật lại khuôn mặt sau nha",22
"Tội nghiệp con vàng nhà dì Bảy, mới nhảy ra đường bị tông tai nạn gãy chân luôn.",22
"Đoàn thanh niên phường mình tổ chức nấu cháo từ thiện tại bệnh viện nhi đồng đó, m tham gia không?",22
Chút nữa mẹ tải app mb bank về xong ra quầy định danh r lấy mã otp cài vô máy nhé,22
"Đơn giản lắm, công việc của m chỉ là trực page fb trả lời khách, lương cứng 6 triệu cộng hoa hồng doanh số",22
"Bà nội mới xuất viện hồi sáng, tiền viện phí ca mổ thay khớp gối hết tổng cộng 25 triệu.",22
"Sáng xem bản tin VTV thấy bảo dạo này nhiều vụ giả danh công an gọi điện bắt đóng phạt nguội lắm, mẹ cẩn thận nha",22
"Bà nội mới xuất viện hồi sáng, tiền viện phí ca mổ thay khớp gối hết tổng cộng 25 triệu.",22
"Hệ thống cổng dịch vụ công đang bảo trì, sếp chờ chiều tối cập nhật lại khuôn mặt sau nhé",22
"Lương tháng này công ty vừa ck banking qua mb bank r đó, bà hàng xóm check xem ting ting chưa",22
T đi Grab nãy tài xế kêu thanh toán tiền mặt mà không mang theo nên bảo tài xế gửi mã QR t quét Momo.,22
"Sáng xem bản tin VTV thấy bảo dạo này nhiều vụ giả danh công an gọi điện bắt đóng phạt nguội lắm, trưởng thôn cẩn thận nha",22
App Vietcombank tự nhiên báo lỗi giao dịch không thành công mà tiền trong thẻ vẫn bị trừ 50k.,22
"Hệ thống cổng dịch vụ công đang bảo trì, vợ chờ chiều tối cập nhật lại khuôn mặt sau nha",22
"Đọc báo thấy vụ tai nạn liên hoàn trên cao tốc sợ quá, ba đi đường cẩn thận nhé",22
Chút nữa ba tải app mb bank về xong ra quầy định danh rồi lấy mã otp cài vô máy nha,22
"Hôm rày đi đá banh t bị tai nạn gãy chân đang nằm viện nè, chủ nhật bản tin thời sự rảnh vào thăm t nha",22
"Hệ thống cổng dịch vụ công đang bảo trì, bản tin thời sự chờ chiều tối cập nhật lại khuôn mặt sau nha",22
"Lương tháng này công ty vừa ck banking qua mb bank r đó, công ty check xem ting ting chưa",22
"Trường đang phát động phong trào ủng hộ đồng bào bão lụt, ba gửi 50k vào quỹ của lớp nhé",22
"Ê nay sinh nhật t, mua giùm t cái bánh kem đi, nãy t bank thẳng 500k qa stk m r đó, check đi",22
Chút nữa vợ tải app techcombank về xong ra quầy định danh rồi lấy mã otp cài vô máy nha,22
Ông can xã bữa nay xuống tận nhà thu thập thông tin làm cccd gắn chip đó vợ,22
"Xin lỗi quý khách, hệ thống cổng dịch vụ công trực tuyến đang bảo trì để nâng cấp phần mềm.",22
Chút nữa bản tin thời sự tải app mb bank về xong ra quầy định danh r lấy mã otp cài vô máy nhé,22
"Trường đang phát động phong trào ủng hộ đồng bào bão lụt, mẹ gửi 50k vào quỹ của lớp nhé",22
"Ra cây ATM rút tiền mà quên mang thẻ, may nãy mở app banking ra quét mã QR rút rốp rẻng luôn",22
"Hôm rày đi đá banh t bị tai nạn gãy chân đang nằm viện nè, chủ nhật vợ rảnh vào thăm t nhé",22
Thằng Bin chạy ngoài đường bị công an thổi phạt nguội 500k tội vượt đèn đỏ rồi.,22
Chút nữa sếp tải app techcombank về xong ra quầy định danh rồi lấy mã otp cài vô máy nha,22
"Lương tháng này công ty vừa chuyển khoản banking qua mb bank rồi đó, trưởng thôn check xem ting ting chưa",22
"Hệ thống cổng dịch vụ công đang bảo trì, ba chờ chiều tối cập nhật lại khuôn mặt sau nhé",22
"Giảng viên dặn cả lớp chuẩn bị đóng quỹ lớp kỳ này nha, tài khoản lớp trưởng là ngân hàng MB đuôi 333.",22
Chút nữa mẹ tải app vp bank về xong ra quầy định danh rồi lấy mã otp cài vô máy nha,22
"Bác tài xế xe tải đang nằm bệnh viện chợ Rẫy vì tai nạn nghề nghiệp, công đoàn đang quyên góp quỹ ủng hộ.",22
Chút nữa mẹ tải app techcombank về xong ra quầy định danh r lấy mã otp cài vô máy nhé,22
Ông can xã bữa nay xuống tận nhà thu thập thông tin làm cccd gắn chip đó mẹ,22
"Sáng xem bản tin VTV thấy bảo dạo này nhiều vụ giả danh công an gọi điện bắt đóng phạt nguội lắm, chồng cẩn thận nha",22
Ông can xã bữa nay xuống tận nhà thu thập thông tin làm cccd gắn chip đó trưởng thôn,22
"Hôm rày đi đá banh t bị tai nạn gãy chân đang nằm viện nè, chủ nhật mẹ rảnh vào thăm t nhé",22
"Lương tháng 13 hôm qua kế toán đã chuyển khoản cho toàn bộ nhân viên rồi, anh em check tài khoản lại nhé.",22
"Tháng này mảng tuyển dụng thiếu hụt nhân sự trầm trọng, giám đốc bắt cày ngày cày đêm.",22
Ông can xã bữa nay xuống tận nhà thu thập thông tin làm cccd gắn chip đó trưởng thôn,22
"Sáng xem bản tin VTV thấy bảo dạo này nhiều vụ giả danh công an gọi điện bắt đóng phạt nguội lắm, bản tin thời sự cẩn thận nha",22
Hôm qua đi làm quên mang xin nhén bị sếp công an phường tuýt còi phạt 2 xị cay quá,22
"Sáng xem bản tin VTV thấy bảo dạo này nhiều vụ giả danh công an gọi điện bắt đóng phạt nguội lắm, bà hàng xóm cẩn thận nhé",22
"Lúc nãy đi rút tiền ở cây ATM ACB bị nuốt mất cái thẻ Visa rồi, bực mình dễ sợ.",22
Ủy ban nhân dân thông báo lịch làm thẻ căn cước công dân gắn chip đợt 3 tại nhà văn hóa ấp nha bà con.,22
"Đợt này ra sân bay không cần mang cccd cứng đâu, mẹ cứ mở app vneid trên điện thoại lên đưa họ quét là được",22
"Đợt này ra sân bay không cần mang cccd cứng đâu, sếp cứ mở app vneid trên điện thoại lên đưa họ quét là được",22
"Làm bên chi nhánh mới áp lực doanh số quá, tao không hoàn thành nhiệm vụ tháng này chắc bị trừ lương",22
"App ngân hàng Agribank dạo này hay lỗi hệ thống quá, mãi mới đăng nhập được bằng vân tay.",22
Hôm qua đi làm quên mang xin nhan bị mẹ công an phường tuýt còi phạt 2 xị cay quá,22
Chút nữa chồng tải app agribank về xong ra quầy định danh rồi lấy mã otp cài vô máy nha,22
"Hôm rày đi đá banh t bị tai nạn gãy chân đang nằm viện nè, chủ nhật ba rảnh vào thăm t nhé",22
"Con cài giúp chú cái app VNeID với, nghe nói là phải lên mức 2 mới tích hợp được bằng lái xe.",22
"Phường đang thu thập dữ liệu định danh điện tử, tổ trưởng kêu mang sổ hộ khẩu điện tử ra đối chiếu.",22
"T qua ngã tư bị cảnh sát giao thông vẫy vào thổi nồng độ cồn, hên quá nãy chỉ uống coca",22
Chút nữa mẹ tải app mb bank về xong ra quầy định danh r lấy mã otp cài vô máy nhé,22
Hôm qua đi làm quên mang xin nhan bị chồng công an phường tuýt còi phạt 2 xị cay quá,22
"Ra cây ATM rút tiền mà quên mang thẻ, may nãy mở app banking ra quét mã QR rút rốp rẻng luôn",22
"Xin lỗi quý khách, hệ thống cổng dịch vụ công trực tuyến đang bảo trì để nâng cấp phần mềm.",22
Chút nữa bà hàng xóm tải app vp bank về xong ra quầy định danh rồi lấy mã otp cài vô máy nha,22
Chút nữa thầy giáo tải app techcombank về xong ra quầy định danh rồi lấy mã otp cài vô máy nha,22
Ông can xã bữa nay xuống tận nhà thu thập thông tin làm cccd gắn chip đó chồng,22
Ông can xã bữa nay xuống tận nhà thu thập thông tin làm cccd gắn chip đó bà hàng xóm,22
Chút nữa thầy giáo tải app vp bank về xong ra quầy định danh rồi lấy mã otp cài vô máy nha,22
"Đợt này ra sân bay ko cần mang cccd cứng đâu, vợ cứ mở app vneid trên điện thoại lên đưa họ quét là đc",22
"Trường đang phát động phong trào ủng hộ đồng bào bão lụt, công ty gửi 50k vào quỹ của lớp nhé",22
"Đọc báo thấy vụ tai nạn liên hoàn trên cao tốc sợ quá, mẹ đi đường cẩn thận nhé",22
"Hôm rày đi đá banh t bị tai nạn gãy chân đang nằm viện nè, chủ nhật bản tin thời sự rảnh vào thăm t nhé",22
"Đợt này ra sân bay không cần mang cccd cứng đâu, chồng cứ mở app vneid trên điện thoại lên đưa họ quét là được",22
Hôm qua đi làm quên mang xin nhan bị vợ công an phường tuýt còi phạt 2 xị cay quá,22
"Sáng xem bản tin VTV thấy bảo dạo này nhiều vụ giả danh công an gọi điện bắt đóng phạt nguội lắm, thầy giáo cẩn thận nha",22
"Trường cấp 1 đang thu tiền BHYT, cô giáo gửi số tài khoản trên nhóm Zalo rồi đó, vợ kiểm tra đi.",22
Ông can xã bữa nay xuống tận nhà thu thập thông tin làm cccd gắn chip đó công ty,22
Mặt trận tổ quốc xã vừa phát danh sách các hộ nghèo cần quyên góp từ thiện nhịp Tết này,22
"Ê nay sinh nhật t, mua giùm t cái bánh kem đi, nãy t bank thẳng 500k qa stk m r đó, check đi",22
Chiều nay rảnh chở mẹ ra bưu điện đóng tiền thuế đất sử dụng đất phi nông nghiệp nghe.,22
Ê đang săn sale trên Shopee mà mã giảm giá bắt thanh toán qua thẻ tín dụng mới được áp dụng.,22
"Hôm rày đi đá banh t bị tai nạn gãy chân đang nằm viện nè, chủ nhật thầy giáo rảnh vào thăm t nha",22
"Hôm rày đi đá banh t bị tai nạn gãy chân đang nằm viện nè, chủ nhật ba rảnh vào thăm t nhé",22
Bên trung tâm y tế dự phòng gửi tin nhắn nhắc đi tiêm vắc xin ung thư cổ tử cung mũi 2 r nè.,22
Chút nữa bản tin thời sự tải app agribank về xong ra quầy định danh rồi lấy mã otp cài vô máy nha,22
Hôm qua đi làm quên mang xin nhan bị ba công an phường tuýt còi phạt 2 xị cay quá,22
Chút nữa ba tải app agribank về xong ra quầy định danh rồi lấy mã otp cài vô máy nha,22
"Đợt này ra sân bay ko cần mang cccd cứng đâu, ba cứ mở app vneid trên điện thoại lên đưa họ quét là đc",22
"Đợt này ra sân bay ko cần mang cccd cứng đâu, mẹ cứ mở app vneid trên điện thoại lên đưa họ quét là đc",22
T đi Grab nãy tài xế kêu thanh toán tiền mặt mà không mang theo nên bảo tài xế gửi mã QR t quét Momo.,22
Hôm qua đi làm quên mang xin nhan bị bà hàng xóm công an phường tuýt còi phạt 2 xị cay quá,22
"Lương tháng này công ty vừa chuyển khoản banking qua mb bank rồi đó, ba check xem ting ting chưa",22
Ông can xã bữa nay xuống tận nhà thu thập thông tin làm cccd gắn chip đó ba,22
Ông can xã bữa nay xuống tận nhà thu thập thông tin làm cccd gắn chip đó chồng,22
Chút nữa mẹ tải app techcombank về xong ra quầy định danh r lấy mã otp cài vô máy nhé,22
"Sáng xem bản tin VTV thấy bảo dạo này nhiều vụ giả danh công an gọi điện bắt đóng phạt nguội lắm, bà hàng xóm cẩn thận nha",22
"Lương tháng này công ty vừa chuyển khoản banking qua mb bank rồi đó, vợ check xem ting ting chưa",22
"Lương tháng này công ty vừa chuyển khoản banking qua mb bank rồi đó, ba check xem ting ting chưa",22
Hôm qua đi làm quên mang xin nhan bị vợ công an phường tuýt còi phạt 2 xị cay quá,22
Chút nữa bà hàng xóm tải app mb bank về xong ra quầy định danh rồi lấy mã otp cài vô máy nha,22
Chút nữa công ty tải app techcombank về xong ra quầy định danh rồi lấy mã otp cài vô máy nha,22
"Chi cục thuế thông báo đến kỳ hạn nộp thuế môn bài năm 2024, công ty nhớ cử kế toán đi làm nhé.",22
"Đọc báo thấy vụ tai nạn liên hoàn trên cao tốc sợ quá, chồng đi đường cẩn thận nhé",22
"Hôm qua đi coi bói thầy phán chuẩn ghê, ổng nói năm nay hạn nặng dễ bị tai nạn đi đường nên đi từ từ thôi.",22
"Hôm rày đi đá banh t bị tai nạn gãy chân đang nằm viện nè, chủ nhật chồng rảnh vào thăm t nhé",22
Hôm qua đi làm quên mang xin nhén bị sếp công an phường tuýt còi phạt 2 xị cay quá,22
"Nhỏ bạn mượn 2 triệu tiền đóng phòng trọ tháng này r, thứ 5 có lương nó trả lại qa bank.",22
"Sáng xem bản tin VTV thấy bảo dạo này nhiều vụ giả danh công an gọi điện bắt đóng phạt nguội lắm, bà hàng xóm cẩn thận nhé",22
Chút nữa thầy giáo tải app agribank về xong ra quầy định danh rồi lấy mã otp cài vô máy nha,22
Nhỏ em t đi xe đạp bị tông trầy xước chút xíu chảy máu mà làm quá trời,22
"Đọc báo thấy vụ tai nạn liên hoàn trên cao tốc sợ quá, bà hàng xóm đi đường cẩn thận nhé",22
"Lương tháng này công ty vừa chuyển khoản banking qua mb bank rồi đó, bản tin thời sự check xem ting ting chưa",22
"Mã OTP từ tổng đài Shopee gửi về máy em rồi nè chị, chị nhập vô để xác nhận đơn hàng đi.",22
"Lương tháng này công ty vừa ck banking qua mb bank r đó, ba check xem ting ting chưa",22
"Sáng xem bản tin VTV thấy bảo dạo này nhiều vụ giả danh công an gọi điện bắt đóng phạt nguội lắm, ba cẩn thận nhé",22
Hôm qua đi làm quên mang xin nhén bị chồng công an phường tuýt còi phạt 2 xị cay quá,22
"Lương tháng này công ty vừa ck banking qua mb bank r đó, bản tin thời sự check xem ting ting chưa",22
Tú ơi m có rảnh không chạy qua cục thuế thành phố lấy cái biên lai nộp lệ phí trước bạ giùm tao với.,22
"Hệ thống cổng dịch vụ công đang bảo trì, ba chờ chiều tối cập nhật lại khuôn mặt sau nhé",22
Mẹ mới cấn thai được 2 tháng đi khám bảo hiểm y tế mà thủ tục rườm rà quá trời.,22
"Hệ thống cổng dịch vụ công đang bảo trì, bản tin thời sự chờ chiều tối cập nhật lại khuôn mặt sau nhé",22
"Lương tháng này công ty vừa ck banking qua mb bank r đó, bà hàng xóm check xem ting ting chưa",22
"Trường đang phát động phong trào ủng hộ đồng bào bão lụt, mẹ gửi 50k vào quỹ của lớp nhé",22
"Đọc báo thấy vụ tai nạn liên hoàn trên cao tốc sợ quá, trưởng thôn đi đường cẩn thận nhé",22
"Sáng xem bản tin VTV thấy bảo dạo này nhiều vụ giả danh công an gọi điện bắt đóng phạt nguội lắm, mẹ cẩn thận nhé",22
"Con cài giúp chú cái app VNeID với, nghe nói là phải lên mức 2 mới tích hợp được bằng lái xe.",22
Chút nữa ba tải app techcombank về xong ra quầy định danh r lấy mã otp cài vô máy nhé,22
"Hệ thống cổng dịch vụ công đang bảo trì, mẹ chờ chiều tối cập nhật lại khuôn mặt sau nha",22
Chút nữa chồng tải app agribank về xong ra quầy định danh rồi lấy mã otp cài vô máy nha,22
"Hôm rày đi đá banh t bị tai nạn gãy chân đang nằm viện nè, chủ nhật bản tin thời sự rảnh vào thăm t nha",22
"Hệ thống cổng dịch vụ công đang bảo trì, sếp chờ chiều tối cập nhật lại khuôn mặt sau nha",22
"Mấy cái phông bạt sao kê từ thiện trên mạng giờ tràn lan, chẳng biết tin ai nữa.",22
"Đọc báo thấy vụ tai nạn liên hoàn trên cao tốc sợ quá, bà hàng xóm đi đường cẩn thận nhé",22
Chút nữa thầy giáo tải app agribank về xong ra quầy định danh r lấy mã otp cài vô máy nhé,22
"Lương tháng này công ty vừa ck banking qua mb bank r đó, bản tin thời sự check xem ting ting chưa",22
Chút nữa ba tải app agribank về xong ra quầy định danh r lấy mã otp cài vô máy nhé,22
"Chi cục thuế thông báo đến kỳ hạn nộp thuế môn bài năm 2024, công ty nhớ cử kế toán đi làm nhé.",22
Chút nữa ba tải app mb bank về xong ra quầy định danh rồi lấy mã otp cài vô máy nha,22
Hôm qua đi làm quên mang xin nhén bị trưởng thôn công an phường tuýt còi phạt 2 xị cay quá,22
App Vietcombank tự nhiên báo lỗi giao dịch không thành công mà tiền trong thẻ vẫn bị trừ 50k.,22
"Sáng xem bản tin VTV thấy bảo dạo này nhiều vụ giả danh công an gọi điện bắt đóng phạt nguội lắm, vợ cẩn thận nhé",22
Chút nữa thầy giáo tải app agribank về xong ra quầy định danh r lấy mã otp cài vô máy nhé,22
"Đợt này ra sân bay không cần mang cccd cứng đâu, trưởng thôn cứ mở app vneid trên điện thoại lên đưa họ quét là được",22
"Hệ thống cổng dịch vụ công đang bảo trì, chồng chờ chiều tối cập nhật lại khuôn mặt sau nhé",22
Chút nữa công ty tải app mb bank về xong ra quầy định danh rồi lấy mã otp cài vô máy nha,22
"Mình mới nhận được email báo trúng tuyển vòng phỏng vấn công ty FPT, tuần sau bắt đầu đi làm.",22
"Trường đang phát động phong trào ủng hộ đồng bào bão lụt, công ty gửi 50k vào quỹ của lớp nhé",22
"Sếp ơi mai em xin phép nghỉ bệnh một ngày để đi khám sức khỏe thẻ xanh nhé, dạo này em chóng mặt quá.",22
"Đọc báo thấy vụ tai nạn liên hoàn trên cao tốc sợ quá, thầy giáo đi đường cẩn thận nhé",22
"Đợt này ra sân bay không cần mang cccd cứng đâu, thầy giáo cứ mở app vneid trên điện thoại lên đưa họ quét là được",22
"Đọc báo thấy vụ tai nạn liên hoàn trên cao tốc sợ quá, sếp đi đường cẩn thận nhé",22
Hôm qua đi làm quên mang xin nhan bị bản tin thời sự công an phường tuýt còi phạt 2 xị cay quá,22
"Hôm rày đi đá banh t bị tai nạn gãy chân đang nằm viện nè, chủ nhật vợ rảnh vào thăm t nhé",22
"Đợt này ra sân bay không cần mang cccd cứng đâu, ba cứ mở app vneid trên điện thoại lên đưa họ quét là được",22
Chút nữa ba tải app vp bank về xong ra quầy định danh rồi lấy mã otp cài vô máy nha,22
"Đợt này ra sân bay không cần mang cccd cứng đâu, công ty cứ mở app vneid trên điện thoại lên đưa họ quét là được",22
Chút nữa bà hàng xóm tải app agribank về xong ra quầy định danh r lấy mã otp cài vô máy nhé,22
"Sáng xem bản tin VTV thấy bảo dạo này nhiều vụ giả danh công an gọi điện bắt đóng phạt nguội lắm, ba cẩn thận nha",22
"Lương tháng này công ty vừa chuyển khoản banking qua mb bank rồi đó, bản tin thời sự check xem ting ting chưa",22
Chút nữa công ty tải app agribank về xong ra quầy định danh rồi lấy mã otp cài vô máy nha,22
"Sáng xem bản tin VTV thấy bảo dạo này nhiều vụ giả danh công an gọi điện bắt đóng phạt nguội lắm, vợ cẩn thận nha",22
"Hệ thống cổng dịch vụ công đang bảo trì, sếp chờ chiều tối cập nhật lại khuôn mặt sau nhé",22
Chút nữa ba tải app agribank về xong ra quầy định danh rồi lấy mã otp cài vô máy nha,22
Sếp bảo mai mảng tuyển dụng nhân sự có cuộc phỏng vấn ứng viên lúc 9h sáng nhé,22
"Lương tháng này công ty vừa chuyển khoản banking qua mb bank rồi đó, chồng check xem ting ting chưa",22
Chút nữa sếp tải app agribank về xong ra quầy định danh rồi lấy mã otp cài vô máy nha,22
"Đợt này ra sân bay ko cần mang cccd cứng đâu, công ty cứ mở app vneid trên điện thoại lên đưa họ quét là đc",22
"Đợt này ra sân bay không cần mang cccd cứng đâu, chồng cứ mở app vneid trên điện thoại lên đưa họ quét là được",22
"Đợt này ra sân bay ko cần mang cccd cứng đâu, công ty cứ mở app vneid trên điện thoại lên đưa họ quét là đc",22
Bữa nay thi bằng lái xe phải đồng bộ dữ liệu vneid rồi rườm rà ghê,22
"Ủa hôm rày m mượn t 2 triệu á, khi nào có lương thì ck qua số tài khoản đuôi 888 này nhé",22
Chút nữa trưởng thôn tải app vp bank về xong ra quầy định danh rồi lấy mã otp cài vô máy nha,22
"Hệ thống cổng dịch vụ công đang bảo trì, chồng chờ chiều tối cập nhật lại khuôn mặt sau nha",22
"Sáng xem bản tin VTV thấy bảo dạo này nhiều vụ giả danh công an gọi điện bắt đóng phạt nguội lắm, bà hàng xóm cẩn thận nhé",22
"Trường đang phát động phong trào ủng hộ đồng bào bão lụt, sếp gửi 50k vào quỹ của lớp nhé",22
Chút nữa trưởng thôn tải app vp bank về xong ra quầy định danh r lấy mã otp cài vô máy nhé,22
"Làm bên chi nhánh mới áp lực doanh số quá, tao không hoàn thành nhiệm vụ tháng này chắc bị trừ lương",22
"Trường đang phát động phong trào ủng hộ đồng bào bão lụt, vợ gửi 50k vào quỹ của lớp nhé",22
"Sáng xem bản tin VTV thấy bảo dạo này nhiều vụ giả danh công an gọi điện bắt đóng phạt nguội lắm, vợ cẩn thận nha",22
"Sáng mai m ghé công an phường lấy cái xác nhận cư trú giúp tao với, tao có việc bận.",22
Chút nữa bản tin thời sự tải app agribank về xong ra quầy định danh rồi lấy mã otp cài vô máy nha,22
"Hệ thống cổng dịch vụ công đang bảo trì, sếp chờ chiều tối cập nhật lại khuôn mặt sau nha",22
"Hôm rày đi đá banh t bị tai nạn gãy chân đang nằm viện nè, chủ nhật sếp rảnh vào thăm t nhé",22
"Lương tháng này công ty vừa ck banking qua mb bank r đó, thầy giáo check xem ting ting chưa",22
Chút nữa mẹ tải app techcombank về xong ra quầy định danh r lấy mã otp cài vô máy nhé,22
"Sáng xem bản tin VTV thấy bảo dạo này nhiều vụ giả danh công an gọi điện bắt đóng phạt nguội lắm, bà hàng xóm cẩn thận nha",22
Ê đang săn sale trên Shopee mà mã giảm giá bắt thanh toán qua thẻ tín dụng mới được áp dụng.,22
"Hôm rày đi đá banh t bị tai nạn gãy chân đang nằm viện nè, chủ nhật công ty rảnh vào thăm t nhé",22
"Hôm qua đi coi bói thầy phán chuẩn ghê, ổng nói năm nay hạn nặng dễ bị tai nạn đi đường nên đi từ từ thôi.",22
"Hôm rày đi đá banh t bị tai nạn gãy chân đang nằm viện nè, chủ nhật công ty rảnh vào thăm t nhé",22
Hôm qua đi làm quên mang xin nhan bị bà hàng xóm công an phường tuýt còi phạt 2 xị cay quá,22
Chút nữa sếp tải app vp bank về xong ra quầy định danh rồi lấy mã otp cài vô máy nha,22
T đi Grab nãy tài xế kêu thanh toán tiền mặt mà không mang theo nên bảo tài xế gửi mã QR t quét Momo.,22
"Hôm rày đi đá banh t bị tai nạn gãy chân đang nằm viện nè, chủ nhật ba rảnh vào thăm t nhé",22
"Bạn tao đang bán thanh lý lại vé ca nhạc BlackPink giá rẻ, để t chuyển khoản đặt cọc nó 1 triệu.",22
"App ngân hàng Agribank dạo này hay lỗi hệ thống quá, mãi mới đăng nhập được bằng vân tay.",22
"Sáng xem bản tin VTV thấy bảo dạo này nhiều vụ giả danh công an gọi điện bắt đóng phạt nguội lắm, chồng cẩn thận nhé",22
Hôm qua đi làm quên mang xin nhan bị bản tin thời sự công an phường tuýt còi phạt 2 xị cay quá,22
Chút nữa bà hàng xóm tải app mb bank về xong ra quầy định danh rồi lấy mã otp cài vô máy nha,22
"Sáng xem bản tin VTV thấy bảo dạo này nhiều vụ giả danh công an gọi điện bắt đóng phạt nguội lắm, công ty cẩn thận nha",22
Nhỏ em t đi xe đạp bị tông trầy xước chút xíu chảy máu mà làm quá trời,22
Chút nữa bà hàng xóm tải app vp bank về xong ra quầy định danh rồi lấy mã otp cài vô máy nha,22
Vụ án công an đột kích sòng bạc ở Vũng Tàu tối qua rần rần trên thời sự VTV1 luôn m ơi.,22
Chút nữa trưởng thôn tải app agribank về xong ra quầy định danh rồi lấy mã otp cài vô máy nha,22
Ông can xã bữa nay xuống tận nhà thu thập thông tin làm cccd gắn chip đó bà hàng xóm,22
"Đọc báo thấy vụ tai nạn liên hoàn trên cao tốc sợ quá, chồng đi đường cẩn thận nhé",22
Chút nữa vợ tải app techcombank về xong ra quầy định danh rồi lấy mã otp cài vô máy nha,22
"Trường đang phát động phong trào ủng hộ đồng bào bão lụt, sếp gửi 50k vào quỹ của lớp nhé",22
"Lương tháng này công ty vừa chuyển khoản banking qua mb bank rồi đó, mẹ check xem ting ting chưa",22
Hôm qua đi làm quên mang xin nhén bị vợ công an phường tuýt còi phạt 2 xị cay quá,22
"Chi cục thuế thông báo đến kỳ hạn nộp thuế môn bài năm 2024, công ty nhớ cử kế toán đi làm nhé.",22
"Sáng xem bản tin VTV thấy bảo dạo này nhiều vụ giả danh công an gọi điện bắt đóng phạt nguội lắm, trưởng thôn cẩn thận nhé",22
"Hệ thống cổng dịch vụ công đang bảo trì, bản tin thời sự chờ chiều tối cập nhật lại khuôn mặt sau nhé",22
Chiều nay rảnh chở mẹ ra bưu điện đóng tiền thuế đất sử dụng đất phi nông nghiệp nghe.,22
Vay vốn sinh viên ngân hàng chính sách xã hội phải cần xã xác nhận hộ nghèo mới được vay 40 triệu.,22
"Hệ thống cổng dịch vụ công đang bảo trì, thầy giáo chờ chiều tối cập nhật lại khuôn mặt sau nha",22
"Lương tháng này công ty vừa ck banking qua mb bank r đó, chồng check xem ting ting chưa",22
"Lương tháng này công ty vừa chuyển khoản banking qua mb bank rồi đó, công ty check xem ting ting chưa",22
Chút nữa trưởng thôn tải app agribank về xong ra quầy định danh r lấy mã otp cài vô máy nhé,22
"Hệ thống cổng dịch vụ công đang bảo trì, chồng chờ chiều tối cập nhật lại khuôn mặt sau nha",22
Chút nữa sếp tải app agribank về xong ra quầy định danh rồi lấy mã otp cài vô máy nha,22
"Tội nghiệp con vàng nhà dì Bảy, mới nhảy ra đường bị tông tai nạn gãy chân luôn.",22
"Sếp ơi mai em xin phép nghỉ bệnh một ngày để đi khám sức khỏe thẻ xanh nhé, dạo này em chóng mặt quá.",22
"Hôm rày đi đá banh t bị tai nạn gãy chân đang nằm viện nè, chủ nhật công ty rảnh vào thăm t nha",22
"Nhỏ bạn mượn 2 triệu tiền đóng phòng trọ tháng này r, thứ 5 có lương nó trả lại qa bank.",22
"Hệ thống cổng dịch vụ công đang bảo trì, bản tin thời sự chờ chiều tối cập nhật lại khuôn mặt sau nhé",22
"Đợt này ra sân bay ko cần mang cccd cứng đâu, bản tin thời sự cứ mở app vneid trên điện thoại lên đưa họ quét là đc",22
"Đợt này ra sân bay không cần mang cccd cứng đâu, bản tin thời sự cứ mở app vneid trên điện thoại lên đưa họ quét là được",22
"Hệ thống cổng dịch vụ công đang bảo trì, ba chờ chiều tối cập nhật lại khuôn mặt sau nhé",22
"Hệ thống cổng dịch vụ công đang bảo trì, công ty chờ chiều tối cập nhật lại khuôn mặt sau nha",22
"Hệ thống cổng dịch vụ công đang bảo trì, mẹ chờ chiều tối cập nhật lại khuôn mặt sau nhé",22
"Mã OTP từ tổng đài Shopee gửi về máy em rồi nè chị, chị nhập vô để xác nhận đơn hàng đi.",22
"Hôm rày đi đá banh t bị tai nạn gãy chân đang nằm viện nè, chủ nhật bà hàng xóm rảnh vào thăm t nhé",22
"Hôm rày đi đá banh t bị tai nạn gãy chân đang nằm viện nè, chủ nhật vợ rảnh vào thăm t nha",22
"Hệ thống cổng dịch vụ công đang bảo trì, thầy giáo chờ chiều tối cập nhật lại khuôn mặt sau nhé",22
Chút nữa vợ tải app techcombank về xong ra quầy định danh r lấy mã otp cài vô máy nhé,22
"Đợt này ra sân bay không cần mang cccd cứng đâu, chồng cứ mở app vneid trên điện thoại lên đưa họ quét là được",22
"Sáng xem bản tin VTV thấy bảo dạo này nhiều vụ giả danh công an gọi điện bắt đóng phạt nguội lắm, bà hàng xóm cẩn thận nhé",22
Vụ án công an đột kích sòng bạc ở Vũng Tàu tối qua rần rần trên thời sự VTV1 luôn m ơi.,22
"Sếp ơi mai em xin phép nghỉ bệnh một ngày để đi khám sức khỏe thẻ xanh nhé, dạo này em chóng mặt quá.",22
"Hôm rày đi đá banh t bị tai nạn gãy chân đang nằm viện nè, chủ nhật vợ rảnh vào thăm t nha",22
"Hôm rày đi đá banh t bị tai nạn gãy chân đang nằm viện nè, chủ nhật mẹ rảnh vào thăm t nha",22
"Đọc báo thấy vụ tai nạn liên hoàn trên cao tốc sợ quá, mẹ đi đường cẩn thận nhé",22
Hôm qua đi làm quên mang xin nhén bị mẹ công an phường tuýt còi phạt 2 xị cay quá,22
"Đọc báo thấy vụ tai nạn liên hoàn trên cao tốc sợ quá, bản tin thời sự đi đường cẩn thận nhé",22
"Sáng xem bản tin VTV thấy bảo dạo này nhiều vụ giả danh công an gọi điện bắt đóng phạt nguội lắm, chồng cẩn thận nha",22
Chút nữa công ty tải app vp bank về xong ra quầy định danh r lấy mã otp cài vô máy nhé,22
"Lương tháng này công ty vừa chuyển khoản banking qua mb bank rồi đó, công ty check xem ting ting chưa",22
"Hệ thống cổng dịch vụ công đang bảo trì, sếp chờ chiều tối cập nhật lại khuôn mặt sau nha",22
"Sáng xem bản tin VTV thấy bảo dạo này nhiều vụ giả danh công an gọi điện bắt đóng phạt nguội lắm, ba cẩn thận nha",22
"Hệ thống cổng dịch vụ công đang bảo trì, sếp chờ chiều tối cập nhật lại khuôn mặt sau nhé",22
Hôm qua đi làm quên mang xin nhén bị trưởng thôn công an phường tuýt còi phạt 2 xị cay quá,22
Hôm qua đi làm quên mang xin nhan bị bà hàng xóm công an phường tuýt còi phạt 2 xị cay quá,22
"Xe t bị dính phạt nguội vượt đèn đỏ hôm bữa lên tra trên trang pccc thấy hình luôn rồi, đành ra kho bạc nộp thôi",22
"Đợt này ra sân bay ko cần mang cccd cứng đâu, bản tin thời sự cứ mở app vneid trên điện thoại lên đưa họ quét là đc",22
"Lương tháng này công ty vừa ck banking qua mb bank r đó, bà hàng xóm check xem ting ting chưa",22
"Đọc báo thấy vụ tai nạn liên hoàn trên cao tốc sợ quá, trưởng thôn đi đường cẩn thận nhé",22
"Trường đang phát động phong trào ủng hộ đồng bào bão lụt, bà hàng xóm gửi 50k vào quỹ của lớp nhé",22
"Hôm rày đi đá banh t bị tai nạn gãy chân đang nằm viện nè, chủ nhật chồng rảnh vào thăm t nhé",22
"Đợt này ra sân bay ko cần mang cccd cứng đâu, vợ cứ mở app vneid trên điện thoại lên đưa họ quét là đc",22
Hôm qua đi làm quên mang xin nhén bị ba công an phường tuýt còi phạt 2 xị cay quá,22
"Đọc báo thấy vụ tai nạn liên hoàn trên cao tốc sợ quá, vợ đi đường cẩn thận nhé",22
"Lương tháng này công ty vừa chuyển khoản banking qua mb bank rồi đó, mẹ check xem ting ting chưa",22
"Hôm rày đi đá banh t bị tai nạn gãy chân đang nằm viện nè, chủ nhật ba rảnh vào thăm t nha",22
"Lương tháng này công ty vừa ck banking qua mb bank r đó, chồng check xem ting ting chưa",22
Ông can xã bữa nay xuống tận nhà thu thập thông tin làm cccd gắn chip đó bà hàng xóm,22
"Hồi chiều gửi xe trong hầm siêu thị mà mất cái vé, hên là bảo vệ lấy CMT xác minh rồi cho ra.",22
Hôm qua đi làm quên mang xin nhén bị bà hàng xóm công an phường tuýt còi phạt 2 xị cay quá,22
"Đọc báo thấy vụ tai nạn liên hoàn trên cao tốc sợ quá, bản tin thời sự đi đường cẩn thận nhé",22
"Trường đang phát động phong trào ủng hộ đồng bào bão lụt, trưởng thôn gửi 50k vào quỹ của lớp nhé",22
"Trường đang phát động phong trào ủng hộ đồng bào bão lụt, trưởng thôn gửi 50k vào quỹ của lớp nhé",22
Hôm qua đi làm quên mang xin nhan bị bà hàng xóm công an phường tuýt còi phạt 2 xị cay quá,22
Ông can xã bữa nay xuống tận nhà thu thập thông tin làm cccd gắn chip đó ba,22
"Bà nội mới xuất viện hồi sáng, tiền viện phí ca mổ thay khớp gối hết tổng cộng 25 triệu.",22
Sáng nay xem sao kê từ thiện của mấy nghệ sĩ mới thấy nhiều người phông bạt quyên góp ghê,22
Chút nữa sếp tải app techcombank về xong ra quầy định danh rồi lấy mã otp cài vô máy nha,22
"Lương tháng này công ty vừa chuyển khoản banking qua mb bank rồi đó, thầy giáo check xem ting ting chưa",22
"Lương tháng này công ty vừa ck banking qua mb bank r đó, trưởng thôn check xem ting ting chưa",22
"Hệ thống cổng dịch vụ công đang bảo trì, chồng chờ chiều tối cập nhật lại khuôn mặt sau nhé",22
"Xe t bị dính phạt nguội vượt đèn đỏ hôm bữa lên tra trên trang pccc thấy hình luôn rồi, đành ra kho bạc nộp thôi",22
"Trường đang phát động phong trào ủng hộ đồng bào bão lụt, chồng gửi 50k vào quỹ của lớp nhé",22
Hôm qua đi làm quên mang xin nhén bị vợ công an phường tuýt còi phạt 2 xị cay quá,22
Hôm qua đi làm quên mang xin nhén bị mẹ công an phường tuýt còi phạt 2 xị cay quá,22
Ông can xã bữa nay xuống tận nhà thu thập thông tin làm cccd gắn chip đó bản tin thời sự,22
Chút nữa thầy giáo tải app vp bank về xong ra quầy định danh rồi lấy mã otp cài vô máy nha,22
"Mấy cái phông bạt sao kê từ thiện trên mạng giờ tràn lan, chẳng biết tin ai nữa.",22
"Trường đang phát động phong trào ủng hộ đồng bào bão lụt, công ty gửi 50k vào quỹ của lớp nhé",22
"Hệ thống cổng dịch vụ công đang bảo trì, công ty chờ chiều tối cập nhật lại khuôn mặt sau nha",22
Chút nữa trưởng thôn tải app mb bank về xong ra quầy định danh r lấy mã otp cài vô máy nhé,22
"Hệ thống cổng dịch vụ công đang bảo trì, thầy giáo chờ chiều tối cập nhật lại khuôn mặt sau nhé",22
"Lương tháng này công ty vừa chuyển khoản banking qua mb bank rồi đó, thầy giáo check xem ting ting chưa",22
Chiều nay rảnh chở mẹ ra bưu điện đóng tiền thuế đất sử dụng đất phi nông nghiệp nghe.,22
"Lương tháng này công ty vừa chuyển khoản banking qua mb bank rồi đó, trưởng thôn check xem ting ting chưa",22
"Hôm rày đi đá banh t bị tai nạn gãy chân đang nằm viện nè, chủ nhật sếp rảnh vào thăm t nha",22
Sếp bảo mai mảng tuyển dụng nhân sự có cuộc phỏng vấn ứng viên lúc 9h sáng nhé,22
"Hôm rày đi đá banh t bị tai nạn gãy chân đang nằm viện nè, chủ nhật mẹ rảnh vào thăm t nha",22
"Công ty tổ chức quyên góp từ thiện cho đồng bào vùng bão lũ, mỗi người tự nguyện chuyển khoản ít nhất 100k.",22
Chút nữa trưởng thôn tải app mb bank về xong ra quầy định danh rồi lấy mã otp cài vô máy nha,22
"Bác sĩ báo viện phí ca mổ ruột thừa hôm qua hết 15 triệu, để lát rảnh m ra đóng tiền nha",22
"Hôm rày đi đá banh t bị tai nạn gãy chân đang nằm viện nè, chủ nhật trưởng thôn rảnh vào thăm t nha",22
"Mình mới nhận được email báo trúng tuyển vòng phỏng vấn công ty FPT, tuần sau bắt đầu đi làm.",22
Chút nữa công ty tải app agribank về xong ra quầy định danh rồi lấy mã otp cài vô máy nha,22
Chút nữa mẹ tải app techcombank về xong ra quầy định danh rồi lấy mã otp cài vô máy nha,22
Bác trưởng thôn thông báo mai cả xóm ra nhà văn hóa để công an xã hỗ trợ cài app vneid mức 2 nhé,22
"Hôm rày đi đá banh t bị tai nạn gãy chân đang nằm viện nè, chủ nhật vợ rảnh vào thăm t nha",22
"Lương tháng này công ty vừa chuyển khoản banking qua mb bank rồi đó, bà hàng xóm check xem ting ting chưa",22
"Hôm rày đi đá banh t bị tai nạn gãy chân đang nằm viện nè, chủ nhật trưởng thôn rảnh vào thăm t nha",22
Hôm qua đi làm quên mang xin nhan bị bà hàng xóm công an phường tuýt còi phạt 2 xị cay quá,22
"Hôm rày đi đá banh t bị tai nạn gãy chân đang nằm viện nè, chủ nhật sếp rảnh vào thăm t nhé",22
"Hôm rày đi đá banh t bị tai nạn gãy chân đang nằm viện nè, chủ nhật chồng rảnh vào thăm t nhé",22
Hôm qua đi làm quên mang xin nhén bị bà hàng xóm công an phường tuýt còi phạt 2 xị cay quá,22
"Hệ thống cổng dịch vụ công đang bảo trì, bản tin thời sự chờ chiều tối cập nhật lại khuôn mặt sau nha",22
Chút nữa trưởng thôn tải app agribank về xong ra quầy định danh r lấy mã otp cài vô máy nhé,22
"Sáng xem bản tin VTV thấy bảo dạo này nhiều vụ giả danh công an gọi điện bắt đóng phạt nguội lắm, trưởng thôn cẩn thận nha",22
"Trường cấp 1 đang thu tiền BHYT, cô giáo gửi số tài khoản trên nhóm Zalo rồi đó, vợ kiểm tra đi.",22
Chút nữa bản tin thời sự tải app mb bank về xong ra quầy định danh rồi lấy mã otp cài vô máy nha,22
Chút nữa ba tải app agribank về xong ra quầy định danh r lấy mã otp cài vô máy nhé,22
"Hệ thống ngân hàng đang bảo trì nên t ko nhận đc mã otp, tí nữa t chuyển tìn lại cho",22
Chút nữa bà hàng xóm tải app agribank về xong ra quầy định danh rồi lấy mã otp cài vô máy nha,22
Hôm qua đi làm quên mang xin nhan bị trưởng thôn công an phường tuýt còi phạt 2 xị cay quá,22
Chút nữa sếp tải app vp bank về xong ra quầy định danh rồi lấy mã otp cài vô máy nha,22
"Hôm rày đi đá banh t bị tai nạn gãy chân đang nằm viện nè, chủ nhật bà hàng xóm rảnh vào thăm t nha",22
"Trường đang phát động phong trào ủng hộ đồng bào bão lụt, ba gửi 50k vào quỹ của lớp nhé",22
"Lương tháng này công ty vừa chuyển khoản banking qua mb bank rồi đó, ba check xem ting ting chưa",22
Hôm qua đi làm quên mang xin nhén bị chồng công an phường tuýt còi phạt 2 xị cay quá,22
"Tới tháng săn sale shopee rồi, đợt này chốt đơn cái áo khoác sướng ghê ko tốn phí ship",22
"Ủa hôm rày m mượn t 2 triệu á, khi nào có lương thì chuyển khoản qua số tài khoản đuôi 888 này nha",22
Chút nữa bà hàng xóm tải app vp bank về xong ra quầy định danh r lấy mã otp cài vô máy nhé,22
"Hệ thống ngân hàng đang bảo trì nên t không nhận được mã otp, tí nữa t chuyển tìn lại cho",22
Ông can xã bữa nay xuống tận nhà thu thập thông tin làm cccd gắn chip đó sếp,22
Bác trưởng thôn thông báo mai cả xóm ra nhà văn hóa để công an xã hỗ trợ cài app vneid mức 2 nhé,22
"Trường đang phát động phong trào ủng hộ đồng bào bão lụt, ba gửi 50k vào quỹ của lớp nhé",22
Chút nữa trưởng thôn tải app vp bank về xong ra quầy định danh r lấy mã otp cài vô máy nhé,22
"Trường đang phát động phong trào ủng hộ đồng bào bão lụt, vợ gửi 50k vào quỹ của lớp nhé",22
Nhỏ em t đi xe đạp bị tông trầy xước chút xíu chảy máu mà làm quá trời,22
"Ê nay sinh nhật t, mua giùm t cái bánh kem đi, nãy t bank thẳng 500k qa stk m r đó, check đi",22
"Làm bên chi nhánh mới áp lực doanh số quá, tao ko hoàn thành nhiệm vụ tháng này chắc bị trừ lương",22
"Ủa hôm rày m mượn t 2 triệu á, khi nào có lương thì ck qua số tài khoản đuôi 888 này nhé",22
Hôm qua đi làm quên mang xin nhan bị bà hàng xóm công an phường tuýt còi phạt 2 xị cay quá,22
Chút nữa trưởng thôn tải app agribank về xong ra quầy định danh r lấy mã otp cài vô máy nhé,22
"Đọc báo thấy vụ tai nạn liên hoàn trên cao tốc sợ quá, thầy giáo đi đường cẩn thận nhé",22
"Đoàn thanh niên phường mình tổ chức nấu cháo từ thiện tại bệnh viện nhi đồng đó, m tham gia không?",22
"Hôm rày đi đá banh t bị tai nạn gãy chân đang nằm viện nè, chủ nhật bản tin thời sự rảnh vào thăm t nha",22
Chút nữa trưởng thôn tải app vp bank về xong ra quầy định danh r lấy mã otp cài vô máy nhé,22
Chút nữa chồng tải app agribank về xong ra quầy định danh r lấy mã otp cài vô máy nhé,22
Ủy ban nhân dân thông báo lịch làm thẻ căn cước công dân gắn chip đợt 3 tại nhà văn hóa ấp nha bà con.,22
"Đợt này ra sân bay không cần mang cccd cứng đâu, mẹ cứ mở app vneid trên điện thoại lên đưa họ quét là được",22
Chút nữa sếp tải app techcombank về xong ra quầy định danh rồi lấy mã otp cài vô máy nha,22
Hôm qua đi làm quên mang xin nhén bị ba công an phường tuýt còi phạt 2 xị cay quá,22
Chút nữa ba tải app agribank về xong ra quầy định danh rồi lấy mã otp cài vô máy nha,22
Chút nữa vợ tải app mb bank về xong ra quầy định danh r lấy mã otp cài vô máy nhé,22
"Đọc báo thấy vụ tai nạn liên hoàn trên cao tốc sợ quá, ba đi đường cẩn thận nhé",22
"Hôm rày đi đá banh t bị tai nạn gãy chân đang nằm viện nè, chủ nhật mẹ rảnh vào thăm t nha",22
"Hôm rày đi đá banh t bị tai nạn gãy chân đang nằm viện nè, chủ nhật chồng rảnh vào thăm t nhé",22
"Lương tháng này công ty vừa chuyển khoản banking qua mb bank rồi đó, ba check xem ting ting chưa",22
"Đợt này ra sân bay không cần mang cccd cứng đâu, trưởng thôn cứ mở app vneid trên điện thoại lên đưa họ quét là được",22
"Trường đang phát động phong trào ủng hộ đồng bào bão lụt, trưởng thôn gửi 50k vào quỹ của lớp nhé",22
"Giảng viên dặn cả lớp chuẩn bị đóng quỹ lớp kỳ này nha, tài khoản lớp trưởng là ngân hàng MB đuôi 333.",22
Chút nữa trưởng thôn tải app mb bank về xong ra quầy định danh rồi lấy mã otp cài vô máy nha,22
"Hệ thống cổng dịch vụ công đang bảo trì, ba chờ chiều tối cập nhật lại khuôn mặt sau nhé",22
Chút nữa chồng tải app agribank về xong ra quầy định danh r lấy mã otp cài vô máy nhé,22
"Trường đang phát động phong trào ủng hộ đồng bào bão lụt, công ty gửi 50k vào quỹ của lớp nhé",22
"Đợt này ra sân bay ko cần mang cccd cứng đâu, mẹ cứ mở app vneid trên điện thoại lên đưa họ quét là đc",22
"Sáng xem bản tin VTV thấy bảo dạo này nhiều vụ giả danh công an gọi điện bắt đóng phạt nguội lắm, trưởng thôn cẩn thận nha",22
Chút nữa trưởng thôn tải app agribank về xong ra quầy định danh rồi lấy mã otp cài vô máy nha,22
"Cảnh báo bảo mật: Ngân hàng ACB ghi nhận sự cố gián đoạn trên ứng dụng, vui lòng thử lại sau.",22
App Vietcombank tự nhiên báo lỗi giao dịch không thành công mà tiền trong thẻ vẫn bị trừ 50k.,22
"T qua ngã tư bị cảnh sát giao thông vẫy vào thổi nồng độ cồn, hên quá nãy chỉ uống coca",22
Ông can xã bữa nay xuống tận nhà thu thập thông tin làm cccd gắn chip đó thầy giáo,22
Chút nữa trưởng thôn tải app mb bank về xong ra quầy định danh r lấy mã otp cài vô máy nhé,22
Chút nữa bà hàng xóm tải app techcombank về xong ra quầy định danh rồi lấy mã otp cài vô máy nha,22
Chút nữa mẹ tải app vp bank về xong ra quầy định danh rồi lấy mã otp cài vô máy nha,22
Chút nữa ba tải app techcombank về xong ra quầy định danh r lấy mã otp cài vô máy nhé,22
Chút nữa trưởng thôn tải app agribank về xong ra quầy định danh rồi lấy mã otp cài vô máy nha,22
"Hôm rày đi đá banh t bị tai nạn gãy chân đang nằm viện nè, chủ nhật ba rảnh vào thăm t nha",22
"Đọc báo thấy vụ tai nạn liên hoàn trên cao tốc sợ quá, bà hàng xóm đi đường cẩn thận nhé",22
"Lương tháng này công ty vừa chuyển khoản banking qua mb bank rồi đó, chồng check xem ting ting chưa",22
"Sáng xem bản tin VTV thấy bảo dạo này nhiều vụ giả danh công an gọi điện bắt đóng phạt nguội lắm, ba cẩn thận nhé",22
"Trường đang phát động phong trào ủng hộ đồng bào bão lụt, trưởng thôn gửi 50k vào quỹ của lớp nhé",22
"Ủa hôm rày m mượn t 2 triệu á, khi nào có lương thì ck qua số tài khoản đuôi 888 này nhé",22
"Trường đang phát động phong trào ủng hộ đồng bào bão lụt, bản tin thời sự gửi 50k vào quỹ của lớp nhé",22
"Nhỏ bạn mượn 2 triệu tiền đóng phòng trọ tháng này r, thứ 5 có lương nó trả lại qa bank.",22
"Mẹ ơi ra ủy ban nhân dân làm định danh điện tử đi, người ta bắt buộc đó",22
Chút nữa bà hàng xóm tải app agribank về xong ra quầy định danh rồi lấy mã otp cài vô máy nha,22
"Đoàn thanh niên phường mình tổ chức nấu cháo từ thiện tại bệnh viện nhi đồng đó, m tham gia ko?",22
Chút nữa vợ tải app agribank về xong ra quầy định danh r lấy mã otp cài vô máy nhé,22
"Hôm rày đi đá banh t bị tai nạn gãy chân đang nằm viện nè, chủ nhật mẹ rảnh vào thăm t nhé",22
Chút nữa chồng tải app vp bank về xong ra quầy định danh rồi lấy mã otp cài vô máy nha,22
"Bà nội mới xuất viện hồi sáng, tiền viện phí ca mổ thay khớp gối hết tổng cộng 25 triệu.",22
"Trường đang phát động phong trào ủng hộ đồng bào bão lụt, ba gửi 50k vào quỹ của lớp nhé",22
Chút nữa bà hàng xóm tải app mb bank về xong ra quầy định danh rồi lấy mã otp cài vô máy nha,22
Chút nữa ba tải app vp bank về xong ra quầy định danh rồi lấy mã otp cài vô máy nha,22
"Hôm rày đi đá banh t bị tai nạn gãy chân đang nằm viện nè, chủ nhật bà hàng xóm rảnh vào thăm t nha",22
Chút nữa thầy giáo tải app techcombank về xong ra quầy định danh r lấy mã otp cài vô máy nhé,22
"Trường đang phát động phong trào ủng hộ đồng bào bão lụt, ba gửi 50k vào quỹ của lớp nhé",22
Nãy mua trà sữa tiền mặt không có nên chị bank tiền qua số tài khoản Momo cho em rồi đó.,22
"Đọc báo thấy vụ tai nạn liên hoàn trên cao tốc sợ quá, chồng đi đường cẩn thận nhé",22
Chút nữa thầy giáo tải app techcombank về xong ra quầy định danh r lấy mã otp cài vô máy nhé,22
"Lương tháng này công ty vừa chuyển khoản banking qua mb bank rồi đó, bản tin thời sự check xem ting ting chưa",22
Hôm qua đi làm quên mang xin nhan bị sếp công an phường tuýt còi phạt 2 xị cay quá,22
Chút nữa công ty tải app vp bank về xong ra quầy định danh rồi lấy mã otp cài vô máy nha,22
"Cảnh báo bảo mật: Ngân hàng ACB ghi nhận sự cố gián đoạn trên ứng dụng, vui lòng thử lại sau.",22
"Cảnh báo bảo mật: Ngân hàng ACB ghi nhận sự cố gián đoạn trên ứng dụng, vui lòng thử lại sau.",22
"Phường đang thu thập dữ liệu định danh điện tử, tổ trưởng kêu mang sổ hộ khẩu điện tử ra đối chiếu.",22
"Trường đang phát động phong trào ủng hộ đồng bào bão lụt, bản tin thời sự gửi 50k vào quỹ của lớp nhé",22
Thằng Bin chạy ngoài đường bị công an thổi phạt nguội 500k tội vượt đèn đỏ rồi.,22
"Sáng xem bản tin VTV thấy bảo dạo này nhiều vụ giả danh công an gọi điện bắt đóng phạt nguội lắm, vợ cẩn thận nha",22
Chút nữa trưởng thôn tải app vp bank về xong ra quầy định danh rồi lấy mã otp cài vô máy nha,22
"Hôm rày đi đá banh t bị tai nạn gãy chân đang nằm viện nè, chủ nhật mẹ rảnh vào thăm t nha",22
"Ủa hôm rày m mượn t 2 triệu á, khi nào có lương thì chuyển khoản qua số tài khoản đuôi 888 này nha",22
"Đọc báo thấy vụ tai nạn liên hoàn trên cao tốc sợ quá, bản tin thời sự đi đường cẩn thận nhé",22
"Đoàn thanh niên phường mình tổ chức nấu cháo từ thiện tại bệnh viện nhi đồng đó, m tham gia ko?",22
"Lương tháng này công ty vừa chuyển khoản banking qua mb bank rồi đó, sếp check xem ting ting chưa",22
"Hôm rày đi đá banh t bị tai nạn gãy chân đang nằm viện nè, chủ nhật bà hàng xóm rảnh vào thăm t nha",22
"Hệ thống cổng dịch vụ công đang bảo trì, sếp chờ chiều tối cập nhật lại khuôn mặt sau nhé",22
Trưởng phòng bảo phòng mình tháng này bị trừ KPI doanh số nặng do mảng tuyển dụng chậm trễ.,22
Hôm qua đi làm quên mang xin nhén bị sếp công an phường tuýt còi phạt 2 xị cay quá,22
Trưởng phòng bảo phòng mình tháng này bị trừ KPI doanh số nặng do mảng tuyển dụng chậm trễ.,22
Mặt trận tổ quốc xã vừa phát danh sách các hộ nghèo cần quyên góp từ thiện nhịp Tết này,22
"Mấy cái phông bạt sao kê từ thiện trên mạng giờ tràn lan, chẳng biết tin ai nữa.",22
"Lương tháng này công ty vừa chuyển khoản banking qua mb bank rồi đó, vợ check xem ting ting chưa",22
"Đợt này ra sân bay không cần mang cccd cứng đâu, ba cứ mở app vneid trên điện thoại lên đưa họ quét là được",22
Hôm qua đi làm quên mang xin nhén bị sếp công an phường tuýt còi phạt 2 xị cay quá,22
"Mã OTP từ tổng đài Shopee gửi về máy em rồi nè chị, chị nhập vô để xác nhận đơn hàng đi.",22
"Tháng này mảng tuyển dụng thiếu hụt nhân sự trầm trọng, giám đốc bắt cày ngày cày đêm.",22
"Đọc báo thấy vụ tai nạn liên hoàn trên cao tốc sợ quá, mẹ đi đường cẩn thận nhé",22
"Công việc ctv bán hàng mỹ phẩm bên này nhàn vỡi, lương cứng 5 củ lại còn đc chia phần trăm hoa hồng.",22
Hôm qua đi làm quên mang xin nhan bị bà hàng xóm công an phường tuýt còi phạt 2 xị cay quá,22
"Hôm rày đi đá banh t bị tai nạn gãy chân đang nằm viện nè, chủ nhật ba rảnh vào thăm t nhé",22
"Làm bên chi nhánh mới áp lực doanh số quá, tao không hoàn thành nhiệm vụ tháng này chắc bị trừ lương",22
"Hôm rày đi đá banh t bị tai nạn gãy chân đang nằm viện nè, chủ nhật chồng rảnh vào thăm t nha",22
"Trường đang phát động phong trào ủng hộ đồng bào bão lụt, sếp gửi 50k vào quỹ của lớp nhé",22
Vụ án công an đột kích sòng bạc ở Vũng Tàu tối qua rần rần trên thời sự VTV1 luôn m ơi.,22
Vay vốn sinh viên ngân hàng chính sách xã hội phải cần xã xác nhận hộ nghèo mới được vay 40 triệu.,22
Đoàn thanh niên phường mình tổ chức nấu cháo từ thiện tại bệnh viện ung bướu sáng chủ nhật tuần này.,22
Chút nữa ba tải app techcombank về xong ra quầy định danh r lấy mã otp cài vô máy nhé,22
Chút nữa trưởng thôn tải app mb bank về xong ra quầy định danh rồi lấy mã otp cài vô máy nha,22
Chút nữa thầy giáo tải app vp bank về xong ra quầy định danh rồi lấy mã otp cài vô máy nha,22
"Hôm rày đi đá banh t bị tai nạn gãy chân đang nằm viện nè, chủ nhật thầy giáo rảnh vào thăm t nha",22
"Đợt này ra sân bay không cần mang cccd cứng đâu, chồng cứ mở app vneid trên điện thoại lên đưa họ quét là được",22
"Mẹ ơi ra ủy ban nhân dân làm định danh điện tử đi, người ta bắt buộc đó",22
Nhỏ em t đi xe đạp bị tông trầy xước chút xíu chảy máu mà làm quá trời,22
Chút nữa trưởng thôn tải app agribank về xong ra quầy định danh rồi lấy mã otp cài vô máy nha,22
"Sáng xem bản tin VTV thấy bảo dạo này nhiều vụ giả danh công an gọi điện bắt đóng phạt nguội lắm, ba cẩn thận nha",22
Hôm qua đi làm quên mang xin nhan bị chồng công an phường tuýt còi phạt 2 xị cay quá,22
"Đợt này ra sân bay không cần mang cccd cứng đâu, bản tin thời sự cứ mở app vneid trên điện thoại lên đưa họ quét là được",22
"Đọc báo thấy vụ tai nạn liên hoàn trên cao tốc sợ quá, bà hàng xóm đi đường cẩn thận nhé",22
Hôm qua đi làm quên mang xin nhan bị ba công an phường tuýt còi phạt 2 xị cay quá,22
"App ngân hàng Agribank dạo này hay lỗi hệ thống quá, mãi mới đăng nhập được bằng vân tay.",22
"App ngân hàng Agribank dạo này hay lỗi hệ thống quá, mãi mới đăng nhập được bằng vân tay.",22
"Hôm rày đi đá banh t bị tai nạn gãy chân đang nằm viện nè, chủ nhật trưởng thôn rảnh vào thăm t nha",22
"Đợt này ra sân bay không cần mang cccd cứng đâu, thầy giáo cứ mở app vneid trên điện thoại lên đưa họ quét là được",22
Chút nữa sếp tải app vp bank về xong ra quầy định danh rồi lấy mã otp cài vô máy nha,22
"Đợt này ra sân bay không cần mang cccd cứng đâu, vợ cứ mở app vneid trên điện thoại lên đưa họ quét là được",22
Chút nữa trưởng thôn tải app vp bank về xong ra quầy định danh r lấy mã otp cài vô máy nhé,22
Hôm qua đi làm quên mang xin nhan bị trưởng thôn công an phường tuýt còi phạt 2 xị cay quá,22
Chút nữa vợ tải app agribank về xong ra quầy định danh rồi lấy mã otp cài vô máy nha,22
"Hệ thống cổng dịch vụ công đang bảo trì, thầy giáo chờ chiều tối cập nhật lại khuôn mặt sau nhé",22
"Đọc báo thấy vụ tai nạn liên hoàn trên cao tốc sợ quá, công ty đi đường cẩn thận nhé",22
"Công việc ctv bán hàng mỹ phẩm bên này nhàn vỡi, lương cứng 5 củ lại còn đc chia phần trăm hoa hồng.",22
Chút nữa trưởng thôn tải app vp bank về xong ra quầy định danh rồi lấy mã otp cài vô máy nha,22
"Nhỏ bạn mượn 2 triệu tiền đóng phòng trọ tháng này r, thứ 5 có lương nó trả lại qa bank.",22
"Sáng xem bản tin VTV thấy bảo dạo này nhiều vụ giả danh công an gọi điện bắt đóng phạt nguội lắm, trưởng thôn cẩn thận nha",22
"Sáng xem bản tin VTV thấy bảo dạo này nhiều vụ giả danh công an gọi điện bắt đóng phạt nguội lắm, bản tin thời sự cẩn thận nhé",22
"Sáng xem bản tin VTV thấy bảo dạo này nhiều vụ giả danh công an gọi điện bắt đóng phạt nguội lắm, thầy giáo cẩn thận nha",22
"Hôm rày đi đá banh t bị tai nạn gãy chân đang nằm viện nè, chủ nhật bà hàng xóm rảnh vào thăm t nha",22
"Lương tháng này công ty vừa ck banking qua mb bank r đó, mẹ check xem ting ting chưa",22
Chút nữa mẹ tải app agribank về xong ra quầy định danh rồi lấy mã otp cài vô máy nha,22
"Đợt này ra sân bay ko cần mang cccd cứng đâu, bà hàng xóm cứ mở app vneid trên điện thoại lên đưa họ quét là đc",22
Chút nữa công ty tải app vp bank về xong ra quầy định danh r lấy mã otp cài vô máy nhé,22
"Trường đang phát động phong trào ủng hộ đồng bào bão lụt, chồng gửi 50k vào quỹ của lớp nhé",22
"Sáng xem bản tin VTV thấy bảo dạo này nhiều vụ giả danh công an gọi điện bắt đóng phạt nguội lắm, bà hàng xóm cẩn thận nha",22
"Bác tài xế xe tải đang nằm bệnh viện chợ Rẫy vì tai nạn nghề nghiệp, công đoàn đang quyên góp quỹ ủng hộ.",22
"Lương tháng này công ty vừa ck banking qua mb bank r đó, trưởng thôn check xem ting ting chưa",22
Ông can xã bữa nay xuống tận nhà thu thập thông tin làm cccd gắn chip đó vợ,22
Chút nữa công ty tải app techcombank về xong ra quầy định danh rồi lấy mã otp cài vô máy nha,22
Hôm qua đi làm quên mang xin nhén bị ba công an phường tuýt còi phạt 2 xị cay quá,22
"Đọc báo thấy vụ tai nạn liên hoàn trên cao tốc sợ quá, trưởng thôn đi đường cẩn thận nhé",22
"Phường đang thu thập dữ liệu định danh điện tử, tổ trưởng kêu mang sổ hộ khẩu điện tử ra đối chiếu.",22
"Lương tháng này công ty vừa chuyển khoản banking qua mb bank rồi đó, bản tin thời sự check xem ting ting chưa",22
Chiều nay rảnh chở mẹ ra bưu điện đóng tiền thuế đất sử dụng đất phi nông nghiệp nghe.,22
"Trường đang phát động phong trào ủng hộ đồng bào bão lụt, trưởng thôn gửi 50k vào quỹ của lớp nhé",22
Ông can xã bữa nay xuống tận nhà thu thập thông tin làm cccd gắn chip đó vợ,22
Ông can xã bữa nay xuống tận nhà thu thập thông tin làm cccd gắn chip đó bản tin thời sự,22
"Tới tháng săn sale shopee rồi, đợt này chốt đơn cái áo khoác sướng ghê ko tốn phí ship",22
"Sáng xem bản tin VTV thấy bảo dạo này nhiều vụ giả danh công an gọi điện bắt đóng phạt nguội lắm, trưởng thôn cẩn thận nha",22
"Lương tháng này công ty vừa ck banking qua mb bank r đó, vợ check xem ting ting chưa",22
"Hôm rày đi đá banh t bị tai nạn gãy chân đang nằm viện nè, chủ nhật thầy giáo rảnh vào thăm t nha",22
Bữa nay thi bằng lái xe phải đồng bộ dữ liệu vneid rồi rườm rà ghê,22
"Đọc báo thấy vụ tai nạn liên hoàn trên cao tốc sợ quá, vợ đi đường cẩn thận nhé",22
"Đợt này ra sân bay ko cần mang cccd cứng đâu, ba cứ mở app vneid trên điện thoại lên đưa họ quét là đc",22
"Mã OTP từ tổng đài Shopee gửi về máy em rồi nè chị, chị nhập vô để xác nhận đơn hàng đi.",22
"Lương tháng này công ty vừa ck banking qua mb bank r đó, chồng check xem ting ting chưa",22
"Đợt này ra sân bay không cần mang cccd cứng đâu, bà hàng xóm cứ mở app vneid trên điện thoại lên đưa họ quét là được",22
"Lương tháng này công ty vừa ck banking qua mb bank r đó, chồng check xem ting ting chưa",22
"Đợt này ra sân bay ko cần mang cccd cứng đâu, mẹ cứ mở app vneid trên điện thoại lên đưa họ quét là đc",22
"Bạn tao đang bán thanh lý lại vé ca nhạc BlackPink giá rẻ, để t chuyển khoản đặt cọc nó 1 triệu.",22
"Hệ thống cổng dịch vụ công đang bảo trì, sếp chờ chiều tối cập nhật lại khuôn mặt sau nha",22
"Hôm rày đi đá banh t bị tai nạn gãy chân đang nằm viện nè, chủ nhật mẹ rảnh vào thăm t nha",22
Sáng nay xem sao kê từ thiện của mấy nghệ sĩ mới thấy nhiều người phông bạt quyên góp ghê,22
"Sáng xem bản tin VTV thấy bảo dạo này nhiều vụ giả danh công an gọi điện bắt đóng phạt nguội lắm, trưởng thôn cẩn thận nhé",22
Bữa nay thi bằng lái xe phải đồng bộ dữ liệu vneid r rườm rà ghê,22
Chút nữa bà hàng xóm tải app vp bank về xong ra quầy định danh rồi lấy mã otp cài vô máy nha,22
"Hôm rày đi đá banh t bị tai nạn gãy chân đang nằm viện nè, chủ nhật vợ rảnh vào thăm t nhé",22
"Đợt này ra sân bay không cần mang cccd cứng đâu, bà hàng xóm cứ mở app vneid trên điện thoại lên đưa họ quét là được",22
Chút nữa chồng tải app agribank về xong ra quầy định danh r lấy mã otp cài vô máy nhé,22
"Sáng xem bản tin VTV thấy bảo dạo này nhiều vụ giả danh công an gọi điện bắt đóng phạt nguội lắm, bà hàng xóm cẩn thận nhé",22
Chút nữa vợ tải app agribank về xong ra quầy định danh r lấy mã otp cài vô máy nhé,22
Chút nữa công ty tải app vp bank về xong ra quầy định danh rồi lấy mã otp cài vô máy nha,22
"Bác sĩ báo viện phí ca mổ ruột thừa hôm qua hết 15 triệu, để lát rảnh m ra đóng tiền nhé",22
Vay vốn sinh viên ngân hàng chính sách xã hội phải cần xã xác nhận hộ nghèo mới được vay 40 triệu.,22
Bên trung tâm y tế dự phòng gửi tin nhắn nhắc đi tiêm vắc xin ung thư cổ tử cung mũi 2 r nè.,22
"Đợt này ra sân bay ko cần mang cccd cứng đâu, mẹ cứ mở app vneid trên điện thoại lên đưa họ quét là đc",22
Đoàn thanh niên phường mình tổ chức nấu cháo từ thiện tại bệnh viện ung bướu sáng chủ nhật tuần này.,22
Chút nữa sếp tải app techcombank về xong ra quầy định danh rồi lấy mã otp cài vô máy nha,22
Chút nữa vợ tải app techcombank về xong ra quầy định danh r lấy mã otp cài vô máy nhé,22
"Tới tháng săn sale shopee r, đợt này chốt đơn cái áo khoác sướng ghê không tốn phí ship",22
"Trường đang phát động phong trào ủng hộ đồng bào bão lụt, thầy giáo gửi 50k vào quỹ của lớp nhé",22
Chút nữa mẹ tải app techcombank về xong ra quầy định danh r lấy mã otp cài vô máy nhé,22
Hôm qua đi làm quên mang xin nhan bị chồng công an phường tuýt còi phạt 2 xị cay quá,22
"Sáng xem bản tin VTV thấy bảo dạo này nhiều vụ giả danh công an gọi điện bắt đóng phạt nguội lắm, sếp cẩn thận nha",22
Chút nữa bà hàng xóm tải app vp bank về xong ra quầy định danh r lấy mã otp cài vô máy nhé,22
"Ê nay sinh nhật t, mua giùm t cái bánh kem đi, nãy t bank thẳng 500k qa stk m rồi đó, check đi",22
"Đợt này ra sân bay không cần mang cccd cứng đâu, bà hàng xóm cứ mở app vneid trên điện thoại lên đưa họ quét là được",22
"Hôm rày đi đá banh t bị tai nạn gãy chân đang nằm viện nè, chủ nhật bà hàng xóm rảnh vào thăm t nha",22
"Ủa hôm rày m mượn t 2 triệu á, khi nào có lương thì chuyển khoản qua số tài khoản đuôi 888 này nha",22
"Ê nay sinh nhật t, mua giùm t cái bánh kem đi, nãy t bank thẳng 500k qa stk m rồi đó, check đi",22
"Lương tháng này công ty vừa chuyển khoản banking qua mb bank rồi đó, bà hàng xóm check xem ting ting chưa",22
"Đọc báo thấy vụ tai nạn liên hoàn trên cao tốc sợ quá, bản tin thời sự đi đường cẩn thận nhé",22
Chút nữa mẹ tải app mb bank về xong ra quầy định danh r lấy mã otp cài vô máy nhé,22
Hôm qua đi làm quên mang xin nhan bị chồng công an phường tuýt còi phạt 2 xị cay quá,22
Chút nữa công ty tải app agribank về xong ra quầy định danh rồi lấy mã otp cài vô máy nha,22
"Hệ thống cổng dịch vụ công đang bảo trì, trưởng thôn chờ chiều tối cập nhật lại khuôn mặt sau nhé",22
Hôm qua đi làm quên mang xin nhan bị vợ công an phường tuýt còi phạt 2 xị cay quá,22
"Lương tháng này công ty vừa ck banking qua mb bank r đó, vợ check xem ting ting chưa",22
"Lương tháng này công ty vừa ck banking qua mb bank r đó, công ty check xem ting ting chưa",22
"Hệ thống cổng dịch vụ công đang bảo trì, mẹ chờ chiều tối cập nhật lại khuôn mặt sau nha",22
"Đợt này ra sân bay không cần mang cccd cứng đâu, trưởng thôn cứ mở app vneid trên điện thoại lên đưa họ quét là được",22
"Sáng xem bản tin VTV thấy bảo dạo này nhiều vụ giả danh công an gọi điện bắt đóng phạt nguội lắm, chồng cẩn thận nha",22
Chút nữa thầy giáo tải app techcombank về xong ra quầy định danh r lấy mã otp cài vô máy nhé,22
"Lương tháng 13 hôm qua kế toán đã chuyển khoản cho toàn bộ nhân viên rồi, anh em check tài khoản lại nhé.",22
"Lương tháng này công ty vừa ck banking qua mb bank r đó, công ty check xem ting ting chưa",22
Nãy mua trà sữa tiền mặt không có nên chị bank tiền qua số tài khoản Momo cho em rồi đó.,22
"Tội nghiệp con vàng nhà dì Bảy, mới nhảy ra đường bị tông tai nạn gãy chân luôn.",22
"Hôm rày đi đá banh t bị tai nạn gãy chân đang nằm viện nè, chủ nhật thầy giáo rảnh vào thăm t nha",22
Chút nữa bà hàng xóm tải app agribank về xong ra quầy định danh r lấy mã otp cài vô máy nhé,22
"Xe t bị dính phạt nguội vượt đèn đỏ hôm bữa lên tra trên trang pccc thấy hình luôn r, đành ra kho bạc nộp thôi",22
"Sáng xem bản tin VTV thấy bảo dạo này nhiều vụ giả danh công an gọi điện bắt đóng phạt nguội lắm, bản tin thời sự cẩn thận nhé",22
"Hôm rày đi đá banh t bị tai nạn gãy chân đang nằm viện nè, chủ nhật sếp rảnh vào thăm t nhé",22
Chút nữa mẹ tải app techcombank về xong ra quầy định danh rồi lấy mã otp cài vô máy nha,22
"Đợt này ra sân bay không cần mang cccd cứng đâu, vợ cứ mở app vneid trên điện thoại lên đưa họ quét là được",22
"Hệ thống cổng dịch vụ công đang bảo trì, thầy giáo chờ chiều tối cập nhật lại khuôn mặt sau nhé",22
Ông can xã bữa nay xuống tận nhà thu thập thông tin làm cccd gắn chip đó trưởng thôn,22
"Lương tháng này công ty vừa ck banking qua mb bank r đó, ba check xem ting ting chưa",22
"Ủa hôm rày m mượn t 2 triệu á, khi nào có lương thì ck qua số tài khoản đuôi 888 này nhé",22
Chút nữa ba tải app mb bank về xong ra quầy định danh rồi lấy mã otp cài vô máy nha,22
Chút nữa công ty tải app mb bank về xong ra quầy định danh rồi lấy mã otp cài vô máy nha,22
"Trường đang phát động phong trào ủng hộ đồng bào bão lụt, công ty gửi 50k vào quỹ của lớp nhé",22
Hôm qua đi làm quên mang xin nhan bị trưởng thôn công an phường tuýt còi phạt 2 xị cay quá,22
Chút nữa trưởng thôn tải app vp bank về xong ra quầy định danh rồi lấy mã otp cài vô máy nha,22
"Sáng xem bản tin VTV thấy bảo dạo này nhiều vụ giả danh công an gọi điện bắt đóng phạt nguội lắm, bà hàng xóm cẩn thận nha",22
"Sáng xem bản tin VTV thấy bảo dạo này nhiều vụ giả danh công an gọi điện bắt đóng phạt nguội lắm, bản tin thời sự cẩn thận nha",22
Chút nữa sếp tải app agribank về xong ra quầy định danh rồi lấy mã otp cài vô máy nha,22
Chút nữa vợ tải app techcombank về xong ra quầy định danh r lấy mã otp cài vô máy nhé,22
"Đợt này ra sân bay không cần mang cccd cứng đâu, sếp cứ mở app vneid trên điện thoại lên đưa họ quét là được",22
Nhỏ em t đi xe đạp bị tông trầy xước chút xíu chảy máu mà làm quá trời,22
Hôm qua đi làm quên mang xin nhan bị thầy giáo công an phường tuýt còi phạt 2 xị cay quá,22
"Đợt này ra sân bay không cần mang cccd cứng đâu, bản tin thời sự cứ mở app vneid trên điện thoại lên đưa họ quét là được",22
"Lương tháng này công ty vừa ck banking qua mb bank r đó, vợ check xem ting ting chưa",22
Ông can xã bữa nay xuống tận nhà thu thập thông tin làm cccd gắn chip đó công ty,22
"Tới tháng săn sale shopee rồi, đợt này chốt đơn cái áo khoác sướng ghê ko tốn phí ship",22
Chút nữa mẹ tải app mb bank về xong ra quầy định danh r lấy mã otp cài vô máy nhé,22
"Lương tháng này công ty vừa chuyển khoản banking qua mb bank rồi đó, thầy giáo check xem ting ting chưa",22
"Hệ thống cổng dịch vụ công đang bảo trì, sếp chờ chiều tối cập nhật lại khuôn mặt sau nha",22
"Đơn giản lắm, công việc của m chỉ là trực page fb trả lời khách, lương cứng 6 triệu cộng hoa hồng doanh số",22
"Đọc báo thấy vụ tai nạn liên hoàn trên cao tốc sợ quá, công ty đi đường cẩn thận nhé",22
"Đọc báo thấy vụ tai nạn liên hoàn trên cao tốc sợ quá, công ty đi đường cẩn thận nhé",22
"Tháng này mảng tuyển dụng thiếu hụt nhân sự trầm trọng, giám đốc bắt cày ngày cày đêm.",22
"Hôm rày đi đá banh t bị tai nạn gãy chân đang nằm viện nè, chủ nhật mẹ rảnh vào thăm t nhé",22
"Sáng xem bản tin VTV thấy bảo dạo này nhiều vụ giả danh công an gọi điện bắt đóng phạt nguội lắm, trưởng thôn cẩn thận nhé",22
Bữa nay thi bằng lái xe phải đồng bộ dữ liệu vneid r rườm rà ghê,22
"Đơn giản lắm, công việc của m chỉ là trực page fb trả lời khách, lương cứng 6 triệu cộng hoa hồng doanh số",22
"Mấy cái phông bạt sao kê từ thiện trên mạng giờ tràn lan, chẳng biết tin ai nữa.",22
"Tội nghiệp con vàng nhà dì Bảy, mới nhảy ra đường bị tông tai nạn gãy chân luôn.",22
Chút nữa vợ tải app agribank về xong ra quầy định danh rồi lấy mã otp cài vô máy nha,22
"Đợt này ra sân bay không cần mang cccd cứng đâu, bà hàng xóm cứ mở app vneid trên điện thoại lên đưa họ quét là được",22
"Bà nội mới xuất viện hồi sáng, tiền viện phí ca mổ thay khớp gối hết tổng cộng 25 triệu.",22
"Đọc báo thấy vụ tai nạn liên hoàn trên cao tốc sợ quá, bà hàng xóm đi đường cẩn thận nhé",22
"Đoàn thanh niên phường mình tổ chức nấu cháo từ thiện tại bệnh viện nhi đồng đó, m tham gia không?",22
Vụ án công an đột kích sòng bạc ở Vũng Tàu tối qua rần rần trên thời sự VTV1 luôn m ơi.,22
"Lương tháng này công ty vừa chuyển khoản banking qua mb bank rồi đó, bà hàng xóm check xem ting ting chưa",22
Chút nữa công ty tải app agribank về xong ra quầy định danh rồi lấy mã otp cài vô máy nha,22
"Hệ thống cổng dịch vụ công đang bảo trì, ba chờ chiều tối cập nhật lại khuôn mặt sau nha",22
Ê đang săn sale trên Shopee mà mã giảm giá bắt thanh toán qua thẻ tín dụng mới được áp dụng.,22
"Đoàn thanh niên phường mình tổ chức nấu cháo từ thiện tại bệnh viện nhi đồng đó, m tham gia ko?",22
"Lương tháng này công ty vừa ck banking qua mb bank r đó, thầy giáo check xem ting ting chưa",22
"Lúc nãy đi rút tiền ở cây ATM ACB bị nuốt mất cái thẻ Visa rồi, bực mình dễ sợ.",22
"Hôm rày đi đá banh t bị tai nạn gãy chân đang nằm viện nè, chủ nhật thầy giáo rảnh vào thăm t nha",22
App Vietcombank tự nhiên báo lỗi giao dịch không thành công mà tiền trong thẻ vẫn bị trừ 50k.,22
"Hôm rày đi đá banh t bị tai nạn gãy chân đang nằm viện nè, chủ nhật thầy giáo rảnh vào thăm t nha",22
"Hồi chiều gửi xe trong hầm siêu thị mà mất cái vé, hên là bảo vệ lấy CMT xác minh rồi cho ra.",22
"Bạn tao đang bán thanh lý lại vé ca nhạc BlackPink giá rẻ, để t chuyển khoản đặt cọc nó 1 triệu.",22
"Mẹ ơi ngoại nhập viện cấp cứu do lên huyết áp, mẹ chạy lên bệnh viện liền nghen",22
Hôm qua đi làm quên mang xin nhan bị mẹ công an phường tuýt còi phạt 2 xị cay quá,22
Vay vốn sinh viên ngân hàng chính sách xã hội phải cần xã xác nhận hộ nghèo mới được vay 40 triệu.,22
Hôm qua đi làm quên mang xin nhan bị mẹ công an phường tuýt còi phạt 2 xị cay quá,22
Hôm qua đi làm quên mang xin nhan bị bản tin thời sự công an phường tuýt còi phạt 2 xị cay quá,22
"Trường đang phát động phong trào ủng hộ đồng bào bão lụt, công ty gửi 50k vào quỹ của lớp nhé",22
"Mấy cái phông bạt sao kê từ thiện trên mạng giờ tràn lan, chẳng biết tin ai nữa.",22
Hôm qua đi làm quên mang xin nhén bị chồng công an phường tuýt còi phạt 2 xị cay quá,22
"Hệ thống cổng dịch vụ công đang bảo trì, ba chờ chiều tối cập nhật lại khuôn mặt sau nha",22
"Lúc nãy đi rút tiền ở cây ATM ACB bị nuốt mất cái thẻ Visa rồi, bực mình dễ sợ.",22
"Đợt này ra sân bay ko cần mang cccd cứng đâu, ba cứ mở app vneid trên điện thoại lên đưa họ quét là đc",22
Ông can xã bữa nay xuống tận nhà thu thập thông tin làm cccd gắn chip đó mẹ,22
Ông can xã bữa nay xuống tận nhà thu thập thông tin làm cccd gắn chip đó mẹ,22
"Lương tháng này công ty vừa chuyển khoản banking qua mb bank rồi đó, trưởng thôn check xem ting ting chưa",22
Chút nữa ba tải app agribank về xong ra quầy định danh r lấy mã otp cài vô máy nhé,22
Chút nữa bản tin thời sự tải app agribank về xong ra quầy định danh rồi lấy mã otp cài vô máy nha,22
"Ê nay sinh nhật t, mua giùm t cái bánh kem đi, nãy t bank thẳng 500k qa stk m rồi đó, check đi",22
"Hôm rày đi đá banh t bị tai nạn gãy chân đang nằm viện nè, chủ nhật chồng rảnh vào thăm t nha",22
"Trường đang phát động phong trào ủng hộ đồng bào bão lụt, bà hàng xóm gửi 50k vào quỹ của lớp nhé",22
"Hôm rày đi đá banh t bị tai nạn gãy chân đang nằm viện nè, chủ nhật bà hàng xóm rảnh vào thăm t nha",22
Chút nữa công ty tải app techcombank về xong ra quầy định danh rồi lấy mã otp cài vô máy nha,22
"Ê nay sinh nhật t, mua giùm t cái bánh kem đi, nãy t bank thẳng 500k qa stk m r đó, check đi",22
Hôm qua đi làm quên mang xin nhén bị bà hàng xóm công an phường tuýt còi phạt 2 xị cay quá,22
Chút nữa sếp tải app agribank về xong ra quầy định danh rồi lấy mã otp cài vô máy nha,22
"Trường đang phát động phong trào ủng hộ đồng bào bão lụt, chồng gửi 50k vào quỹ của lớp nhé",22
"Đợt này ra sân bay ko cần mang cccd cứng đâu, ba cứ mở app vneid trên điện thoại lên đưa họ quét là đc",22
Chút nữa bà hàng xóm tải app mb bank về xong ra quầy định danh rồi lấy mã otp cài vô máy nha,22
Chút nữa vợ tải app agribank về xong ra quầy định danh r lấy mã otp cài vô máy nhé,22
"Sáng mai m ghé công an phường lấy cái xác nhận cư trú giúp tao với, tao có việc bận.",22
"Lương tháng này công ty vừa chuyển khoản banking qua mb bank rồi đó, sếp check xem ting ting chưa",22
"Hôm rày đi đá banh t bị tai nạn gãy chân đang nằm viện nè, chủ nhật bản tin thời sự rảnh vào thăm t nhé",22
"Lương tháng này công ty vừa ck banking qua mb bank r đó, ba check xem ting ting chưa",22
"Hệ thống cổng dịch vụ công đang bảo trì, trưởng thôn chờ chiều tối cập nhật lại khuôn mặt sau nhé",22
"Hệ thống cổng dịch vụ công đang bảo trì, bà hàng xóm chờ chiều tối cập nhật lại khuôn mặt sau nha",22
Chút nữa trưởng thôn tải app agribank về xong ra quầy định danh r lấy mã otp cài vô máy nhé,22
"Đọc báo thấy vụ tai nạn liên hoàn trên cao tốc sợ quá, bản tin thời sự đi đường cẩn thận nhé",22
Chút nữa chồng tải app agribank về xong ra quầy định danh rồi lấy mã otp cài vô máy nha,22
"Hệ thống cổng dịch vụ công đang bảo trì, bà hàng xóm chờ chiều tối cập nhật lại khuôn mặt sau nha",22
"Tới tháng săn sale shopee r, đợt này chốt đơn cái áo khoác sướng ghê không tốn phí ship",22
"Tội nghiệp con vàng nhà dì Bảy, mới nhảy ra đường bị tông tai nạn gãy chân luôn.",22
Chút nữa mẹ tải app techcombank về xong ra quầy định danh r lấy mã otp cài vô máy nhé,22
"Đoàn thanh niên phường mình tổ chức nấu cháo từ thiện tại bệnh viện nhi đồng đó, m tham gia ko?",22
"Đợt này ra sân bay không cần mang cccd cứng đâu, trưởng thôn cứ mở app vneid trên điện thoại lên đưa họ quét là được",22
"Sáng xem bản tin VTV thấy bảo dạo này nhiều vụ giả danh công an gọi điện bắt đóng phạt nguội lắm, vợ cẩn thận nhé",22
"Trường đang phát động phong trào ủng hộ đồng bào bão lụt, ba gửi 50k vào quỹ của lớp nhé",22
"Hôm rày đi đá banh t bị tai nạn gãy chân đang nằm viện nè, chủ nhật chồng rảnh vào thăm t nhé",22
"Đợt này ra sân bay không cần mang cccd cứng đâu, chồng cứ mở app vneid trên điện thoại lên đưa họ quét là được",22
Chút nữa mẹ tải app techcombank về xong ra quầy định danh rồi lấy mã otp cài vô máy nha,22
Chút nữa ba tải app techcombank về xong ra quầy định danh r lấy mã otp cài vô máy nhé,22
"Đợt này ra sân bay không cần mang cccd cứng đâu, bà hàng xóm cứ mở app vneid trên điện thoại lên đưa họ quét là được",22
Mẹ mới cấn thai được 2 tháng đi khám bảo hiểm y tế mà thủ tục rườm rà quá trời.,22
"Hệ thống ngân hàng đang bảo trì nên t ko nhận đc mã otp, tí nữa t chuyển tìn lại cho",22
"Trường đang phát động phong trào ủng hộ đồng bào bão lụt, vợ gửi 50k vào quỹ của lớp nhé",22
"Sáng xem bản tin VTV thấy bảo dạo này nhiều vụ giả danh công an gọi điện bắt đóng phạt nguội lắm, bà hàng xóm cẩn thận nhé",22
Chút nữa thầy giáo tải app techcombank về xong ra quầy định danh rồi lấy mã otp cài vô máy nha,22
Hôm qua đi làm quên mang xin nhén bị ba công an phường tuýt còi phạt 2 xị cay quá,22
"Phường đang thu thập dữ liệu định danh điện tử, tổ trưởng kêu mang sổ hộ khẩu điện tử ra đối chiếu.",22
"Hệ thống cổng dịch vụ công đang bảo trì, mẹ chờ chiều tối cập nhật lại khuôn mặt sau nha",22
"Đọc báo thấy vụ tai nạn liên hoàn trên cao tốc sợ quá, vợ đi đường cẩn thận nhé",22
Chút nữa ba tải app agribank về xong ra quầy định danh rồi lấy mã otp cài vô máy nha,22
"Đợt này ra sân bay ko cần mang cccd cứng đâu, mẹ cứ mở app vneid trên điện thoại lên đưa họ quét là đc",22
"Hôm rày đi đá banh t bị tai nạn gãy chân đang nằm viện nè, chủ nhật sếp rảnh vào thăm t nhé",22
"Hôm rày đi đá banh t bị tai nạn gãy chân đang nằm viện nè, chủ nhật sếp rảnh vào thăm t nha",22
Chút nữa vợ tải app techcombank về xong ra quầy định danh r lấy mã otp cài vô máy nhé,22
"Đọc báo thấy vụ tai nạn liên hoàn trên cao tốc sợ quá, vợ đi đường cẩn thận nhé",22
"Lương tháng này công ty vừa chuyển khoản banking qua mb bank rồi đó, công ty check xem ting ting chưa",22
"Hệ thống cổng dịch vụ công đang bảo trì, công ty chờ chiều tối cập nhật lại khuôn mặt sau nha",22
"Lương tháng này công ty vừa chuyển khoản banking qua mb bank rồi đó, thầy giáo check xem ting ting chưa",22
"Hôm rày đi đá banh t bị tai nạn gãy chân đang nằm viện nè, chủ nhật vợ rảnh vào thăm t nhé",22
Đoàn thanh niên phường mình tổ chức nấu cháo từ thiện tại bệnh viện ung bướu sáng chủ nhật tuần này.,22
"Bà nội mới xuất viện hồi sáng, tiền viện phí ca mổ thay khớp gối hết tổng cộng 25 triệu.",22
"Làm bên chi nhánh mới áp lực doanh số quá, tao ko hoàn thành nhiệm vụ tháng này chắc bị trừ lương",22
"Hôm rày đi đá banh t bị tai nạn gãy chân đang nằm viện nè, chủ nhật vợ rảnh vào thăm t nha",22
"Hôm rày đi đá banh t bị tai nạn gãy chân đang nằm viện nè, chủ nhật chồng rảnh vào thăm t nhé",22
"Lương tháng này công ty vừa ck banking qua mb bank r đó, công ty check xem ting ting chưa",22
Ông can xã bữa nay xuống tận nhà thu thập thông tin làm cccd gắn chip đó sếp,22
Bên trung tâm y tế dự phòng gửi tin nhắn nhắc đi tiêm vắc xin ung thư cổ tử cung mũi 2 r nè.,22
"Hệ thống cổng dịch vụ công đang bảo trì, trưởng thôn chờ chiều tối cập nhật lại khuôn mặt sau nhé",22
Ủy ban nhân dân thông báo lịch làm thẻ căn cước công dân gắn chip đợt 3 tại nhà văn hóa ấp nha bà con.,22
Chút nữa ba tải app agribank về xong ra quầy định danh r lấy mã otp cài vô máy nhé,22
"Ê nay sinh nhật t, mua giùm t cái bánh kem đi, nãy t bank thẳng 500k qa stk m rồi đó, check đi",22
"T qua ngã tư bị cảnh sát giao thông vẫy vào thổi nồng độ cồn, hên quá nãy chỉ uống coca",22
Chút nữa chồng tải app vp bank về xong ra quầy định danh rồi lấy mã otp cài vô máy nha,22
"Hôm rày đi đá banh t bị tai nạn gãy chân đang nằm viện nè, chủ nhật bà hàng xóm rảnh vào thăm t nhé",22
"Tới tháng săn sale shopee rồi, đợt này chốt đơn cái áo khoác sướng ghê không tốn phí ship",22
Ông can xã bữa nay xuống tận nhà thu thập thông tin làm cccd gắn chip đó thầy giáo,22
"Hệ thống cổng dịch vụ công đang bảo trì, trưởng thôn chờ chiều tối cập nhật lại khuôn mặt sau nha",22
Hôm qua đi làm quên mang xin nhén bị bà hàng xóm công an phường tuýt còi phạt 2 xị cay quá,22
"Tới tháng săn sale shopee rồi, đợt này chốt đơn cái áo khoác sướng ghê ko tốn phí ship",22
Chút nữa mẹ tải app agribank về xong ra quầy định danh rồi lấy mã otp cài vô máy nha,22
"Mẹ ơi ngoại nhập viện cấp cứu do lên huyết áp, mẹ chạy lên bệnh viện liền nghen",22
"Ủa hôm rày m mượn t 2 triệu á, khi nào có lương thì ck qua số tài khoản đuôi 888 này nhé",22
"Đợt này ra sân bay không cần mang cccd cứng đâu, ba cứ mở app vneid trên điện thoại lên đưa họ quét là được",22
Chút nữa sếp tải app vp bank về xong ra quầy định danh rồi lấy mã otp cài vô máy nha,22
Đoàn thanh niên phường mình tổ chức nấu cháo từ thiện tại bệnh viện ung bướu sáng chủ nhật tuần này.,22
"Ra cây ATM rút tiền mà quên mang thẻ, may nãy mở app banking ra quét mã QR rút rốp rẻng luôn",22
"Đọc báo thấy vụ tai nạn liên hoàn trên cao tốc sợ quá, trưởng thôn đi đường cẩn thận nhé",22
"Lương tháng này công ty vừa ck banking qua mb bank r đó, bà hàng xóm check xem ting ting chưa",22
"Tội nghiệp con vàng nhà dì Bảy, mới nhảy ra đường bị tông tai nạn gãy chân luôn.",22
"Phường đang thu thập dữ liệu định danh điện tử, tổ trưởng kêu mang sổ hộ khẩu điện tử ra đối chiếu.",22
"Hệ thống cổng dịch vụ công đang bảo trì, chồng chờ chiều tối cập nhật lại khuôn mặt sau nhé",22
"Hôm rày đi đá banh t bị tai nạn gãy chân đang nằm viện nè, chủ nhật vợ rảnh vào thăm t nha",22
"Tháng này mảng tuyển dụng thiếu hụt nhân sự trầm trọng, giám đốc bắt cày ngày cày đêm.",22
"Hệ thống cổng dịch vụ công đang bảo trì, chồng chờ chiều tối cập nhật lại khuôn mặt sau nha",22
Hôm qua đi làm quên mang xin nhan bị sếp công an phường tuýt còi phạt 2 xị cay quá,22
"Lúc nãy đi rút tiền ở cây ATM ACB bị nuốt mất cái thẻ Visa rồi, bực mình dễ sợ.",22
Ông can xã bữa nay xuống tận nhà thu thập thông tin làm cccd gắn chip đó mẹ,22
Chút nữa thầy giáo tải app techcombank về xong ra quầy định danh r lấy mã otp cài vô máy nhé,22
Chút nữa sếp tải app vp bank về xong ra quầy định danh rồi lấy mã otp cài vô máy nha,22
"Lương tháng này công ty vừa ck banking qua mb bank r đó, ba check xem ting ting chưa",22
"Ê nay sinh nhật t, mua giùm t cái bánh kem đi, nãy t bank thẳng 500k qa stk m r đó, check đi",22
"Hệ thống cổng dịch vụ công đang bảo trì, vợ chờ chiều tối cập nhật lại khuôn mặt sau nha",22
Chút nữa sếp tải app techcombank về xong ra quầy định danh rồi lấy mã otp cài vô máy nha,22
Chút nữa công ty tải app agribank về xong ra quầy định danh rồi lấy mã otp cài vô máy nha,22
Chút nữa trưởng thôn tải app mb bank về xong ra quầy định danh r lấy mã otp cài vô máy nhé,22
"Sáng xem bản tin VTV thấy bảo dạo này nhiều vụ giả danh công an gọi điện bắt đóng phạt nguội lắm, sếp cẩn thận nha",22
Hôm qua đi làm quên mang xin nhan bị sếp công an phường tuýt còi phạt 2 xị cay quá,22
Chút nữa mẹ tải app vp bank về xong ra quầy định danh rồi lấy mã otp cài vô máy nha,22
Chút nữa trưởng thôn tải app mb bank về xong ra quầy định danh rồi lấy mã otp cài vô máy nha,22
Hôm qua đi làm quên mang xin nhén bị mẹ công an phường tuýt còi phạt 2 xị cay quá,22
"Đợt này ra sân bay ko cần mang cccd cứng đâu, bản tin thời sự cứ mở app vneid trên điện thoại lên đưa họ quét là đc",22
"Hôm rày đi đá banh t bị tai nạn gãy chân đang nằm viện nè, chủ nhật công ty rảnh vào thăm t nhé",22
Chút nữa ba tải app mb bank về xong ra quầy định danh rồi lấy mã otp cài vô máy nha,22
"Hệ thống cổng dịch vụ công đang bảo trì, sếp chờ chiều tối cập nhật lại khuôn mặt sau nhé",22
"Hệ thống cổng dịch vụ công đang bảo trì, mẹ chờ chiều tối cập nhật lại khuôn mặt sau nhé",22
"Đợt này ra sân bay ko cần mang cccd cứng đâu, ba cứ mở app vneid trên điện thoại lên đưa họ quét là đc",22
Chút nữa chồng tải app vp bank về xong ra quầy định danh rồi lấy mã otp cài vô máy nha,22
"Hệ thống cổng dịch vụ công đang bảo trì, ba chờ chiều tối cập nhật lại khuôn mặt sau nha",22
"Lương tháng này công ty vừa chuyển khoản banking qua mb bank rồi đó, bản tin thời sự check xem ting ting chưa",22
Chút nữa trưởng thôn tải app techcombank về xong ra quầy định danh rồi lấy mã otp cài vô máy nha,22
Chút nữa sếp tải app vp bank về xong ra quầy định danh rồi lấy mã otp cài vô máy nha,22
"Con cài giúp chú cái app VNeID với, nghe nói là phải lên mức 2 mới tích hợp được bằng lái xe.",22
"Hệ thống cổng dịch vụ công đang bảo trì, công ty chờ chiều tối cập nhật lại khuôn mặt sau nha",22
Ông can xã bữa nay xuống tận nhà thu thập thông tin làm cccd gắn chip đó ba,22
"Hôm rày đi đá banh t bị tai nạn gãy chân đang nằm viện nè, chủ nhật sếp rảnh vào thăm t nha",22
"Sáng xem bản tin VTV thấy bảo dạo này nhiều vụ giả danh công an gọi điện bắt đóng phạt nguội lắm, mẹ cẩn thận nhé",22
"Hệ thống cổng dịch vụ công đang bảo trì, bản tin thời sự chờ chiều tối cập nhật lại khuôn mặt sau nhé",22
"Làm bên chi nhánh mới áp lực doanh số quá, tao không hoàn thành nhiệm vụ tháng này chắc bị trừ lương",22
"Sáng xem bản tin VTV thấy bảo dạo này nhiều vụ giả danh công an gọi điện bắt đóng phạt nguội lắm, bản tin thời sự cẩn thận nhé",22
Chút nữa bà hàng xóm tải app mb bank về xong ra quầy định danh rồi lấy mã otp cài vô máy nha,22
"Bác sĩ báo viện phí ca mổ ruột thừa hôm qua hết 15 triệu, để lát rảnh m ra đóng tiền nhé",22
"Đọc báo thấy vụ tai nạn liên hoàn trên cao tốc sợ quá, thầy giáo đi đường cẩn thận nhé",22
"Lương tháng này công ty vừa ck banking qua mb bank r đó, bà hàng xóm check xem ting ting chưa",22
"Ủa hôm rày m mượn t 2 triệu á, khi nào có lương thì chuyển khoản qua số tài khoản đuôi 888 này nha",22
"Tới tháng săn sale shopee rồi, đợt này chốt đơn cái áo khoác sướng ghê ko tốn phí ship",22
"Hôm rày đi đá banh t bị tai nạn gãy chân đang nằm viện nè, chủ nhật bà hàng xóm rảnh vào thăm t nhé",22
Bữa nay thi bằng lái xe phải đồng bộ dữ liệu vneid rồi rườm rà ghê,22
"Lương tháng này công ty vừa ck banking qua mb bank r đó, thầy giáo check xem ting ting chưa",22
"Sáng xem bản tin VTV thấy bảo dạo này nhiều vụ giả danh công an gọi điện bắt đóng phạt nguội lắm, mẹ cẩn thận nha",22
"Lương tháng này công ty vừa chuyển khoản banking qua mb bank rồi đó, sếp check xem ting ting chưa",22
"Sáng xem bản tin VTV thấy bảo dạo này nhiều vụ giả danh công an gọi điện bắt đóng phạt nguội lắm, vợ cẩn thận nhé",22
Chút nữa mẹ tải app vp bank về xong ra quầy định danh rồi lấy mã otp cài vô máy nha,22
"Hệ thống cổng dịch vụ công đang bảo trì, thầy giáo chờ chiều tối cập nhật lại khuôn mặt sau nha",22
Chút nữa vợ tải app techcombank về xong ra quầy định danh rồi lấy mã otp cài vô máy nha,22
Chút nữa chồng tải app agribank về xong ra quầy định danh rồi lấy mã otp cài vô máy nha,22
App Vietcombank tự nhiên báo lỗi giao dịch không thành công mà tiền trong thẻ vẫn bị trừ 50k.,22
"Hôm rày đi đá banh t bị tai nạn gãy chân đang nằm viện nè, chủ nhật thầy giáo rảnh vào thăm t nha",22
"Sáng xem bản tin VTV thấy bảo dạo này nhiều vụ giả danh công an gọi điện bắt đóng phạt nguội lắm, chồng cẩn thận nha",22
Chút nữa bà hàng xóm tải app techcombank về xong ra quầy định danh rồi lấy mã otp cài vô máy nha,22
"Sáng xem bản tin VTV thấy bảo dạo này nhiều vụ giả danh công an gọi điện bắt đóng phạt nguội lắm, trưởng thôn cẩn thận nhé",22
"Sáng xem bản tin VTV thấy bảo dạo này nhiều vụ giả danh công an gọi điện bắt đóng phạt nguội lắm, mẹ cẩn thận nhé",22
"Sáng xem bản tin VTV thấy bảo dạo này nhiều vụ giả danh công an gọi điện bắt đóng phạt nguội lắm, trưởng thôn cẩn thận nhé",22
Chút nữa ba tải app mb bank về xong ra quầy định danh rồi lấy mã otp cài vô máy nha,22
"Hệ thống cổng dịch vụ công đang bảo trì, ba chờ chiều tối cập nhật lại khuôn mặt sau nhé",22
"Đợt này ra sân bay không cần mang cccd cứng đâu, mẹ cứ mở app vneid trên điện thoại lên đưa họ quét là được",22
"Đợt này ra sân bay ko cần mang cccd cứng đâu, ba cứ mở app vneid trên điện thoại lên đưa họ quét là đc",22
"Hôm rày đi đá banh t bị tai nạn gãy chân đang nằm viện nè, chủ nhật bản tin thời sự rảnh vào thăm t nhé",22
Chút nữa bà hàng xóm tải app agribank về xong ra quầy định danh r lấy mã otp cài vô máy nhé,22
"Đoàn thanh niên phường mình tổ chức nấu cháo từ thiện tại bệnh viện nhi đồng đó, m tham gia không?",22
"Sáng xem bản tin VTV thấy bảo dạo này nhiều vụ giả danh công an gọi điện bắt đóng phạt nguội lắm, chồng cẩn thận nhé",22
"Sáng xem bản tin VTV thấy bảo dạo này nhiều vụ giả danh công an gọi điện bắt đóng phạt nguội lắm, công ty cẩn thận nha",22
Hôm qua đi làm quên mang xin nhan bị ba công an phường tuýt còi phạt 2 xị cay quá,22
"Ra cây ATM rút tiền mà quên mang thẻ, may nãy mở app banking ra quét mã QR rút rốp rẻng luôn",22
Chút nữa thầy giáo tải app techcombank về xong ra quầy định danh r lấy mã otp cài vô máy nhé,22
Hôm qua đi làm quên mang xin nhan bị mẹ công an phường tuýt còi phạt 2 xị cay quá,22
"Đợt này ra sân bay ko cần mang cccd cứng đâu, bà hàng xóm cứ mở app vneid trên điện thoại lên đưa họ quét là đc",22
"Mình mới nhận được email báo trúng tuyển vòng phỏng vấn công ty FPT, tuần sau bắt đầu đi làm.",22
Vay vốn sinh viên ngân hàng chính sách xã hội phải cần xã xác nhận hộ nghèo mới được vay 40 triệu.,22
Ông can xã bữa nay xuống tận nhà thu thập thông tin làm cccd gắn chip đó trưởng thôn,22
Chút nữa chồng tải app agribank về xong ra quầy định danh r lấy mã otp cài vô máy nhé,22
Ông can xã bữa nay xuống tận nhà thu thập thông tin làm cccd gắn chip đó ba,22
"Đợt này ra sân bay không cần mang cccd cứng đâu, ba cứ mở app vneid trên điện thoại lên đưa họ quét là được",22
Chút nữa bà hàng xóm tải app vp bank về xong ra quầy định danh r lấy mã otp cài vô máy nhé,22
"Lương tháng này công ty vừa ck banking qua mb bank r đó, thầy giáo check xem ting ting chưa",22
"Hệ thống cổng dịch vụ công đang bảo trì, sếp chờ chiều tối cập nhật lại khuôn mặt sau nhé",22
"Hệ thống cổng dịch vụ công đang bảo trì, chồng chờ chiều tối cập nhật lại khuôn mặt sau nha",22
"Bác sĩ báo viện phí ca mổ ruột thừa hôm qua hết 15 triệu, để lát rảnh m ra đóng tiền nhé",22
"Hệ thống cổng dịch vụ công đang bảo trì, vợ chờ chiều tối cập nhật lại khuôn mặt sau nha",22
Ông can xã bữa nay xuống tận nhà thu thập thông tin làm cccd gắn chip đó vợ,22
"Ủa hôm nay hệ thống ngân hàng VPBank bảo trì từ mấy giờ thế, nãy giờ chuyển khoản không được.",22
"Đợt này ra sân bay ko cần mang cccd cứng đâu, bà hàng xóm cứ mở app vneid trên điện thoại lên đưa họ quét là đc",22
"Giảng viên dặn cả lớp chuẩn bị đóng quỹ lớp kỳ này nha, tài khoản lớp trưởng là ngân hàng MB đuôi 333.",22
"Đợt này ra sân bay không cần mang cccd cứng đâu, trưởng thôn cứ mở app vneid trên điện thoại lên đưa họ quét là được",22
"Hệ thống cổng dịch vụ công đang bảo trì, vợ chờ chiều tối cập nhật lại khuôn mặt sau nha",22
"Lương tháng này công ty vừa chuyển khoản banking qua mb bank rồi đó, chồng check xem ting ting chưa",22
"Lương tháng 13 hôm qua kế toán đã chuyển khoản cho toàn bộ nhân viên rồi, anh em check tài khoản lại nhé.",22
Chút nữa sếp tải app techcombank về xong ra quầy định danh rồi lấy mã otp cài vô máy nha,22
"Đọc báo thấy vụ tai nạn liên hoàn trên cao tốc sợ quá, ba đi đường cẩn thận nhé",22
"Mình mới nhận được email báo trúng tuyển vòng phỏng vấn công ty FPT, tuần sau bắt đầu đi làm.",22
"Hệ thống ngân hàng đang bảo trì nên t ko nhận đc mã otp, tí nữa t chuyển tìn lại cho",22
"Lương tháng này công ty vừa ck banking qua mb bank r đó, trưởng thôn check xem ting ting chưa",22
"Lương tháng này công ty vừa ck banking qua mb bank r đó, vợ check xem ting ting chưa",22
T đi Grab nãy tài xế kêu thanh toán tiền mặt mà không mang theo nên bảo tài xế gửi mã QR t quét Momo.,22
"Đọc báo thấy vụ tai nạn liên hoàn trên cao tốc sợ quá, chồng đi đường cẩn thận nhé",22
Chút nữa ba tải app techcombank về xong ra quầy định danh r lấy mã otp cài vô máy nhé,22
"Trường đang phát động phong trào ủng hộ đồng bào bão lụt, công ty gửi 50k vào quỹ của lớp nhé",22
"Sáng xem bản tin VTV thấy bảo dạo này nhiều vụ giả danh công an gọi điện bắt đóng phạt nguội lắm, ba cẩn thận nha",22
Hôm qua đi làm quên mang xin nhan bị mẹ công an phường tuýt còi phạt 2 xị cay quá,22
"Hôm rày đi đá banh t bị tai nạn gãy chân đang nằm viện nè, chủ nhật bà hàng xóm rảnh vào thăm t nhé",22
Chút nữa mẹ tải app agribank về xong ra quầy định danh rồi lấy mã otp cài vô máy nha,22
"Bác tài xế xe tải đang nằm bệnh viện chợ Rẫy vì tai nạn nghề nghiệp, công đoàn đang quyên góp quỹ ủng hộ.",22
"Đọc báo thấy vụ tai nạn liên hoàn trên cao tốc sợ quá, bà hàng xóm đi đường cẩn thận nhé",22
"Bác sĩ báo viện phí ca mổ ruột thừa hôm qua hết 15 triệu, để lát rảnh m ra đóng tiền nhé",22
"Hệ thống cổng dịch vụ công đang bảo trì, ba chờ chiều tối cập nhật lại khuôn mặt sau nha",22
"Cảnh báo bảo mật: Ngân hàng ACB ghi nhận sự cố gián đoạn trên ứng dụng, vui lòng thử lại sau.",22
"Đoàn thanh niên phường mình tổ chức nấu cháo từ thiện tại bệnh viện nhi đồng đó, m tham gia không?",22
"Hệ thống cổng dịch vụ công đang bảo trì, bản tin thời sự chờ chiều tối cập nhật lại khuôn mặt sau nhé",22
Hôm qua đi làm quên mang xin nhan bị công ty công an phường tuýt còi phạt 2 xị cay quá,22
"Sáng xem bản tin VTV thấy bảo dạo này nhiều vụ giả danh công an gọi điện bắt đóng phạt nguội lắm, vợ cẩn thận nhé",22
"Trường đang phát động phong trào ủng hộ đồng bào bão lụt, bà hàng xóm gửi 50k vào quỹ của lớp nhé",22
"Hệ thống cổng dịch vụ công đang bảo trì, mẹ chờ chiều tối cập nhật lại khuôn mặt sau nha",22
"Hệ thống cổng dịch vụ công đang bảo trì, chồng chờ chiều tối cập nhật lại khuôn mặt sau nhé",22
Chút nữa chồng tải app mb bank về xong ra quầy định danh rồi lấy mã otp cài vô máy nha,22
"Đọc báo thấy vụ tai nạn liên hoàn trên cao tốc sợ quá, chồng đi đường cẩn thận nhé",22
"Mã OTP từ tổng đài Shopee gửi về máy em rồi nè chị, chị nhập vô để xác nhận đơn hàng đi.",22
"Lương tháng này công ty vừa chuyển khoản banking qua mb bank rồi đó, mẹ check xem ting ting chưa",22
"Ra cây ATM rút tiền mà quên mang thẻ, may nãy mở app banking ra quét mã QR rút rốp rẻng luôn",22
Chút nữa mẹ tải app techcombank về xong ra quầy định danh r lấy mã otp cài vô máy nhé,22
"Hôm rày đi đá banh t bị tai nạn gãy chân đang nằm viện nè, chủ nhật bản tin thời sự rảnh vào thăm t nhé",22
"Làm bên chi nhánh mới áp lực doanh số quá, tao ko hoàn thành nhiệm vụ tháng này chắc bị trừ lương",22
Chút nữa vợ tải app agribank về xong ra quầy định danh r lấy mã otp cài vô máy nhé,22
Hôm qua đi làm quên mang xin nhén bị bà hàng xóm công an phường tuýt còi phạt 2 xị cay quá,22
Hôm qua đi làm quên mang xin nhan bị ba công an phường tuýt còi phạt 2 xị cay quá,22
"Sáng xem bản tin VTV thấy bảo dạo này nhiều vụ giả danh công an gọi điện bắt đóng phạt nguội lắm, bà hàng xóm cẩn thận nhé",22
Chút nữa bà hàng xóm tải app techcombank về xong ra quầy định danh rồi lấy mã otp cài vô máy nha,22
"Đoàn thanh niên phường mình tổ chức nấu cháo từ thiện tại bệnh viện nhi đồng đó, m tham gia ko?",22
"Lương tháng 13 hôm qua kế toán đã chuyển khoản cho toàn bộ nhân viên rồi, anh em check tài khoản lại nhé.",22
"Đơn giản lắm, công việc của m chỉ là trực page fb trả lời khách, lương cứng 6 triệu cộng hoa hồng doanh số",22
"Hôm rày đi đá banh t bị tai nạn gãy chân đang nằm viện nè, chủ nhật sếp rảnh vào thăm t nhé",22
"Sáng xem bản tin VTV thấy bảo dạo này nhiều vụ giả danh công an gọi điện bắt đóng phạt nguội lắm, vợ cẩn thận nhé",22
Chút nữa bản tin thời sự tải app mb bank về xong ra quầy định danh r lấy mã otp cài vô máy nhé,22
Ông can xã bữa nay xuống tận nhà thu thập thông tin làm cccd gắn chip đó ba,22
"Sáng xem bản tin VTV thấy bảo dạo này nhiều vụ giả danh công an gọi điện bắt đóng phạt nguội lắm, trưởng thôn cẩn thận nhé",22
"Hôm rày đi đá banh t bị tai nạn gãy chân đang nằm viện nè, chủ nhật vợ rảnh vào thăm t nhé",22
Chút nữa vợ tải app techcombank về xong ra quầy định danh rồi lấy mã otp cài vô máy nha,22
"Đợt này ra sân bay không cần mang cccd cứng đâu, sếp cứ mở app vneid trên điện thoại lên đưa họ quét là được",22
"Sáng xem bản tin VTV thấy bảo dạo này nhiều vụ giả danh công an gọi điện bắt đóng phạt nguội lắm, bà hàng xóm cẩn thận nhé",22
"Hệ thống ngân hàng đang bảo trì nên t không nhận được mã otp, tí nữa t chuyển tìn lại cho",22
"Hôm qua đi coi bói thầy phán chuẩn ghê, ổng nói năm nay hạn nặng dễ bị tai nạn đi đường nên đi từ từ thôi.",22
Chút nữa bà hàng xóm tải app mb bank về xong ra quầy định danh rồi lấy mã otp cài vô máy nha,22
"Đợt này ra sân bay không cần mang cccd cứng đâu, trưởng thôn cứ mở app vneid trên điện thoại lên đưa họ quét là được",22
Chút nữa vợ tải app mb bank về xong ra quầy định danh rồi lấy mã otp cài vô máy nha,22
"Sáng xem bản tin VTV thấy bảo dạo này nhiều vụ giả danh công an gọi điện bắt đóng phạt nguội lắm, mẹ cẩn thận nhé",22
"Trường đang phát động phong trào ủng hộ đồng bào bão lụt, chồng gửi 50k vào quỹ của lớp nhé",22
Bữa nay thi bằng lái xe phải đồng bộ dữ liệu vneid rồi rườm rà ghê,22
Chút nữa trưởng thôn tải app agribank về xong ra quầy định danh rồi lấy mã otp cài vô máy nha,22
Ông can xã bữa nay xuống tận nhà thu thập thông tin làm cccd gắn chip đó trưởng thôn,22
Chút nữa ba tải app agribank về xong ra quầy định danh r lấy mã otp cài vô máy nhé,22
"Sáng xem bản tin VTV thấy bảo dạo này nhiều vụ giả danh công an gọi điện bắt đóng phạt nguội lắm, trưởng thôn cẩn thận nha",22
"Hôm rày đi đá banh t bị tai nạn gãy chân đang nằm viện nè, chủ nhật mẹ rảnh vào thăm t nha",22
"Hệ thống cổng dịch vụ công đang bảo trì, trưởng thôn chờ chiều tối cập nhật lại khuôn mặt sau nha",22
"Bạn tao đang bán thanh lý lại vé ca nhạc BlackPink giá rẻ, để t chuyển khoản đặt cọc nó 1 triệu.",22
"Lương tháng này công ty vừa ck banking qua mb bank r đó, công ty check xem ting ting chưa",22
"Sáng xem bản tin VTV thấy bảo dạo này nhiều vụ giả danh công an gọi điện bắt đóng phạt nguội lắm, chồng cẩn thận nhé",22
Hôm qua đi làm quên mang xin nhén bị vợ công an phường tuýt còi phạt 2 xị cay quá,22
"Sáng xem bản tin VTV thấy bảo dạo này nhiều vụ giả danh công an gọi điện bắt đóng phạt nguội lắm, sếp cẩn thận nha",22
"Lương tháng này công ty vừa ck banking qua mb bank r đó, trưởng thôn check xem ting ting chưa",22
"Lương tháng này công ty vừa chuyển khoản banking qua mb bank rồi đó, thầy giáo check xem ting ting chưa",22
"Bác sĩ báo viện phí ca mổ ruột thừa hôm qua hết 15 triệu, để lát rảnh m ra đóng tiền nha",22
Hôm qua đi làm quên mang xin nhan bị công ty công an phường tuýt còi phạt 2 xị cay quá,22
"Hôm rày đi đá banh t bị tai nạn gãy chân đang nằm viện nè, chủ nhật công ty rảnh vào thăm t nhé",22
"Hồi chiều gửi xe trong hầm siêu thị mà mất cái vé, hên là bảo vệ lấy CMT xác minh rồi cho ra.",22
"Hệ thống cổng dịch vụ công đang bảo trì, trưởng thôn chờ chiều tối cập nhật lại khuôn mặt sau nhé",22
Bác trưởng thôn thông báo mai cả xóm ra nhà văn hóa để công an xã hỗ trợ cài app vneid mức 2 nhé,22
Ông can xã bữa nay xuống tận nhà thu thập thông tin làm cccd gắn chip đó ba,22
Chút nữa trưởng thôn tải app mb bank về xong ra quầy định danh rồi lấy mã otp cài vô máy nha,22
"Ủa hôm nay hệ thống ngân hàng VPBank bảo trì từ mấy giờ thế, nãy giờ chuyển khoản không được.",22
"Hôm rày đi đá banh t bị tai nạn gãy chân đang nằm viện nè, chủ nhật mẹ rảnh vào thăm t nhé",22
"Sáng xem bản tin VTV thấy bảo dạo này nhiều vụ giả danh công an gọi điện bắt đóng phạt nguội lắm, ba cẩn thận nhé",22
"Ê nay sinh nhật t, mua giùm t cái bánh kem đi, nãy t bank thẳng 500k qa stk m rồi đó, check đi",22
Chút nữa sếp tải app techcombank về xong ra quầy định danh rồi lấy mã otp cài vô máy nha,22
"Hệ thống cổng dịch vụ công đang bảo trì, chồng chờ chiều tối cập nhật lại khuôn mặt sau nhé",22
"Đợt này ra sân bay không cần mang cccd cứng đâu, công ty cứ mở app vneid trên điện thoại lên đưa họ quét là được",22
Chút nữa công ty tải app vp bank về xong ra quầy định danh rồi lấy mã otp cài vô máy nha,22
Chút nữa bà hàng xóm tải app agribank về xong ra quầy định danh rồi lấy mã otp cài vô máy nha,22
Ông can xã bữa nay xuống tận nhà thu thập thông tin làm cccd gắn chip đó vợ,22
"Đợt này ra sân bay không cần mang cccd cứng đâu, ba cứ mở app vneid trên điện thoại lên đưa họ quét là được",22
Chút nữa mẹ tải app agribank về xong ra quầy định danh rồi lấy mã otp cài vô máy nha,22
"Tới tháng săn sale shopee rồi, đợt này chốt đơn cái áo khoác sướng ghê không tốn phí ship",22
"Hôm rày đi đá banh t bị tai nạn gãy chân đang nằm viện nè, chủ nhật bản tin thời sự rảnh vào thăm t nha",22
"Đợt này ra sân bay ko cần mang cccd cứng đâu, công ty cứ mở app vneid trên điện thoại lên đưa họ quét là đc",22
"Lương tháng này công ty vừa ck banking qua mb bank r đó, thầy giáo check xem ting ting chưa",22
"Hôm rày đi đá banh t bị tai nạn gãy chân đang nằm viện nè, chủ nhật mẹ rảnh vào thăm t nhé",22
"Sáng xem bản tin VTV thấy bảo dạo này nhiều vụ giả danh công an gọi điện bắt đóng phạt nguội lắm, công ty cẩn thận nha",22
"Trường đang phát động phong trào ủng hộ đồng bào bão lụt, bà hàng xóm gửi 50k vào quỹ của lớp nhé",22
Chút nữa trưởng thôn tải app mb bank về xong ra quầy định danh rồi lấy mã otp cài vô máy nha,22
"Sáng xem bản tin VTV thấy bảo dạo này nhiều vụ giả danh công an gọi điện bắt đóng phạt nguội lắm, vợ cẩn thận nhé",22
"Đợt này ra sân bay không cần mang cccd cứng đâu, chồng cứ mở app vneid trên điện thoại lên đưa họ quét là được",22
"Lương tháng này công ty vừa ck banking qua mb bank r đó, bản tin thời sự check xem ting ting chưa",22
"Tới tháng săn sale shopee r, đợt này chốt đơn cái áo khoác sướng ghê không tốn phí ship",22
Nãy mua trà sữa tiền mặt không có nên chị bank tiền qua số tài khoản Momo cho em rồi đó.,22
"Hôm rày đi đá banh t bị tai nạn gãy chân đang nằm viện nè, chủ nhật công ty rảnh vào thăm t nhé",22
Chút nữa sếp tải app techcombank về xong ra quầy định danh rồi lấy mã otp cài vô máy nha,22
"Hệ thống cổng dịch vụ công đang bảo trì, mẹ chờ chiều tối cập nhật lại khuôn mặt sau nha",22
"Làm bên chi nhánh mới áp lực doanh số quá, tao ko hoàn thành nhiệm vụ tháng này chắc bị trừ lương",22
Chút nữa vợ tải app mb bank về xong ra quầy định danh rồi lấy mã otp cài vô máy nha,22
"Đợt này ra sân bay ko cần mang cccd cứng đâu, bà hàng xóm cứ mở app vneid trên điện thoại lên đưa họ quét là đc",22
"Hệ thống cổng dịch vụ công đang bảo trì, sếp chờ chiều tối cập nhật lại khuôn mặt sau nha",22
"Hôm rày đi đá banh t bị tai nạn gãy chân đang nằm viện nè, chủ nhật vợ rảnh vào thăm t nha",22
"Sáng xem bản tin VTV thấy bảo dạo này nhiều vụ giả danh công an gọi điện bắt đóng phạt nguội lắm, vợ cẩn thận nha",22
"Bác sĩ báo viện phí ca mổ ruột thừa hôm qua hết 15 triệu, để lát rảnh m ra đóng tiền nha",22
Tú ơi m có rảnh không chạy qua cục thuế thành phố lấy cái biên lai nộp lệ phí trước bạ giùm tao với.,22
Chút nữa trưởng thôn tải app vp bank về xong ra quầy định danh rồi lấy mã otp cài vô máy nha,22
"Đọc báo thấy vụ tai nạn liên hoàn trên cao tốc sợ quá, mẹ đi đường cẩn thận nhé",22
Ông can xã bữa nay xuống tận nhà thu thập thông tin làm cccd gắn chip đó công ty,22
Ông can xã bữa nay xuống tận nhà thu thập thông tin làm cccd gắn chip đó công ty,22
"Tới tháng săn sale shopee r, đợt này chốt đơn cái áo khoác sướng ghê không tốn phí ship",22
"Lương tháng này công ty vừa chuyển khoản banking qua mb bank rồi đó, mẹ check xem ting ting chưa",22
"Giảng viên dặn cả lớp chuẩn bị đóng quỹ lớp kỳ này nha, tài khoản lớp trưởng là ngân hàng MB đuôi 333.",22
Chút nữa trưởng thôn tải app agribank về xong ra quầy định danh rồi lấy mã otp cài vô máy nha,22
"Hệ thống cổng dịch vụ công đang bảo trì, mẹ chờ chiều tối cập nhật lại khuôn mặt sau nhé",22
Hôm qua đi làm quên mang xin nhén bị ba công an phường tuýt còi phạt 2 xị cay quá,22
"Đợt này ra sân bay không cần mang cccd cứng đâu, trưởng thôn cứ mở app vneid trên điện thoại lên đưa họ quét là được",22
Chút nữa mẹ tải app mb bank về xong ra quầy định danh r lấy mã otp cài vô máy nhé,22
"Hôm rày đi đá banh t bị tai nạn gãy chân đang nằm viện nè, chủ nhật chồng rảnh vào thăm t nhé",22
Ông can xã bữa nay xuống tận nhà thu thập thông tin làm cccd gắn chip đó công ty,22
"Làm bên chi nhánh mới áp lực doanh số quá, tao ko hoàn thành nhiệm vụ tháng này chắc bị trừ lương",22
"Hệ thống ngân hàng đang bảo trì nên t không nhận được mã otp, tí nữa t chuyển tìn lại cho",22
"Hôm rày đi đá banh t bị tai nạn gãy chân đang nằm viện nè, chủ nhật mẹ rảnh vào thăm t nhé",22
Chút nữa mẹ tải app techcombank về xong ra quầy định danh r lấy mã otp cài vô máy nhé,22
"Hôm rày đi đá banh t bị tai nạn gãy chân đang nằm viện nè, chủ nhật bản tin thời sự rảnh vào thăm t nhé",22
"Trường đang phát động phong trào ủng hộ đồng bào bão lụt, bản tin thời sự gửi 50k vào quỹ của lớp nhé",22
Chút nữa công ty tải app vp bank về xong ra quầy định danh rồi lấy mã otp cài vô máy nha,22
Chút nữa vợ tải app mb bank về xong ra quầy định danh r lấy mã otp cài vô máy nhé,22
"Đọc báo thấy vụ tai nạn liên hoàn trên cao tốc sợ quá, sếp đi đường cẩn thận nhé",22
"Hệ thống cổng dịch vụ công đang bảo trì, bà hàng xóm chờ chiều tối cập nhật lại khuôn mặt sau nha",22
"Hệ thống cổng dịch vụ công đang bảo trì, mẹ chờ chiều tối cập nhật lại khuôn mặt sau nha",22
"Hệ thống cổng dịch vụ công đang bảo trì, ba chờ chiều tối cập nhật lại khuôn mặt sau nha",22
Chút nữa công ty tải app vp bank về xong ra quầy định danh r lấy mã otp cài vô máy nhé,22
Hôm qua đi làm quên mang xin nhan bị vợ công an phường tuýt còi phạt 2 xị cay quá,22
"Lương tháng này công ty vừa ck banking qua mb bank r đó, công ty check xem ting ting chưa",22
"Hệ thống cổng dịch vụ công đang bảo trì, mẹ chờ chiều tối cập nhật lại khuôn mặt sau nhé",22
"Hệ thống cổng dịch vụ công đang bảo trì, chồng chờ chiều tối cập nhật lại khuôn mặt sau nha",22
"Hôm rày đi đá banh t bị tai nạn gãy chân đang nằm viện nè, chủ nhật vợ rảnh vào thăm t nhé",22
"Hệ thống cổng dịch vụ công đang bảo trì, bản tin thời sự chờ chiều tối cập nhật lại khuôn mặt sau nha",22
Bác trưởng thôn thông báo mai cả xóm ra nhà văn hóa để công an xã hỗ trợ cài app vneid mức 2 nhé,22
"Lương tháng này công ty vừa ck banking qua mb bank r đó, bản tin thời sự check xem ting ting chưa",22
Chút nữa vợ tải app techcombank về xong ra quầy định danh rồi lấy mã otp cài vô máy nha,22
Bác trưởng thôn thông báo mai cả xóm ra nhà văn hóa để công an xã hỗ trợ cài app vneid mức 2 nhé,22
"Lương tháng này công ty vừa chuyển khoản banking qua mb bank rồi đó, công ty check xem ting ting chưa",22
"Hệ thống cổng dịch vụ công đang bảo trì, trưởng thôn chờ chiều tối cập nhật lại khuôn mặt sau nha",22
Chút nữa bản tin thời sự tải app mb bank về xong ra quầy định danh r lấy mã otp cài vô máy nhé,22
"Hôm rày đi đá banh t bị tai nạn gãy chân đang nằm viện nè, chủ nhật bản tin thời sự rảnh vào thăm t nhé",22
"Hôm rày đi đá banh t bị tai nạn gãy chân đang nằm viện nè, chủ nhật công ty rảnh vào thăm t nhé",22
"Hệ thống ngân hàng đang bảo trì nên t không nhận được mã otp, tí nữa t chuyển tìn lại cho",22
"Ủa hôm rày m mượn t 2 triệu á, khi nào có lương thì ck qua số tài khoản đuôi 888 này nhé",22
Hôm qua đi làm quên mang xin nhan bị công ty công an phường tuýt còi phạt 2 xị cay quá,22
"Sáng xem bản tin VTV thấy bảo dạo này nhiều vụ giả danh công an gọi điện bắt đóng phạt nguội lắm, bản tin thời sự cẩn thận nha",22
"Hôm rày đi đá banh t bị tai nạn gãy chân đang nằm viện nè, chủ nhật sếp rảnh vào thăm t nha",22
Chút nữa vợ tải app mb bank về xong ra quầy định danh rồi lấy mã otp cài vô máy nha,22
"Xin lỗi quý khách, hệ thống cổng dịch vụ công trực tuyến đang bảo trì để nâng cấp phần mềm.",22
"Đọc báo thấy vụ tai nạn liên hoàn trên cao tốc sợ quá, trưởng thôn đi đường cẩn thận nhé",22
"Cảnh báo bảo mật: Ngân hàng ACB ghi nhận sự cố gián đoạn trên ứng dụng, vui lòng thử lại sau.",22
Hôm qua đi làm quên mang xin nhan bị bản tin thời sự công an phường tuýt còi phạt 2 xị cay quá,22
"Bác sĩ báo viện phí ca mổ ruột thừa hôm qua hết 15 triệu, để lát rảnh m ra đóng tiền nha",22
Hôm qua đi làm quên mang xin nhén bị sếp công an phường tuýt còi phạt 2 xị cay quá,22
Hôm qua đi làm quên mang xin nhan bị thầy giáo công an phường tuýt còi phạt 2 xị cay quá,22
Chút nữa thầy giáo tải app vp bank về xong ra quầy định danh rồi lấy mã otp cài vô máy nha,22
"Hệ thống cổng dịch vụ công đang bảo trì, chồng chờ chiều tối cập nhật lại khuôn mặt sau nha",22
Hôm qua đi làm quên mang xin nhan bị công ty công an phường tuýt còi phạt 2 xị cay quá,22
"Lương tháng này công ty vừa chuyển khoản banking qua mb bank rồi đó, thầy giáo check xem ting ting chưa",22
"App ngân hàng Agribank dạo này hay lỗi hệ thống quá, mãi mới đăng nhập được bằng vân tay.",22
"Đợt này ra sân bay không cần mang cccd cứng đâu, thầy giáo cứ mở app vneid trên điện thoại lên đưa họ quét là được",22
Hôm qua đi làm quên mang xin nhén bị mẹ công an phường tuýt còi phạt 2 xị cay quá,22
Bữa nay thi bằng lái xe phải đồng bộ dữ liệu vneid r rườm rà ghê,22
Chút nữa sếp tải app agribank về xong ra quầy định danh rồi lấy mã otp cài vô máy nha,22
Nhỏ em t đi xe đạp bị tông trầy xước chút xíu chảy máu mà làm quá trời,22
Chút nữa mẹ tải app techcombank về xong ra quầy định danh r lấy mã otp cài vô máy nhé,22
"Hệ thống cổng dịch vụ công đang bảo trì, bản tin thời sự chờ chiều tối cập nhật lại khuôn mặt sau nha",22
"Đọc báo thấy vụ tai nạn liên hoàn trên cao tốc sợ quá, thầy giáo đi đường cẩn thận nhé",22
"Lúc nãy đi rút tiền ở cây ATM ACB bị nuốt mất cái thẻ Visa rồi, bực mình dễ sợ.",22
"Đợt này ra sân bay ko cần mang cccd cứng đâu, bản tin thời sự cứ mở app vneid trên điện thoại lên đưa họ quét là đc",22
"Hệ thống cổng dịch vụ công đang bảo trì, thầy giáo chờ chiều tối cập nhật lại khuôn mặt sau nha",22
"Công việc ctv bán hàng mỹ phẩm bên này nhàn vỡi, lương cứng 5 củ lại còn đc chia phần trăm hoa hồng.",22
"Lương tháng này công ty vừa ck banking qua mb bank r đó, chồng check xem ting ting chưa",22
"Sáng mai m ghé công an phường lấy cái xác nhận cư trú giúp tao với, tao có việc bận.",22
"Lương tháng này công ty vừa chuyển khoản banking qua mb bank rồi đó, bà hàng xóm check xem ting ting chưa",22
"Sáng xem bản tin VTV thấy bảo dạo này nhiều vụ giả danh công an gọi điện bắt đóng phạt nguội lắm, bà hàng xóm cẩn thận nha",22
"Đọc báo thấy vụ tai nạn liên hoàn trên cao tốc sợ quá, bản tin thời sự đi đường cẩn thận nhé",22
"Ủa hôm rày m mượn t 2 triệu á, khi nào có lương thì chuyển khoản qua số tài khoản đuôi 888 này nha",22
"Trường đang phát động phong trào ủng hộ đồng bào bão lụt, sếp gửi 50k vào quỹ của lớp nhé",22
"Bác sĩ báo viện phí ca mổ ruột thừa hôm qua hết 15 triệu, để lát rảnh m ra đóng tiền nhé",22
Chút nữa sếp tải app vp bank về xong ra quầy định danh rồi lấy mã otp cài vô máy nha,22
"Ê nay sinh nhật t, mua giùm t cái bánh kem đi, nãy t bank thẳng 500k qa stk m rồi đó, check đi",22
Chút nữa mẹ tải app agribank về xong ra quầy định danh rồi lấy mã otp cài vô máy nha,22
Hôm qua đi làm quên mang xin nhan bị trưởng thôn công an phường tuýt còi phạt 2 xị cay quá,22
"Hôm rày đi đá banh t bị tai nạn gãy chân đang nằm viện nè, chủ nhật sếp rảnh vào thăm t nhé",22
"Đợt này ra sân bay không cần mang cccd cứng đâu, thầy giáo cứ mở app vneid trên điện thoại lên đưa họ quét là được",22
Sếp bảo mai mảng tuyển dụng nhân sự có cuộc phỏng vấn ứng viên lúc 9h sáng nhé,22
"Đoàn thanh niên phường mình tổ chức nấu cháo từ thiện tại bệnh viện nhi đồng đó, m tham gia ko?",22
"Trường cấp 1 đang thu tiền BHYT, cô giáo gửi số tài khoản trên nhóm Zalo rồi đó, vợ kiểm tra đi.",22
Hôm qua đi làm quên mang xin nhan bị thầy giáo công an phường tuýt còi phạt 2 xị cay quá,22
"Hôm rày đi đá banh t bị tai nạn gãy chân đang nằm viện nè, chủ nhật trưởng thôn rảnh vào thăm t nha",22
"T qua ngã tư bị cảnh sát giao thông vẫy vào thổi nồng độ cồn, hên quá nãy chỉ uống coca",22
"Đợt này ra sân bay không cần mang cccd cứng đâu, ba cứ mở app vneid trên điện thoại lên đưa họ quét là được",22
"Sáng xem bản tin VTV thấy bảo dạo này nhiều vụ giả danh công an gọi điện bắt đóng phạt nguội lắm, bản tin thời sự cẩn thận nhé",22
Chút nữa vợ tải app vp bank về xong ra quầy định danh rồi lấy mã otp cài vô máy nha,22
"Đợt này ra sân bay không cần mang cccd cứng đâu, vợ cứ mở app vneid trên điện thoại lên đưa họ quét là được",22
Chút nữa chồng tải app agribank về xong ra quầy định danh rồi lấy mã otp cài vô máy nha,22
"Sáng xem bản tin VTV thấy bảo dạo này nhiều vụ giả danh công an gọi điện bắt đóng phạt nguội lắm, ba cẩn thận nhé",22
"Lương tháng này công ty vừa chuyển khoản banking qua mb bank rồi đó, trưởng thôn check xem ting ting chưa",22
"Trường đang phát động phong trào ủng hộ đồng bào bão lụt, bản tin thời sự gửi 50k vào quỹ của lớp nhé",22
"Đợt này ra sân bay không cần mang cccd cứng đâu, thầy giáo cứ mở app vneid trên điện thoại lên đưa họ quét là được",22
Chút nữa ba tải app agribank về xong ra quầy định danh r lấy mã otp cài vô máy nhé,22
Bên trung tâm y tế dự phòng gửi tin nhắn nhắc đi tiêm vắc xin ung thư cổ tử cung mũi 2 r nè.,22
Chút nữa mẹ tải app mb bank về xong ra quầy định danh r lấy mã otp cài vô máy nhé,22
"Đoàn thanh niên phường mình tổ chức nấu cháo từ thiện tại bệnh viện nhi đồng đó, m tham gia không?",22
"Hôm rày đi đá banh t bị tai nạn gãy chân đang nằm viện nè, chủ nhật sếp rảnh vào thăm t nhé",22
"Tháng này mảng tuyển dụng thiếu hụt nhân sự trầm trọng, giám đốc bắt cày ngày cày đêm.",22
"Tới tháng săn sale shopee rồi, đợt này chốt đơn cái áo khoác sướng ghê không tốn phí ship",22
Trưởng phòng bảo phòng mình tháng này bị trừ KPI doanh số nặng do mảng tuyển dụng chậm trễ.,22
"Sáng xem bản tin VTV thấy bảo dạo này nhiều vụ giả danh công an gọi điện bắt đóng phạt nguội lắm, chồng cẩn thận nhé",22
"Tới tháng săn sale shopee rồi, đợt này chốt đơn cái áo khoác sướng ghê không tốn phí ship",22
"Hệ thống cổng dịch vụ công đang bảo trì, vợ chờ chiều tối cập nhật lại khuôn mặt sau nha",22
"Đọc báo thấy vụ tai nạn liên hoàn trên cao tốc sợ quá, ba đi đường cẩn thận nhé",22
"Hệ thống ngân hàng đang bảo trì nên t không nhận được mã otp, tí nữa t chuyển tìn lại cho",22
"Sáng xem bản tin VTV thấy bảo dạo này nhiều vụ giả danh công an gọi điện bắt đóng phạt nguội lắm, công ty cẩn thận nhé",22
Chút nữa chồng tải app vp bank về xong ra quầy định danh rồi lấy mã otp cài vô máy nha,22
"Đợt này ra sân bay ko cần mang cccd cứng đâu, vợ cứ mở app vneid trên điện thoại lên đưa họ quét là đc",22
"Đọc báo thấy vụ tai nạn liên hoàn trên cao tốc sợ quá, bản tin thời sự đi đường cẩn thận nhé",22
Chút nữa mẹ tải app agribank về xong ra quầy định danh rồi lấy mã otp cài vô máy nha,22
"Xin lỗi quý khách, hệ thống cổng dịch vụ công trực tuyến đang bảo trì để nâng cấp phần mềm.",22
"Hôm rày đi đá banh t bị tai nạn gãy chân đang nằm viện nè, chủ nhật chồng rảnh vào thăm t nha",22
"Đọc báo thấy vụ tai nạn liên hoàn trên cao tốc sợ quá, bà hàng xóm đi đường cẩn thận nhé",22
"Đọc báo thấy vụ tai nạn liên hoàn trên cao tốc sợ quá, mẹ đi đường cẩn thận nhé",22
"T qua ngã tư bị cảnh sát giao thông vẫy vào thổi nồng độ cồn, hên quá nãy chỉ uống coca",22
Chút nữa ba tải app mb bank về xong ra quầy định danh rồi lấy mã otp cài vô máy nha,22
Chút nữa mẹ tải app vp bank về xong ra quầy định danh rồi lấy mã otp cài vô máy nha,22
Sếp bảo mai mảng tuyển dụng nhân sự có cuộc phỏng vấn ứng viên lúc 9h sáng nhé,22
"Làm bên chi nhánh mới áp lực doanh số quá, tao ko hoàn thành nhiệm vụ tháng này chắc bị trừ lương",22
"Sáng xem bản tin VTV thấy bảo dạo này nhiều vụ giả danh công an gọi điện bắt đóng phạt nguội lắm, bà hàng xóm cẩn thận nha",22
"Sáng mai m ghé công an phường lấy cái xác nhận cư trú giúp tao với, tao có việc bận.",22
"Hệ thống cổng dịch vụ công đang bảo trì, chồng chờ chiều tối cập nhật lại khuôn mặt sau nhé",22
"Mấy cái phông bạt sao kê từ thiện trên mạng giờ tràn lan, chẳng biết tin ai nữa.",22
Chút nữa trưởng thôn tải app techcombank về xong ra quầy định danh rồi lấy mã otp cài vô máy nha,22
"Lương tháng này công ty vừa chuyển khoản banking qua mb bank rồi đó, chồng check xem ting ting chưa",22
"Lương tháng này công ty vừa ck banking qua mb bank r đó, bà hàng xóm check xem ting ting chưa",22
Hôm qua đi làm quên mang xin nhén bị trưởng thôn công an phường tuýt còi phạt 2 xị cay quá,22
"Đợt này ra sân bay không cần mang cccd cứng đâu, bản tin thời sự cứ mở app vneid trên điện thoại lên đưa họ quét là được",22
Hôm qua đi làm quên mang xin nhan bị trưởng thôn công an phường tuýt còi phạt 2 xị cay quá,22
"Sáng xem bản tin VTV thấy bảo dạo này nhiều vụ giả danh công an gọi điện bắt đóng phạt nguội lắm, mẹ cẩn thận nha",22
Trưởng phòng bảo phòng mình tháng này bị trừ KPI doanh số nặng do mảng tuyển dụng chậm trễ.,22
Chút nữa bản tin thời sự tải app mb bank về xong ra quầy định danh r lấy mã otp cài vô máy nhé,22
"Ủa hôm nay hệ thống ngân hàng VPBank bảo trì từ mấy giờ thế, nãy giờ chuyển khoản không được.",22
Chút nữa mẹ tải app techcombank về xong ra quầy định danh rồi lấy mã otp cài vô máy nha,22
Chút nữa mẹ tải app agribank về xong ra quầy định danh rồi lấy mã otp cài vô máy nha,22
"Đợt này ra sân bay ko cần mang cccd cứng đâu, vợ cứ mở app vneid trên điện thoại lên đưa họ quét là đc",22
"Hệ thống cổng dịch vụ công đang bảo trì, thầy giáo chờ chiều tối cập nhật lại khuôn mặt sau nhé",22
"Tới tháng săn sale shopee rồi, đợt này chốt đơn cái áo khoác sướng ghê ko tốn phí ship",22
"Công ty tổ chức quyên góp từ thiện cho đồng bào vùng bão lũ, mỗi người tự nguyện chuyển khoản ít nhất 100k.",22
Chút nữa bà hàng xóm tải app vp bank về xong ra quầy định danh rồi lấy mã otp cài vô máy nha,22
"Hôm rày đi đá banh t bị tai nạn gãy chân đang nằm viện nè, chủ nhật bản tin thời sự rảnh vào thăm t nha",22
Chút nữa chồng tải app vp bank về xong ra quầy định danh rồi lấy mã otp cài vô máy nha,22
"Giảng viên dặn cả lớp chuẩn bị đóng quỹ lớp kỳ này nha, tài khoản lớp trưởng là ngân hàng MB đuôi 333.",22
"Sáng xem bản tin VTV thấy bảo dạo này nhiều vụ giả danh công an gọi điện bắt đóng phạt nguội lắm, chồng cẩn thận nhé",22
Hôm qua đi làm quên mang xin nhan bị sếp công an phường tuýt còi phạt 2 xị cay quá,22
Chút nữa trưởng thôn tải app agribank về xong ra quầy định danh r lấy mã otp cài vô máy nhé,22
"Trường đang phát động phong trào ủng hộ đồng bào bão lụt, trưởng thôn gửi 50k vào quỹ của lớp nhé",22
Ông can xã bữa nay xuống tận nhà thu thập thông tin làm cccd gắn chip đó chồng,22
"Lương tháng này công ty vừa ck banking qua mb bank r đó, thầy giáo check xem ting ting chưa",22
"Xe t bị dính phạt nguội vượt đèn đỏ hôm bữa lên tra trên trang pccc thấy hình luôn rồi, đành ra kho bạc nộp thôi",22
"Trường đang phát động phong trào ủng hộ đồng bào bão lụt, thầy giáo gửi 50k vào quỹ của lớp nhé",22
Ông can xã bữa nay xuống tận nhà thu thập thông tin làm cccd gắn chip đó vợ,22
"Lương tháng này công ty vừa chuyển khoản banking qua mb bank rồi đó, công ty check xem ting ting chưa",22
Chút nữa bà hàng xóm tải app agribank về xong ra quầy định danh r lấy mã otp cài vô máy nhé,22
Chút nữa công ty tải app vp bank về xong ra quầy định danh r lấy mã otp cài vô máy nhé,22
Chút nữa chồng tải app agribank về xong ra quầy định danh r lấy mã otp cài vô máy nhé,22
"Đợt này ra sân bay ko cần mang cccd cứng đâu, công ty cứ mở app vneid trên điện thoại lên đưa họ quét là đc",22
"Đọc báo thấy vụ tai nạn liên hoàn trên cao tốc sợ quá, ba đi đường cẩn thận nhé",22
Ông can xã bữa nay xuống tận nhà thu thập thông tin làm cccd gắn chip đó chồng,22
Chút nữa vợ tải app agribank về xong ra quầy định danh rồi lấy mã otp cài vô máy nha,22
Bữa nay thi bằng lái xe phải đồng bộ dữ liệu vneid r rườm rà ghê,22
Chút nữa bà hàng xóm tải app vp bank về xong ra quầy định danh rồi lấy mã otp cài vô máy nha,22
"Đọc báo thấy vụ tai nạn liên hoàn trên cao tốc sợ quá, sếp đi đường cẩn thận nhé",22
"Đợt này ra sân bay không cần mang cccd cứng đâu, ba cứ mở app vneid trên điện thoại lên đưa họ quét là được",22
Bữa nay thi bằng lái xe phải đồng bộ dữ liệu vneid rồi rườm rà ghê,22
Nãy mua trà sữa tiền mặt không có nên chị bank tiền qua số tài khoản Momo cho em rồi đó.,22
Chút nữa bản tin thời sự tải app mb bank về xong ra quầy định danh rồi lấy mã otp cài vô máy nha,22
"Hôm rày đi đá banh t bị tai nạn gãy chân đang nằm viện nè, chủ nhật bà hàng xóm rảnh vào thăm t nhé",22
"Sáng xem bản tin VTV thấy bảo dạo này nhiều vụ giả danh công an gọi điện bắt đóng phạt nguội lắm, công ty cẩn thận nha",22
"Hôm rày đi đá banh t bị tai nạn gãy chân đang nằm viện nè, chủ nhật công ty rảnh vào thăm t nhé",22
"Đợt này ra sân bay không cần mang cccd cứng đâu, bản tin thời sự cứ mở app vneid trên điện thoại lên đưa họ quét là được",22
Chút nữa ba tải app agribank về xong ra quầy định danh r lấy mã otp cài vô máy nhé,22
Chút nữa công ty tải app mb bank về xong ra quầy định danh rồi lấy mã otp cài vô máy nha,22
Ông can xã bữa nay xuống tận nhà thu thập thông tin làm cccd gắn chip đó trưởng thôn,22
"Hôm rày đi đá banh t bị tai nạn gãy chân đang nằm viện nè, chủ nhật bản tin thời sự rảnh vào thăm t nha",22
"Tới tháng săn sale shopee r, đợt này chốt đơn cái áo khoác sướng ghê không tốn phí ship",22
"Sáng xem bản tin VTV thấy bảo dạo này nhiều vụ giả danh công an gọi điện bắt đóng phạt nguội lắm, ba cẩn thận nhé",22
Hôm qua đi làm quên mang xin nhén bị bà hàng xóm công an phường tuýt còi phạt 2 xị cay quá,22
"Đợt này ra sân bay ko cần mang cccd cứng đâu, mẹ cứ mở app vneid trên điện thoại lên đưa họ quét là đc",22
Chút nữa công ty tải app techcombank về xong ra quầy định danh rồi lấy mã otp cài vô máy nha,22
"Hôm rày đi đá banh t bị tai nạn gãy chân đang nằm viện nè, chủ nhật ba rảnh vào thăm t nha",22
"Đọc báo thấy vụ tai nạn liên hoàn trên cao tốc sợ quá, mẹ đi đường cẩn thận nhé",22
Ông can xã bữa nay xuống tận nhà thu thập thông tin làm cccd gắn chip đó mẹ,22
Chút nữa chồng tải app vp bank về xong ra quầy định danh rồi lấy mã otp cài vô máy nha,22
Hôm qua đi làm quên mang xin nhén bị bà hàng xóm công an phường tuýt còi phạt 2 xị cay quá,22
"Tội nghiệp con vàng nhà dì Bảy, mới nhảy ra đường bị tông tai nạn gãy chân luôn.",22
Chút nữa bản tin thời sự tải app mb bank về xong ra quầy định danh rồi lấy mã otp cài vô máy nha,22
Chút nữa bà hàng xóm tải app vp bank về xong ra quầy định danh r lấy mã otp cài vô máy nhé,22
Chút nữa mẹ tải app techcombank về xong ra quầy định danh rồi lấy mã otp cài vô máy nha,22
Mẹ mới cấn thai được 2 tháng đi khám bảo hiểm y tế mà thủ tục rườm rà quá trời.,22
"Sáng xem bản tin VTV thấy bảo dạo này nhiều vụ giả danh công an gọi điện bắt đóng phạt nguội lắm, chồng cẩn thận nhé",22
"T qua ngã tư bị cảnh sát giao thông vẫy vào thổi nồng độ cồn, hên quá nãy chỉ uống coca",22
"Sáng xem bản tin VTV thấy bảo dạo này nhiều vụ giả danh công an gọi điện bắt đóng phạt nguội lắm, thầy giáo cẩn thận nha",22
Hôm qua đi làm quên mang xin nhén bị vợ công an phường tuýt còi phạt 2 xị cay quá,22
Chút nữa bà hàng xóm tải app agribank về xong ra quầy định danh rồi lấy mã otp cài vô máy nha,22
"Lương tháng này công ty vừa ck banking qua mb bank r đó, chồng check xem ting ting chưa",22
Trưởng phòng bảo phòng mình tháng này bị trừ KPI doanh số nặng do mảng tuyển dụng chậm trễ.,22
Chút nữa bà hàng xóm tải app agribank về xong ra quầy định danh r lấy mã otp cài vô máy nhé,22
Chút nữa mẹ tải app vp bank về xong ra quầy định danh rồi lấy mã otp cài vô máy nha,22
"Hệ thống ngân hàng đang bảo trì nên t không nhận được mã otp, tí nữa t chuyển tìn lại cho",22
"Sếp ơi mai em xin phép nghỉ bệnh một ngày để đi khám sức khỏe thẻ xanh nhé, dạo này em chóng mặt quá.",22
Chút nữa thầy giáo tải app agribank về xong ra quầy định danh rồi lấy mã otp cài vô máy nha,22
"Xe t bị dính phạt nguội vượt đèn đỏ hôm bữa lên tra trên trang pccc thấy hình luôn r, đành ra kho bạc nộp thôi",22
"Hôm rày đi đá banh t bị tai nạn gãy chân đang nằm viện nè, chủ nhật mẹ rảnh vào thăm t nha",22
Hôm qua đi làm quên mang xin nhan bị công ty công an phường tuýt còi phạt 2 xị cay quá,22
Hôm qua đi làm quên mang xin nhan bị công ty công an phường tuýt còi phạt 2 xị cay quá,22
Chút nữa vợ tải app techcombank về xong ra quầy định danh rồi lấy mã otp cài vô máy nha,22
"Hệ thống cổng dịch vụ công đang bảo trì, ba chờ chiều tối cập nhật lại khuôn mặt sau nha",22
"Tới tháng săn sale shopee r, đợt này chốt đơn cái áo khoác sướng ghê không tốn phí ship",22
"Hôm rày đi đá banh t bị tai nạn gãy chân đang nằm viện nè, chủ nhật chồng rảnh vào thăm t nha",22
"Đợt này ra sân bay không cần mang cccd cứng đâu, công ty cứ mở app vneid trên điện thoại lên đưa họ quét là được",22
Hôm qua đi làm quên mang xin nhan bị bản tin thời sự công an phường tuýt còi phạt 2 xị cay quá,22
"Đợt này ra sân bay không cần mang cccd cứng đâu, chồng cứ mở app vneid trên điện thoại lên đưa họ quét là được",22
Sáng nay xem sao kê từ thiện của mấy nghệ sĩ mới thấy nhiều người phông bạt quyên góp ghê,22
"Hệ thống cổng dịch vụ công đang bảo trì, trưởng thôn chờ chiều tối cập nhật lại khuôn mặt sau nhé",22
Hôm qua đi làm quên mang xin nhan bị ba công an phường tuýt còi phạt 2 xị cay quá,22
"Hồi chiều gửi xe trong hầm siêu thị mà mất cái vé, hên là bảo vệ lấy CMT xác minh rồi cho ra.",22
Ông can xã bữa nay xuống tận nhà thu thập thông tin làm cccd gắn chip đó bà hàng xóm,22
Hôm qua đi làm quên mang xin nhan bị sếp công an phường tuýt còi phạt 2 xị cay quá,22
"Sáng xem bản tin VTV thấy bảo dạo này nhiều vụ giả danh công an gọi điện bắt đóng phạt nguội lắm, sếp cẩn thận nha",22
"Trường đang phát động phong trào ủng hộ đồng bào bão lụt, sếp gửi 50k vào quỹ của lớp nhé",22
"Làm bên chi nhánh mới áp lực doanh số quá, tao không hoàn thành nhiệm vụ tháng này chắc bị trừ lương",22
Ông can xã bữa nay xuống tận nhà thu thập thông tin làm cccd gắn chip đó thầy giáo,22
"Sáng xem bản tin VTV thấy bảo dạo này nhiều vụ giả danh công an gọi điện bắt đóng phạt nguội lắm, công ty cẩn thận nhé",22
Ông can xã bữa nay xuống tận nhà thu thập thông tin làm cccd gắn chip đó bà hàng xóm,22
Bác trưởng thôn thông báo mai cả xóm ra nhà văn hóa để công an xã hỗ trợ cài app vneid mức 2 nhé,22
"Bác sĩ báo viện phí ca mổ ruột thừa hôm qua hết 15 triệu, để lát rảnh m ra đóng tiền nha",22
"Đọc báo thấy vụ tai nạn liên hoàn trên cao tốc sợ quá, trưởng thôn đi đường cẩn thận nhé",22
"Đoàn thanh niên phường mình tổ chức nấu cháo từ thiện tại bệnh viện nhi đồng đó, m tham gia không?",22
Chút nữa trưởng thôn tải app vp bank về xong ra quầy định danh r lấy mã otp cài vô máy nhé,22
"Đợt này ra sân bay không cần mang cccd cứng đâu, vợ cứ mở app vneid trên điện thoại lên đưa họ quét là được",22
Chút nữa thầy giáo tải app agribank về xong ra quầy định danh rồi lấy mã otp cài vô máy nha,22
"Lương tháng này công ty vừa chuyển khoản banking qua mb bank rồi đó, sếp check xem ting ting chưa",22
Chút nữa chồng tải app techcombank về xong ra quầy định danh rồi lấy mã otp cài vô máy nha,22
"Hôm rày đi đá banh t bị tai nạn gãy chân đang nằm viện nè, chủ nhật bà hàng xóm rảnh vào thăm t nha",22
Chút nữa bản tin thời sự tải app mb bank về xong ra quầy định danh rồi lấy mã otp cài vô máy nha,22
"Hệ thống cổng dịch vụ công đang bảo trì, mẹ chờ chiều tối cập nhật lại khuôn mặt sau nha",22
"Lương tháng này công ty vừa chuyển khoản banking qua mb bank rồi đó, sếp check xem ting ting chưa",22
"Trường đang phát động phong trào ủng hộ đồng bào bão lụt, bà hàng xóm gửi 50k vào quỹ của lớp nhé",22
"Công ty tổ chức quyên góp từ thiện cho đồng bào vùng bão lũ, mỗi người tự nguyện chuyển khoản ít nhất 100k.",22
Chút nữa ba tải app agribank về xong ra quầy định danh rồi lấy mã otp cài vô máy nha,22
"Xin lỗi quý khách, hệ thống cổng dịch vụ công trực tuyến đang bảo trì để nâng cấp phần mềm.",22
"Lương tháng này công ty vừa ck banking qua mb bank r đó, ba check xem ting ting chưa",22
"Lương tháng này công ty vừa ck banking qua mb bank r đó, vợ check xem ting ting chưa",22
Hôm qua đi làm quên mang xin nhan bị công ty công an phường tuýt còi phạt 2 xị cay quá,22
"Xe t bị dính phạt nguội vượt đèn đỏ hôm bữa lên tra trên trang pccc thấy hình luôn r, đành ra kho bạc nộp thôi",22
Hôm qua đi làm quên mang xin nhén bị sếp công an phường tuýt còi phạt 2 xị cay quá,22
"Sáng mai m ghé công an phường lấy cái xác nhận cư trú giúp tao với, tao có việc bận.",22
"Giảng viên dặn cả lớp chuẩn bị đóng quỹ lớp kỳ này nha, tài khoản lớp trưởng là ngân hàng MB đuôi 333.",22
"Đợt này ra sân bay không cần mang cccd cứng đâu, ba cứ mở app vneid trên điện thoại lên đưa họ quét là được",22
Chút nữa vợ tải app vp bank về xong ra quầy định danh rồi lấy mã otp cài vô máy nha,22
Chút nữa chồng tải app agribank về xong ra quầy định danh r lấy mã otp cài vô máy nhé,22
"Ủa hôm rày m mượn t 2 triệu á, khi nào có lương thì ck qua số tài khoản đuôi 888 này nhé",22
"Hệ thống cổng dịch vụ công đang bảo trì, sếp chờ chiều tối cập nhật lại khuôn mặt sau nha",22
Chút nữa chồng tải app mb bank về xong ra quầy định danh rồi lấy mã otp cài vô máy nha,22
"Lương tháng này công ty vừa ck banking qua mb bank r đó, vợ check xem ting ting chưa",22
"Ủa hôm nay hệ thống ngân hàng VPBank bảo trì từ mấy giờ thế, nãy giờ chuyển khoản không được.",22
"Hệ thống cổng dịch vụ công đang bảo trì, bản tin thời sự chờ chiều tối cập nhật lại khuôn mặt sau nhé",22
"Đọc báo thấy vụ tai nạn liên hoàn trên cao tốc sợ quá, vợ đi đường cẩn thận nhé",22
Tú ơi m có rảnh không chạy qua cục thuế thành phố lấy cái biên lai nộp lệ phí trước bạ giùm tao với.,22
Trưởng phòng bảo phòng mình tháng này bị trừ KPI doanh số nặng do mảng tuyển dụng chậm trễ.,22
Chút nữa trưởng thôn tải app techcombank về xong ra quầy định danh rồi lấy mã otp cài vô máy nha,22
"Tội nghiệp con vàng nhà dì Bảy, mới nhảy ra đường bị tông tai nạn gãy chân luôn.",22
"Hôm rày đi đá banh t bị tai nạn gãy chân đang nằm viện nè, chủ nhật ba rảnh vào thăm t nha",22
"Ê nay sinh nhật t, mua giùm t cái bánh kem đi, nãy t bank thẳng 500k qa stk m rồi đó, check đi",22
Chút nữa vợ tải app techcombank về xong ra quầy định danh rồi lấy mã otp cài vô máy nha,22
Chút nữa bà hàng xóm tải app techcombank về xong ra quầy định danh rồi lấy mã otp cài vô máy nha,22
Bữa nay thi bằng lái xe phải đồng bộ dữ liệu vneid r rườm rà ghê,22
Ông can xã bữa nay xuống tận nhà thu thập thông tin làm cccd gắn chip đó bản tin thời sự,22
T đi Grab nãy tài xế kêu thanh toán tiền mặt mà không mang theo nên bảo tài xế gửi mã QR t quét Momo.,22
Chút nữa chồng tải app mb bank về xong ra quầy định danh rồi lấy mã otp cài vô máy nha,22
T đi Grab nãy tài xế kêu thanh toán tiền mặt mà không mang theo nên bảo tài xế gửi mã QR t quét Momo.,22
Chút nữa bà hàng xóm tải app vp bank về xong ra quầy định danh r lấy mã otp cài vô máy nhé,22
"Ra cây ATM rút tiền mà quên mang thẻ, may nãy mở app banking ra quét mã QR rút rốp rẻng luôn",22
"Công ty tổ chức quyên góp từ thiện cho đồng bào vùng bão lũ, mỗi người tự nguyện chuyển khoản ít nhất 100k.",22
Hôm qua đi làm quên mang xin nhan bị trưởng thôn công an phường tuýt còi phạt 2 xị cay quá,22
"Đợt này ra sân bay ko cần mang cccd cứng đâu, vợ cứ mở app vneid trên điện thoại lên đưa họ quét là đc",22
Chút nữa chồng tải app mb bank về xong ra quầy định danh rồi lấy mã otp cài vô máy nha,22
Ông can xã bữa nay xuống tận nhà thu thập thông tin làm cccd gắn chip đó trưởng thôn,22
"Bác sĩ báo viện phí ca mổ ruột thừa hôm qua hết 15 triệu, để lát rảnh m ra đóng tiền nhé",22
"Mẹ ơi ngoại nhập viện cấp cứu do lên huyết áp, mẹ chạy lên bệnh viện liền nghen",22
"Trường đang phát động phong trào ủng hộ đồng bào bão lụt, chồng gửi 50k vào quỹ của lớp nhé",22
Chút nữa chồng tải app vp bank về xong ra quầy định danh rồi lấy mã otp cài vô máy nha,22
"Hệ thống cổng dịch vụ công đang bảo trì, bà hàng xóm chờ chiều tối cập nhật lại khuôn mặt sau nha",22
"Nhỏ bạn mượn 2 triệu tiền đóng phòng trọ tháng này r, thứ 5 có lương nó trả lại qa bank.",22
Hôm qua đi làm quên mang xin nhan bị sếp công an phường tuýt còi phạt 2 xị cay quá,22
"Trường đang phát động phong trào ủng hộ đồng bào bão lụt, bản tin thời sự gửi 50k vào quỹ của lớp nhé",22
Ông can xã bữa nay xuống tận nhà thu thập thông tin làm cccd gắn chip đó công ty,22
"Đợt này ra sân bay không cần mang cccd cứng đâu, công ty cứ mở app vneid trên điện thoại lên đưa họ quét là được",22
"Xe t bị dính phạt nguội vượt đèn đỏ hôm bữa lên tra trên trang pccc thấy hình luôn rồi, đành ra kho bạc nộp thôi",22
Sếp bảo mai mảng tuyển dụng nhân sự có cuộc phỏng vấn ứng viên lúc 9h sáng nhé,22
Chiều nay rảnh chở mẹ ra bưu điện đóng tiền thuế đất sử dụng đất phi nông nghiệp nghe.,22
Vay vốn sinh viên ngân hàng chính sách xã hội phải cần xã xác nhận hộ nghèo mới được vay 40 triệu.,22
Chút nữa chồng tải app vp bank về xong ra quầy định danh rồi lấy mã otp cài vô máy nha,22
"Bạn tao đang bán thanh lý lại vé ca nhạc BlackPink giá rẻ, để t chuyển khoản đặt cọc nó 1 triệu.",22
Chút nữa vợ tải app agribank về xong ra quầy định danh rồi lấy mã otp cài vô máy nha,22
"Tới tháng săn sale shopee rồi, đợt này chốt đơn cái áo khoác sướng ghê ko tốn phí ship",22
"Hôm rày đi đá banh t bị tai nạn gãy chân đang nằm viện nè, chủ nhật công ty rảnh vào thăm t nha",22
"Hệ thống cổng dịch vụ công đang bảo trì, vợ chờ chiều tối cập nhật lại khuôn mặt sau nha",22
Hôm qua đi làm quên mang xin nhan bị ba công an phường tuýt còi phạt 2 xị cay quá,22
"Hôm rày đi đá banh t bị tai nạn gãy chân đang nằm viện nè, chủ nhật vợ rảnh vào thăm t nha",22
Hôm qua đi làm quên mang xin nhan bị mẹ công an phường tuýt còi phạt 2 xị cay quá,22
"Hôm rày đi đá banh t bị tai nạn gãy chân đang nằm viện nè, chủ nhật sếp rảnh vào thăm t nha",22
"Lương tháng này công ty vừa chuyển khoản banking qua mb bank rồi đó, vợ check xem ting ting chưa",22
"Hôm rày đi đá banh t bị tai nạn gãy chân đang nằm viện nè, chủ nhật bản tin thời sự rảnh vào thăm t nha",22
Hôm qua đi làm quên mang xin nhan bị ba công an phường tuýt còi phạt 2 xị cay quá,22
"Cảnh báo bảo mật: Ngân hàng ACB ghi nhận sự cố gián đoạn trên ứng dụng, vui lòng thử lại sau.",22
"Hệ thống cổng dịch vụ công đang bảo trì, thầy giáo chờ chiều tối cập nhật lại khuôn mặt sau nha",22
"Bác sĩ báo viện phí ca mổ ruột thừa hôm qua hết 15 triệu, để lát rảnh m ra đóng tiền nha",22
"Hệ thống cổng dịch vụ công đang bảo trì, trưởng thôn chờ chiều tối cập nhật lại khuôn mặt sau nhé",22
"Hôm rày đi đá banh t bị tai nạn gãy chân đang nằm viện nè, chủ nhật bà hàng xóm rảnh vào thăm t nhé",22
"Lương tháng này công ty vừa chuyển khoản banking qua mb bank rồi đó, mẹ check xem ting ting chưa",22
"Sáng xem bản tin VTV thấy bảo dạo này nhiều vụ giả danh công an gọi điện bắt đóng phạt nguội lắm, bản tin thời sự cẩn thận nhé",22
Đoàn thanh niên phường mình tổ chức nấu cháo từ thiện tại bệnh viện ung bướu sáng chủ nhật tuần này.,22
Chút nữa vợ tải app vp bank về xong ra quầy định danh rồi lấy mã otp cài vô máy nha,22
Chút nữa bà hàng xóm tải app vp bank về xong ra quầy định danh rồi lấy mã otp cài vô máy nha,22
"Sáng xem bản tin VTV thấy bảo dạo này nhiều vụ giả danh công an gọi điện bắt đóng phạt nguội lắm, mẹ cẩn thận nhé",22
Chút nữa vợ tải app agribank về xong ra quầy định danh r lấy mã otp cài vô máy nhé,22
Chút nữa trưởng thôn tải app agribank về xong ra quầy định danh rồi lấy mã otp cài vô máy nha,22
"Mẹ ơi ngoại nhập viện cấp cứu do lên huyết áp, mẹ chạy lên bệnh viện liền nghen",22
Chút nữa bà hàng xóm tải app techcombank về xong ra quầy định danh rồi lấy mã otp cài vô máy nha,22
Chút nữa thầy giáo tải app agribank về xong ra quầy định danh rồi lấy mã otp cài vô máy nha,22
"Sáng xem bản tin VTV thấy bảo dạo này nhiều vụ giả danh công an gọi điện bắt đóng phạt nguội lắm, thầy giáo cẩn thận nha",22
"Sáng xem bản tin VTV thấy bảo dạo này nhiều vụ giả danh công an gọi điện bắt đóng phạt nguội lắm, mẹ cẩn thận nha",22
"Lương tháng này công ty vừa ck banking qua mb bank r đó, mẹ check xem ting ting chưa",22
"Xe t bị dính phạt nguội vượt đèn đỏ hôm bữa lên tra trên trang pccc thấy hình luôn r, đành ra kho bạc nộp thôi",22
Chút nữa thầy giáo tải app techcombank về xong ra quầy định danh r lấy mã otp cài vô máy nhé,22
"Ủa hôm nay hệ thống ngân hàng VPBank bảo trì từ mấy giờ thế, nãy giờ chuyển khoản không được.",22
"Sáng xem bản tin VTV thấy bảo dạo này nhiều vụ giả danh công an gọi điện bắt đóng phạt nguội lắm, công ty cẩn thận nhé",22
Chút nữa bản tin thời sự tải app agribank về xong ra quầy định danh rồi lấy mã otp cài vô máy nha,22
"Đợt này ra sân bay ko cần mang cccd cứng đâu, vợ cứ mở app vneid trên điện thoại lên đưa họ quét là đc",22
"Bác tài xế xe tải đang nằm bệnh viện chợ Rẫy vì tai nạn nghề nghiệp, công đoàn đang quyên góp quỹ ủng hộ.",22
"Trường cấp 1 đang thu tiền BHYT, cô giáo gửi số tài khoản trên nhóm Zalo rồi đó, vợ kiểm tra đi.",22
Chút nữa thầy giáo tải app techcombank về xong ra quầy định danh rồi lấy mã otp cài vô máy nha,22
Chút nữa thầy giáo tải app techcombank về xong ra quầy định danh rồi lấy mã otp cài vô máy nha,22
"Con cài giúp chú cái app VNeID với, nghe nói là phải lên mức 2 mới tích hợp được bằng lái xe.",22
Ông can xã bữa nay xuống tận nhà thu thập thông tin làm cccd gắn chip đó mẹ,22
Chút nữa mẹ tải app agribank về xong ra quầy định danh rồi lấy mã otp cài vô máy nha,22
Chút nữa trưởng thôn tải app mb bank về xong ra quầy định danh r lấy mã otp cài vô máy nhé,22
"Hệ thống cổng dịch vụ công đang bảo trì, thầy giáo chờ chiều tối cập nhật lại khuôn mặt sau nha",22
"Sáng xem bản tin VTV thấy bảo dạo này nhiều vụ giả danh công an gọi điện bắt đóng phạt nguội lắm, ba cẩn thận nhé",22
Ông can xã bữa nay xuống tận nhà thu thập thông tin làm cccd gắn chip đó thầy giáo,22
Chút nữa ba tải app vp bank về xong ra quầy định danh rồi lấy mã otp cài vô máy nha,22
Chút nữa bà hàng xóm tải app techcombank về xong ra quầy định danh rồi lấy mã otp cài vô máy nha,22
"Đọc báo thấy vụ tai nạn liên hoàn trên cao tốc sợ quá, sếp đi đường cẩn thận nhé",22
"Xe t bị dính phạt nguội vượt đèn đỏ hôm bữa lên tra trên trang pccc thấy hình luôn rồi, đành ra kho bạc nộp thôi",22
Chút nữa vợ tải app vp bank về xong ra quầy định danh rồi lấy mã otp cài vô máy nha,22
"Đợt này ra sân bay ko cần mang cccd cứng đâu, ba cứ mở app vneid trên điện thoại lên đưa họ quét là đc",22
"Bác sĩ báo viện phí ca mổ ruột thừa hôm qua hết 15 triệu, để lát rảnh m ra đóng tiền nhé",22
"Hôm qua đi coi bói thầy phán chuẩn ghê, ổng nói năm nay hạn nặng dễ bị tai nạn đi đường nên đi từ từ thôi.",22
Ông can xã bữa nay xuống tận nhà thu thập thông tin làm cccd gắn chip đó trưởng thôn,22
Chút nữa thầy giáo tải app techcombank về xong ra quầy định danh r lấy mã otp cài vô máy nhé,22
Sáng nay xem sao kê từ thiện của mấy nghệ sĩ mới thấy nhiều người phông bạt quyên góp ghê,22
"Mấy cái phông bạt sao kê từ thiện trên mạng giờ tràn lan, chẳng biết tin ai nữa.",22
Ông can xã bữa nay xuống tận nhà thu thập thông tin làm cccd gắn chip đó chồng,22
"Đọc báo thấy vụ tai nạn liên hoàn trên cao tốc sợ quá, công ty đi đường cẩn thận nhé",22
"Bác tài xế xe tải đang nằm bệnh viện chợ Rẫy vì tai nạn nghề nghiệp, công đoàn đang quyên góp quỹ ủng hộ.",22
"Sáng xem bản tin VTV thấy bảo dạo này nhiều vụ giả danh công an gọi điện bắt đóng phạt nguội lắm, thầy giáo cẩn thận nha",22
"Sếp ơi mai em xin phép nghỉ bệnh một ngày để đi khám sức khỏe thẻ xanh nhé, dạo này em chóng mặt quá.",22
Chút nữa vợ tải app mb bank về xong ra quầy định danh r lấy mã otp cài vô máy nhé,22
Ê đang săn sale trên Shopee mà mã giảm giá bắt thanh toán qua thẻ tín dụng mới được áp dụng.,22
Thằng Bin chạy ngoài đường bị công an thổi phạt nguội 500k tội vượt đèn đỏ rồi.,22
"Hệ thống cổng dịch vụ công đang bảo trì, chồng chờ chiều tối cập nhật lại khuôn mặt sau nha",22
"Sáng xem bản tin VTV thấy bảo dạo này nhiều vụ giả danh công an gọi điện bắt đóng phạt nguội lắm, bản tin thời sự cẩn thận nhé",22
Chút nữa vợ tải app mb bank về xong ra quầy định danh rồi lấy mã otp cài vô máy nha,22
"Hôm rày đi đá banh t bị tai nạn gãy chân đang nằm viện nè, chủ nhật công ty rảnh vào thăm t nha",22
Thằng Bin chạy ngoài đường bị công an thổi phạt nguội 500k tội vượt đèn đỏ rồi.,22
"Hệ thống cổng dịch vụ công đang bảo trì, sếp chờ chiều tối cập nhật lại khuôn mặt sau nhé",22
"Hệ thống cổng dịch vụ công đang bảo trì, chồng chờ chiều tối cập nhật lại khuôn mặt sau nhé",22
"Hệ thống ngân hàng đang bảo trì nên t ko nhận đc mã otp, tí nữa t chuyển tìn lại cho",22
Chút nữa trưởng thôn tải app techcombank về xong ra quầy định danh rồi lấy mã otp cài vô máy nha,22
"Hệ thống cổng dịch vụ công đang bảo trì, chồng chờ chiều tối cập nhật lại khuôn mặt sau nha",22
"Đọc báo thấy vụ tai nạn liên hoàn trên cao tốc sợ quá, thầy giáo đi đường cẩn thận nhé",22
Chút nữa công ty tải app vp bank về xong ra quầy định danh r lấy mã otp cài vô máy nhé,22
Chút nữa vợ tải app techcombank về xong ra quầy định danh r lấy mã otp cài vô máy nhé,22
Chút nữa vợ tải app agribank về xong ra quầy định danh r lấy mã otp cài vô máy nhé,22
T đi Grab nãy tài xế kêu thanh toán tiền mặt mà không mang theo nên bảo tài xế gửi mã QR t quét Momo.,22
"Xe t bị dính phạt nguội vượt đèn đỏ hôm bữa lên tra trên trang pccc thấy hình luôn rồi, đành ra kho bạc nộp thôi",22
Hôm qua đi làm quên mang xin nhan bị bản tin thời sự công an phường tuýt còi phạt 2 xị cay quá,22
Hôm qua đi làm quên mang xin nhan bị vợ công an phường tuýt còi phạt 2 xị cay quá,22
"Mẹ ơi ra ủy ban nhân dân làm định danh điện tử đi, người ta bắt buộc đó",22
"Sáng xem bản tin VTV thấy bảo dạo này nhiều vụ giả danh công an gọi điện bắt đóng phạt nguội lắm, sếp cẩn thận nha",22
"Đọc báo thấy vụ tai nạn liên hoàn trên cao tốc sợ quá, bản tin thời sự đi đường cẩn thận nhé",22
"Đợt này ra sân bay không cần mang cccd cứng đâu, mẹ cứ mở app vneid trên điện thoại lên đưa họ quét là được",22
Chiều nay rảnh chở mẹ ra bưu điện đóng tiền thuế đất sử dụng đất phi nông nghiệp nghe.,22
"Làm bên chi nhánh mới áp lực doanh số quá, tao không hoàn thành nhiệm vụ tháng này chắc bị trừ lương",22
Chút nữa trưởng thôn tải app agribank về xong ra quầy định danh r lấy mã otp cài vô máy nhé,22
Chút nữa vợ tải app agribank về xong ra quầy định danh rồi lấy mã otp cài vô máy nha,22
Hôm qua đi làm quên mang xin nhén bị ba công an phường tuýt còi phạt 2 xị cay quá,22
"Đoàn thanh niên phường mình tổ chức nấu cháo từ thiện tại bệnh viện nhi đồng đó, m tham gia ko?",22
"Sáng xem bản tin VTV thấy bảo dạo này nhiều vụ giả danh công an gọi điện bắt đóng phạt nguội lắm, sếp cẩn thận nha",22
"Đọc báo thấy vụ tai nạn liên hoàn trên cao tốc sợ quá, mẹ đi đường cẩn thận nhé",22
Chút nữa thầy giáo tải app vp bank về xong ra quầy định danh rồi lấy mã otp cài vô máy nha,22
"Lương tháng này công ty vừa chuyển khoản banking qua mb bank rồi đó, trưởng thôn check xem ting ting chưa",22
"Lương tháng này công ty vừa ck banking qua mb bank r đó, ba check xem ting ting chưa",22
Chút nữa trưởng thôn tải app mb bank về xong ra quầy định danh rồi lấy mã otp cài vô máy nha,22
"Trường đang phát động phong trào ủng hộ đồng bào bão lụt, sếp gửi 50k vào quỹ của lớp nhé",22
"Trường đang phát động phong trào ủng hộ đồng bào bão lụt, vợ gửi 50k vào quỹ của lớp nhé",22
"Lương tháng này công ty vừa ck banking qua mb bank r đó, thầy giáo check xem ting ting chưa",22
"Lương tháng này công ty vừa chuyển khoản banking qua mb bank rồi đó, bà hàng xóm check xem ting ting chưa",22
"Sáng xem bản tin VTV thấy bảo dạo này nhiều vụ giả danh công an gọi điện bắt đóng phạt nguội lắm, vợ cẩn thận nha",22
"Hôm rày đi đá banh t bị tai nạn gãy chân đang nằm viện nè, chủ nhật vợ rảnh vào thăm t nha",22
"Sáng xem bản tin VTV thấy bảo dạo này nhiều vụ giả danh công an gọi điện bắt đóng phạt nguội lắm, chồng cẩn thận nhé",22
"Bạn tao đang bán thanh lý lại vé ca nhạc BlackPink giá rẻ, để t chuyển khoản đặt cọc nó 1 triệu.",22
Chút nữa bà hàng xóm tải app agribank về xong ra quầy định danh r lấy mã otp cài vô máy nhé,22
"Đọc báo thấy vụ tai nạn liên hoàn trên cao tốc sợ quá, thầy giáo đi đường cẩn thận nhé",22
Hôm qua đi làm quên mang xin nhén bị vợ công an phường tuýt còi phạt 2 xị cay quá,22
Chút nữa vợ tải app mb bank về xong ra quầy định danh r lấy mã otp cài vô máy nhé,22
Chút nữa bà hàng xóm tải app agribank về xong ra quầy định danh rồi lấy mã otp cài vô máy nha,22
"Lương tháng này công ty vừa chuyển khoản banking qua mb bank rồi đó, bà hàng xóm check xem ting ting chưa",22
"Lương tháng này công ty vừa ck banking qua mb bank r đó, trưởng thôn check xem ting ting chưa",22
"Hệ thống cổng dịch vụ công đang bảo trì, thầy giáo chờ chiều tối cập nhật lại khuôn mặt sau nhé",22
"Đọc báo thấy vụ tai nạn liên hoàn trên cao tốc sợ quá, sếp đi đường cẩn thận nhé",22
Hôm qua đi làm quên mang xin nhén bị mẹ công an phường tuýt còi phạt 2 xị cay quá,22
"App ngân hàng Agribank dạo này hay lỗi hệ thống quá, mãi mới đăng nhập được bằng vân tay.",22
"Nhỏ bạn mượn 2 triệu tiền đóng phòng trọ tháng này r, thứ 5 có lương nó trả lại qa bank.",22
"Đợt này ra sân bay không cần mang cccd cứng đâu, mẹ cứ mở app vneid trên điện thoại lên đưa họ quét là được",22
"Phường đang thu thập dữ liệu định danh điện tử, tổ trưởng kêu mang sổ hộ khẩu điện tử ra đối chiếu.",22
Chút nữa công ty tải app vp bank về xong ra quầy định danh r lấy mã otp cài vô máy nhé,22
"Đợt này ra sân bay không cần mang cccd cứng đâu, bản tin thời sự cứ mở app vneid trên điện thoại lên đưa họ quét là được",22
"Ê nay sinh nhật t, mua giùm t cái bánh kem đi, nãy t bank thẳng 500k qa stk m rồi đó, check đi",22
"Đợt này ra sân bay không cần mang cccd cứng đâu, bản tin thời sự cứ mở app vneid trên điện thoại lên đưa họ quét là được",22
"Tháng này mảng tuyển dụng thiếu hụt nhân sự trầm trọng, giám đốc bắt cày ngày cày đêm.",22
"Đợt này ra sân bay không cần mang cccd cứng đâu, mẹ cứ mở app vneid trên điện thoại lên đưa họ quét là được",22
"Hồi chiều gửi xe trong hầm siêu thị mà mất cái vé, hên là bảo vệ lấy CMT xác minh rồi cho ra.",22
Nãy mua trà sữa tiền mặt không có nên chị bank tiền qua số tài khoản Momo cho em rồi đó.,22
"Lương tháng 13 hôm qua kế toán đã chuyển khoản cho toàn bộ nhân viên rồi, anh em check tài khoản lại nhé.",22
Chút nữa trưởng thôn tải app mb bank về xong ra quầy định danh r lấy mã otp cài vô máy nhé,22
Hôm qua đi làm quên mang xin nhan bị thầy giáo công an phường tuýt còi phạt 2 xị cay quá,22
Chút nữa sếp tải app agribank về xong ra quầy định danh rồi lấy mã otp cài vô máy nha,22
Hôm qua đi làm quên mang xin nhén bị mẹ công an phường tuýt còi phạt 2 xị cay quá,22
"Sáng xem bản tin VTV thấy bảo dạo này nhiều vụ giả danh công an gọi điện bắt đóng phạt nguội lắm, ba cẩn thận nhé",22
"Hệ thống cổng dịch vụ công đang bảo trì, thầy giáo chờ chiều tối cập nhật lại khuôn mặt sau nhé",22
Chút nữa công ty tải app mb bank về xong ra quầy định danh rồi lấy mã otp cài vô máy nha,22
"Sáng xem bản tin VTV thấy bảo dạo này nhiều vụ giả danh công an gọi điện bắt đóng phạt nguội lắm, trưởng thôn cẩn thận nha",22
"Hôm rày đi đá banh t bị tai nạn gãy chân đang nằm viện nè, chủ nhật vợ rảnh vào thăm t nhé",22
"Hệ thống cổng dịch vụ công đang bảo trì, sếp chờ chiều tối cập nhật lại khuôn mặt sau nha",22
Chút nữa vợ tải app techcombank về xong ra quầy định danh r lấy mã otp cài vô máy nhé,22
"Đợt này ra sân bay không cần mang cccd cứng đâu, mẹ cứ mở app vneid trên điện thoại lên đưa họ quét là được",22
"Hệ thống cổng dịch vụ công đang bảo trì, mẹ chờ chiều tối cập nhật lại khuôn mặt sau nhé",22
Ông can xã bữa nay xuống tận nhà thu thập thông tin làm cccd gắn chip đó thầy giáo,22
Chút nữa mẹ tải app mb bank về xong ra quầy định danh r lấy mã otp cài vô máy nhé,22
Hôm qua đi làm quên mang xin nhén bị vợ công an phường tuýt còi phạt 2 xị cay quá,22
Chút nữa thầy giáo tải app techcombank về xong ra quầy định danh rồi lấy mã otp cài vô máy nha,22
Chút nữa công ty tải app techcombank về xong ra quầy định danh rồi lấy mã otp cài vô máy nha,22
"Sáng xem bản tin VTV thấy bảo dạo này nhiều vụ giả danh công an gọi điện bắt đóng phạt nguội lắm, bản tin thời sự cẩn thận nha",22
"Hệ thống cổng dịch vụ công đang bảo trì, ba chờ chiều tối cập nhật lại khuôn mặt sau nhé",22
Hôm qua đi làm quên mang xin nhén bị trưởng thôn công an phường tuýt còi phạt 2 xị cay quá,22
"Lương tháng này công ty vừa chuyển khoản banking qua mb bank rồi đó, công ty check xem ting ting chưa",22
Trưởng phòng bảo phòng mình tháng này bị trừ KPI doanh số nặng do mảng tuyển dụng chậm trễ.,22
"Lương tháng này công ty vừa ck banking qua mb bank r đó, mẹ check xem ting ting chưa",22
"Sáng xem bản tin VTV thấy bảo dạo này nhiều vụ giả danh công an gọi điện bắt đóng phạt nguội lắm, bản tin thời sự cẩn thận nha",22
"Sáng xem bản tin VTV thấy bảo dạo này nhiều vụ giả danh công an gọi điện bắt đóng phạt nguội lắm, mẹ cẩn thận nhé",22
"Đợt này ra sân bay không cần mang cccd cứng đâu, sếp cứ mở app vneid trên điện thoại lên đưa họ quét là được",22
Chút nữa công ty tải app vp bank về xong ra quầy định danh rồi lấy mã otp cài vô máy nha,22
Chút nữa công ty tải app mb bank về xong ra quầy định danh rồi lấy mã otp cài vô máy nha,22
Ông can xã bữa nay xuống tận nhà thu thập thông tin làm cccd gắn chip đó ba,22
Hôm qua đi làm quên mang xin nhén bị trưởng thôn công an phường tuýt còi phạt 2 xị cay quá,22
"Trường đang phát động phong trào ủng hộ đồng bào bão lụt, vợ gửi 50k vào quỹ của lớp nhé",22
Bên trung tâm y tế dự phòng gửi tin nhắn nhắc đi tiêm vắc xin ung thư cổ tử cung mũi 2 r nè.,22
"Hệ thống cổng dịch vụ công đang bảo trì, mẹ chờ chiều tối cập nhật lại khuôn mặt sau nhé",22
Chút nữa ba tải app vp bank về xong ra quầy định danh rồi lấy mã otp cài vô máy nha,22
Chút nữa chồng tải app techcombank về xong ra quầy định danh rồi lấy mã otp cài vô máy nha,22
"Lương tháng này công ty vừa chuyển khoản banking qua mb bank rồi đó, công ty check xem ting ting chưa",22
"Hôm rày đi đá banh t bị tai nạn gãy chân đang nằm viện nè, chủ nhật sếp rảnh vào thăm t nha",22
"Tới tháng săn sale shopee rồi, đợt này chốt đơn cái áo khoác sướng ghê không tốn phí ship",22
Bữa nay thi bằng lái xe phải đồng bộ dữ liệu vneid r rườm rà ghê,22
"Công việc ctv bán hàng mỹ phẩm bên này nhàn vỡi, lương cứng 5 củ lại còn đc chia phần trăm hoa hồng.",22
Chút nữa trưởng thôn tải app techcombank về xong ra quầy định danh rồi lấy mã otp cài vô máy nha,22
"Hôm rày đi đá banh t bị tai nạn gãy chân đang nằm viện nè, chủ nhật mẹ rảnh vào thăm t nha",22
"Hệ thống cổng dịch vụ công đang bảo trì, trưởng thôn chờ chiều tối cập nhật lại khuôn mặt sau nha",22
"Đợt này ra sân bay không cần mang cccd cứng đâu, bà hàng xóm cứ mở app vneid trên điện thoại lên đưa họ quét là được",22
Chút nữa vợ tải app mb bank về xong ra quầy định danh rồi lấy mã otp cài vô máy nha,22
Chút nữa mẹ tải app techcombank về xong ra quầy định danh rồi lấy mã otp cài vô máy nha,22
Chút nữa vợ tải app mb bank về xong ra quầy định danh r lấy mã otp cài vô máy nhé,22
Chút nữa mẹ tải app vp bank về xong ra quầy định danh rồi lấy mã otp cài vô máy nha,22
Chút nữa công ty tải app agribank về xong ra quầy định danh rồi lấy mã otp cài vô máy nha,22
"Sáng mai m ghé công an phường lấy cái xác nhận cư trú giúp tao với, tao có việc bận.",22
"Lương tháng này công ty vừa ck banking qua mb bank r đó, ba check xem ting ting chưa",22
"Hệ thống cổng dịch vụ công đang bảo trì, mẹ chờ chiều tối cập nhật lại khuôn mặt sau nhé",22
Chút nữa bà hàng xóm tải app mb bank về xong ra quầy định danh rồi lấy mã otp cài vô máy nha,22
Chút nữa ba tải app agribank về xong ra quầy định danh rồi lấy mã otp cài vô máy nha,22
Đoàn thanh niên phường mình tổ chức nấu cháo từ thiện tại bệnh viện ung bướu sáng chủ nhật tuần này.,22
Chút nữa công ty tải app vp bank về xong ra quầy định danh rồi lấy mã otp cài vô máy nha,22
Chút nữa sếp tải app agribank về xong ra quầy định danh rồi lấy mã otp cài vô máy nha,22
"Công ty tổ chức quyên góp từ thiện cho đồng bào vùng bão lũ, mỗi người tự nguyện chuyển khoản ít nhất 100k.",22
Ông can xã bữa nay xuống tận nhà thu thập thông tin làm cccd gắn chip đó vợ,22
"Đọc báo thấy vụ tai nạn liên hoàn trên cao tốc sợ quá, sếp đi đường cẩn thận nhé",22
"Lương tháng này công ty vừa chuyển khoản banking qua mb bank rồi đó, thầy giáo check xem ting ting chưa",22
"Hôm rày đi đá banh t bị tai nạn gãy chân đang nằm viện nè, chủ nhật chồng rảnh vào thăm t nha",22
Ông can xã bữa nay xuống tận nhà thu thập thông tin làm cccd gắn chip đó thầy giáo,22
Chút nữa bản tin thời sự tải app mb bank về xong ra quầy định danh rồi lấy mã otp cài vô máy nha,22
Chút nữa công ty tải app techcombank về xong ra quầy định danh rồi lấy mã otp cài vô máy nha,22
"Hôm rày đi đá banh t bị tai nạn gãy chân đang nằm viện nè, chủ nhật trưởng thôn rảnh vào thăm t nha",22
Chút nữa ba tải app agribank về xong ra quầy định danh rồi lấy mã otp cài vô máy nha,22
"Sáng xem bản tin VTV thấy bảo dạo này nhiều vụ giả danh công an gọi điện bắt đóng phạt nguội lắm, công ty cẩn thận nhé",22
Chút nữa bà hàng xóm tải app vp bank về xong ra quầy định danh r lấy mã otp cài vô máy nhé,22
"Hôm rày đi đá banh t bị tai nạn gãy chân đang nằm viện nè, chủ nhật bà hàng xóm rảnh vào thăm t nhé",22
"Hôm rày đi đá banh t bị tai nạn gãy chân đang nằm viện nè, chủ nhật ba rảnh vào thăm t nhé",22
Chút nữa bà hàng xóm tải app agribank về xong ra quầy định danh r lấy mã otp cài vô máy nhé,22
"Đợt này ra sân bay ko cần mang cccd cứng đâu, bản tin thời sự cứ mở app vneid trên điện thoại lên đưa họ quét là đc",22
"Đoàn thanh niên phường mình tổ chức nấu cháo từ thiện tại bệnh viện nhi đồng đó, m tham gia ko?",22
"Lương tháng 13 hôm qua kế toán đã chuyển khoản cho toàn bộ nhân viên rồi, anh em check tài khoản lại nhé.",22
"Lương tháng 13 hôm qua kế toán đã chuyển khoản cho toàn bộ nhân viên rồi, anh em check tài khoản lại nhé.",22
Mặt trận tổ quốc xã vừa phát danh sách các hộ nghèo cần quyên góp từ thiện nhịp Tết này,22
"Sáng xem bản tin VTV thấy bảo dạo này nhiều vụ giả danh công an gọi điện bắt đóng phạt nguội lắm, chồng cẩn thận nha",22
Chút nữa ba tải app vp bank về xong ra quầy định danh rồi lấy mã otp cài vô máy nha,22
"Đọc báo thấy vụ tai nạn liên hoàn trên cao tốc sợ quá, trưởng thôn đi đường cẩn thận nhé",22
Ông can xã bữa nay xuống tận nhà thu thập thông tin làm cccd gắn chip đó mẹ,22
"Trường đang phát động phong trào ủng hộ đồng bào bão lụt, thầy giáo gửi 50k vào quỹ của lớp nhé",22
Hôm qua đi làm quên mang xin nhan bị trưởng thôn công an phường tuýt còi phạt 2 xị cay quá,22
Đoàn thanh niên phường mình tổ chức nấu cháo từ thiện tại bệnh viện ung bướu sáng chủ nhật tuần này.,22
"Lương tháng này công ty vừa ck banking qua mb bank r đó, trưởng thôn check xem ting ting chưa",22
Chút nữa chồng tải app techcombank về xong ra quầy định danh rồi lấy mã otp cài vô máy nha,22
Ông can xã bữa nay xuống tận nhà thu thập thông tin làm cccd gắn chip đó sếp,22
Chút nữa chồng tải app agribank về xong ra quầy định danh r lấy mã otp cài vô máy nhé,22
Chút nữa ba tải app mb bank về xong ra quầy định danh rồi lấy mã otp cài vô máy nha,22
"Sáng xem bản tin VTV thấy bảo dạo này nhiều vụ giả danh công an gọi điện bắt đóng phạt nguội lắm, mẹ cẩn thận nha",22
Ông can xã bữa nay xuống tận nhà thu thập thông tin làm cccd gắn chip đó sếp,22
Chút nữa bà hàng xóm tải app agribank về xong ra quầy định danh rồi lấy mã otp cài vô máy nha,22
"Lương tháng này công ty vừa chuyển khoản banking qua mb bank rồi đó, bản tin thời sự check xem ting ting chưa",22
"Hôm rày đi đá banh t bị tai nạn gãy chân đang nằm viện nè, chủ nhật bà hàng xóm rảnh vào thăm t nha",22
Chút nữa thầy giáo tải app agribank về xong ra quầy định danh rồi lấy mã otp cài vô máy nha,22
"Đơn giản lắm, công việc của m chỉ là trực page fb trả lời khách, lương cứng 6 triệu cộng hoa hồng doanh số",22
Sếp bảo mai mảng tuyển dụng nhân sự có cuộc phỏng vấn ứng viên lúc 9h sáng nhé,22
"Lương tháng này công ty vừa chuyển khoản banking qua mb bank rồi đó, bà hàng xóm check xem ting ting chưa",22
Đoàn thanh niên phường mình tổ chức nấu cháo từ thiện tại bệnh viện ung bướu sáng chủ nhật tuần này.,22
"T qua ngã tư bị cảnh sát giao thông vẫy vào thổi nồng độ cồn, hên quá nãy chỉ uống coca",22
Tú ơi m có rảnh không chạy qua cục thuế thành phố lấy cái biên lai nộp lệ phí trước bạ giùm tao với.,22
App Vietcombank tự nhiên báo lỗi giao dịch không thành công mà tiền trong thẻ vẫn bị trừ 50k.,22
"Lúc nãy đi rút tiền ở cây ATM ACB bị nuốt mất cái thẻ Visa rồi, bực mình dễ sợ.",22
Chút nữa trưởng thôn tải app vp bank về xong ra quầy định danh r lấy mã otp cài vô máy nhé,22
"Nhỏ bạn mượn 2 triệu tiền đóng phòng trọ tháng này r, thứ 5 có lương nó trả lại qa bank.",22
Mẹ mới cấn thai được 2 tháng đi khám bảo hiểm y tế mà thủ tục rườm rà quá trời.,22
Chút nữa ba tải app vp bank về xong ra quầy định danh rồi lấy mã otp cài vô máy nha,22
"Trường đang phát động phong trào ủng hộ đồng bào bão lụt, vợ gửi 50k vào quỹ của lớp nhé",22
"Đọc báo thấy vụ tai nạn liên hoàn trên cao tốc sợ quá, công ty đi đường cẩn thận nhé",22
"Lương tháng này công ty vừa chuyển khoản banking qua mb bank rồi đó, bản tin thời sự check xem ting ting chưa",22
"Sáng xem bản tin VTV thấy bảo dạo này nhiều vụ giả danh công an gọi điện bắt đóng phạt nguội lắm, bà hàng xóm cẩn thận nha",22
Hôm qua đi làm quên mang xin nhén bị chồng công an phường tuýt còi phạt 2 xị cay quá,22
"Lương tháng này công ty vừa chuyển khoản banking qua mb bank rồi đó, công ty check xem ting ting chưa",22
Hôm qua đi làm quên mang xin nhén bị trưởng thôn công an phường tuýt còi phạt 2 xị cay quá,22
"Công ty tổ chức quyên góp từ thiện cho đồng bào vùng bão lũ, mỗi người tự nguyện chuyển khoản ít nhất 100k.",22
"Bà nội mới xuất viện hồi sáng, tiền viện phí ca mổ thay khớp gối hết tổng cộng 25 triệu.",22
Chút nữa thầy giáo tải app agribank về xong ra quầy định danh r lấy mã otp cài vô máy nhé,22
"Lương tháng này công ty vừa ck banking qua mb bank r đó, mẹ check xem ting ting chưa",22
Hôm qua đi làm quên mang xin nhén bị sếp công an phường tuýt còi phạt 2 xị cay quá,22
"Bác tài xế xe tải đang nằm bệnh viện chợ Rẫy vì tai nạn nghề nghiệp, công đoàn đang quyên góp quỹ ủng hộ.",22
"Sáng xem bản tin VTV thấy bảo dạo này nhiều vụ giả danh công an gọi điện bắt đóng phạt nguội lắm, công ty cẩn thận nhé",22
Hôm qua đi làm quên mang xin nhan bị công ty công an phường tuýt còi phạt 2 xị cay quá,22
"Lương tháng 13 hôm qua kế toán đã chuyển khoản cho toàn bộ nhân viên rồi, anh em check tài khoản lại nhé.",22
"Sáng xem bản tin VTV thấy bảo dạo này nhiều vụ giả danh công an gọi điện bắt đóng phạt nguội lắm, chồng cẩn thận nha",22
Chút nữa công ty tải app agribank về xong ra quầy định danh rồi lấy mã otp cài vô máy nha,22
Chút nữa ba tải app mb bank về xong ra quầy định danh rồi lấy mã otp cài vô máy nha,22
"Ra cây ATM rút tiền mà quên mang thẻ, may nãy mở app banking ra quét mã QR rút rốp rẻng luôn",22
Hôm qua đi làm quên mang xin nhén bị chồng công an phường tuýt còi phạt 2 xị cay quá,22
"Sáng xem bản tin VTV thấy bảo dạo này nhiều vụ giả danh công an gọi điện bắt đóng phạt nguội lắm, trưởng thôn cẩn thận nha",22
"Nhỏ bạn mượn 2 triệu tiền đóng phòng trọ tháng này r, thứ 5 có lương nó trả lại qa bank.",22
Chút nữa trưởng thôn tải app vp bank về xong ra quầy định danh r lấy mã otp cài vô máy nhé,22
"Lương tháng này công ty vừa ck banking qua mb bank r đó, vợ check xem ting ting chưa",22
"Sáng xem bản tin VTV thấy bảo dạo này nhiều vụ giả danh công an gọi điện bắt đóng phạt nguội lắm, bản tin thời sự cẩn thận nhé",22
Nãy mua trà sữa tiền mặt không có nên chị bank tiền qua số tài khoản Momo cho em rồi đó.,22
Tú ơi m có rảnh không chạy qua cục thuế thành phố lấy cái biên lai nộp lệ phí trước bạ giùm tao với.,22
Ông can xã bữa nay xuống tận nhà thu thập thông tin làm cccd gắn chip đó chồng,22
"Đọc báo thấy vụ tai nạn liên hoàn trên cao tốc sợ quá, ba đi đường cẩn thận nhé",22
"Đợt này ra sân bay ko cần mang cccd cứng đâu, công ty cứ mở app vneid trên điện thoại lên đưa họ quét là đc",22
"Đợt này ra sân bay ko cần mang cccd cứng đâu, vợ cứ mở app vneid trên điện thoại lên đưa họ quét là đc",22
"Đợt này ra sân bay ko cần mang cccd cứng đâu, bà hàng xóm cứ mở app vneid trên điện thoại lên đưa họ quét là đc",22
"Đợt này ra sân bay ko cần mang cccd cứng đâu, bản tin thời sự cứ mở app vneid trên điện thoại lên đưa họ quét là đc",22
"Hệ thống cổng dịch vụ công đang bảo trì, thầy giáo chờ chiều tối cập nhật lại khuôn mặt sau nhé",22
"Tháng này mảng tuyển dụng thiếu hụt nhân sự trầm trọng, giám đốc bắt cày ngày cày đêm.",22
"Sếp ơi mai em xin phép nghỉ bệnh một ngày để đi khám sức khỏe thẻ xanh nhé, dạo này em chóng mặt quá.",22
"Hôm rày đi đá banh t bị tai nạn gãy chân đang nằm viện nè, chủ nhật công ty rảnh vào thăm t nha",22
"Đọc báo thấy vụ tai nạn liên hoàn trên cao tốc sợ quá, vợ đi đường cẩn thận nhé",22
"Hôm rày đi đá banh t bị tai nạn gãy chân đang nằm viện nè, chủ nhật chồng rảnh vào thăm t nhé",22
"Hệ thống cổng dịch vụ công đang bảo trì, trưởng thôn chờ chiều tối cập nhật lại khuôn mặt sau nha",22
"Lương tháng này công ty vừa chuyển khoản banking qua mb bank rồi đó, bản tin thời sự check xem ting ting chưa",22
"Lương tháng này công ty vừa chuyển khoản banking qua mb bank rồi đó, chồng check xem ting ting chưa",22
"Hồi chiều gửi xe trong hầm siêu thị mà mất cái vé, hên là bảo vệ lấy CMT xác minh rồi cho ra.",22
"Trường đang phát động phong trào ủng hộ đồng bào bão lụt, bản tin thời sự gửi 50k vào quỹ của lớp nhé",22
"Trường đang phát động phong trào ủng hộ đồng bào bão lụt, thầy giáo gửi 50k vào quỹ của lớp nhé",22
Ông can xã bữa nay xuống tận nhà thu thập thông tin làm cccd gắn chip đó sếp,22
Sáng nay xem sao kê từ thiện của mấy nghệ sĩ mới thấy nhiều người phông bạt quyên góp ghê,22
"Lương tháng này công ty vừa ck banking qua mb bank r đó, công ty check xem ting ting chưa",22
Nãy mua trà sữa tiền mặt không có nên chị bank tiền qua số tài khoản Momo cho em rồi đó.,22
"Mình mới nhận được email báo trúng tuyển vòng phỏng vấn công ty FPT, tuần sau bắt đầu đi làm.",22
"Xin lỗi quý khách, hệ thống cổng dịch vụ công trực tuyến đang bảo trì để nâng cấp phần mềm.",22
"Hôm rày đi đá banh t bị tai nạn gãy chân đang nằm viện nè, chủ nhật sếp rảnh vào thăm t nha",22
"Ê nay sinh nhật t, mua giùm t cái bánh kem đi, nãy t bank thẳng 500k qa stk m r đó, check đi",22
"Hệ thống cổng dịch vụ công đang bảo trì, ba chờ chiều tối cập nhật lại khuôn mặt sau nhé",22
Chút nữa thầy giáo tải app agribank về xong ra quầy định danh r lấy mã otp cài vô máy nhé,22
"Hôm rày đi đá banh t bị tai nạn gãy chân đang nằm viện nè, chủ nhật trưởng thôn rảnh vào thăm t nha",22
Ông can xã bữa nay xuống tận nhà thu thập thông tin làm cccd gắn chip đó thầy giáo,22
Chút nữa công ty tải app techcombank về xong ra quầy định danh rồi lấy mã otp cài vô máy nha,22
"Hệ thống ngân hàng đang bảo trì nên t không nhận được mã otp, tí nữa t chuyển tìn lại cho",22
"Hệ thống cổng dịch vụ công đang bảo trì, thầy giáo chờ chiều tối cập nhật lại khuôn mặt sau nha",22
Hôm qua đi làm quên mang xin nhan bị chồng công an phường tuýt còi phạt 2 xị cay quá,22
"Hệ thống ngân hàng đang bảo trì nên t ko nhận đc mã otp, tí nữa t chuyển tìn lại cho",22
"Đọc báo thấy vụ tai nạn liên hoàn trên cao tốc sợ quá, công ty đi đường cẩn thận nhé",22
"Trường đang phát động phong trào ủng hộ đồng bào bão lụt, thầy giáo gửi 50k vào quỹ của lớp nhé",22
"Lương tháng này công ty vừa chuyển khoản banking qua mb bank rồi đó, ba check xem ting ting chưa",22
Chút nữa mẹ tải app vp bank về xong ra quầy định danh rồi lấy mã otp cài vô máy nha,22
"Lúc nãy đi rút tiền ở cây ATM ACB bị nuốt mất cái thẻ Visa rồi, bực mình dễ sợ.",22
"Đọc báo thấy vụ tai nạn liên hoàn trên cao tốc sợ quá, bà hàng xóm đi đường cẩn thận nhé",22
"Xe t bị dính phạt nguội vượt đèn đỏ hôm bữa lên tra trên trang pccc thấy hình luôn r, đành ra kho bạc nộp thôi",22
"Sáng xem bản tin VTV thấy bảo dạo này nhiều vụ giả danh công an gọi điện bắt đóng phạt nguội lắm, bản tin thời sự cẩn thận nha",22
Ủy ban nhân dân thông báo lịch làm thẻ căn cước công dân gắn chip đợt 3 tại nhà văn hóa ấp nha bà con.,22
"Mẹ ơi ra ủy ban nhân dân làm định danh điện tử đi, người ta bắt buộc đó",22
Mẹ mới cấn thai được 2 tháng đi khám bảo hiểm y tế mà thủ tục rườm rà quá trời.,22
"Sáng mai m ghé công an phường lấy cái xác nhận cư trú giúp tao với, tao có việc bận.",22
"Xe t bị dính phạt nguội vượt đèn đỏ hôm bữa lên tra trên trang pccc thấy hình luôn r, đành ra kho bạc nộp thôi",22
"Đọc báo thấy vụ tai nạn liên hoàn trên cao tốc sợ quá, ba đi đường cẩn thận nhé",22
Chút nữa bà hàng xóm tải app agribank về xong ra quầy định danh r lấy mã otp cài vô máy nhé,22
Chút nữa công ty tải app vp bank về xong ra quầy định danh r lấy mã otp cài vô máy nhé,22
"Chi cục thuế thông báo đến kỳ hạn nộp thuế môn bài năm 2024, công ty nhớ cử kế toán đi làm nhé.",22
"Hệ thống ngân hàng đang bảo trì nên t ko nhận đc mã otp, tí nữa t chuyển tìn lại cho",22
Chút nữa công ty tải app agribank về xong ra quầy định danh rồi lấy mã otp cài vô máy nha,22
"Làm bên chi nhánh mới áp lực doanh số quá, tao không hoàn thành nhiệm vụ tháng này chắc bị trừ lương",22
"Hôm rày đi đá banh t bị tai nạn gãy chân đang nằm viện nè, chủ nhật công ty rảnh vào thăm t nha",22
"Lương tháng này công ty vừa chuyển khoản banking qua mb bank rồi đó, trưởng thôn check xem ting ting chưa",22
Chút nữa vợ tải app techcombank về xong ra quầy định danh r lấy mã otp cài vô máy nhé,22
Chút nữa vợ tải app techcombank về xong ra quầy định danh r lấy mã otp cài vô máy nhé,22
Chút nữa vợ tải app agribank về xong ra quầy định danh rồi lấy mã otp cài vô máy nha,22
"Sáng xem bản tin VTV thấy bảo dạo này nhiều vụ giả danh công an gọi điện bắt đóng phạt nguội lắm, ba cẩn thận nhé",22
"Đợt này ra sân bay ko cần mang cccd cứng đâu, vợ cứ mở app vneid trên điện thoại lên đưa họ quét là đc",22
"Đợt này ra sân bay không cần mang cccd cứng đâu, thầy giáo cứ mở app vneid trên điện thoại lên đưa họ quét là được",22
"Sáng xem bản tin VTV thấy bảo dạo này nhiều vụ giả danh công an gọi điện bắt đóng phạt nguội lắm, chồng cẩn thận nha",22
"Đọc báo thấy vụ tai nạn liên hoàn trên cao tốc sợ quá, chồng đi đường cẩn thận nhé",22
Thằng Bin chạy ngoài đường bị công an thổi phạt nguội 500k tội vượt đèn đỏ rồi.,22
"Bác sĩ báo viện phí ca mổ ruột thừa hôm qua hết 15 triệu, để lát rảnh m ra đóng tiền nha",22
Chút nữa vợ tải app vp bank về xong ra quầy định danh rồi lấy mã otp cài vô máy nha,22
"Hệ thống cổng dịch vụ công đang bảo trì, bản tin thời sự chờ chiều tối cập nhật lại khuôn mặt sau nha",22
Chút nữa thầy giáo tải app agribank về xong ra quầy định danh r lấy mã otp cài vô máy nhé,22
"Ủa hôm nay hệ thống ngân hàng VPBank bảo trì từ mấy giờ thế, nãy giờ chuyển khoản không được.",22
Chút nữa chồng tải app mb bank về xong ra quầy định danh rồi lấy mã otp cài vô máy nha,22
"Sáng xem bản tin VTV thấy bảo dạo này nhiều vụ giả danh công an gọi điện bắt đóng phạt nguội lắm, thầy giáo cẩn thận nha",22
"Lương tháng này công ty vừa ck banking qua mb bank r đó, thầy giáo check xem ting ting chưa",22
Mặt trận tổ quốc xã vừa phát danh sách các hộ nghèo cần quyên góp từ thiện nhịp Tết này,22
"Ê nay sinh nhật t, mua giùm t cái bánh kem đi, nãy t bank thẳng 500k qa stk m r đó, check đi",22
"Đơn giản lắm, công việc của m chỉ là trực page fb trả lời khách, lương cứng 6 triệu cộng hoa hồng doanh số",22
"Hệ thống cổng dịch vụ công đang bảo trì, bản tin thời sự chờ chiều tối cập nhật lại khuôn mặt sau nhé",22
Bác trưởng thôn thông báo mai cả xóm ra nhà văn hóa để công an xã hỗ trợ cài app vneid mức 2 nhé,22
"Đợt này ra sân bay không cần mang cccd cứng đâu, vợ cứ mở app vneid trên điện thoại lên đưa họ quét là được",22
"Ủa hôm rày m mượn t 2 triệu á, khi nào có lương thì chuyển khoản qua số tài khoản đuôi 888 này nha",22
"Lương tháng này công ty vừa chuyển khoản banking qua mb bank rồi đó, vợ check xem ting ting chưa",22
"Hôm rày đi đá banh t bị tai nạn gãy chân đang nằm viện nè, chủ nhật công ty rảnh vào thăm t nha",22
Chút nữa vợ tải app mb bank về xong ra quầy định danh rồi lấy mã otp cài vô máy nha,22
"Sáng xem bản tin VTV thấy bảo dạo này nhiều vụ giả danh công an gọi điện bắt đóng phạt nguội lắm, công ty cẩn thận nha",22
Chút nữa ba tải app agribank về xong ra quầy định danh r lấy mã otp cài vô máy nhé,22
"Xin lỗi quý khách, hệ thống cổng dịch vụ công trực tuyến đang bảo trì để nâng cấp phần mềm.",22
"Sáng xem bản tin VTV thấy bảo dạo này nhiều vụ giả danh công an gọi điện bắt đóng phạt nguội lắm, mẹ cẩn thận nha",22
"Làm bên chi nhánh mới áp lực doanh số quá, tao không hoàn thành nhiệm vụ tháng này chắc bị trừ lương",22
Chút nữa chồng tải app agribank về xong ra quầy định danh r lấy mã otp cài vô máy nhé,22
Vay vốn sinh viên ngân hàng chính sách xã hội phải cần xã xác nhận hộ nghèo mới được vay 40 triệu.,22
"Đọc báo thấy vụ tai nạn liên hoàn trên cao tốc sợ quá, trưởng thôn đi đường cẩn thận nhé",22
Bữa nay thi bằng lái xe phải đồng bộ dữ liệu vneid r rườm rà ghê,22
"Đơn giản lắm, công việc của m chỉ là trực page fb trả lời khách, lương cứng 6 triệu cộng hoa hồng doanh số",22
"Xin lỗi quý khách, hệ thống cổng dịch vụ công trực tuyến đang bảo trì để nâng cấp phần mềm.",22
"Hồi chiều gửi xe trong hầm siêu thị mà mất cái vé, hên là bảo vệ lấy CMT xác minh rồi cho ra.",22
"Hệ thống cổng dịch vụ công đang bảo trì, mẹ chờ chiều tối cập nhật lại khuôn mặt sau nhé",22
"Lương tháng này công ty vừa ck banking qua mb bank r đó, bà hàng xóm check xem ting ting chưa",22
"Hệ thống cổng dịch vụ công đang bảo trì, bà hàng xóm chờ chiều tối cập nhật lại khuôn mặt sau nha",22
"Hệ thống cổng dịch vụ công đang bảo trì, trưởng thôn chờ chiều tối cập nhật lại khuôn mặt sau nha",22
"Sáng xem bản tin VTV thấy bảo dạo này nhiều vụ giả danh công an gọi điện bắt đóng phạt nguội lắm, ba cẩn thận nha",22
Chút nữa ba tải app techcombank về xong ra quầy định danh r lấy mã otp cài vô máy nhé,22
"Lương tháng này công ty vừa chuyển khoản banking qua mb bank rồi đó, vợ check xem ting ting chưa",22
Chút nữa mẹ tải app techcombank về xong ra quầy định danh rồi lấy mã otp cài vô máy nha,22
Ông can xã bữa nay xuống tận nhà thu thập thông tin làm cccd gắn chip đó bản tin thời sự,22
"Đợt này ra sân bay không cần mang cccd cứng đâu, trưởng thôn cứ mở app vneid trên điện thoại lên đưa họ quét là được",22
"Trường đang phát động phong trào ủng hộ đồng bào bão lụt, chồng gửi 50k vào quỹ của lớp nhé",22
"Hôm rày đi đá banh t bị tai nạn gãy chân đang nằm viện nè, chủ nhật thầy giáo rảnh vào thăm t nha",22
"Mẹ ơi ra ủy ban nhân dân làm định danh điện tử đi, người ta bắt buộc đó",22
"Cảnh báo bảo mật: Ngân hàng ACB ghi nhận sự cố gián đoạn trên ứng dụng, vui lòng thử lại sau.",22
"Hôm rày đi đá banh t bị tai nạn gãy chân đang nằm viện nè, chủ nhật trưởng thôn rảnh vào thăm t nha",22
"Ủa hôm nay hệ thống ngân hàng VPBank bảo trì từ mấy giờ thế, nãy giờ chuyển khoản không được.",22
Ê đang săn sale trên Shopee mà mã giảm giá bắt thanh toán qua thẻ tín dụng mới được áp dụng.,22
"Sáng xem bản tin VTV thấy bảo dạo này nhiều vụ giả danh công an gọi điện bắt đóng phạt nguội lắm, trưởng thôn cẩn thận nhé",22
"Hệ thống cổng dịch vụ công đang bảo trì, ba chờ chiều tối cập nhật lại khuôn mặt sau nhé",22
"Giảng viên dặn cả lớp chuẩn bị đóng quỹ lớp kỳ này nha, tài khoản lớp trưởng là ngân hàng MB đuôi 333.",22
Chút nữa trưởng thôn tải app vp bank về xong ra quầy định danh rồi lấy mã otp cài vô máy nha,22
"Sáng xem bản tin VTV thấy bảo dạo này nhiều vụ giả danh công an gọi điện bắt đóng phạt nguội lắm, mẹ cẩn thận nha",22
"Trường đang phát động phong trào ủng hộ đồng bào bão lụt, bà hàng xóm gửi 50k vào quỹ của lớp nhé",22
"Lương tháng này công ty vừa ck banking qua mb bank r đó, trưởng thôn check xem ting ting chưa",22
"Trường đang phát động phong trào ủng hộ đồng bào bão lụt, thầy giáo gửi 50k vào quỹ của lớp nhé",22
Bên trung tâm y tế dự phòng gửi tin nhắn nhắc đi tiêm vắc xin ung thư cổ tử cung mũi 2 r nè.,22
"Sáng xem bản tin VTV thấy bảo dạo này nhiều vụ giả danh công an gọi điện bắt đóng phạt nguội lắm, bản tin thời sự cẩn thận nha",22
"Sáng xem bản tin VTV thấy bảo dạo này nhiều vụ giả danh công an gọi điện bắt đóng phạt nguội lắm, chồng cẩn thận nhé",22
"Lương tháng này công ty vừa ck banking qua mb bank r đó, bản tin thời sự check xem ting ting chưa",22
"Hôm rày đi đá banh t bị tai nạn gãy chân đang nằm viện nè, chủ nhật sếp rảnh vào thăm t nhé",22
"Hôm rày đi đá banh t bị tai nạn gãy chân đang nằm viện nè, chủ nhật ba rảnh vào thăm t nha",22
"Mã OTP từ tổng đài Shopee gửi về máy em rồi nè chị, chị nhập vô để xác nhận đơn hàng đi.",22
"Hôm rày đi đá banh t bị tai nạn gãy chân đang nằm viện nè, chủ nhật công ty rảnh vào thăm t nha",22
"Con cài giúp chú cái app VNeID với, nghe nói là phải lên mức 2 mới tích hợp được bằng lái xe.",22
"Đọc báo thấy vụ tai nạn liên hoàn trên cao tốc sợ quá, sếp đi đường cẩn thận nhé",22
"Cảnh báo bảo mật: Ngân hàng ACB ghi nhận sự cố gián đoạn trên ứng dụng, vui lòng thử lại sau.",22
Chút nữa ba tải app techcombank về xong ra quầy định danh r lấy mã otp cài vô máy nhé,22
"Đợt này ra sân bay không cần mang cccd cứng đâu, bà hàng xóm cứ mở app vneid trên điện thoại lên đưa họ quét là được",22
Sếp bảo mai mảng tuyển dụng nhân sự có cuộc phỏng vấn ứng viên lúc 9h sáng nhé,22
Ông can xã bữa nay xuống tận nhà thu thập thông tin làm cccd gắn chip đó bà hàng xóm,22
"Lúc nãy đi rút tiền ở cây ATM ACB bị nuốt mất cái thẻ Visa rồi, bực mình dễ sợ.",22
"Hệ thống cổng dịch vụ công đang bảo trì, trưởng thôn chờ chiều tối cập nhật lại khuôn mặt sau nha",22
"Sáng xem bản tin VTV thấy bảo dạo này nhiều vụ giả danh công an gọi điện bắt đóng phạt nguội lắm, mẹ cẩn thận nhé",22
Chút nữa bản tin thời sự tải app agribank về xong ra quầy định danh rồi lấy mã otp cài vô máy nha,22
"Làm bên chi nhánh mới áp lực doanh số quá, tao ko hoàn thành nhiệm vụ tháng này chắc bị trừ lương",22
Ủy ban nhân dân thông báo lịch làm thẻ căn cước công dân gắn chip đợt 3 tại nhà văn hóa ấp nha bà con.,22
"Hôm qua đi coi bói thầy phán chuẩn ghê, ổng nói năm nay hạn nặng dễ bị tai nạn đi đường nên đi từ từ thôi.",22
"Trường cấp 1 đang thu tiền BHYT, cô giáo gửi số tài khoản trên nhóm Zalo rồi đó, vợ kiểm tra đi.",22
Chút nữa vợ tải app agribank về xong ra quầy định danh r lấy mã otp cài vô máy nhé,22
Hôm qua đi làm quên mang xin nhan bị thầy giáo công an phường tuýt còi phạt 2 xị cay quá,22
Hôm qua đi làm quên mang xin nhén bị vợ công an phường tuýt còi phạt 2 xị cay quá,22
"Hệ thống cổng dịch vụ công đang bảo trì, chồng chờ chiều tối cập nhật lại khuôn mặt sau nhé",22
"Trường đang phát động phong trào ủng hộ đồng bào bão lụt, chồng gửi 50k vào quỹ của lớp nhé",22
"Hôm qua đi coi bói thầy phán chuẩn ghê, ổng nói năm nay hạn nặng dễ bị tai nạn đi đường nên đi từ từ thôi.",22
"Xe t bị dính phạt nguội vượt đèn đỏ hôm bữa lên tra trên trang pccc thấy hình luôn rồi, đành ra kho bạc nộp thôi",22
"Trường đang phát động phong trào ủng hộ đồng bào bão lụt, vợ gửi 50k vào quỹ của lớp nhé",22
Chút nữa mẹ tải app mb bank về xong ra quầy định danh r lấy mã otp cài vô máy nhé,22
Chút nữa thầy giáo tải app vp bank về xong ra quầy định danh rồi lấy mã otp cài vô máy nha,22
"Hệ thống cổng dịch vụ công đang bảo trì, công ty chờ chiều tối cập nhật lại khuôn mặt sau nha",22
"Trường cấp 1 đang thu tiền BHYT, cô giáo gửi số tài khoản trên nhóm Zalo rồi đó, vợ kiểm tra đi.",22
"Sáng xem bản tin VTV thấy bảo dạo này nhiều vụ giả danh công an gọi điện bắt đóng phạt nguội lắm, bà hàng xóm cẩn thận nha",22
"Mã OTP từ tổng đài Shopee gửi về máy em rồi nè chị, chị nhập vô để xác nhận đơn hàng đi.",22
Sáng nay xem sao kê từ thiện của mấy nghệ sĩ mới thấy nhiều người phông bạt quyên góp ghê,22
"Lương tháng này công ty vừa chuyển khoản banking qua mb bank rồi đó, chồng check xem ting ting chưa",22
Chút nữa vợ tải app techcombank về xong ra quầy định danh rồi lấy mã otp cài vô máy nha,22
"Lương tháng này công ty vừa ck banking qua mb bank r đó, bà hàng xóm check xem ting ting chưa",22
Nãy mua trà sữa tiền mặt không có nên chị bank tiền qua số tài khoản Momo cho em rồi đó.,22
Hôm qua đi làm quên mang xin nhén bị mẹ công an phường tuýt còi phạt 2 xị cay quá,22
"Trường đang phát động phong trào ủng hộ đồng bào bão lụt, bà hàng xóm gửi 50k vào quỹ của lớp nhé",22
"Sáng xem bản tin VTV thấy bảo dạo này nhiều vụ giả danh công an gọi điện bắt đóng phạt nguội lắm, sếp cẩn thận nha",22
Thằng Bin chạy ngoài đường bị công an thổi phạt nguội 500k tội vượt đèn đỏ rồi.,22
Chút nữa trưởng thôn tải app agribank về xong ra quầy định danh rồi lấy mã otp cài vô máy nha,22
Chút nữa chồng tải app agribank về xong ra quầy định danh rồi lấy mã otp cài vô máy nha,22
Ông can xã bữa nay xuống tận nhà thu thập thông tin làm cccd gắn chip đó ba,22
Tú ơi m có rảnh không chạy qua cục thuế thành phố lấy cái biên lai nộp lệ phí trước bạ giùm tao với.,22
"Phường đang thu thập dữ liệu định danh điện tử, tổ trưởng kêu mang sổ hộ khẩu điện tử ra đối chiếu.",22
Sáng nay xem sao kê từ thiện của mấy nghệ sĩ mới thấy nhiều người phông bạt quyên góp ghê,22
"Đợt này ra sân bay không cần mang cccd cứng đâu, sếp cứ mở app vneid trên điện thoại lên đưa họ quét là được",22
Bác trưởng thôn thông báo mai cả xóm ra nhà văn hóa để công an xã hỗ trợ cài app vneid mức 2 nhé,22
"Lương tháng này công ty vừa chuyển khoản banking qua mb bank rồi đó, bà hàng xóm check xem ting ting chưa",22
Chút nữa công ty tải app vp bank về xong ra quầy định danh rồi lấy mã otp cài vô máy nha,22
"Lương tháng này công ty vừa ck banking qua mb bank r đó, ba check xem ting ting chưa",22
Ông can xã bữa nay xuống tận nhà thu thập thông tin làm cccd gắn chip đó công ty,22
Hôm qua đi làm quên mang xin nhan bị mẹ công an phường tuýt còi phạt 2 xị cay quá,22
"Mẹ ơi ngoại nhập viện cấp cứu do lên huyết áp, mẹ chạy lên bệnh viện liền nghen",22
Chút nữa bà hàng xóm tải app vp bank về xong ra quầy định danh rồi lấy mã otp cài vô máy nha,22
Chút nữa bản tin thời sự tải app agribank về xong ra quầy định danh rồi lấy mã otp cài vô máy nha,22
Chút nữa vợ tải app mb bank về xong ra quầy định danh rồi lấy mã otp cài vô máy nha,22
"Hôm rày đi đá banh t bị tai nạn gãy chân đang nằm viện nè, chủ nhật ba rảnh vào thăm t nhé",22
Hôm qua đi làm quên mang xin nhén bị vợ công an phường tuýt còi phạt 2 xị cay quá,22
Ủy ban nhân dân thông báo lịch làm thẻ căn cước công dân gắn chip đợt 3 tại nhà văn hóa ấp nha bà con.,22
"Sáng xem bản tin VTV thấy bảo dạo này nhiều vụ giả danh công an gọi điện bắt đóng phạt nguội lắm, ba cẩn thận nha",22
"Mình mới nhận được email báo trúng tuyển vòng phỏng vấn công ty FPT, tuần sau bắt đầu đi làm.",22
Chút nữa sếp tải app vp bank về xong ra quầy định danh rồi lấy mã otp cài vô máy nha,22
Chút nữa thầy giáo tải app techcombank về xong ra quầy định danh rồi lấy mã otp cài vô máy nha,22
Hôm qua đi làm quên mang xin nhan bị chồng công an phường tuýt còi phạt 2 xị cay quá,22
"Đọc báo thấy vụ tai nạn liên hoàn trên cao tốc sợ quá, thầy giáo đi đường cẩn thận nhé",22
"Bạn tao đang bán thanh lý lại vé ca nhạc BlackPink giá rẻ, để t chuyển khoản đặt cọc nó 1 triệu.",22
Chút nữa bà hàng xóm tải app agribank về xong ra quầy định danh rồi lấy mã otp cài vô máy nha,22
"Đợt này ra sân bay ko cần mang cccd cứng đâu, bản tin thời sự cứ mở app vneid trên điện thoại lên đưa họ quét là đc",22
"Lương tháng này công ty vừa chuyển khoản banking qua mb bank rồi đó, chồng check xem ting ting chưa",22
"Đọc báo thấy vụ tai nạn liên hoàn trên cao tốc sợ quá, chồng đi đường cẩn thận nhé",22
Chút nữa bản tin thời sự tải app mb bank về xong ra quầy định danh r lấy mã otp cài vô máy nhé,22
Chút nữa bản tin thời sự tải app agribank về xong ra quầy định danh rồi lấy mã otp cài vô máy nha,22
Chút nữa vợ tải app mb bank về xong ra quầy định danh r lấy mã otp cài vô máy nhé,22
"Lương tháng này công ty vừa ck banking qua mb bank r đó, mẹ check xem ting ting chưa",22
Chút nữa vợ tải app agribank về xong ra quầy định danh rồi lấy mã otp cài vô máy nha,22
Chút nữa vợ tải app mb bank về xong ra quầy định danh rồi lấy mã otp cài vô máy nha,22
Chút nữa vợ tải app vp bank về xong ra quầy định danh rồi lấy mã otp cài vô máy nha,22
Mặt trận tổ quốc xã vừa phát danh sách các hộ nghèo cần quyên góp từ thiện nhịp Tết này,22
"Xe t bị dính phạt nguội vượt đèn đỏ hôm bữa lên tra trên trang pccc thấy hình luôn r, đành ra kho bạc nộp thôi",22
T đi Grab nãy tài xế kêu thanh toán tiền mặt mà không mang theo nên bảo tài xế gửi mã QR t quét Momo.,22
"Đoàn thanh niên phường mình tổ chức nấu cháo từ thiện tại bệnh viện nhi đồng đó, m tham gia không?",22
"Trường đang phát động phong trào ủng hộ đồng bào bão lụt, mẹ gửi 50k vào quỹ của lớp nhé",22
Chút nữa vợ tải app mb bank về xong ra quầy định danh r lấy mã otp cài vô máy nhé,22
"Hệ thống cổng dịch vụ công đang bảo trì, thầy giáo chờ chiều tối cập nhật lại khuôn mặt sau nha",22
"Công việc ctv bán hàng mỹ phẩm bên này nhàn vỡi, lương cứng 5 củ lại còn đc chia phần trăm hoa hồng.",22
Ông can xã bữa nay xuống tận nhà thu thập thông tin làm cccd gắn chip đó bà hàng xóm,22
Hôm qua đi làm quên mang xin nhan bị vợ công an phường tuýt còi phạt 2 xị cay quá,22
"Mã OTP từ tổng đài Shopee gửi về máy em rồi nè chị, chị nhập vô để xác nhận đơn hàng đi.",22
"Sáng xem bản tin VTV thấy bảo dạo này nhiều vụ giả danh công an gọi điện bắt đóng phạt nguội lắm, ba cẩn thận nha",22
"Ê nay sinh nhật t, mua giùm t cái bánh kem đi, nãy t bank thẳng 500k qa stk m r đó, check đi",22
"Sáng xem bản tin VTV thấy bảo dạo này nhiều vụ giả danh công an gọi điện bắt đóng phạt nguội lắm, thầy giáo cẩn thận nha",22
"Hệ thống cổng dịch vụ công đang bảo trì, công ty chờ chiều tối cập nhật lại khuôn mặt sau nha",22
"Lương tháng này công ty vừa chuyển khoản banking qua mb bank rồi đó, trưởng thôn check xem ting ting chưa",22
Chút nữa chồng tải app mb bank về xong ra quầy định danh rồi lấy mã otp cài vô máy nha,22
"Hôm rày đi đá banh t bị tai nạn gãy chân đang nằm viện nè, chủ nhật ba rảnh vào thăm t nha",22
Hôm qua đi làm quên mang xin nhan bị ba công an phường tuýt còi phạt 2 xị cay quá,22
"Trường đang phát động phong trào ủng hộ đồng bào bão lụt, thầy giáo gửi 50k vào quỹ của lớp nhé",22
Ông can xã bữa nay xuống tận nhà thu thập thông tin làm cccd gắn chip đó bản tin thời sự,22
"Trường đang phát động phong trào ủng hộ đồng bào bão lụt, công ty gửi 50k vào quỹ của lớp nhé",22
"Bà nội mới xuất viện hồi sáng, tiền viện phí ca mổ thay khớp gối hết tổng cộng 25 triệu.",22
Ông can xã bữa nay xuống tận nhà thu thập thông tin làm cccd gắn chip đó sếp,22
"Chi cục thuế thông báo đến kỳ hạn nộp thuế môn bài năm 2024, công ty nhớ cử kế toán đi làm nhé.",22
"Đợt này ra sân bay không cần mang cccd cứng đâu, vợ cứ mở app vneid trên điện thoại lên đưa họ quét là được",22
"Trường đang phát động phong trào ủng hộ đồng bào bão lụt, mẹ gửi 50k vào quỹ của lớp nhé",22
"Lương tháng này công ty vừa chuyển khoản banking qua mb bank rồi đó, sếp check xem ting ting chưa",22
Ông can xã bữa nay xuống tận nhà thu thập thông tin làm cccd gắn chip đó bản tin thời sự,22
"App ngân hàng Agribank dạo này hay lỗi hệ thống quá, mãi mới đăng nhập được bằng vân tay.",22
"Đợt này ra sân bay không cần mang cccd cứng đâu, thầy giáo cứ mở app vneid trên điện thoại lên đưa họ quét là được",22
Chút nữa bản tin thời sự tải app mb bank về xong ra quầy định danh r lấy mã otp cài vô máy nhé,22
Chút nữa thầy giáo tải app agribank về xong ra quầy định danh r lấy mã otp cài vô máy nhé,22
"Đợt này ra sân bay ko cần mang cccd cứng đâu, mẹ cứ mở app vneid trên điện thoại lên đưa họ quét là đc",22
Chút nữa trưởng thôn tải app vp bank về xong ra quầy định danh r lấy mã otp cài vô máy nhé,22
"Đợt này ra sân bay không cần mang cccd cứng đâu, mẹ cứ mở app vneid trên điện thoại lên đưa họ quét là được",22
Chút nữa công ty tải app mb bank về xong ra quầy định danh rồi lấy mã otp cài vô máy nha,22
Chút nữa chồng tải app techcombank về xong ra quầy định danh rồi lấy mã otp cài vô máy nha,22
Chút nữa vợ tải app agribank về xong ra quầy định danh rồi lấy mã otp cài vô máy nha,22
Hôm qua đi làm quên mang xin nhén bị sếp công an phường tuýt còi phạt 2 xị cay quá,22
"Đợt này ra sân bay ko cần mang cccd cứng đâu, mẹ cứ mở app vneid trên điện thoại lên đưa họ quét là đc",22
"Ủa hôm rày m mượn t 2 triệu á, khi nào có lương thì ck qua số tài khoản đuôi 888 này nhé",22
Hôm qua đi làm quên mang xin nhén bị chồng công an phường tuýt còi phạt 2 xị cay quá,22
"Trường đang phát động phong trào ủng hộ đồng bào bão lụt, chồng gửi 50k vào quỹ của lớp nhé",22
"Sáng xem bản tin VTV thấy bảo dạo này nhiều vụ giả danh công an gọi điện bắt đóng phạt nguội lắm, công ty cẩn thận nhé",22
"Lương tháng này công ty vừa chuyển khoản banking qua mb bank rồi đó, ba check xem ting ting chưa",22
"Sáng xem bản tin VTV thấy bảo dạo này nhiều vụ giả danh công an gọi điện bắt đóng phạt nguội lắm, thầy giáo cẩn thận nha",22
Bên trung tâm y tế dự phòng gửi tin nhắn nhắc đi tiêm vắc xin ung thư cổ tử cung mũi 2 r nè.,22
"Mẹ ơi ra ủy ban nhân dân làm định danh điện tử đi, người ta bắt buộc đó",22
Thằng Bin chạy ngoài đường bị công an thổi phạt nguội 500k tội vượt đèn đỏ rồi.,22
Chút nữa vợ tải app mb bank về xong ra quầy định danh r lấy mã otp cài vô máy nhé,22
Chút nữa thầy giáo tải app techcombank về xong ra quầy định danh rồi lấy mã otp cài vô máy nha,22
"Hệ thống cổng dịch vụ công đang bảo trì, trưởng thôn chờ chiều tối cập nhật lại khuôn mặt sau nhé",22
Ông can xã bữa nay xuống tận nhà thu thập thông tin làm cccd gắn chip đó chồng,22
"Đọc báo thấy vụ tai nạn liên hoàn trên cao tốc sợ quá, mẹ đi đường cẩn thận nhé",22
Chút nữa bà hàng xóm tải app agribank về xong ra quầy định danh rồi lấy mã otp cài vô máy nha,22
"Hệ thống cổng dịch vụ công đang bảo trì, thầy giáo chờ chiều tối cập nhật lại khuôn mặt sau nha",22
"Lương tháng này công ty vừa chuyển khoản banking qua mb bank rồi đó, mẹ check xem ting ting chưa",22
Chút nữa trưởng thôn tải app mb bank về xong ra quầy định danh r lấy mã otp cài vô máy nhé,22
"Đợt này ra sân bay ko cần mang cccd cứng đâu, ba cứ mở app vneid trên điện thoại lên đưa họ quét là đc",22
Chút nữa trưởng thôn tải app mb bank về xong ra quầy định danh r lấy mã otp cài vô máy nhé,22
"Đọc báo thấy vụ tai nạn liên hoàn trên cao tốc sợ quá, ba đi đường cẩn thận nhé",22
"Bác tài xế xe tải đang nằm bệnh viện chợ Rẫy vì tai nạn nghề nghiệp, công đoàn đang quyên góp quỹ ủng hộ.",22
"Lương tháng này công ty vừa ck banking qua mb bank r đó, bản tin thời sự check xem ting ting chưa",22
Chút nữa thầy giáo tải app vp bank về xong ra quầy định danh rồi lấy mã otp cài vô máy nha,22
"Mẹ ơi ra ủy ban nhân dân làm định danh điện tử đi, người ta bắt buộc đó",22
"Đợt này ra sân bay không cần mang cccd cứng đâu, chồng cứ mở app vneid trên điện thoại lên đưa họ quét là được",22
Hôm qua đi làm quên mang xin nhén bị mẹ công an phường tuýt còi phạt 2 xị cay quá,22
"Sáng xem bản tin VTV thấy bảo dạo này nhiều vụ giả danh công an gọi điện bắt đóng phạt nguội lắm, vợ cẩn thận nha",22
Chút nữa trưởng thôn tải app techcombank về xong ra quầy định danh rồi lấy mã otp cài vô máy nha,22
Hôm qua đi làm quên mang xin nhan bị vợ công an phường tuýt còi phạt 2 xị cay quá,22
Chút nữa bản tin thời sự tải app mb bank về xong ra quầy định danh r lấy mã otp cài vô máy nhé,22
"Sáng xem bản tin VTV thấy bảo dạo này nhiều vụ giả danh công an gọi điện bắt đóng phạt nguội lắm, sếp cẩn thận nha",22
"Sáng xem bản tin VTV thấy bảo dạo này nhiều vụ giả danh công an gọi điện bắt đóng phạt nguội lắm, mẹ cẩn thận nhé",22
"Trường cấp 1 đang thu tiền BHYT, cô giáo gửi số tài khoản trên nhóm Zalo rồi đó, vợ kiểm tra đi.",22
"Hôm rày đi đá banh t bị tai nạn gãy chân đang nằm viện nè, chủ nhật ba rảnh vào thăm t nhé",22
Chút nữa mẹ tải app techcombank về xong ra quầy định danh rồi lấy mã otp cài vô máy nha,22
Ê đang săn sale trên Shopee mà mã giảm giá bắt thanh toán qua thẻ tín dụng mới được áp dụng.,22
Hôm qua đi làm quên mang xin nhan bị vợ công an phường tuýt còi phạt 2 xị cay quá,22
Mặt trận tổ quốc xã vừa phát danh sách các hộ nghèo cần quyên góp từ thiện nhịp Tết này,22
Chút nữa bà hàng xóm tải app vp bank về xong ra quầy định danh rồi lấy mã otp cài vô máy nha,22
Chút nữa công ty tải app vp bank về xong ra quầy định danh r lấy mã otp cài vô máy nhé,22
Hôm qua đi làm quên mang xin nhan bị chồng công an phường tuýt còi phạt 2 xị cay quá,22
Hôm qua đi làm quên mang xin nhén bị chồng công an phường tuýt còi phạt 2 xị cay quá,22
"Hệ thống cổng dịch vụ công đang bảo trì, trưởng thôn chờ chiều tối cập nhật lại khuôn mặt sau nhé",22
Chút nữa bản tin thời sự tải app mb bank về xong ra quầy định danh rồi lấy mã otp cài vô máy nha,22
Ủy ban nhân dân thông báo lịch làm thẻ căn cước công dân gắn chip đợt 3 tại nhà văn hóa ấp nha bà con.,22
"Sáng xem bản tin VTV thấy bảo dạo này nhiều vụ giả danh công an gọi điện bắt đóng phạt nguội lắm, vợ cẩn thận nha",22
Chút nữa thầy giáo tải app agribank về xong ra quầy định danh rồi lấy mã otp cài vô máy nha,22
"T qua ngã tư bị cảnh sát giao thông vẫy vào thổi nồng độ cồn, hên quá nãy chỉ uống coca",22
"Đợt này ra sân bay không cần mang cccd cứng đâu, bà hàng xóm cứ mở app vneid trên điện thoại lên đưa họ quét là được",22
"Hôm rày đi đá banh t bị tai nạn gãy chân đang nằm viện nè, chủ nhật sếp rảnh vào thăm t nha",22
Hôm qua đi làm quên mang xin nhén bị chồng công an phường tuýt còi phạt 2 xị cay quá,22
Vay vốn sinh viên ngân hàng chính sách xã hội phải cần xã xác nhận hộ nghèo mới được vay 40 triệu.,22
"Lương tháng này công ty vừa ck banking qua mb bank r đó, công ty check xem ting ting chưa",22
Chút nữa trưởng thôn tải app mb bank về xong ra quầy định danh rồi lấy mã otp cài vô máy nha,22
"Phường đang thu thập dữ liệu định danh điện tử, tổ trưởng kêu mang sổ hộ khẩu điện tử ra đối chiếu.",22
Chút nữa bà hàng xóm tải app techcombank về xong ra quầy định danh rồi lấy mã otp cài vô máy nha,22
"Đọc báo thấy vụ tai nạn liên hoàn trên cao tốc sợ quá, công ty đi đường cẩn thận nhé",22
Chút nữa ba tải app agribank về xong ra quầy định danh rồi lấy mã otp cài vô máy nha,22
"Lương tháng này công ty vừa chuyển khoản banking qua mb bank rồi đó, mẹ check xem ting ting chưa",22
"Lương tháng này công ty vừa ck banking qua mb bank r đó, vợ check xem ting ting chưa",22
"Hệ thống cổng dịch vụ công đang bảo trì, bà hàng xóm chờ chiều tối cập nhật lại khuôn mặt sau nha",22
"Chi cục thuế thông báo đến kỳ hạn nộp thuế môn bài năm 2024, công ty nhớ cử kế toán đi làm nhé.",22
Sáng nay xem sao kê từ thiện của mấy nghệ sĩ mới thấy nhiều người phông bạt quyên góp ghê,22
Hôm qua đi làm quên mang xin nhan bị chồng công an phường tuýt còi phạt 2 xị cay quá,22
"Lương tháng này công ty vừa chuyển khoản banking qua mb bank rồi đó, vợ check xem ting ting chưa",22
Chút nữa chồng tải app agribank về xong ra quầy định danh rồi lấy mã otp cài vô máy nha,22
"Sáng xem bản tin VTV thấy bảo dạo này nhiều vụ giả danh công an gọi điện bắt đóng phạt nguội lắm, mẹ cẩn thận nha",22
"Sáng xem bản tin VTV thấy bảo dạo này nhiều vụ giả danh công an gọi điện bắt đóng phạt nguội lắm, công ty cẩn thận nhé",22
"Sáng xem bản tin VTV thấy bảo dạo này nhiều vụ giả danh công an gọi điện bắt đóng phạt nguội lắm, bản tin thời sự cẩn thận nha",22
Bữa nay thi bằng lái xe phải đồng bộ dữ liệu vneid r rườm rà ghê,22
"Hôm rày đi đá banh t bị tai nạn gãy chân đang nằm viện nè, chủ nhật ba rảnh vào thăm t nha",22
Mẹ mới cấn thai được 2 tháng đi khám bảo hiểm y tế mà thủ tục rườm rà quá trời.,22
"Lương tháng này công ty vừa ck banking qua mb bank r đó, mẹ check xem ting ting chưa",22
Chút nữa bà hàng xóm tải app techcombank về xong ra quầy định danh rồi lấy mã otp cài vô máy nha,22
"Lương tháng này công ty vừa chuyển khoản banking qua mb bank rồi đó, mẹ check xem ting ting chưa",22
"Lương tháng này công ty vừa chuyển khoản banking qua mb bank rồi đó, sếp check xem ting ting chưa",22
Ông can xã bữa nay xuống tận nhà thu thập thông tin làm cccd gắn chip đó thầy giáo,22
Chút nữa trưởng thôn tải app techcombank về xong ra quầy định danh rồi lấy mã otp cài vô máy nha,22
"Sáng mai m ghé công an phường lấy cái xác nhận cư trú giúp tao với, tao có việc bận.",22
"Lương tháng này công ty vừa ck banking qua mb bank r đó, mẹ check xem ting ting chưa",22
"Hồi chiều gửi xe trong hầm siêu thị mà mất cái vé, hên là bảo vệ lấy CMT xác minh rồi cho ra.",22
"Con cài giúp chú cái app VNeID với, nghe nói là phải lên mức 2 mới tích hợp được bằng lái xe.",22
"Trường đang phát động phong trào ủng hộ đồng bào bão lụt, bà hàng xóm gửi 50k vào quỹ của lớp nhé",22
Ủy ban nhân dân thông báo lịch làm thẻ căn cước công dân gắn chip đợt 3 tại nhà văn hóa ấp nha bà con.,22
Chút nữa trưởng thôn tải app techcombank về xong ra quầy định danh rồi lấy mã otp cài vô máy nha,22
"Sáng xem bản tin VTV thấy bảo dạo này nhiều vụ giả danh công an gọi điện bắt đóng phạt nguội lắm, bản tin thời sự cẩn thận nhé",22
"Lương tháng này công ty vừa ck banking qua mb bank r đó, trưởng thôn check xem ting ting chưa",22
"Sáng xem bản tin VTV thấy bảo dạo này nhiều vụ giả danh công an gọi điện bắt đóng phạt nguội lắm, công ty cẩn thận nha",22
"Hệ thống cổng dịch vụ công đang bảo trì, công ty chờ chiều tối cập nhật lại khuôn mặt sau nha",22
Chút nữa vợ tải app vp bank về xong ra quầy định danh rồi lấy mã otp cài vô máy nha,22
"Ủa hôm rày m mượn t 2 triệu á, khi nào có lương thì chuyển khoản qua số tài khoản đuôi 888 này nha",22
"Sáng xem bản tin VTV thấy bảo dạo này nhiều vụ giả danh công an gọi điện bắt đóng phạt nguội lắm, vợ cẩn thận nha",22
Vụ án công an đột kích sòng bạc ở Vũng Tàu tối qua rần rần trên thời sự VTV1 luôn m ơi.,22
Hôm qua đi làm quên mang xin nhan bị bản tin thời sự công an phường tuýt còi phạt 2 xị cay quá,22
"Trường đang phát động phong trào ủng hộ đồng bào bão lụt, thầy giáo gửi 50k vào quỹ của lớp nhé",22
Hôm qua đi làm quên mang xin nhan bị trưởng thôn công an phường tuýt còi phạt 2 xị cay quá,22
"Trường đang phát động phong trào ủng hộ đồng bào bão lụt, ba gửi 50k vào quỹ của lớp nhé",22
"Hôm rày đi đá banh t bị tai nạn gãy chân đang nằm viện nè, chủ nhật mẹ rảnh vào thăm t nhé",22
"Hôm rày đi đá banh t bị tai nạn gãy chân đang nằm viện nè, chủ nhật ba rảnh vào thăm t nhé",22
"Bác tài xế xe tải đang nằm bệnh viện chợ Rẫy vì tai nạn nghề nghiệp, công đoàn đang quyên góp quỹ ủng hộ.",22
"Đợt này ra sân bay ko cần mang cccd cứng đâu, bà hàng xóm cứ mở app vneid trên điện thoại lên đưa họ quét là đc",22
Ông can xã bữa nay xuống tận nhà thu thập thông tin làm cccd gắn chip đó bản tin thời sự,22
"Đợt này ra sân bay không cần mang cccd cứng đâu, công ty cứ mở app vneid trên điện thoại lên đưa họ quét là được",22
"Trường đang phát động phong trào ủng hộ đồng bào bão lụt, bản tin thời sự gửi 50k vào quỹ của lớp nhé",22
"Ủa hôm rày m mượn t 2 triệu á, khi nào có lương thì chuyển khoản qua số tài khoản đuôi 888 này nha",22
"Hệ thống cổng dịch vụ công đang bảo trì, bản tin thời sự chờ chiều tối cập nhật lại khuôn mặt sau nhé",22
Chút nữa bản tin thời sự tải app agribank về xong ra quầy định danh rồi lấy mã otp cài vô máy nha,22
Mẹ mới cấn thai được 2 tháng đi khám bảo hiểm y tế mà thủ tục rườm rà quá trời.,22
"Hôm rày đi đá banh t bị tai nạn gãy chân đang nằm viện nè, chủ nhật bản tin thời sự rảnh vào thăm t nhé",22
"Sáng xem bản tin VTV thấy bảo dạo này nhiều vụ giả danh công an gọi điện bắt đóng phạt nguội lắm, công ty cẩn thận nha",22
"Trường cấp 1 đang thu tiền BHYT, cô giáo gửi số tài khoản trên nhóm Zalo rồi đó, vợ kiểm tra đi.",22
"Giảng viên dặn cả lớp chuẩn bị đóng quỹ lớp kỳ này nha, tài khoản lớp trưởng là ngân hàng MB đuôi 333.",22
"Hệ thống cổng dịch vụ công đang bảo trì, bản tin thời sự chờ chiều tối cập nhật lại khuôn mặt sau nha",22
"Mẹ ơi ngoại nhập viện cấp cứu do lên huyết áp, mẹ chạy lên bệnh viện liền nghen",22
"Đọc báo thấy vụ tai nạn liên hoàn trên cao tốc sợ quá, chồng đi đường cẩn thận nhé",22
"Bạn tao đang bán thanh lý lại vé ca nhạc BlackPink giá rẻ, để t chuyển khoản đặt cọc nó 1 triệu.",22
"Sếp ơi mai em xin phép nghỉ bệnh một ngày để đi khám sức khỏe thẻ xanh nhé, dạo này em chóng mặt quá.",22
"Lương tháng này công ty vừa chuyển khoản banking qua mb bank rồi đó, ba check xem ting ting chưa",22
"Bác sĩ báo viện phí ca mổ ruột thừa hôm qua hết 15 triệu, để lát rảnh m ra đóng tiền nha",22
"Lương tháng này công ty vừa ck banking qua mb bank r đó, chồng check xem ting ting chưa",22
"Sáng xem bản tin VTV thấy bảo dạo này nhiều vụ giả danh công an gọi điện bắt đóng phạt nguội lắm, vợ cẩn thận nhé",22
"Làm bên chi nhánh mới áp lực doanh số quá, tao ko hoàn thành nhiệm vụ tháng này chắc bị trừ lương",22
Hôm qua đi làm quên mang xin nhén bị bà hàng xóm công an phường tuýt còi phạt 2 xị cay quá,22
"Bác sĩ báo viện phí ca mổ ruột thừa hôm qua hết 15 triệu, để lát rảnh m ra đóng tiền nhé",22
Chút nữa chồng tải app mb bank về xong ra quầy định danh rồi lấy mã otp cài vô máy nha,22
"Đợt này ra sân bay không cần mang cccd cứng đâu, vợ cứ mở app vneid trên điện thoại lên đưa họ quét là được",22
Ông can xã bữa nay xuống tận nhà thu thập thông tin làm cccd gắn chip đó mẹ,22
"Hôm rày đi đá banh t bị tai nạn gãy chân đang nằm viện nè, chủ nhật bản tin thời sự rảnh vào thăm t nhé",22
Hôm qua đi làm quên mang xin nhén bị ba công an phường tuýt còi phạt 2 xị cay quá,22
Mặt trận tổ quốc xã vừa phát danh sách các hộ nghèo cần quyên góp từ thiện nhịp Tết này,22
Chút nữa bà hàng xóm tải app vp bank về xong ra quầy định danh r lấy mã otp cài vô máy nhé,22
"Con cài giúp chú cái app VNeID với, nghe nói là phải lên mức 2 mới tích hợp được bằng lái xe.",22
"Xe t bị dính phạt nguội vượt đèn đỏ hôm bữa lên tra trên trang pccc thấy hình luôn r, đành ra kho bạc nộp thôi",22
"Hôm rày đi đá banh t bị tai nạn gãy chân đang nằm viện nè, chủ nhật ba rảnh vào thăm t nha",22
Chút nữa chồng tải app techcombank về xong ra quầy định danh rồi lấy mã otp cài vô máy nha,22
Chút nữa thầy giáo tải app agribank về xong ra quầy định danh r lấy mã otp cài vô máy nhé,22
Chút nữa vợ tải app vp bank về xong ra quầy định danh rồi lấy mã otp cài vô máy nha,22
"Sếp ơi mai em xin phép nghỉ bệnh một ngày để đi khám sức khỏe thẻ xanh nhé, dạo này em chóng mặt quá.",22
"Đợt này ra sân bay ko cần mang cccd cứng đâu, công ty cứ mở app vneid trên điện thoại lên đưa họ quét là đc",22
"Trường đang phát động phong trào ủng hộ đồng bào bão lụt, mẹ gửi 50k vào quỹ của lớp nhé",22
"Ủa hôm nay hệ thống ngân hàng VPBank bảo trì từ mấy giờ thế, nãy giờ chuyển khoản không được.",22
"Hôm rày đi đá banh t bị tai nạn gãy chân đang nằm viện nè, chủ nhật bà hàng xóm rảnh vào thăm t nhé",22
"Lương tháng này công ty vừa chuyển khoản banking qua mb bank rồi đó, ba check xem ting ting chưa",22
"Trường đang phát động phong trào ủng hộ đồng bào bão lụt, bản tin thời sự gửi 50k vào quỹ của lớp nhé",22
"Con cài giúp chú cái app VNeID với, nghe nói là phải lên mức 2 mới tích hợp được bằng lái xe.",22
"Trường đang phát động phong trào ủng hộ đồng bào bão lụt, ba gửi 50k vào quỹ của lớp nhé",22
Chút nữa bản tin thời sự tải app mb bank về xong ra quầy định danh r lấy mã otp cài vô máy nhé,22
Vụ án công an đột kích sòng bạc ở Vũng Tàu tối qua rần rần trên thời sự VTV1 luôn m ơi.,22
Nhỏ em t đi xe đạp bị tông trầy xước chút xíu chảy máu mà làm quá trời,22
"Hệ thống cổng dịch vụ công đang bảo trì, trưởng thôn chờ chiều tối cập nhật lại khuôn mặt sau nha",22
"Lương tháng này công ty vừa ck banking qua mb bank r đó, bản tin thời sự check xem ting ting chưa",22
"Đợt này ra sân bay không cần mang cccd cứng đâu, công ty cứ mở app vneid trên điện thoại lên đưa họ quét là được",22
"Lương tháng này công ty vừa chuyển khoản banking qua mb bank rồi đó, thầy giáo check xem ting ting chưa",22
Chút nữa trưởng thôn tải app agribank về xong ra quầy định danh r lấy mã otp cài vô máy nhé,22
Chút nữa thầy giáo tải app agribank về xong ra quầy định danh rồi lấy mã otp cài vô máy nha,22
"Lương tháng này công ty vừa chuyển khoản banking qua mb bank rồi đó, sếp check xem ting ting chưa",22
"Trường đang phát động phong trào ủng hộ đồng bào bão lụt, mẹ gửi 50k vào quỹ của lớp nhé",22
Tú ơi m có rảnh không chạy qua cục thuế thành phố lấy cái biên lai nộp lệ phí trước bạ giùm tao với.,22
"Mình mới nhận được email báo trúng tuyển vòng phỏng vấn công ty FPT, tuần sau bắt đầu đi làm.",22
Mẹ mới cấn thai được 2 tháng đi khám bảo hiểm y tế mà thủ tục rườm rà quá trời.,22
Chút nữa ba tải app vp bank về xong ra quầy định danh rồi lấy mã otp cài vô máy nha,22
"Lương tháng này công ty vừa chuyển khoản banking qua mb bank rồi đó, chồng check xem ting ting chưa",22
"Ra cây ATM rút tiền mà quên mang thẻ, may nãy mở app banking ra quét mã QR rút rốp rẻng luôn",22
Ông can xã bữa nay xuống tận nhà thu thập thông tin làm cccd gắn chip đó bản tin thời sự,22
"Đọc báo thấy vụ tai nạn liên hoàn trên cao tốc sợ quá, thầy giáo đi đường cẩn thận nhé",22
Hôm qua đi làm quên mang xin nhan bị thầy giáo công an phường tuýt còi phạt 2 xị cay quá,22
Hôm qua đi làm quên mang xin nhan bị sếp công an phường tuýt còi phạt 2 xị cay quá,22
Vụ án công an đột kích sòng bạc ở Vũng Tàu tối qua rần rần trên thời sự VTV1 luôn m ơi.,22
Hôm qua đi làm quên mang xin nhén bị ba công an phường tuýt còi phạt 2 xị cay quá,22
"Trường đang phát động phong trào ủng hộ đồng bào bão lụt, trưởng thôn gửi 50k vào quỹ của lớp nhé",22
Chiều nay rảnh chở mẹ ra bưu điện đóng tiền thuế đất sử dụng đất phi nông nghiệp nghe.,22
"Đợt này ra sân bay không cần mang cccd cứng đâu, vợ cứ mở app vneid trên điện thoại lên đưa họ quét là được",22
Chút nữa chồng tải app techcombank về xong ra quầy định danh rồi lấy mã otp cài vô máy nha,22
Hôm qua đi làm quên mang xin nhan bị bản tin thời sự công an phường tuýt còi phạt 2 xị cay quá,22
Bữa nay thi bằng lái xe phải đồng bộ dữ liệu vneid rồi rườm rà ghê,22
"Đợt này ra sân bay không cần mang cccd cứng đâu, bản tin thời sự cứ mở app vneid trên điện thoại lên đưa họ quét là được",22
"Hệ thống cổng dịch vụ công đang bảo trì, bản tin thời sự chờ chiều tối cập nhật lại khuôn mặt sau nha",22
"Đợt này ra sân bay không cần mang cccd cứng đâu, thầy giáo cứ mở app vneid trên điện thoại lên đưa họ quét là được",22
Nhỏ em t đi xe đạp bị tông trầy xước chút xíu chảy máu mà làm quá trời,22
"Đợt này ra sân bay không cần mang cccd cứng đâu, công ty cứ mở app vneid trên điện thoại lên đưa họ quét là được",22
Chút nữa công ty tải app vp bank về xong ra quầy định danh rồi lấy mã otp cài vô máy nha,22
Hôm qua đi làm quên mang xin nhan bị bà hàng xóm công an phường tuýt còi phạt 2 xị cay quá,22
"Chi cục thuế thông báo đến kỳ hạn nộp thuế môn bài năm 2024, công ty nhớ cử kế toán đi làm nhé.",22
Ông can xã bữa nay xuống tận nhà thu thập thông tin làm cccd gắn chip đó vợ,22
Chút nữa trưởng thôn tải app mb bank về xong ra quầy định danh r lấy mã otp cài vô máy nhé,22
"Công việc ctv bán hàng mỹ phẩm bên này nhàn vỡi, lương cứng 5 củ lại còn đc chia phần trăm hoa hồng.",22
Thằng Bin chạy ngoài đường bị công an thổi phạt nguội 500k tội vượt đèn đỏ rồi.,22
"Xe t bị dính phạt nguội vượt đèn đỏ hôm bữa lên tra trên trang pccc thấy hình luôn rồi, đành ra kho bạc nộp thôi",22
Hôm qua đi làm quên mang xin nhan bị mẹ công an phường tuýt còi phạt 2 xị cay quá,22
"Hệ thống cổng dịch vụ công đang bảo trì, công ty chờ chiều tối cập nhật lại khuôn mặt sau nha",22
Hôm qua đi làm quên mang xin nhan bị sếp công an phường tuýt còi phạt 2 xị cay quá,22
"Mấy cái phông bạt sao kê từ thiện trên mạng giờ tràn lan, chẳng biết tin ai nữa.",22
"Sáng xem bản tin VTV thấy bảo dạo này nhiều vụ giả danh công an gọi điện bắt đóng phạt nguội lắm, vợ cẩn thận nhé",22
"Công ty tổ chức quyên góp từ thiện cho đồng bào vùng bão lũ, mỗi người tự nguyện chuyển khoản ít nhất 100k.",22
"Trường đang phát động phong trào ủng hộ đồng bào bão lụt, mẹ gửi 50k vào quỹ của lớp nhé",22
"Đợt này ra sân bay ko cần mang cccd cứng đâu, công ty cứ mở app vneid trên điện thoại lên đưa họ quét là đc",22
App Vietcombank tự nhiên báo lỗi giao dịch không thành công mà tiền trong thẻ vẫn bị trừ 50k.,22
"Mẹ ơi ngoại nhập viện cấp cứu do lên huyết áp, mẹ chạy lên bệnh viện liền nghen",22
Chiều nay rảnh chở mẹ ra bưu điện đóng tiền thuế đất sử dụng đất phi nông nghiệp nghe.,22
Chút nữa trưởng thôn tải app vp bank về xong ra quầy định danh rồi lấy mã otp cài vô máy nha,22
Chút nữa trưởng thôn tải app agribank về xong ra quầy định danh r lấy mã otp cài vô máy nhé,22
App Vietcombank tự nhiên báo lỗi giao dịch không thành công mà tiền trong thẻ vẫn bị trừ 50k.,22
"Sáng xem bản tin VTV thấy bảo dạo này nhiều vụ giả danh công an gọi điện bắt đóng phạt nguội lắm, chồng cẩn thận nha",22
"Đọc báo thấy vụ tai nạn liên hoàn trên cao tốc sợ quá, công ty đi đường cẩn thận nhé",22
"Đợt này ra sân bay không cần mang cccd cứng đâu, công ty cứ mở app vneid trên điện thoại lên đưa họ quét là được",22
"Mình mới nhận được email báo trúng tuyển vòng phỏng vấn công ty FPT, tuần sau bắt đầu đi làm.",22
Chút nữa bà hàng xóm tải app mb bank về xong ra quầy định danh rồi lấy mã otp cài vô máy nha,22
"Hệ thống cổng dịch vụ công đang bảo trì, sếp chờ chiều tối cập nhật lại khuôn mặt sau nhé",22
"Hôm rày đi đá banh t bị tai nạn gãy chân đang nằm viện nè, chủ nhật công ty rảnh vào thăm t nha",22
Ê đang săn sale trên Shopee mà mã giảm giá bắt thanh toán qua thẻ tín dụng mới được áp dụng.,22
Chút nữa thầy giáo tải app agribank về xong ra quầy định danh r lấy mã otp cài vô máy nhé,22
"Đợt này ra sân bay ko cần mang cccd cứng đâu, bà hàng xóm cứ mở app vneid trên điện thoại lên đưa họ quét là đc",22
"Hôm qua đi coi bói thầy phán chuẩn ghê, ổng nói năm nay hạn nặng dễ bị tai nạn đi đường nên đi từ từ thôi.",22
"Hôm rày đi đá banh t bị tai nạn gãy chân đang nằm viện nè, chủ nhật chồng rảnh vào thăm t nha",22
Bữa nay thi bằng lái xe phải đồng bộ dữ liệu vneid rồi rườm rà ghê,22
"Hôm rày đi đá banh t bị tai nạn gãy chân đang nằm viện nè, chủ nhật công ty rảnh vào thăm t nhé",22
"Tới tháng săn sale shopee r, đợt này chốt đơn cái áo khoác sướng ghê không tốn phí ship",22
Chút nữa chồng tải app agribank về xong ra quầy định danh rồi lấy mã otp cài vô máy nha,22
Mặt trận tổ quốc xã vừa phát danh sách các hộ nghèo cần quyên góp từ thiện nhịp Tết này,22
Sếp bảo mai mảng tuyển dụng nhân sự có cuộc phỏng vấn ứng viên lúc 9h sáng nhé,22
Hôm qua đi làm quên mang xin nhan bị thầy giáo công an phường tuýt còi phạt 2 xị cay quá,22
"Trường đang phát động phong trào ủng hộ đồng bào bão lụt, sếp gửi 50k vào quỹ của lớp nhé",22
"Tới tháng săn sale shopee r, đợt này chốt đơn cái áo khoác sướng ghê không tốn phí ship",22
"Tới tháng săn sale shopee rồi, đợt này chốt đơn cái áo khoác sướng ghê ko tốn phí ship",22
Chút nữa thầy giáo tải app techcombank về xong ra quầy định danh r lấy mã otp cài vô máy nhé,22
"Hôm rày đi đá banh t bị tai nạn gãy chân đang nằm viện nè, chủ nhật mẹ rảnh vào thăm t nhé",22
Bữa nay thi bằng lái xe phải đồng bộ dữ liệu vneid rồi rườm rà ghê,22
"Công việc ctv bán hàng mỹ phẩm bên này nhàn vỡi, lương cứng 5 củ lại còn đc chia phần trăm hoa hồng.",22
Hôm qua đi làm quên mang xin nhén bị trưởng thôn công an phường tuýt còi phạt 2 xị cay quá,22
Chút nữa thầy giáo tải app vp bank về xong ra quầy định danh rồi lấy mã otp cài vô máy nha,22
"Hôm qua đi coi bói thầy phán chuẩn ghê, ổng nói năm nay hạn nặng dễ bị tai nạn đi đường nên đi từ từ thôi.",22
"Sáng xem bản tin VTV thấy bảo dạo này nhiều vụ giả danh công an gọi điện bắt đóng phạt nguội lắm, ba cẩn thận nha",22
"Hệ thống cổng dịch vụ công đang bảo trì, vợ chờ chiều tối cập nhật lại khuôn mặt sau nha",22
"Hệ thống cổng dịch vụ công đang bảo trì, bà hàng xóm chờ chiều tối cập nhật lại khuôn mặt sau nha",22
Chút nữa chồng tải app techcombank về xong ra quầy định danh rồi lấy mã otp cài vô máy nha,22
"Hệ thống cổng dịch vụ công đang bảo trì, ba chờ chiều tối cập nhật lại khuôn mặt sau nha",22
Chút nữa bà hàng xóm tải app vp bank về xong ra quầy định danh r lấy mã otp cài vô máy nhé,22
Chút nữa ba tải app vp bank về xong ra quầy định danh rồi lấy mã otp cài vô máy nha,22
Bên trung tâm y tế dự phòng gửi tin nhắn nhắc đi tiêm vắc xin ung thư cổ tử cung mũi 2 r nè.,22
"Hệ thống ngân hàng đang bảo trì nên t không nhận được mã otp, tí nữa t chuyển tìn lại cho",22
"Hôm rày đi đá banh t bị tai nạn gãy chân đang nằm viện nè, chủ nhật chồng rảnh vào thăm t nha",22
"Lương tháng này công ty vừa chuyển khoản banking qua mb bank rồi đó, trưởng thôn check xem ting ting chưa",22
Chút nữa chồng tải app techcombank về xong ra quầy định danh rồi lấy mã otp cài vô máy nha,22
"Trường đang phát động phong trào ủng hộ đồng bào bão lụt, vợ gửi 50k vào quỹ của lớp nhé",22
Ông can xã bữa nay xuống tận nhà thu thập thông tin làm cccd gắn chip đó công ty,22
"Đợt này ra sân bay không cần mang cccd cứng đâu, sếp cứ mở app vneid trên điện thoại lên đưa họ quét là được",22
"Đợt này ra sân bay ko cần mang cccd cứng đâu, bản tin thời sự cứ mở app vneid trên điện thoại lên đưa họ quét là đc",22
Hôm qua đi làm quên mang xin nhan bị thầy giáo công an phường tuýt còi phạt 2 xị cay quá,22
"Hệ thống ngân hàng đang bảo trì nên t ko nhận đc mã otp, tí nữa t chuyển tìn lại cho",22
"App ngân hàng Agribank dạo này hay lỗi hệ thống quá, mãi mới đăng nhập được bằng vân tay.",22
Chút nữa thầy giáo tải app agribank về xong ra quầy định danh rồi lấy mã otp cài vô máy nha,22
"Công việc ctv bán hàng mỹ phẩm bên này nhàn vỡi, lương cứng 5 củ lại còn đc chia phần trăm hoa hồng.",22
"Trường đang phát động phong trào ủng hộ đồng bào bão lụt, trưởng thôn gửi 50k vào quỹ của lớp nhé",22
Vụ án công an đột kích sòng bạc ở Vũng Tàu tối qua rần rần trên thời sự VTV1 luôn m ơi.,22
"Hôm rày đi đá banh t bị tai nạn gãy chân đang nằm viện nè, chủ nhật chồng rảnh vào thăm t nha",22
Chút nữa công ty tải app techcombank về xong ra quầy định danh rồi lấy mã otp cài vô máy nha,22
Ông can xã bữa nay xuống tận nhà thu thập thông tin làm cccd gắn chip đó bà hàng xóm,22
Chút nữa chồng tải app mb bank về xong ra quầy định danh rồi lấy mã otp cài vô máy nha,22
Hôm qua đi làm quên mang xin nhén bị trưởng thôn công an phường tuýt còi phạt 2 xị cay quá,22
"Đợt này ra sân bay ko cần mang cccd cứng đâu, bà hàng xóm cứ mở app vneid trên điện thoại lên đưa họ quét là đc",22
Chút nữa công ty tải app mb bank về xong ra quầy định danh rồi lấy mã otp cài vô máy nha,22
"Tới tháng săn sale shopee rồi, đợt này chốt đơn cái áo khoác sướng ghê không tốn phí ship",22
Chút nữa trưởng thôn tải app vp bank về xong ra quầy định danh rồi lấy mã otp cài vô máy nha,22
Chút nữa công ty tải app mb bank về xong ra quầy định danh rồi lấy mã otp cài vô máy nha,22
Trưởng phòng bảo phòng mình tháng này bị trừ KPI doanh số nặng do mảng tuyển dụng chậm trễ.,22
Chút nữa ba tải app techcombank về xong ra quầy định danh r lấy mã otp cài vô máy nhé,22
"Mẹ ơi ngoại nhập viện cấp cứu do lên huyết áp, mẹ chạy lên bệnh viện liền nghen",22
"Lương tháng này công ty vừa chuyển khoản banking qua mb bank rồi đó, vợ check xem ting ting chưa",22
