text,label
alo em ơi vneid anh bị lỗi xác thực khuôn mặt click vào link này cài lại app nhé,1
cơ quan dvc thông báo tài khoản định danh bị khóa cài app apk này để mở lại,1
anh ơi do thay đổi chính sách vneid cần cấp quyền trợ năng cho ứng dụng mới,1
sở tư pháp gửi thông báo cập nhật sinh trắc học vneid qua đường link dvcupdatevn,1
tải app vneid bản mới tại đây bản trên ch play đã hết hạn rồi ạ,1
em là cán bộ hỗ trợ vneid share màn hình để em kiểm tra lỗi giúp anh nhé,1
cccd chip của chị bị lỗi dữ liệu cần cài đặt ứng dụng bổ sung từ link này,1
do sáp nhập hành chính hộ khẩu điện tử cần được kích hoạt lại qua app dvc mới,1
ê m ơi tải vnêid bản mới đi bản cũ trên store bị lỗi rồi nha,1
vneid bảo cần xác thực lại mặt nhấn link dvcgovvnupdateapk để làm,1
click vào đây cài vneid mới nhất nha chị phiên bản trên store hết hạn r,1
anh share màn hình cho em check lỗi vneid giùm chỉ mất 2 phút thôi,1
dcm cái vneid hỏng r tải file apk t gửi đi m trên store toàn bản lỗi,1
hệ thống dvc phát hiện sai lệch sinh trắc yêu cầu đăng nhập qua cổng phụ này,1
em gọi từ trung tâm hỗ trợ vneid sim anh bị trùng số cccd cần xác minh gấp,1
alo chị ơi thẻ cccd gắn chip bị lỗi nfc cần cài app hỗ trợ từ đường link này,1
ê download cái app vneid từ link kia đi ko down là mốt bị khoá cccd đó nghen,1
cập nhật vneid phiên bản 40 qua link apk bản store chưa có tính năng mới,1
m ơi vneid báo lỗi r share mh cho t check liền nha ét ô ét lun á,1
cơ quan hành chính gửi link cài đặt dvc mới không cài sẽ mất quyền truy cập,1
bạn có khoản trợ cấp bhxh 15 triệu chưa nhận nộp 1 triệu phí hồ sơ để giải ngân,1
sổ bhxh của bạn sắp hết hạn ngày 304 nộp 500k phí gia hạn qua tài khoản này,1
cơ quan bhxh phát hiện sai thông tin bảo hiểm y tế cung cấp otp để cập nhật,1
bhxh vn thông báo có khoản bồi thường tai nạn lao động click link nhận tiền,1
ê sổ bhxh của m bị sai info r gửi cmnd otp t sửa giùm,1
dcm bhxh báo nộp 2 củ phí xử lý mới cho rút tiền trợ cấp ck vô stk này,1
bạn t làm bên bhxh bảo check sổ bảo hiểm qua app fake lun nè link tao gửi đó,1
bhxh tỉnh thông báo chị có khoản thai sản 18 triệu nộp phí xác nhận 800k,1
hệ thống vssid phát hiện trùng mã số bhxh yêu cầu xác minh qua link web,1
em là nhân viên bhxh quận 1 sổ anh bị khóa do nợ phí nộp 3 triệu mở lại,1
app vssid bị lỗi tải bản apk mới từ link này để tiếp tục tra cứu bảo hiểm,1
ck 500k phí hồ sơ bhxh đi m mai hết hạn là mất hết quyền lợi bảo hiểm đó,1
trung tâm bhxh thông báo bạn đủ điều kiện nhận trợ cấp thất nghiệp link đăng ký,1
số sổ bhxh bị trùng với người khác cần cung cấp otp ngân hàng để xác thực,1
t vừa nhận tin nhắn bhxh bảo r nộp 1 triệu là rút 20 triệu trợ cấp nè ae,1
sổ bhyt hết hạn r nha gửi stk otp cho t gia hạn lẹ kẻo bệnh viện ko nhận,1
alo tui từ cơ quan bhxh ne acc vssid bị khóa r tải app này mở lại dum,1
bhxh thông báo hoàn tiền đóng thừa 5 triệu xác nhận qua link dưới đây,1
em ơi sổ bhxh của chị bị lỗi hệ thống share màn hình để em hỗ trợ sửa nha,1
app vssid update bản mới tải apk từ link tui gửi vì bản store bị delay,1
khoản trợ cấp bhxh 10 triệu đã duyệt đóng phí xử lý 2 triệu để nhận tiền,1
dcm cái vssid bị lag quá nhấn link bhxh t gửi kiểm tra lại sổ đi m,1
bhxh huyện gọi thông báo sổ bảo hiểm bị lỗi dữ liệu yêu cầu cập nhật qua link,1
chị bị sai thông tin bhxh gọi video share màn hình cho em kiểm tra giúp nha,1
ê m check coi bhxh trả lời gì chưa click link này đi k click mất tiền đó,1
bhxh thông báo bạn có khoản thai sản đã duyệt nhập otp 6 số để xác nhận nhận tiền,1
sổ bhxh bạn bị đánh dấu gian lận nộp 5 triệu ký quỹ để gỡ lệnh phong tỏa,1
vssid yêu cầu xác thực sinh trắc học qua link mới link store đã hết hiệu lực,1
bảo hiểm y tế của em hết hạn 154 nạp 300k qua ví momo để gia hạn online,1
ae ơi t vừa bị lừa mất 2 củ vì tải app bhxh fake cẩn thận link lạ nha,1
bhxh việt nam xin thông báo mã số bhxh của bạn bị trùng cấp quyền trợ năng để xử lý,1
cán bộ phường gọi bảo vneid cần cài thêm phần mềm hỗ trợ gửi link apk,1
ê tải cái dvc này nha cái trên google store lỗi r cái này ấp đết mới,1
định danh điện tử bị vô hiệu hóa gọi hotline 1900xxxx để kích hoạt lại ngay,1
m ơi hé vneid full crack nè tải file apk này đi không phải xác thực gì hết,1
dvc thông báo tài khoản dịch vụ công bị khóa do phát hiện đăng nhập bất thường,1
cơ quan bhxh triệu tập anh ra trình diện ngày mai nộp 3 triệu phí xử lý vi phạm,1
ê t bên trung tâm dvc nè acc m bị ai hack r share mh t fix cho,1
dịch vụ công quốc gia thông báo giấy tờ bị lỗi số hóa tải ứng dụng bổ sung ngay,1
bhxh quận thông báo sổ bị khóa do trễ hạn đóng chuyển 700k để mở,1
hệ thống dvc vừa nâng cấp tải bản apk mới vì app store chưa cập nhật kịp,1
em nghe nói app vneid trên store bị lỗi bảo mật tải bản an toàn từ link này,1
bhxh gửi tin nhắn báo tiền thai sản 12 triệu đã duyệt nộp phí hồ sơ 15 triệu,1
alo chị tui cán bộ bhxh ne sổ chị bị kẹt hệ thống đọc mã otp để tui reset,1
click dô link tải vneid mới đi ae bản cũ nó ngốn pin lắm bản này xịn hơn,1
alo anh ơi em từ vneid tài khoản anh bị đánh dấu bất thường cần xác minh ngay,1
vssid phiên bản mới yêu cầu cấp quyền camera và microphone để xác thực sinh trắc,1
alo m là cán bộ bhxh nè sổ bị trùng mã r ck 1 triệu ký quỹ xác nhận,1
hệ thống vneid gặp sự cố đồng bộ tải bản patch từ link này để sửa lỗi,1
bhxh thông báo quyết định hưởng chế độ hưu trí nộp 2 triệu phí thủ tục,1
ae cẩn thận mấy cái link giả vneid nhé đứa nào gửi link apk là scam đó,1
do thay đổi chính sách mới định danh điện tử cần được đăng ký lại qua link web,1
bhxh bảo sổ t bị deactivate r ck 500k để active lại kẻo mất quyền lợi,1
ê m ơi vneid ko vô đc á có ai cho t mượn otp xác thực ko chằm zn,1
tôi là cán bộ công an quận 3 anh đang bị liên quan đường dây buôn lậu,0
tòa án gửi lệnh triệu tập anh nếu không ra trình diện sẽ bị dẫn giải,0
alo tôi đại úy nguyễn văn a phòng cshs yêu cầu anh hợp tác điều tra,0
số cmnd của anh liên quan vụ án ma túy xuyên quốc gia phải chuyển tiền bảo lãnh,0
công an khu vực yêu cầu đóng 3 triệu phí xác minh nhân thân chuyển ngay,0
viện kiểm sát triệu tập chị ra tòa ngày mai nộp 10 triệu tạm ứng án phí,0
ê m ơi can gọi bảo t dính hs rửa tiền đòi 50 củ bảo lãnh lun luôn,0
vãi chưởng c0ng 4n quận gọi nói ba t bị bắt ck tiền chuộc 30 củ,0
alo tui thiếu tá ca ne mi bị lệnh truy nã r ck 20 củ lo lót ko thì bế đi,0
sos ae ơi t bị mấy thằng xưng ca gọi đe dọa đòi ck tiền bảo lãnh,0
cảnh sát hình sự p bình thạnh thông báo anh bị kiện lừa đảo cần nộp tiền thế chấp,0
ca gọi bảo con gái anh dính ma túy bị bắt tại trận nộp 100 triệu bảo lãnh tại ngoại,0
dcm tưởng ai hoá ra lừa đảo nó xưng ca bắt ck 5 củ phí xử lý hồ sơ,0
thiếu tá trần ca phường gọi cmnd bạn bị dùng mở thẻ rửa tiền cần xác minh,0
alo em ơi ca quận hoàn kiếm thông báo em bị liên quan tội rửa tiền giữ bí mật nhé,0
tui cán bộ tòa án nè anh bị khởi tố r nộp 15 triệu án phí kẻo bắt giam,0
m ơi ca bảo t liên quan đường dây đòi ck 20 củ ko thì bế đi á lo vl,0
ê bị can gọi bảo dính án xuyên quốc gia đọc otp cho nó verify nhé,0
alo chị là công an khu vực yêu cầu chuyển 2 triệu phí đăng ký tạm trú,0
chánh án tòa tối cao gọi anh bị dính líu đường dây lừa đảo quốc tế ck tiền xử lý,0
t ca gọi nè m có 24h để ck 50 món ko vô bót ngồi luôn nha,0
ca gọi bảo nhà m dính vụ án pháo lậu ck phí cho tui lo r ko bị bắt hết,0
ê m ơi coi chừng thằng nào gả ca quận 7 gọi bảo dính án đòi tiền bảo lãnh,0
sos t mới bị ca gọi xong bảo ck tiền chạy án 30 củ help pls,0
alo tui thượng tá phòng pccc nhà anh bị lập biên bản vi phạm nộp phạt 5 triệu ngay,0
công an tỉnh gửi lệnh khẩn cấp tài khoản anh bị nghi rửa tiền cần phong tỏa,0
ca gọi bảo thẻ atm t đang bị dùng trái phép đọc otp đi xác minh,0
ê m bị can quận gọi chưa nó bảo dính hs lừa đảo ck 10 củ chạy r nha,0
viện ksnd triệu tập em ra trình diện ko đi sẽ có lệnh bắt giữ tạm giam,0
mãi keo can ph gọi bảo phạt nguội 3 triệu ck lẹ kẻo bị giữ bằng lái m,0
hệ thống atm thông báo giao dịch đáng ngờ bấm link xác nhận hoặc tài khoản bị khóa,0
ca phường gọi bảo m có lệnh triệu tập liên quan buôn bán chất cấm ck tiền lo,0
alo tui trung tá lê minh phòng csđt m bị tố cáo lừa đảo chiếm đoạt tài sản,0
nhắn m sos bị ca đe dọa bắt đòi 100 triệu chạy án m nghĩ t nên tin ko,0
cán bộ điều tra bảo cmnd anh bị dùng mở công ty ma chuyển 20 triệu phong tỏa,0
quỹ abca kêu gọi ủng hộ 500 phần quà tết ck vào tk cá nhân chấp nhận momo,10
nghệ sĩ x livestream kêu gọi từ thiện giúp bà con bão lũ ck vào stk hotgirl,10
ae ủng hộ quỹ xây trường vùng cao nha đóng góp qua ví điện tử cá nhân,10
cô bé 3 tuổi bị ung thư máu cần 1 tỷ phẫu thuật mọi người ck ủng hộ,10
tết yêu thương quỹ tặng 1000 suất cơm cho người vô gia cư ck ủng hộ,10
bão lũ miền bắc ae ck vào stk giúp dân bị mất nhà ko lo bị xà xẻo đâu,10
ê m ơi đóng góp quỹ chó mèo hoang đi ck vô momo t quản quỹ,10
đoàn từ thiện trao quà vùng sâu vùng xa ck vào stk riêng của trưởng đoàn,10
chùa xyz quyên góp xây chánh điện phật tử ck vào tk sư trụ trì,10
trại trẻ mồ côi gặp hỏa hoạn mất hết đồ ae ck nhanh giúp các em nha,10
alo ae nào rảnh ck giúp quỹ 50k cũng đc bé nhà nghèo bị bệnh tim cần mổ gấp,10
ae hảo tâm ck ủng hộ quỹ lũ miền trung nha mỗi người 1 ít góp sức,10
quỹ nhân ái kêu gọi phát cơm miễn phí cho bệnh viện ck vào stk cá nhân,10
cháu bé bị bệnh hiểm nghèo cần 500 triệu phẫu thuật ae ck ủng hộ,10
livestream kêu gọi từ thiện cho dân vùng lũ scan qr momo đóng góp ngay,10
sư thầy kêu gọi phật tử đóng góp xây tượng 18 tỷ ck vào tk cá nhân,10
ae ck giúp quỹ mùa đông ấm cho trẻ em vùng cao nha 100k cũng quý,10
quỹ x tổ chức chạy bộ từ thiện đóng góp trực tiếp qua link momo bên dưới,10
ê ae ck giúp nha bé hàng xóm bị tai nạn cần tiền viện phí gấp,10
dcm thằng đó mạo danh quỹ từ thiện lừa hết mấy trăm triệu cẩn thận ae,10
đoàn thiện nguyện phát quà trung thu cho trẻ nghèo ck vào stk cá nhân t nha,10
ae ck vào stk t nha t đang đi từ thiện phát cơm cho ng vô gia cư,10
chị ơi ck ủng hộ quỹ mổ mắt cho người nghèo mỗi suất 3 triệu thôi,10
nhóm thiện nguyện kêu gọi ủng hộ sách vở cho trẻ vùng cao ck vô stk đoàn,10
ê m ck giúp quỹ phát cơm bệnh viện nhi đi bé nào cũng thương hết á,10
quỹ abc live kêu gọi quyên góp cho cháu 5 tuổi bị bỏng nặng ck vô tk admin,10
ae từ tâm ck giúp quỹ chữa bệnh cho trẻ em dị tật mỗi đồng đều quý,10
đợt bão mới miền trung ae ck nhanh giúp bà con quỹ do t quản 100,10
ê ck giúp quỹ tết cho ng lao động nghèo đi m có video clip bà con r đó,10
đầu tư sàn forex xtrade lợi nhuận 30 mỗi tháng đảm bảo không lỗ,11
group vip tín hiệu crypto phí 5 triệutháng cam kết x3 vốn sau 2 tuần,11
ê m ơi vô sàn giao dịch quyền chọn này đi t x2 vốn trong 1 tuần r nè,11
mentor tài chính chia sẻ bí quyết đầu tư chứng khoán chỉ cần nạp 10 triệu là bắt đầu,11
sàn giao dịch coin abc mới ra nạp 1 triệu ngay hôm nay được tặng 500k bonus,11
ae ơi sàn của t nạp 5 củ lãi 50 củ chơi 3 ngày rút liền ko fake,11
group zalo đầu tư vàng online admin cam kết lãi 5ngày nạp tiền vô app,11
đầu tư bất động sản metaverse mua đất ảo giá 2 triệu bán lại 20 triệu,11
ê t mới x5 vốn trên sàn abc nè m nạp 10 củ giờ có 50 củ r,11
dcm thằng admin sàn bịp lừa hết 200 triệu r ae cẩn thận mấy sàn ponzi,11
mentor online dạy trade free chỉ cần nạp 3 triệu deposit là bắt đầu kiếm tiền,11
sàn quyền chọn nhị phân mới nạp 500k chơi thử rút lãi 2 triệu sau 3 ngày,11
ae join group tín hiệu forex vip đi phí 2 củtháng win rate 90,11
đầu tư token xyz presale giá 0001 listing sàn lớn sẽ x100 trong 1 tháng,11
ê m ơi nạp tiền sàn mới này đi nạp 5 lãi 15 trong 1 tuần legit 100,11
chuyên gia chứng khoán livestream chỉ mã nạp vip 10 triệu để nhận tín hiệu,11
sàn crypto mới launch nạp 1 triệu được tặng 1 triệu rút bất kỳ lúc nào,11
ae nạp 2 triệu vô app đầu tư teacher sẽ chỉ trade lãi 500kngày,11
đầu tư ai trading bot tự động nạp 5 triệu mỗi tháng nhận 3 triệu lãi,11
dcm tin thằng mentor vl mất 50 củ trên sàn ảo r ae ơi cẩn thận,11
ê m vô group đầu tư coin này đi admin bảo x10 vốn trong 1 tuần,11
sàn giao dịch lúa đôn nhị phân deposit 10 triệu lãi cam kết 80tháng,11
invest vào dự án bất động sản nghỉ dưỡng cam kết mua lại 120 sau 12 tháng,11
ae ơi t mới rút 15 triệu lãi trên sàn xyz nè nạp 5 củ chơi thử đi,11
mentor gọi bảo nạp thêm 20 triệu margin call ko thì mất hết vốn,11
ê đầu tư nft game mới nạp 3 triệu mua hero farm 500kngày rút thoải mái,11
lừa đảo kiểu mới giả vờ tuyển ctv bán hàng online thu phí đào tạo 2 triệu,21
thằng đó lừa m đó m ơi mấy cái kiểu đòi ck trước rồi im luôn á,21
ae coi chừng kiểu lừa mới gửi link rồi chiếm quyền điện thoại luôn,21
cẩn thận nha m kiểu lừa mới giờ nó deepfake giọng người thân gọi xin tiền,21
ê m bị lừa r thằng đó dụ nạp tiền rồi block hết scam 100,21
lừa đảo kiểu gì cũng có giờ nó còn gửi hợp đồng giả luôn ae ơi,21
ae báo ca đi thằng đó lừa mấy chục người rồi mỗi người mất vài triệu,21
ê coi chừng tin nhắn quảng cáo cho vay bấm link là mất tiền trong tk luôn,21
lừa đảo qua app cho vay nặng lãi tải app xong nó chiếm dữ liệu phone,21
dcm bị lừa kiểu social engineering nó biết hết info mình rồi dụ ck tiền,21
cẩn thận kiểu gọi điện giả giọng bạn bè xin mượn tiền gấp ae ơi,21
ê thằng nào gửi link cho m đòi verify gmail là scam đó đừng bấm,21
lừa đảo tuyển mẫu ảnh bảo ck 5 triệu phí casting rồi biến mất,21
ae coi chừng kiểu giả admin group zalo lừa ck tiền phí tham gia,21
ê m bị thằng nào dụ bấm link rồi bay hết tiền trong momo luôn,21
lừa kiểu mới gọi bảo gói cước điện thoại hết hạn bấm link gia hạn thì mất tiền,21
dcm vừa bị lừa kiểu bán acc game nó nhận tiền xong block t luôn,21
cẩn thận nhắn tin giả ngân hàng bảo tài khoản bất thường bấm link là bay tiền,21
ae ơi có kiểu lừa mới giả nhân viên shopee gọi hoàn tiền đọc otp là mất hết,21
ê bị lừa qua telegram thằng admin group bảo nạp tiền rồi biến mất với 30 củ,21
lừa đảo cho vay flash loan nạp phí 2 triệu để nhận khoản vay 50 triệu ảo,21
coi chừng mấy tin nhắn sms bảo trúng iphone bấm link nhập info là mất hết r,21
ae báo lên công an thằng lừa đảo bán điện thoại giá rẻ trên facebook,21
cẩn thận kiểu lừa mới deepfake video call giả sếp yêu cầu ck tiền gấp,21
ê m ơi đừng tin mấy cái quảng cáo vay 0 lãi suất lừa kiểu mới đó,21
dcm bị lừa r ae nó giả làm shipper bảo đợi hàng rồi lấy mất 3 củ,21
lừa đảo chiếm đoạt giả admin facebook nhắn tin bảo vi phạm chính sách phải xác minh,21
ae coi chừng mấy cái app cho vay lãi cắt cổ nó lấy hết danh bạ phone r gọi xin tiền,21
kiểu scam mới nhắn tin giả khách sạn bảo hoàn cọc nhập thẻ ngân hàng mất sạch,21
ê đừng tải mấy app lạ trên link nó cài keylogger lấy hết password m,21
bưu điện giao hàng cod bạn ơi check đơn hàng mã 123 tổng 2 triệu nhé,17
shipper giao kiện hàng cho chị tổng 350k cod chị ck trước qua momo nhé,17
alo anh có đơn hàng từ lazada phí ship thiếu 50k ck bổ sung qua link này,17
bưu cục thông báo kiện hàng quốc tế bị giữ nộp 500k thuế hải quan để nhận,17
ship giao hàng nè chị đơn từ shopee 180k cod chị ra cổng lấy nghen,17
đơn hàng của m bị trả về do sai địa chỉ ck 100k phí giao lại qua link,17
alo anh bưu điện giao bưu kiện từ nước ngoài phí phát sinh 2 triệu thuế nk,17
ê m có đơn hàng cod 500k kìa ship bảo ck trước kẻo giao cho người khác,17
ghn thông báo đơn hàng bị delay ck 150k phí bảo quản kho,17
hàng ship về r nè m cod 370k ra lấy lẹ kẻo ship bỏ đi nha,17
bưu cục quận 1 gọi kiện hàng quốc tế cần đóng thuế 15 triệu mới lấy được,17
alo chị ơi có bưu phẩm từ nhật phí xử lý hải quan 800k ck vào stk này,17
shipper ninjavan gọi đơn m bị sai sđt ck 50k phí update info đi,17
ê m ơi đơn tiktokshop bị hoàn ck 200k phí giao lại qua ví momo ship,17
jt gọi bảo đơn bị kẹt kho ck 100k phí xử lý qua link web hệ thống,17
bưu kiện quốc tế của anh bị giữ hải quan nộp 3 triệu thuế vat để thông quan,17
ship giao hàng đây ạ đơn cod 1 triệu 2 anh ra cổng nhận nhé,17
đơn hàng shopee bị trả về ck 80k phí logistics để giao lại lần 2,17
ê m có kiện hàng từ hàn bị giữ nộp phí hải quan 1 triệu qua link,17
dcm ship giao hàng lạ t ko đặt mà nó đòi ck 500k cod scam chắc,17
best express gọi bảo đơn m cần ck phí bảo hiểm 200k mới giao được,17
alo em bưu điện phường giao bưu phẩm đảm bảo phát sinh phí ký gửi 350k,17
hàng từ amazon bị giữ tại cảng ck 2 triệu thuế nhập khẩu qua link web,17
shipper bảo m ck trước cod 400k qua momo rồi mới giao hàng nặng ko vác lên,17
ê m nhận đơn ghn chưa nó bảo ck tiền ship phát sinh 70k kìa,17
jnt thông báo đơn hàng của quý khách cần ck 150k bảo hiểm vận chuyển,17
sos ae ơi mới bị thằng ship giả lừa mất 800k cod hàng toàn giấy vụn,17
bưu điện vn gọi có bưu phẩm từ mỹ nộp 15 triệu thuế phí xử lý,17
dcm ship giao đồ t ko order đòi cod 2 triệu m mở ra toàn rác bên trong,17
anh ơi có bưu kiện bưu điện phí phát sinh 600k do hàng quá khổ ck trước nhé,17
ê m mới nhận đc tin nhắn giả bưu điện đòi ck phí cẩn thận nha ae,17
viettel post bảo đơn bị kẹt ck 120k phí xử lý qua link lạ scam ko ta,17
alo giao kiện hàng khẩn cod 270k anh ck momo trước nha giao tận tay,17
hàng order từ taobao bị giữ nộp 800k phí xử lý hải quan qua link web,17
ae ơi nay có đứa xưng shipper gọi đòi ck 1 triệu cod hàng t ko mua cẩn thận,17
spx thông báo bưu phẩm cần ký xác nhận phí phát hành biên lai 50k,17
ê m ơi ship bảo đơn cod 900k m có đặt hàng gì ko mà cod cao vậy,17
jnt gửi link đơn hàng bị trả bấm link ck 100k phí giao lại kìa,17
bưu cục huyện gọi kiện hàng quốc tế cần giấy ủy quyền phí 500k mới lấy đc,17
ê m ơi trúng quay số spin trên shopee dyson airwrap nè đóng 3 triệu ship,13
chúc mừng bạn trúng iphone 16 pro max từ chương trình khách hàng thân thiết viettel,13
trúng voucher 50 triệu từ vincom bấm link nhận thưởng trong 24h kẻo hết hạn,13
ê m quay được giải nhất lazada 5 triệu nè đóng phí 500k nhận thưởng,13
bạn được chọn nhận quà sinh nhật từ samsung chỉ cần ck 200k phí ship,13
dcm ae t trúng iphone trên tiktok nó bảo ck 1 triệu phí xử lý lừa ko,13
vnpt chúc mừng bạn là kh may mắn tháng 4 nhận ngay 10 triệu bấm link,13
ê spin lazada trúng ps5 nè nộp 2 triệu thuế tncn mới giao hàng,13
chương trình tri ân kh fpt bạn trúng laptop macbook ck phí 3 triệu nhận quà,13
trúng vàng sjc 1 chỉ từ chương trình quay số momo đóng 500k phí xác minh,13
ê m ơi quay số trúng xe sh trên grab đóng 5 triệu phí trước bạ nhận xe,13
chúc mừng bạn là 1 trong 100 kh nhận quà cuối năm từ vietcombank bấm link,13
dcm bị lừa kiểu trúng thưởng shopee nộp 800k phí ship r ko nhận đc gì ae,13
bạn trúng voucher du lịch 20 triệu từ traveloka ck 1 triệu phí đặt cọc,13
ê t trúng quay số trên facebook vàng 2 chỉ nè nhưng phải ck 1 triệu phí,13
bidv chúc mừng bạn trúng giải đặc biệt điền thông tin thẻ để nhận 50 triệu,13
trúng giải samsung galaxy s25 ultra nộp 3 triệu thuế tncn trước khi nhận máy,13
quay số may mắn trên sendo trúng lò vi sóng ck 400k phí giao hàng nha,13
ê m ơi bấm link quay số tiki trúng ngay tai nghe airpods đóng 300k ship,13
dcm kiểu gì cũng lừa bảo trúng xe honda ko đóng phí 10 triệu ko giao,13
vietcombank thông báo tài khoản bị đăng nhập bất thường bấm link đổi mk ngay,16
otp 654321 giao dịch 15 triệu đang xử lý nếu ko phải bạn bấm link hủy giao dịch,16
thẻ tín dụng vpbank bị trừ 8 triệu đọc otp cho tổng đài hủy giao dịch,16
mb bank cảnh báo phát hiện thiết bị lạ truy cập xác nhận otp để khóa,16
ê tk ngân hàng m bị hack r đọc otp cho t check liền nha ét ô ét,16
dcm vcb gửi tin báo trừ 20 triệu m gửi t otp verify lại coi,16
acb thông báo thẻ bạn bị khóa do nghi ngờ giao dịch bất thường bấm link mở,16
alo em là nhân viên ngân hàng techcombank thẻ anh bị clone đọc otp khóa thẻ,16
nhnn yêu cầu liên kết momo với atm để nhận gói hỗ trợ covid đọc mã otp,16
ê m ơi tải app vcb digibank mới từ link này nha bản store lỗi r,16
tpbank cảnh báo có giao dịch 30 triệu đang chờ xác nhận bấm link hủy ngay,16
agribank thông báo thẻ atm hết hạn cần xác minh danh tính qua link web,16
mb bank ơi tk t bị bay 5 triệu r help đọc otp cho ai đó r hả m,16
sacombank thông báo tài khoản bị nghi rửa tiền cần xác minh qua video call,16
ê t nhân viên bank nè m ơi thẻ m bị ai dùng trái phép ck vô tk này xác minh,16
vpbank gửi link nâng cấp app mobile banking tải apk mới để tăng bảo mật,16
tk bidv m bị locked r đọc mã otp 6 số cho t reset nha lẹ lẹ m,16
alo chị ngân hàng vietinbank thông báo thẻ chip bị lỗi cần đổi thẻ qua link,16
dcm thằng nào giả bank gọi đòi otp may mà t ko đọc scam kinh,16
mbbank cảnh báo có 3 lần đăng nhập sai tài khoản sắp bị khóa bấm link xác nhận,16
ê m ơi vcb update app mới bảo mật hơn tải file apk từ link t gửi nha,16
ngân hàng xyz thông báo trả lãi suất ưu đãi 15năm mở tài khoản qua link,16
bidv gửi mã otp 123456 xác nhận giao dịch 10 triệu ko phải bạn thì bấm hủy,16
alo em là tổng đài techcombank phát hiện giao dịch đáng ngờ cần verify otp,16
tk sacombank của m bị freeze r ck 500k phí mở khóa vào stk này nha,16
ê t ngân hàng nè acc m bị đánh dấu high risk share mh t check,16
vietinbank cảnh báo có người thay đổi mật khẩu app bấm link đặt lại ngay,16
momo thông báo ví bị giới hạn xác minh danh tính qua link để mở lại,16
alo anh sacombank nè thẻ anh bị clone đọc otp 6 số để khóa thẻ gấp,16
ê m bạn t bên mb thẻ m bị trừ 12 triệu r đọc otp t hoàn lại cho,16
ê m ơi anh bạn gọi điện nhờ mượn 5 triệu gấp ck vào stk này nè,7
bạn thân m video call khóc lóc xin mượn 10 triệu mặt nó y chang luôn,7
alo con ơi ba bị tai nạn ck 20 triệu ngay vào số tài khoản này,7
mẹ gọi video bảo con ck tiền gấp 15 triệu mua thuốc video y thật,7
sếp gọi bảo ck trước 30 triệu cho đối tác mai ct hoàn lại cho m,7
ê t vừa nhận video call bạn thân mặt giống 100 nó xin mượn 8 triệu,7
anh trai gọi video khóc bảo bị tai nạn xe ck 50 triệu viện phí gấp,7
bạn cũ video call nói đang ở bệnh viện cấp cứu xin mượn 5 triệu,7
alo em ơi chị gái nè ck cho chị 3 triệu gấp mai chị trả chị đang kẹt,7
m ơi bồ t gọi video xin mượn 10 triệu mặt y chang nhưng giọng hơi lạ,7
sếp nhắn tin gấp trên zalo bảo ck 25 triệu cho khách hàng trước 5h chiều,7
ba gọi video bảo ck 30 triệu lo việc nhà gấp video rõ mặt luôn,7
ê m vừa bị lừa deepfake r nó giả giọng mama xin tiền viện phí,7
bạn thân m gọi video chia sẻ màn hình bảo login ngân hàng giúp nó,7
alo con ba gọi nè ck 10 triệu gấp cho ba ba đang ở bệnh viện,7
anh rể video call xin mượn 15 triệu mặt giống y hệt hóa ra deepfake,7
sếp urgent nhắn zalo ck 40 triệu đặt cọc cho dự án chuyển xong nhắn lại,7
bạn gọi video lúc 2h sáng khóc lóc bảo bị tai nạn cần 20 triệu gấp,7
ê m coi chừng nha deepfake giờ giả cả video call nhìn y thật luôn á,7
cô gọi video bảo ck 5 triệu cho cô mua thuốc mặt giống nhưng hỏi kỹ thì lộ,7
teammate video call bảo ck lương tháng trước cho nó công ty trả chậm,7
đồng nghiệp gọi video xin mượn 8 triệu nói bị kẹt tiền đi công tác,7
ê t nghe đâu có kiểu deepfake giả giọng người thân gọi xin tiền á m,7
chồng gọi video bảo ck 10 triệu mua vật liệu xây nhà gấp nhưng chồng đang ở cạnh,7
bạn gái gọi video khóc bảo bị cướp cần 7 triệu đi bệnh viện,7
sos ae deepfake giả sếp video call bảo ck 100 triệu suýt mất tiền,7
anh bạn video call hỏi mượn 3 triệu giọng mặt giống 99 nhưng hỏi chi tiết thì fail,7
mẹ nhắn tin bảo ck 12 triệu trả nợ ngay nhưng kiểm tra thì mẹ ko gửi,7
ê deepfake ngày càng xịn m check kỹ trước khi ck cho ai xin tiền qua video nha,7
đồng nghiệp nhắn zalo xin mượn 6 triệu nói bị block acc ngân hàng,7
tuyển ctv bán hàng online thu nhập 500k2 triệungày chỉ cần smartphone,12
việc nhẹ lương cao like video tiktok 50klike thu nhập 5 triệungày,12
tuyển thành viên đánh giá sản phẩm shopee mỗi đơn kiếm 100k300k,12
ê m ơi có việc đánh giá app kiếm 200kgiờ nè vô link đăng ký đi,12
tuyển nv parttime nhập data tại nhà lương 15 triệutháng chỉ cần laptop,12
dcm bị lừa kiểu việc nhẹ lương cao nạp 2 triệu phí rồi ko thấy việc đâu,12
đặt đơn hàng ảo shopee mỗi đơn kiếm 50200k làm nhiều kiếm nhiều,12
tuyển 50 ctv review sản phẩm hoàn tiền hoa hồng 30 join group zalo,12
ê m làm ctv bán hàng ko chỉ cần share link kiếm 10 hoa hồng,12
việc nhẹ lương cao xem quảng cáo youtube 30kvideo ngày kiếm 1 triệu,12
tuyển nv đánh máy tại nhà lương 20ktrang thu nhập 10 triệutháng,12
ae ơi có việc nạp tiền đặt đơn hàng ảo nạp 500k kiếm 200kđơn,12
ê vô group zalo làm nhiệm vụ kiếm tiền đi m mỗi task 50k ez money,12
tuyển ctv livestream bán hàng hoa hồng 20 thu nhập 30 triệutháng,12
dcm tin thằng bạn vô làm ctv nạp 5 triệu phí đào tạo r nó biến mất,12
việc online đánh giá 5 sao cho shop shopee mỗi đánh giá 100k làm ngay,12
tuyển nv social media chỉ cần like share bài viết lương 300kngày,12
ê m ơi có job đánh giá khách sạn booking 500kreview vô link đăng ký,12
làm ctv affiliate marketing share link kiếm hoa hồng 50kđơn ko cần vốn,12
tuyển 100 người test app mới chỉ cần smartphone thù lao 200kgiờ,12
đặt đơn ảo amazon deposit 1 triệu mỗi đơn kiếm 300k rút sau 3 đơn,12
việc parttime dịch tài liệu tiếng anh 100ktrang thu nhập 8 triệutháng,12
ê tuyển ctv chốt đơn trên tiktok shop nè hoa hồng 15 join group zalo,12
dcm nạp 3 triệu vô app làm nhiệm vụ r nó khóa tk mất trắng ae ơi,12
tuyển thực tập sinh marketing online lương 5 triệu thưởng ko cần kn,12
ae làm ctv shopee ko đặt đơn giả kiếm 500kngày nạp 2 triệu deposit,12
việc nhẹ chụp ảnh sản phẩm tại nhà mỗi sản phẩm 200k shipping miễn phí,12
tuyển 30 nv nhập liệu làm việc từ xa pay 25ktrang monthly 12 triệu,12
ê join group telegram kiếm tiền online đi m task nhỏ 50kcái ez lắm,12
dcm kiểu lừa ctv 2026 nó bảo nạp tiền mua hàng rồi sẽ hoàn lại hoàn cái nịt,12
hôm nay đi làm mệt quá tối về nấu cơm gì ăn ta,22
m ơi chiều r đi cafe ko quán mới mở nghe nói ngon lắm,22
ê cuối tuần đi xem phim ko phim mới ra hay lắm nè,22
hôm nay thời tiết đẹp ghê ra công viên chạy bộ ko m,22
bạn ơi cho mình hỏi quán bún bò nào ngon ở quận 3 vậy,22
ae ơi ai rành cà phê rang xay cho t xin review quán ngon đi,22
ê m ơi t mới chuyển nhà nè cuối tuần đến tân gia nghen,22
hôm nay công ty teambuilding vui ghê chụp hình đẹp lắm ae,22
bé nhà mình vừa biết đi nè dễ thương quá trời luôn,22
m ơi t mới adopt con mèo nè nó cute phô mai que luôn á,22
ê ai biết chỗ sửa xe máy uy tín ở gò vấp ko xe t hư bình xăng,22
hôm nay lương r nè đi ăn buffet ăn mừng ko m,22
m ơi weekend đi đà lạt ko t book phòng khách sạn r,22
ê bạn cho mình xin số điện thoại thợ sửa máy lạnh nghen,22
ae ơi hôm nay sinh nhật minh tối đi nhậu mừng nha,22
hôm nay họp phòng ban xong sếp khen team mình nè phấn khởi ghê,22
m ơi con mèo nhà t bị ốm r chở đi thú y chưa biết bệnh gì,22
ê cuối tháng tiền nhà tiền điện hết bao nhiêu m chia tiền nha,22
bạn ơi cho mình hỏi app vietcombank update mới có gì khác ko vậy,22
ae mai đi gym ko t mới đăng ký gói tập 6 tháng california nè,22
m ơi t gửi cho m file báo cáo qua email rồi nha check giùm,22
ê sáng nay t đi khám bệnh ở bv quận bác sĩ bảo sức khỏe ổn,22
hôm nay rảnh ghê ngồi coi youtube hết mấy tiếng luôn,22
bạn ơi tiệm nails nào ngon ở phú nhuận cho mình xin review,22
ae ơi thứ 7 này đi nhà thờ ko lễ 8h sáng nghen,22
m ơi t đặt grab đi sân bay nè chuyến bay 10h sáng mai,22
ê bạn có ai quen bán xe cũ ko t đang tìm xe tay ga,22
hôm nay nấu phở gà nè m công thức bà ngoại truyền lại,22
ae cuối tuần đi câu cá ko mình biết chỗ hồ câu view đẹp lắm,22
m mới đọc cuốn sách gì hay hay recommend cho t đi,22
ê m nhắn sếp giùm t hôm nay t xin nghỉ phép nha t bị sốt,22
bạn ơi lớp yoga chiều nay có đi ko mình đợi ở sảnh nhé,22
ae ơi ai rành sửa laptop cho t cái máy t bị hư màn hình,22
ê m ơi t mới nhận offer công ty mới nè lương tăng 30 phần trăm,22
hôm nay anniversary t và bồ đi ăn tối ở nhà hàng la maison,22
m ơi cho t mượn cuốn giáo trình toán đi mai thi rồi à,22
ê bạn nào biết lớp học tiếng anh ielts nào tốt ở tphcm ko,22
ae ơi tối nay xem bóng đá trận vn vs thái ko rủ nhau đi quán,22
mới đi du lịch nha trang về nè biển đẹp ghê có hình review đây,22
m ơi t mới nuôi con hamster nè nó ăn nhiều vl luôn á,22
ê cuối tuần đi chợ hoa hồ thị kỷ ko m mua hoa về cắm đẹp,22
hôm nay đi siêu thị mua đồ ăn nấu tuần nè bạn đi cùng ko,22
bạn ơi cho mình hỏi mở tài khoản tiết kiệm vcb lãi suất bao nhiêu vậy,22
ae ơi ai quen dentist ngon cho t xin sđt t cần nhổ răng khôn,22
m ơi t gọi bảo hiểm xe máy r năm nay 66k thôi mua đi m,22
ê bạn nào có link mua vé concert bp ko mình muốn mua 2 vé,22
hôm nay teambuilding công ty đi vũng tàu tắm biển xong ăn hải sản,22
m ơi t mới cắt tóc kiểu mới cute hong cho feedback đi hehe,22
ae mai đá bóng ko sân 5 người ở tân bình 7h tối nha,22
bhxh gọi thông báo đóng tiền đúng hạn đủ số cảm ơn anh nhé,22
bạn ơi cho mình hỏi phí duy trì tài khoản mb bank là bao nhiêutháng,22
ê hôm nay tụ tập ở nhà t nha t nấu lẩu thái mang đồ uống,22
ae đi hiến máu đợt này ko bệnh viện chợ rẫy đang kêu gọi nè,22
m ơi cho t mượn sạc iphone đi phone t hết pin 5 phần trăm rồi,22
ê m nay có lớp online ko t quên lịch học thầy hùng rồi,22
hôm nay đi bầu cử ở phường nè bạn 7h sáng mở rồi đi sớm đi,22
bạn ơi mình đặt grab share từ quận 7 về quận 1 đi cùng ko,22
ae hôm nay có ai book vé tết chưa vietnam airlines sale nè,22
t vừa nộp hồ sơ bhxh qua app vssid thành công r nè tiện lắm ae,22
ê m ơi t đã nhận tiền trợ cấp thai sản r cảm ơn bhxh nha,22
bhxh phường hẹn mình ra lấy sổ bảo hiểm mới ngày mai nha,22
bạn ơi vneid mình update thành công r phiên bản mới trên play store ngon lắm,22
ae mình vừa đi làm cccd mới về nhanh lắm chỉ 30 phút thôi,22
m ơi mình nộp thuế tncn online trên thuedientugdtgovvn xong r ez,22
ê hôm nay ship giao đúng hẹn luôn hàng shopee xài tốt nè m,22
bạn ơi cho mình hỏi ngân hàng nào gửi tiết kiệm online lãi cao nhất hiện tại,22
t vừa nhận hàng lazada cod 150k đúng hàng đúng giá ship nhanh nha m,22
ê m lương tháng này vcb chuyển đúng ngày luôn ko bị delay nha,22
ae ơi mình vừa gia hạn bhyt trên vssid thành công tiện vc luôn,22
bạn ơi shipper ghn giao hàng rồi nè mình nhận đầy đủ cảm ơn nha,22
m ơi t check app vcb thấy có giao dịch đúng r đó ko phải lừa đâu,22
hôm nay đi phỏng vấn xin việc ở công ty fpt mong đậu nha ae,22
ê bạn cho mình xin wifi password mình cần họp online gấp,22
ae ơi sáng nay mình đi chạy bộ ở hồ xuân hương mát lắm,22
m ơi chiều đi uống trà sữa ko quán gongcha mới mở order đi,22
hôm nay mình thi xong rồi bạn ơi giờ rảnh đi chơi nè,22
ê t mới design xong ui cho app nè review giùm t đi m,22
hôm qua tao xém bị lừa vụ tải vneid giả sợ vãi,22
nghe tin có bắt ổ nhóm việc nhẹ lương cao bên cam,22
thằng tự xưng công an rởm mới gọi tao nè,22
má nó bọn mạo danh cục viễn thông dọa khóa sim,22
nay mới đọc vụ lừa tiền từ thiện miền trung,22
tý thì tao tin con bot telegram chứng khoán lùa gà,22
tụi mạo danh hải quan sân bay lừa bà tư 50 củ,22
lừa đảo dạo này tinh vi ghê ghép mặt deepfake mượn tiền,22
hôm trước có người gọi bảo trúng sổ xố tao chửi thẳng mặt,22
mới có thằng giả shipper bảo tao boom hàng tao check app đéo có,22
có số lạ spam gọi cho vay nặng lãi tao block cmnr,22
cảnh báo thủ đoạn giả danh sếp qua zalo hỏi mượn tiền nha,22
hôm rày nó réo vụ thẻ tín dụng fe credit hoài dù tao ko vay,22
cẩn thận mấy cái link review shopee nhận hoa hồng nha lừa đảo đó,22
đm lừa bán iphone giá rẻ trên tiktok may mà tao chưa ck,22
share bài cảnh báo chiêu trò lấy lại tiền bị lừa để mng biết,22
đang ngồi nhậu thì số rác gọi bảo vi phạm giao thông hài ỉa,22
bọn lừa đảo giờ giả giọng anh họ mượn tiền giống y chang,22
cảnh giác lừa bán vé máy bay tết siêu rẻ nha mn,22
nghe radio kể vụ hack mã otp mất vài tỷ kinh quá,22
thấy link kêu bình chọn tài năng nhí gì đó đừng bấm nha mất acc fb đó,22
hôm nọ tui thấy bà bị lừa mua combo du lịch ảo,22
tụi này giỏi ghê giả mạo cả bill chuyển khoản ngân hàng,22
tao mới mắng vốn con mụ xưng là nhân viên bưu điện đòi nộp phạt,22
vụ nâng cấp sim 4g lừa đảo hồi trước giờ vẫn còn người bị,22
cảnh báo mng đừng ấn vào đường link cập nhật sinh trắc học lạ,22
mới đọc bài có người bị lừa chụp hình căn cước bị đem đi vay app,22
tuyên truyền chống lừa đảo trên mạng ở phường làm kĩ lắm,22
má cái tin nhắn báo nhận quà tri ân lừa đảo phiền vãi,22
hôm nay tao lên phòng đào tạo mới biết vụ lừa tiền học phí sinh viên,22
sếp bảo tao check báo cáo đóng bhxh tháng này gấp,22
vừa ra phường làm thẻ cccd gắn chip mới,22
app vneid nay update bản mới chạy mượt phết rồi,22
tui vừa tích hợp bằng lái xe vào vneid thành công nè,22
cuối năm công ty review lại quá trình đóng bảo hiểm y tế,22
pass vào vssid của em là gì để chị nhân sự tra cứu,22
bữa đi khám bệnh chỉ cần đưa app vneid ra là xong,22
cài đặt định danh điện tử mức 2 chưa rảnh đi làm đây,22
xin trích lục giấy khai sinh trên cổng dịch vụ công quốc gia,22
có ai biết cách lấy lại mật khẩu vneid trên đt ko,22
nay mới rảnh cập nhật thông tin cư trú trên phần mềm,22
bác tổ trưởng dân phố tới nhắc vụ làm định danh đấy,22
vụ sổ bảo hiểm xã hội tính sao rồi đã chốt chưa sếp,22
chị yến phòng hr đang thu thập thẻ bhyt để gia hạn,22
quên béng hẹn nhận cccd trên công an quận,22
em đang nộp hồ sơ xin trợ cấp thất nghiệp qua dịch vụ công,22
cảnh sát khu vực dặn bảo mật thông tin trên app vneid,22
bảo hiểm thất nghiệp tháng này của em chưa thấy về tài khoản,22
thấy bảo sang năm sổ hộ khẩu giấy bỏ hẳn dùng vneid,22
hệ thống dịch vụ công hnay bị lag nên ko nộp được hồ sơ,22
có anh chị nào biết cách điều chỉnh thông tin bhxh bị sai tên ko,22
lưu mã qr của vneid để ra sân bay scan cho nhanh mng ơi,22
chị ra phường xin giấy xác nhận tình trạng hôn nhân,22
em nộp tờ khai thuế tncn online trang thuế vn ok rồi,22
làm hộ chiếu online bây giờ giao tận nhà ngon lành,22
trường dặn sinh viên nhớ đồng bộ bhyt trên app vssid,22
tra mã số bảo hiểm xã hội bằng căn cước công dân như nào ae,22
hôm qua bận họp chả kịp ra xã lấy giấy tờ,22
thủ tục hành chính giờ dồn hết lên app đt,22
có cập nhật vneid mới nhất anh em tải về nha,22
grab giao trà đào đến công ty rồi m xuống lấy đi nha,22
anh shipper ghn vừa gọi hẹn 9h sáng mai giao đồ,22
tao đang canh anh giao hàng shopee dạo này ổng hay đi muộn,22
chú shipper jt quen mặt mới để hàng ở phòng bảo vệ xong,22
lát befood tới nhớ ra nhận ly phúc long dùm t nha,22
đơn hàng lazada ghi là đang đi giao rồi m,22
tới ngõ m gọi em ra lấy cũng được e đang bận rửa chén,22
đơn này ship cod 150k nhe tao hết tiền mặt rồi trả dùm tao,22
đặt ship hỏa tốc trên tiktok shop nãy giờ chưa thấy tới,22
anh ninja van mới alo bảo 5 phút nữa tới cổng nhà,22
ship hàng ahamove hnay giá chua quá m ơi,22
nãy quên nghe đt của anh giao hàng ổng quay đầu cmnr,22
đặt mua 2 hộp cơm mà xế lalamove giao lộn quán r,22
anh ơi giao tới tòa nhà viettel nhớ gọi số phụ e,22
kiện hàng sầm sơn gửi em đi viettel post ạ,22
túi xách đang gửi chành xe lát mới ra bến nhận,22
shipper vừa bấm chuông đó m ra mở cửa lẹ lên,22
tí tao đưa mã vận đơn m check trên app ghtk dùm cái,22
bữa nay phí ship rẻ bèo đặt thỏa thích luôn mng,22
thằng shopee express lại om hàng của tao ở kho,22
ck momo 15k cf sáng cho t nghe m,22
ck t 180k tiền nhậu hqua đi cha nội,22
sếp mới ck lương sớm tháng này tối set kèo nhậu ko,22
tao ck vietcombank trả 50k vé xem phim r check dùm nha,22
bắn t 20 cành mua bịch bánh tráng nhe,22
quẹt qr code mbbank thanh toán tô phở,22
máy atm hỏng rồi m cho tao mượn tiền trước lát tao ck trả,22
tk m có dư 100k ko ck dùm con tiền đth r mai t đưa,22
nhớ ck techcombank qua stk cũ nha m,22
nay xài app tpbank ck k tốn phí xịn đét,22
tiền phòng tháng này t mới bank qua vietin nha chị,22
share bill tiền cf tối qua ck lẹ cho t nghèo quá rồi,22
để lát e bank tiền cọc phòng trọ cho a nha,22
gửi tiền quỹ lớp vào tk tmcp sg thường tín,22
bơm cho tao ít lúa vô ví zalopay t kẹt quá,22
em mới ck 5 triệu vô tk viễn thông của sếp,22
ck quốc tế qua paypal bị mất tỷ giá chua qué,22
tiền hàng khách vừa ck vô bidv 2 củ xong,22
nay momo đang lỗi ck ko nhận đc tiền,22
lương tháng 13 ck về thẻ acb r m ơi,22
sáng nay ra chợ rẫy hiến máu nhân đạo vui xỉu,22
cuối tuần ae team lội ruộng lên chùa bửu long làm từ thiện,22
quyên góp quỹ trái tim cho em đc báo đài đưa tin,22
góp tẹo tiền mua áo ấm cho trẻ em nghèo vùng cao,22
hội phụ nữ phường kêu gọi ủng hộ bà con bão lụt,22
sự kiện âm nhạc gây quỹ tối qua thu được 50 triệu,22
mua tăm tre mồ côi giúp người khiếm thị ở ngã tư,22
tổ chức bếp ăn không đồng sáng chủ nhật ở bệnh viện nhi,22
anh em góp vào quỹ mổ tim trẻ em ở sg nha,22
công ty trích 1 lợi nhuận năm nay làm từ thiện miền núi,22
tôi mới chuyển 200k ủng hộ quỹ trăng khuyết,22
cô tư hẻm bên cạnh chuyên nấu cháo từ thiện ngon lắm,22
trường ptth có chiến dịch hoa phượng đỏ mùa hè xanh,22
đi thăm làng trẻ em sos hôm rằm tháng 7,22
tổ chức cứu trợ chó mèo lang thang ở ngoại ô,22
xui vãi quẹt đi xe máy bị phạt nguội 500k r,22
mới tra gg cục csgt thấy xe a dính phạt nguội thật,22
vừa cự cãi lúc làm cccd gắn bị dính sai tên đệm,22
nộp phạt vi phạm hành chính ở phường 200k,22
chiều qua phòng tư pháp lấy giấy khai sinh bản sao,22
mai lên tòa nhà bitexco kí hợp đồng vs khách sộp,22
phòng kt báo mạng wifi vừa sập ae tắt lap uống nước,22
chờ xử lý biên bản lỗi lấn làn ở đồn công an,22
luật sư bên mình tư vấn soạn thảo hợp đồng ok rồi,22
sếp bảo báo cáo số liệu sale tháng này làm lộn xộn,22
cậu nộp tờ khai thuế cho cục thuế hồ chí minh chưa,22
gặp bác công an khu vực đkí tạm trú tạm vắng,22
hôm nay họp đại hội cổ đông căng thẳng ghê,22
có giấy gọi lên phường dân quân tự vệ e ơi,22
phải công chứng cmnd để nộp hs xin việc nữa,22
cần sao y bản chính sổ đỏ lên ủy ban xã,22
chính quyền yêu cầu khai báo nhân khẩu hôm tết,22
thanh tra sở xuống kiểm tra chất lượng vệ sinh cty,22
nộp tiền án phí cho tòa án bằng internet banking,22
chiều a phải lên ban biên giới giải quyết giấy tờ,22
chơi cổ phiếu vnd lỗ 3 củ rủ đi cf an ủi m,22
hold btc từ năm ngoái giờ x2 chốt lời đc chưa ae,22
check giá eth sáng nay tụt quần r,22
thị trường sideway 2 tháng nay ôm cổ phiếu chán vl,22
chơi chứng khoán tốn tiền mua thuốc đau tim chết,22
con coin pepe đợt này list sàn pump ác gắt,22
ai theo lệnh futu của ad lúc tối có ăn 20 k,22
nạp u vào ví metamask hụt hơi báo lỗi fee,22
tổng tk sụt 20 vì fed công bố tăng lãi,22
nay xanh vỏ đỏ lòng kéo bluechip đạp midcap,22
tăng vốn đầu tư vào qũy etf dài hạn khá ổn,22
trải nghiệm sàn chứng khoán hơi lag nhưng phí giao dịch rẻ,22
lệnh short vàng đêm qua bị cháy mẹ tài khoản,22
ae gom hàng rsi khung d1 về vùng quá bán nha,22
margin full cổ phiếu bđs run vl luôn,22
hôm nay thanh khoản sụt giảm mạnh lực cầu yếu,22
có a e nao stake token trên launchpad đợt này ăn ngon ko,22
đầu tư mấy mã chứng khoán ngành điện nước an toàn phết,22
nhờ mấy hội trader phím hàng mà gỡ lại chút đỉnh,22
rút tiền từ sàn vndirect về vietcombank lag 1 nốt nhạc,22
cục hải quan tsn thông báo kiện hàng từ nhật giữ lại nộp 5 triệu phí,17
bưu phẩm của a có chứa hàng lậu bị bắt ck tiền bôi trơn đi,17
đơn quốc tế vi phạm luật thuế đóng 10 vat trc khi phát hàng nha,17
hàng của a bị trả về kho hoàn phí ship momo em 30k e gửi lại,17
bạn nộp tiền bão lãnh kiện hàng 50 củ bằng ví điện tử để hải quan mở,17
anh chuyển trước 20k phí cod e lấy từ bưu chính vn do khó tìm nhà,17
nhận được bưu kiện trị giá lớn quét mã qrcode nộp phí hải quan lẹ,17
tổng cục hải quan cấm xuất kiện hàng điện tử của bạn ra khỏi cảng,17
thông báo phạt 3 củ do kiện hàng chứa đồ cấm gửi qua bưu điện tphcm,17
ck 50k vào ví cá nhân e ship đơn đồng hồ rolex 0 đồng nha anh yêu,17
gửi anh link nộp phạt phí kẹt kho của cửa khẩu hải phòng,17
đơn shopee bị kẹt kiểm duyệt nhà nước đóng phí thu xếp 2 củ,17
đây là hải quan nội bài gọi lại nhánh số 1 nộp phí đóng dấu,17
mã bill 717 của bạn bị hải quan giam ck tiền bảo hiểm hàng hóa đi,17
thanh toán tiền bãi cho lô hàng kẹt biên giới nộp tk mbbank 308,17
viettel post báo kiện hàng a chứa đao kiếm gửi tiền xử lý 10 củ lẹ,17
anh dính líu đến lô hàng nhập lậu bưu điện ck nộp phạt xử lý êm xuôi,17
hải quan phát hiện tiền usd giả trong gói quà em rể gửi ck 5 củ chạy tội,17
e là shipper a kẹt tiền e giữ hàng ứng trước momo em mã cod nha,17
hàng anh bị hủy 3 lần nộp phí giao lại 200k để bưu cục ko phạt vi phạm,17
tuyển job đánh giá app 200kgiờ rảnh giờ nào làm giờ đó,12
công ty cần 5 ctv tiktok thả tim chốt đơn thu nhập 5trngày,12
nhận việc nhập liệu từ xa cho shopee ko cần kinh nghiệm cọc 200k,12
làm nhiệm vụ đẩy tương tác clip youtube lương 50kvideo lấy tiền liền,12
hệ thống ctv fake order thịt nướng grab food ứng trước 100k vốn,12
chọn làm nv nghe nhạc mp3 ra tiền tỷ mà vốn 0 đồng tải app,12
việc nhẹ luơng cao ko yc bấm share tin bài face group ăn 30kbài,12
kiếm tiền siêu dễ qua telegram chỉ cần nạp vốn 500k ăn hoa hồng 20,12
chào bạn mún kím tiền review maps quán ăn liên hệ acc zalo mình,12
tải app ctv chốt đơn amazon ảo nhằm sinh lời x3 lần tiền lãi,12
cơ hội làm nv nhập mã captcha có cọc chống boom 100k nha bạn,12
dự án xem video tiktok nhận 800k cực ngon cho mẹ bỉm sữa nè,12
đai lý phân phối đơn áo thun tiktok ko cần nhập hàng chỉ cọc 2tr,12
cào phím chém gió đánh giá sản phẩm mang lại 3 củ mỗi tuần cho sinh viên,12
cần người theo lệnh chuyên gia trade mbbank chia 30 lợi nhuận k rủi ro,12
ứng tuyển ctv mua hàng hộ lazada để tạo doanh thu ảo dỏm cho shop,12
nhận job like dạo video shoppee kiếm ngày chục ổ bánh mì nhàn lắm,12
cv đơn giản ấn click quảng cáo tiktok nhận 5k ck stk ngay lập tức,12
tuyển ctv đánh máy onl tại nhà nhưng đóng phí tiền tài liệu 300 ngàn,12
cần gấp coi clip youtube bấm sub ck lúa ngay khi chụp màn hình xác nhận,12
bds dự án vin nhận hỗ trợ bán acc game liên quân do bị khóa,21
tớ là facebook security admin báo tai khoản instagram sắp dính ban,21
gửi e số cmnd với mã nạp thẻ để e mở khóa nick pubg nha a,21
e làm fb admin xác minh tick xanh cho face a cọc phí trc 5 củ,21
e bán acc gacha top 1 server vn a ck nửa tiền r e check pass,21
vô đây t tặng mng acc game siêu xịn nhưng cần nạp 200k lệ phí garena,21
share link vote ca sĩ idol tặng thẻzing nhưng điền mật khẩu mxh nha,21
mua acc netflix 1 năm 10k bằng cách nộp card đt thẻ mạng vina nè anh,21
nhận setup win 11 onl từ xa chia sẻ pass teamviewer kèm bill ck e mới làm,21
t kẹt tiền acc game nạp vip rank 8 cắm 20k viettel ko lấy tiền trc,21
tk telegram bị hack khuyên b bấm vào link url mạo danh để khôi phục pass,21
tool hack like nick face vn free ae nạp 100k code mở khóa dùng forever,21
dịch vụ dò hack pass zalo theo dõi vợ ghen tuông giá 3 củ gởi info,21
bán key anti virrus bẻ khóa cho lap nhưng m xù tiền thì sao tao đòi,21
cung cấp công cụ tool check ip định vị sđt ai đó cần nạp 500 xu vô app,21
trung tâm viettel báo chuẩn bị khóa sim anh chị vì nợ cước 3 củ rưỡi,2
sim bị đưa vào danh sách đen lừa đảo ck tiền vô ngân hàng nhà nước bảo lãnh,2
thuê bao vinaphone sắp bị phạt hủy số vĩnh viễn bấm số 9 để đóng phạt,2
đây là cục viễn thông sim m có dấu hiệu gọi rác cọc 2 củ mở sim,2
mobifone tb thuê bao chua chuan hoa thong tin ấn link de cap nhat mien phi,2
tổng đài 1900 báo số tk m liên kết sim bị hack ck tiền ra sổ tk này,2
cảnh cáo vi phạm luật bưu chính viễn thông bằng 1 dthu khóa mạng call lại em,2
nếu không nộp phạt vi phạm gọi rác 700k vào số tk kho bạc sim mốc đi,2
mày bị report spam tin rác viễn thông sẽ block số trong 2 giờ ck hỗ trợ,2
để duy trì sđt vina này hãy nạp card đt 500k viettel cho chi nhánh giao dịch,2
trung tâm cntt mircosoft thông báo lap bạn bị tấn công tải utraview t check,3
phần cứng đt bị theo dõi cmnr bấm link tải app kháng virút ngay,3
win 10 sắp bị block bản quyền chuyển em 1 củ e buy key gia hạn vĩnh viễn,3
hacker đang đánh cắp bank của a tải teamviewer e đuổi nó đi cho,3
tập đoàn bảo mật kasper dọa máy m nhiễm mã độc tống tiền mua bản quyền mbbank,3
đây là đội kĩ thuật gg acc gmail m sắp khóa gửi pass 2fa e clear lỗi,3
antivirus hết hạn làm m lộ ảnh nude r nạp cho t thẻ cào t gia hạn,3
app ngân hàng vib bị lỗi code bảo mật gọi số 1900 fake t hướng dẫn update,3
đội chuyên gia khôi phục dữ liệu đt đã quét thấy rủi ro trả tiền dịch vụ onl 4tr,3
hệ thống apple support quét ip cloud bị xâm lăng cấp otp e log out ip kia,3
anh là ng nhà của tú đki con a ngã cầu thang cấp cứu chợ rẫy ck tiền ứng mổ,4
alo e y tá khoa chấn thương đây cháu bị xe ben tông nát chân a ck tạm ứng 50tr,4
chợ rẫy báo tin khẩn ng thân a hôn mê do tai nạn gửi lúa vô stk bs dũng để lấy thuốc,4
chết dở con a té lầu thủng sọ ở trường tiểu học e chủ nhiệm đây a ck 20 củ mổ gấp,4
tình trạng nguy kịch bác sĩ trưởng khoa bảo đóng tiền viện phí mới duyệt mổ nha má,4
cháu trai b đi cấp cứu đứt mạch máu tôi bv nhân dân yêu cầu ck tiền phẫu thuật,4
đang trong phòng hồi sức cấp cứu cần bơm máu gấp ba mẹ ck vô sổ mbbank của điều dưỡng,4
em hằng đây giáo viên báo tin bé na chấn thương sọ não đứt lia ck qua chị viện trưởng,4
tai nạn giao thông nát xe a nạp lúa cho xe cứu thương bv cợ rẩy nhanh anh nhé,4
ông nội bị đột quỵ thở oxy dấy a ck vào thủ quỹ bệnh viện để mua thiết bị tim,4
con mày đang trong tay tao giang hồ mỏ cày ck 100 củ nếu k muốn nhận ngón tay,5
alo ba cứu con mấy thằng xã hội đen đập con te tua chuyển trả cho tụi nó 30 củ,5
bắt được cháu m đi lạc nạp tao 2 củ thẻ cào t trả lại không đem bán qua cửa khẩu,5
tao mới túm đc cổ chồng mày cá độ bùng nợ mang 5 tỏi ra chuộc lẹ k tao chém,5
thằng ku bị giữ ở động bên cam muốn nó toàn mạng thì ck tiền bôi trơn 500 củ cho tao,5
khócthuhuhu má ơi cứu con tụi nó cắt xẻo tai con má bank cho tk acb của đại ca,5
mày khôn hồn đừng báo cảnh sát chuyển mẹ m 40tr vào ví rtao thả bà già mày ra,5
tao mafia đây con vợ m tao tống lên xe r chuẩn bị 50 tờ đô la mang ra cầu chuộc,5
giam lỏng em trai m ròi m đền tiền nó làm vỡ bát họ không tao mổ bụng nó,5
anh ba bị nhốt k cho ăn 3 ngày gia đình gom 70 củ chuyển 1 lần giải cứu e về,5
anh thành tổng giám đốc đây m chuyển quỹ cty cho a 50tr vào tk vợ lẽ a gấp,6
sếp khanh zalo mới nhắn nhờ ck tk bidv 2 tỉ để chốt mua lô đất kcn,6
kế toán đâu a đg đi gặp chủ tich tcl hối bôi trơn xuất quỹ 5 củ tk này lẹ e,6
giám đốc cty gửi điện thư nhờ mua khẩn 5 chục thẻ vietttel cào mã pin cho trúng thầu,6
urgent wire transfer 50k usd dến đối tác malai ngay lặp tức đừng rep email sếp,6
chị thi trưởng phòng đây thẻ a bị lỗi thanh toán ko đc e ck cọc mbbank nha,6
sáng nay sếp ctg nhắn tao bank 40tr tiền biếu lẵng hoa lãnh đạo a gửi lại gấp k sếp chửi,6
tớ hoàng ceos m ck 80 củ vào acc nặc danh a đi mua quà sinh nhật cho bồ r a resau,6
em chuyển 8 củ vô số tmcp cn cho sếp thanh toán tiệc rượu tiếp khách đêm qua,6
bảo hs kế toán tao bận lắm ck liền 4 tỏi tiền lót tay hs dự án cho tp cn nha m,6
anh chris phi công mỹ rới gửi ẻm thùng táo hột xoàn nộp lệ phí nhận quà 20 củ ải quan,8
em yêu ơi vali ngọc trai 1 ty usd bị giam ở tân sơn nhất e trả 10tr tiền phạt dùm a,8
tướng mỹ dăng kẹt ở chiến trường xin m ck 200usd làm thư xin phép nghỉ hép về vn cưới m,8
anh james quân nhân liên hợp quốc gửi hòm euro trị giá 3 tỏi đợ e nộp 4 củ tiền thuế giam,8
vì yêu anh lính mỹ đã đóng gói toàn bộ gia tài qua cty hậu cần fedx nộp 5tr giải phóng kho,8
tớ lính anh cuốc kẹt thùng thư xin rút cư trú ở hải quan hnòi e ra rút dùm vs phí 500 cành,8
chồng tây alex chuẩn bị tặng b e ô tô mc cờ ren e đóng phí bôi trơn cho hq sân bay nhé,8
honey e lo dọn dẹp vali 5tr usd của a bị cảnh sát cửa khẩu tạm giữ a k có sđt,8
thùng quà iphone 15 promax bạck kim bị bắt ở nc dđoá ck tui 1 củ rưỡi tôi chuộc chio,8
anh là bác sĩ phẫu thuật eu gửi valy thiết biị y tế dính nợ tge hải quag e đóng hộc c,8
link video sec camera nn của mày đêm qua t có cầm ck 5 củ k thì up fb dòng họ,9
cẩm nang ảnh nóng khoả thân thủ dâm m t save r ck qua ví momo k tao phát tán,9
má mày k chuyển lúa cho đại ca t đăng bài sã hội tố m bay bướm zalo cmn giờ,9
cái ảnh nude mày nhắn cho thằng tú đang ở tay tao ck ngay 10 tẹo giải xui lẹ,9
mún t del clip m đang mây mưa vs phò k chuộc liền 2 củ vào mbbank nhé thằng kia,9
ê m e clip m đi ks vs trai t nhặt dc dth ck qua t 5 lít uống nc coi như bịt mép,9
chúng tau hack r mxh lấy clip phòng tắm vợ m gởi 2 chục triệu để mua danh dự lại,9
xóa video m đi nhà nghỉ t tốn 1 củ t băm luôn nên bank tao phí xóa 500 nhé,9
tối nay clip some m sẽ nằm top tele group ngầm nạp t cái card 500k làm giá chót,9
tao dọa up avt sệch cu của m lên cho cty coi ck bố 1m êm xuôi cuộc sống,9
ông hoàng số đề báo lô bạch thủ vip 99 húp ngay e chuyển cọc 2 củ phí phím,14
vào nhóm siêu vip kéo baccarat bao cháy túi kiếm ngay 5 củđêm ck phí vào gr 5 lít,14
t cho m số 3 càng chiều nay trúng 100 nhưng m cọc tao thẻ cào 200 đi t nhắn,14
cam kết kéo tai xỉu auto lời x5 tài khoản đóng 2 tr tao vô acc mày đánh giùm,14
soi kèo tỉ số mờ u đêm nay bảo đảm lụm nạp 5 lit vào mã qr e cho típ kèo ngon,14
theo anh chuyên gia cờ bạc kiếm xé vé số chiều nay báo sổ tk tk ck 100k tip trc,14
lô đề đại phát miền bắc mua số vip bảo đản bao nổ phí mua 5 cành ck trc nhé ae,14
nhà cái mbb bet tặng khuyến mại 200 nạp thẻ khi ck stk công ty cá cược châu á,14
app tool hack sóc đĩa bảo đảm xanh chín trúng 80 mua tool 5 lít ck ví zalopay,14
đang nợ ngập đầu ib 09x tao phím xq trúng k bùng k hoàn phí đóng quỹ 1 củ 5,14
nhận bao đậu visa mỹ cho hs rớt ko cần phỏng vấn đóng trc 50 củ vô bank gởi giấy tờ,15
suất xkld nbản lương cb 50 củ cọc lót tay cho môi giới 5tr chuyển lẹ bay tháng sau,15
xin việc trang trại úc lương ngàn đô đóng 100tr lo vé máy bay bảo lãnh 100 đỗ,15
tuyển đho xklđ hàn ko cần tiếng cọc cty xuất nhập khẩu x 30tr xử lí hồ sơ trống,15
định cư can bảo lãnh cả gia đình thủ tục dễ lắm a ck cọc mbbank 2k u e làm hs cho,15
chạy vi sa trượt pv sang xhcn đức phí dịch vụ 5 chẹo a e bắn ví momo,15
cty mô giới hằng hải xklđ malay lg 80c tuyển thuyền viên ứgn tuyể đóng mạng 2 củ,15
gói làm giấy tờ xuất ngoại ưng mỹ làm giả chứng minh tài cc đóng 9 triêu cọc bay,15
suẩt bay chui qua anh hái cần sa 4 tỷ việt cọc nửa 2 tỏi dưa lên công ty ảo sài gòn,15
có quota eps nông nghiệp xin visa cho ng cư trú bhp đóng nhẹ 15 củ phí bv,15
tk bạn vừ bị tự động trừ đi 5 củ gia hạn vip spotify nếu k đồng ý click url để hủy,18
apple bill report m bị charge 500k cho cờ lút đì click đây nhâpp tk bank claim lại,18
gói bhnt tự động mbbank bị charge nhầm kĩ thuật để hủy yc chuyển cọc chống lặp tk,18
cskh tiktok thông báo t k bị trứu 3tr gói chạy sđ click đây để điền mã otp xin rút,18
sim m tự động trừ 500k dv nhac cho nếu k phải b hãy ck phỉ hỗ trọ hủy theo qđinh,18
fb báo m đăng kí ads facebook bị trừ lương 2 củ vào hủy biên lai bằng thẻ ẳo momo,18
netflix gia hạn member vip cao cấp trừ 8 lóp vào visa gọi 1900 xxxx nộp phí khiếu nại,18
bạn đg bị trừ ví momo 200kngày vì bh xe đạp để hủy sms mã otp vào nùi số nầy,18
ngan hang thông bao tai khoan trừ đi 500000 vi phi quan ly gui 1m ho tro go rối,18
tin nhắn charge 15c qua zalo pay thẻ thanh toán quốc tế clíkc hỉuy đóng 1 tr cọc,18
thằng chóa m vay áp loli k trả t tạt mắm vô nhà ck trả lãi phạt ktao khủng bố call,19
alo ba má con m nó giựt họ bốc 5 củ h đẻ 50 tiệu thay cha ck tk cầm đồ số x ko chết cha nha,19
tao xăm chữ đít m đang nợ nặng lãi thằng trọc m ck trả lãi ngày 5 lốp lẹ đm,19
m dính bốc bát họ của giang hô đâm thuê ck nhanh tiền mạng r tao tha ng nhà m dmm,19
con đũy bn m lấy info m cắm tín dng 80tr thanh toán gấp k t sã đăng xhh nát hìn,19
hôm nay m k ck trả nợ cty tài chính cho vay nặng tao chép sệch vợ mày đưa lên mxh,19
dân tài chính choi trò ddos mạng gọi cháy máy ng thân m ck tiền bùng lãi mẹ lãi con,19
app fe doctor vay nhanh của m quá hạn x3 lãi suất nộp 10 cú vào stk k tao kiện lừa xèng,19
tao lụm đầu m vì nợ ko trả cho đại ca ck chuyển trả góp 2 củbữak tao dán cáo dán m,19
những th chúa bùng ấp vay t cảnh cáo mày nạp đủ xeng cho anh tài đưng để rớt răng,19
công ty luật thu hồi nợ xấu vốn lừa đảo quốc tê cọc hồ sơ 5 củ giải ngân x8 tiền tk,20
tao chuyên lấ lại tièn scam cho hs bỉm sữa phí dv 3 củ ck trc 5 lốp tao lục tk scam,20
bên ủy ban kĩ thuật hỗ trợ ck nhầm sàn tkt cọc 1tr tiền phí xác minh là hồi tiền nha c,20
chiên gia rà soát rác id của ca mạng bao lấy vốn vụ sụp binance phí 2 lốp mua tool trút,20
mới dính quả xklđ à e bên luật sư rành vđe ni cb mbbank a 5 chẹo ả đòi x 100 ok,20
cơ quan giám sát dòng tiền gd tài chính dọa đòi án lừa nhận hồ sơ khiếu kiện 1 củ,20
anh là it hệ thổng bẻ mã cướp lại u usdt bị mất tống tièn phí code hack 3 chai nhen m,20
team ngừoi tốt bóc trần đường ray scam đòi lại vnd cho m vs đkien tthu phím xủ lí 1tr,20
có chị nt a bảo dính vneid bay củ tk e bank a ít card đt a dùng code cứu lúa vớ vẩn,20
anh là luật sữ chuyên trị scamer cọc hợp đồng bảo lảm cho t 4 củ thì lấy xeng đc chớ mậy,20
alo tôi là cán bộ công an giao thông anh bị phạt nguội 5 triệu đề nghị chuyển khoản ngay,0
tôi ở phòng cảnh sát hình sự số cmt của anh liên quan đường dây rửa tiền xuyên quốc gia,0
chào anh tòa án gửi giấy triệu tập để hoãn xử lý yêu cầu đóng 20 triệu,0
tớ là công an khu vực yêu cầu chuyển 2 triệu phí đăng ký tạm trú nếu không cắt hộ khẩu,0
ê m ơi can hs gọi m bị ph4t nguoi kià ck lẹ lẹ đi khum nó bế đi á,0
tưởng m làm c0ng 4n oai lắm nay xộ khám r nha ck tiền vô đây t gỡ tội cho ét ô ét,0
mãi keo vs anh giao thông nên bị quất cái biên lai phạt 5 củ đó m ck cho tk bạc lẹ đi m ơi,0
alo tui can nè mi bị phat nguội nộp phat 2 trieu qua stk nay nha,0
sos t bị can gọi báo có dính ma tuý nó đòi 50 củ bảo lãnh lo vãi chưởng,0
anh vui lòng truy cập đường link dvcgovvnapk để cài đặt ứng dụng vneid mới nhất,1
tài khoản bị lỗi sinh trắc học yêu cầu cấp quyền trợ năng để em đồng bộ khuôn mặt,1
do sáp nhập xã nên sổ hộ khẩu bị khóa chị cài app này để mở lại nhé,1
cảnh sát yêu cầu xác thực vneid online gọi video share màn hình giúp em,1
cán pộ ép cài cái app vne1d gì đó đòi share màn hình nữa chằm zn thiệt,1
ê click vô cái link vnẹid này đi để update khuôn mặt khum là mốt nó khoá cccd đó m,1
tầm này ai tải vneiđ trên store nữa down file apk này ấp đết xịn đét 100,1
vneid của ẻm bị lag r nè báo phai share man hinh gap,1
alo tui làm bên dvc ne acc ô bị khoá r tải app cap quyen tro nang dum,1
vietcombank thông báo tài khoản đang bị đăng nhập trái phép bấm link để đổi mật khẩu,16
số dư thẻ anh chị bị trừ khoản 15 triệu đọc otp để chúng tôi hủy giao dịch,16
nhnn yêu cầu liên kết momo với atm để nhận gói covid đọc mã xác thực 6 số,16
tài khoản đã bị khóa vui lòng truy cập web để xác minh danh tính và mở lại thẻ,16
tk m bank của bé bị locked rồu gửi cái ô tê bê t check liền cho ét ô ét,16
cay đỏ zé luôn viet c0m bank báo trừ 20 củ m gửi t cái otp xác minh lại vs,16
ê t ngân hàng nè m ơi thẻ m bị rửa tiền r ck vô tài khoản này xác minh,16
tải app vcb digibank fake này nhận ngay 5 chục m ơi ngon ơ,16
acc bidv bay màu gòi đọc otp cho m xem m cứu dc hong chằm zn,16
bảo hiểm xã hội việt nam báo số sổ bhxh của bạn sắp hết hạn nộp 500k phí duy trì,1
chị bị sai thông tin bảo hiểm y tế cung cấp mã otp để cập nhật,1
tiền tử tuất đã duyệt 20 triệu đóng 2 triệu tiền phí hồ sơ để nhận tiền,21
cơ quan bhxh thông báo bạn có trợ cấp thất nghiệp click link để nhận,1
bhxh của t bị hết hạn r m ck t 5 trăm lo lót dùm t trc đi m,1
số sỏ bhxh phông bạt thui t rút hết sạch r click link tao gửi để bùng bhxh nè,1
bạn t làm bhxh bảo nay có trợ cấp nạp 2 củ phí hồ sơ là giải ngân vô tk,1
sổ bhxh bị khoá r ô tê bê gửi r đó điền dô đi pa,21
dcm cái thẻ bhyt ko xài đc tải app fake này nhập mặt là lụm bảo hiểm liền,1
quỹ nhân ái khẩn thiết kêu gọi ủng hộ lũ lụt hãy ck vào tk cá nhân này,10
cháu bị ung thư đang cần tiền mổ gấp quý vị chuyển tiền ủng hộ,10
chùa quyên góp xây tượng phật bá tánh chuyển tiền vào số momo này,10
trại mồ côi gặp hỏa hoạn thiếu quần áo thức ăn nạp thẻ cào giúp đỡ,10
lũ miền trung phông bạt vl ae ck vô stk m đi t lo cho tụi nó 1 lèo xong lun,10
nghệ sĩ hề mần từ bịp quá mệt mấy pác ck zô quỹ chó mèo của t đây nè,10
bé mèo nhà e bị xe tông k tiền mua sữa 500ae donate momo cho bé ik ét ô ét,10
thương xót bé ung thư ck mạnh vô stk 12344 trại nhi đồng lẹ lên m,10
vợ ck a kêu gọi lũ lut tau làm từ thiên mượt hơn m cứ ck t nha,10
bạn có kiện hàng nghi ngờ buôn lậu nộp phạt 10 triệu để thông quan,17
bưu điện báo phát đơn thất lạc kiện hàng trị giá 500 đô thanh toán thuế tại link,17
gói quà mỹ kẹt tân sơn nhất đóng 5 triệu tiền phí sân bãi để nhận,17
xin chào tôi là bưu tá anh có bưu phẩm chứa ma túy để tôi nối máy công an,17
đơn hq bắt mnl rồi m ơiii ck 5 cu đóng thuế rước vià xu cà na,17
bưu đện kêu quà kẹt bãi t kêu m nộp dùm tau 1 củ ship sao khum nạp,17
hq gọi t bảo buôn ma tuy m ơi cứu ét ô ét nó đòi ck 10 chim bảo lãnh,17
hải quan san bay bảo quà bị giữ r m ck nộp phạt dùm t iu m mãi keo,17
bưu điẹn bắt đóng thếu mới đưa đt ck tiền thuế dô link này dùm t vs,17
đang làm gì đấy tao bị tai nạn ô tô video mạng hầm giật m chuyển tao 5 củ tk này,7
con ơi bố ngã xe bác sĩ bảo đóng tạm ứng 15 triệu mới mổ chuyển tiền gấp,7
cô ơi cháu bé nhà mình bị té đập đầu cầu thang cô chuyển 20 triệu cấp cứu liền đi,7
mày ơi tao dùng nick phụ gọi video quên ví ck tao mượn 2 triệu tí trả nha,7
đang cúp điện khum wifi t gọi deepfake đụng xe m ck t 1 tr cọc lẹ,7
ê bồ t tai nan h mạng lag 4g gọi tậm tịt ck mượn 50 chiệu chữa sos,7
cô là cô giáo bo nhe bo ngã cổ rồi mẹ ck viện phí nhanh khum trễ,7
thằng a t bị chém toe máu me wé ck t 5 cu vào viện gấp pa ét ô ét,7
cam đt hư gọi vid mờ ảo m ck dùm t 1 ít đi t mựơn gấp,7
shipper đây anh không có nhà à thế ck số tiền 200k vào momo em ném vô nhà,17
em giao tiki đơn này thanh toán rồi mà quên thu phí ship 30k nhấn link để trả,17
đơn hàng trả về chị vào link cài app theo dõi hỏa tốc để không bị mất hàng,17
shipper giao sai địa chỉ chị cấp quyền danh bạ cho hệ thống bên em quét giao lại,17
shipper fake gọi đòi 2 lóp bố m ck vô momo thì scam cay vãi chưởng,17
em giao shopee nè chế đang vắng thì xỉa momo em 1 củ e vứt qa rào,17
m boom hàng xọp pi tớ block h ck 50k hoàn ship zo stb này đi ml,17
sh1pper gọi hoài ko bat máy t hủy cmn r m vao link này rui gop chieu nha,17
mua tiktok xốp bắt ck truoc hả share qr tao phang momo 50 k r ném,17
tải app check lynk shipper bom hàng đi má coi cho lẹ nèk,17
việc nhẹ lương cao bấm follow tiktok vốn nộp tk tổng là 15 tỷ crypto,12
sàn ngoại hối forex lãi suất 200 tuyển đại lý nhóm nạp 5 triệu kéo lời,11
tải app chạy bộ đa cấp mua giày tiền ảo trị giá nghìn đô chuyển về ngân hàng,12
hướng dẫn order đơn ảo trên shopee hoa hồng 20 đặt cọc 10 triệu nhận nhiệm vụ,12
cày view tóp tóp 1 ngày lụm 5 củ cho phẻ mắc mớ đi làm chi chằm zn,12
m trade coin sàn phông bạt ez 100 nạp margin 1 tỷ usd cho tới nóc ét ô ét,11
tải cày pi ảo tưởng lm tỷ phứ r nè kkk ck t ít làm vốn sàn forex đi m,11
app cho nvu like face book thu loi nhuan gâp 5 ck tao 2 xị t tesst truc tuyen,12
đầu tư forex cmnr nạp vô sàn fx này quất 5 cu lãi ngay chục tr nè,11
chúc mừng thuê bao trúng tivi sony click link điện lực nạp phí nhận,13
bạn trúng xe sh từ viettel nộp mã thẻ cào 5 triệu đồng để làm hồ sơ,13
quay trúng iphone 15 pro max lazada bấm gọi hotline để đóng thuế phí lãnh giải,13
zalo nhận lì xì 50 triệu từ quỹ nhà hảo tâm website yêu câu nạp 2 tr phí hồ sơ,13
ủa trúng air bờ rô mắc shopee gòi nè ck t 2 củ thuế t lụm zề xài kkk mãi keo,13
nhắn sms brandname trúng sh mà bắt đóng vat 5cu clm ảo ma canada ghê,13
alo t trúng voucher qd ca chốt don nap 1 ly tsua m ck tao di,13
1 phat trúng ip 15 ròi chời ơi khum tin duoc click ljnk de nhan dclm,13
nhan dc li xi zl nạp vip 5 xị rut ra duoc 5 chẹo lam theo tao nhe,13
alo dạo này công việc ở quê sao rồi tụi trẻ con có ngoan không,22
chào buổi sáng em shipper khu vực tòa a nhận giúp em áo lạnh,22
tối nay ăn lẩu nhé lâu lắm hội đi cát bà chưa gặp từ dịch tới giờ,22
chị ơi giáo viên trung tâm nay bé nghỉ học vì mất điện chị ạ,22
sếp ơi trưa bún chả không em gọi chung phòng mình luôn tính tiền sau,22
mẹ ơi cuối tuần lên chơi với cháu con ra bến mỹ đình đón,22
tổng đài mobifone xin nghe quý khách muốn bảo lưu gói 4g tháng,22
báo cáo tháng 11 em gửi mail rồi sếp rảnh xem ký hộ em đóng mộc cái,22
bồ ơi quên cái áo khoác nè rảnh tẹt qua tui đưa nha,22
bác hội trưởng tối nay họp dọn vệ sinh đường làng không bác,22
ê t mém tí tải app vneid mạo danh h hú hồn m ơi ét ô ét,22
dạ sếp file báo cáo bhxh sếp check chữ ký duyệt dùm phòng nha,22
ê hqua xém bị deep fake lừa 50 củ cươi ẻ m ơi tối cf kể tao heheee,22
trại mồ côi kế quán nhậu á m ck t lấy 2 thùng ken sương sương ha mãi keo,22
t bị shopee boom hàng thối vlin tự ái ck 10k t gánh game dcmm lẹ,22
quẹt xe mấy chú 4ó phat nguoi cmn 2 củ đói mõm xu cà na,22
má vneid login khum được mi share man hinh teamview dùm nha tks mi,22
ê t nghe can bắt ổ việc nhẹ lương cao nộp 15 tỏi vl r mai lẩu khum t bao,22
đm tao chơi trade lổ lòi mồm rủ đi cf ck momo t 3 chục t đổ xăng chạy xuống,22
cái link lazada bị hưng gửi t nạp thẻ k dc bực m ck mượn momo t book grab m ơiii,22
đại úy nguyễn văn hùng công an quận 7 đây cmnd anh dính án phong tỏa tài sản chuyển 30 triệu bảo lãnh,0
alo tui thiếu tá can huyện nè bà bị tố cáo lừa đảo r đóng 10 củ nộp phạt qua momo lẹ,0
viện kiểm sát gọi báo lệnh bắt giam muốn tại ngoại ck 100 triệu vô stk viện phí,0
bồ ơi can phường gọi bảo t có lệnh truy nã quốc tế nó đòi t ck 25 chẹo bảo lãnh gấp sos m ơi,0
ê m tau bị ca ép nộp tiền chuộc cmnd bị dính đường dây cá độ ck dùm 8 củ zo stk ni nha pa,0
thông báo app vneid phiên bản cũ sẽ bị vô hiệu hóa ngày mai tải bản cập nhật tại đường link này,1
cài vneid bản mới đê m quét cccd qua cái link t gửi nè khum là bị khoá vĩnh viễn á,1
dịch vụ công quốc gia yêu cầu xác thực lại khuôn mặt qua zalo video call để duy trì tài khoản,1
bạn t làm ở dvc bảo phải cài app apk mới sync đc dữ liệu cccd gắn chip nè m ơi,1
tui bên trung tâm hành chính ne acc vneid chị bị treo r share zalo video em reset giùm,1
techcombank cảnh báo giao dịch bất thường 50 triệu từ ip nước ngoài xác nhận otp để hủy chuyển khoản,16
ê mb bank bảo tk của m bị hack r gửi mã 6 số cho t t khoá dùm cho m safe nha,16
agribank thông báo quý khách trúng gói tín dụng ưu đãi 500 triệu bấm link đăng ký nhận ngay,16
tk tpbank m bị ai đó đăng nhập lúc 3h sáng đọc otp gấp t lock acc cho m befor mất tiền,16
sacombank gọi nè ông thẻ visa bị charge 800 đô mua hàng amazon đọc mã otp để t rollback,16
bhxh tỉnh thông báo anh có khoản truy lĩnh lương hưu 15 triệu đóng phí xử lý hồ sơ 1 triệu,1
thẻ bhyt m hết hạn r click link này gia hạn online khỏi ra phường nha m ơi,21
bảo hiểm y tế thông báo mã số bhxh của bạn bị trùng cung cấp cccd và otp để sửa,1
t nghe bh xã hội gọi bảo có trợ cấp covid đợt cuối nạp 3 trăm phí thủ tục nhận liền lun,1
hội chữ thập đỏ kêu gọi quyên góp cho đồng bào bão lụt miền bắc chuyển khoản vào stk cá nhân này,10
ae fund rasing cứu bé 3 tuổi bị bỏng nặng nè ck momo tao tao chuyển thẳng viện cho bé,10
nhà chùa quyên góp phóng sinh cá chép phật tử chuyển tiền vào số tài khoản sư thầy,10
group zalo kêu gọi cứu trợ động đất ae ck vô stk trưởng nhóm lẹ đi flood hàng tấn r,10
tổng cục hải quan thông báo lô hàng nhập khẩu bị giữ tại cảng nộp 8 triệu thuế để thông quan,17
bưu cục gọi nè gói hàng từ hàn quốc bị scan ra chất cấm nối máy cơ quan điều tra nha,17
kiện hàng amazon m gửi về bị kẹt customs sân bay r ck 3 củ thuế nhập khẩu để lấy m ơi,17
alo bưu điện đây đơn ems từ nhật bị phát hiện hàng cấm anh lên đồn ký biên bản hoặc ck 15tr bảo lãnh,17
con gái ơi ba bị cướp giật rồi nè ba đang nằm viện gọi video nè con thấy mặt ba không ck ba 10 triệu mổ gấp,7
ê t nè gọi vid cho m coi mặt nè t bị gãy chân rồi ck t 3 củ đi grab tới viện lẹ m ơi,7
bạn thân m nè gọi vid đây nè tin t đi t bị giật dtdd và ví r ck dùm t 1 ít mua vé xe về,7
cháu ơi bà ngoại đây bà bị té cầu thang đập đầu chảy máu chuyển 5 triệu viện phí nhanh giùm bà,7
m ơi mặt t đây gọi vid nãy r coi lại đi t kẹt sân bay mất hết giấy tờ ck t 2 chẹo t bay về,7
em shipper grab nè đơn anh bị hoàn do sai địa chỉ click link tra cứu đơn hoàn tiền ạ,17
chế ơi em ship lazada đơn chế trả tiền mặt mà chế k có nhà ck 350k vô momo em ném qua hàng rào nha,17
hệ thống shopee express thông báo đơn hàng bị trả về vào app cài lại để theo dõi,17
ship tiki nè pa đơn bị duplicate tính tiền 2 lần r quét qr refund lẹ đi pa ơi nó auto hoàn,17
tuyển cộng tác viên đánh giá 5 sao shopee lương 500kngày nạp 2 triệu tiền cọc nhận nhiệm vụ,12
sàn binance copy trade ae vô nhóm tele lụm 20 tr 1 đêm nạp 50 chiệu margin vô link này,11
app đi bộ kiếm tiền nè m install lẹ đầu tư 5 củ mua giày premium lụm passive income ngon ơ,11
join group telegram lụm xu mỗi ngày task nhẹ hều like sub share nạp 1 xị unlock tier vip lãi x10,11
ê m cày đơn ảo cho t trên sendo đi hoa hồng 15 mỗi đơn nhưng đặt cọc 8 triệu trước nha,12
xin chúc mừng số điện thoại của bạn trúng giải nhất galaxy s25 ultra đóng thuế 3 triệu để nhận,13
m ơi m quay được cái airpods max gòi nè trên cái app qi kìa đóng 1 củ thuế lụm zề xài,13
viettel trân trọng thông báo quý khách trúng 100 triệu đồng chương trình tri ân liên hệ hotline nhận giải,13
spin wheel trúng macbook pro trên lazada gòi ae ơiii ck 5 củ shipping rồi lụm miễn phí kkk,13
anh ơi tối nay đón con ở trường lúc 5h nhé em họp muộn không kịp,22
ê hội cũ cuối tuần đá bóng sân phú thọ khum t book sân 7 người r nha 200k mỗi đứa,22
dạ anh em bên phòng kỹ thuật gọi báo wifi tầng 3 bị chập chiều nay sửa ạ,22
chị hai ơi ba má lên sài gòn thứ 7 nhe chị ra ga sài gòn đón dùm em,22
m ơi đi lẩu haidilao tối ni khum t book bàn 8h r nha team mình 6 đứa,22
nhắc anh em nộp bảng chấm công tháng 3 trước 12h trưa mai nhé hr cần tổng hợp,22
ê grab giờ tăng giá quá trời t chạy xe máy qua đón m đi cf luôn ha gần mà,22
thầy ơi em gửi bài tập nhóm qua email rồi ạ thầy check giùm em với,22
ba ơi con mua thuốc cho ba ở nhà thuốc long châu nhe tối con ghé đưa,22
t đặt momo chuyển m 50k tiền cf sáng nay r nha check dùm tks m nhìu,22
ê ku tao làm trên bộ ca nè m dính vô vụ đánh bạc nghìn tỷ trên r88 r ra phường gấp hoặc ck tao 50 củ tao lo cho m êm chuyện,0
alo tôi là cán bộ sở tttt số đt của a đang mạo danh lừa đảo trong 2 tiếng nữa sẽ khóa 2 chiều nếu k đóng phạt,0
m dính líu đến ma túy đá xuyên biên giới rồi con ơi ọc 30 củ ra đây can phường bỏ qua cho k xộ khám nhé,0
tải app vneid pro max apk này đi m khỏi cần quét mặt định danh vân tay chi cho mệt link nà,1
hệ thống dịch vụ công đang bảo trì cck cấp quyền trợ năng t check lỗi hộ khẩu cho,1
cán pộ thuế gọi báo t app dvc bị lỗi k đóng thuế đc bắt t tải cái file exe lạ hoắc ck 10tr tiền thuế má ơiii,1
thẻ credit của ô đang bị trừ âm 10 củ đọc mã otp cho e để e hold giao dịch trên hệ thống visa lẹ lên nha,16
app bidv smartbanking báo nâng cấp db nạp tối thiểu 2 tr vào ví điện tử liên kết để duy trì hạn mức,16
ê tau nh nè tk m đang có giao dịch mua vé máy bay quốc tế 1000 đô ko gọi video mbbank e ko support đc đâu,16
bhxh của bác lương hưu k đc nhận do sai ngày tháng năm sinh ck t 500k lệ phí điều chỉnh nha,1
t rút bhxh 1 lần mà mụ ở ủy ban kêu nạp biên lai 2 củ tiền phí ms giải ngân m ơiii,1
bảo hiểm y tế vssid hết hạn thẻ rùi bấm dzô linc này đóng 8 lít per năm thui,1
group face m có quyên tiền hỏa hoạn chung cư mini kh trc v ck vô stk này của admin group đi e làm từ thiện lun,10
xin 500ae donate cho viện dưỡng lão mồ côi ở gò vấp số tk cá nhân 112233 thiện nguyện,10
em cún bị lủng ruột nằm ngáp ngáp thuơng we ai giúp e ck momo sđt ni,10
thùng mac studio từ bển gửi dzề bị bắt lại tân sơn nhứt nộp 7 củ thuế vat liền t ra lấy cho pa,17
giao hàng tiết kiệm báo kiện hàng a chứa đạn pháo k thông quan đc vui lòng đóng phí bảo lãnh 10 củ,17
hải 9 bắt đơn giày nai ky t gửi về nội bài r m nộp 2 chẹo vô stk ông kẹ này lấy k nó tiêu hủy,17
con đi học mất ví rùi ba hỏng cắm mic khum nói dc ck ba 5 chẹo ăn tháng này dô tk b t vs,7
bé na bị tay chân miệng nhập viện gấp nè m ốm sập mặt gọi vid cam lag cm ra mượn 2 cũ nhé,7
tớ dính phốt trên trường đag trên phòng hiệu trưởng ck gấp 10 tr dô stk giáo viên cn t năn nỉ nha ko vid call dang hoi hop lam,7
a bom shopee đồ sex toy t lêu lêu r h t bắt đền ck 50k xăng xe ko t bốc phốt a,17
jt express báo đơn b hoàn thành mà thu tiền rồi báo lỗi k thấy t ck lại b 30k vào momo rui bấm link confirm đi,17
lazada cod 235k nhà a khóa cổng ae gõ rùi t vứt qua tường búng sđt 9982 ck nha,17
cày like tiktok thả chym đc 50kvideo nè tải tele app rồi nạp quỹ 2m dô làm agent lụm tiền tỏi,12
t bắt đáy con shitcoin doge lời x100 m nạp 10k dô sàn ftx2 chấm com cho t ké pl,11
làm full time mệt mỏi chi tham gia group kéo baccarat vốn 1 củ bảo hiểm 100 ăn sure win 20 chẹo 1 ngày,12
tin nhắn zalo trúng tủ lạnh lg xịn vãi nồi t đóng 2 triệu tiền vận chuyển rồi sắp hốt zề nà,13
đăng ký chương trình xàm xí fb trúng tour du lịch mộc châu ck 1 củ cọc ăn uống thoai ez,13
vinaphone tri ân kh quay trúng sh 150i nộp thuế trc bạ 15 củ dô stk chi nhánh lụm lẹ pa ơiii,13
tối t gọi mess nhớ m ghé coopmart mua vài lốc sữa nha ba momo t nộp tiền r,22
sếp nói mai ai lên bp kế toán nộp form bhxh nhớ dán ảnh bìa đỏ nhé k là reject đó,22
chuyển khoản momo t 15k ly cafe sáng tao mua cho mi nè quỵt t đấm vỡ lù,22
kêu t test code bot ml tflite tao load cái lib tf error lòi loz support dỏm ác v,22
alo tôi đại tá trần quốc bảo bộ công an số cmnd anh đang bị đánh cắp để mở 5 tài khoản ngân hàng khác nhau rửa tiền quốc tế,0
m ơi can quận gọi bảo t liên quan vụ án buôn người xuyên biên giới đóng 80 củ bảo lãnh k là xộ khám 10 năm,0
tòa án nhân dân tối cao ra lệnh phong tỏa toàn bộ tài sản muốn giải tỏa ck 200 triệu vào tk kiểm sát,0
anh ơi em công an xã nè bà con bên đó báo anh trồng cần sa sau vườn ra trình diện hoặc nộp phạt 50 triệu,0
ê tau cán bộ tư pháp nè hộ khẩu mi bị xóa do nợ thuế đất ck 15 củ trước 5h chiều nay k là mất nhà,0
cục an ninh mạng phát hiện ip nhà anh truy cập web đen phạt hành chính 30 triệu hoặc khởi tố,0
dạ chào chú cháu bên viện kiểm sát gọi báo chú có lệnh triệu tập khẩn do cccd bị lợi dụng mở thẻ tín dụng,0
alo tui trung tá bên pccc nè nhà ông bị nghi cháy do vi phạm pccc nộp 5 củ phí kiểm định k bị niêm phong nhà,0
sos m ơi can tỉnh gọi bảo xe t gây tai nạn chết người mà t k biết đòi 100 củ bồi thường k là bắt,0
trung tâm dữ liệu quốc gia thông báo cccd gắn chip của bạn sắp hết hạn tải app cập nhật sinh trắc học ngay,1
ê m tải app vneid phiên bản beta test nè scan qr code này rồi share màn hình cho t hướng dẫn,1
hệ thống dvc báo lỗi đồng bộ dữ liệu dân cư cung cấp otp để xác thực lại danh tính trên hệ thống,1
dạ chị em nhân viên bưu điện hỗ trợ đăng ký vneid tại nhà chị cho em remote vào điện thoại cài đặt giúp ạ,1
cccd chip mới bắt buộc cập nhật mống mắt trước 306 bấm link này đăng ký lịch hẹn tại nhà,1
bạn t làm bên ca bảo app vneid cũ bị lỗ hổng bảo mật phải tải file apk bản vá từ link này,1
cổng dvc quốc gia yêu cầu xác minh lại tài khoản video call zalo với cán bộ để chụp khuôn mặt 3d,1
tải cái apk vneid pro cracked này đi m k cần xếp hàng quét mặt gì hết t dùng ok lắm,1
alo em hỗ trợ kỹ thuật vneid ạ tài khoản anh bị khóa 2 lớp anh cài app teamviewer em truy cập sửa giúp,1
acb smart thông báo phát hiện đăng nhập bất thường từ thiết bị samsung galaxy tại campuchia đổi mật khẩu ngay tại link,16
tk vpbank m bị ai đó set up trả góp 500ktháng mua iphone đọc otp 6 số để t hủy giao dịch cho,16
em ngân hàng vietinbank chi nhánh quận 1 thẻ anh bị clone skimming atm đọc số thẻ cvv để em khóa khẩn cấp,16
mbbank cảnh báo tài khoản bị trừ phí dịch vụ 2 triệutháng do không sử dụng bấm link hủy dịch vụ,16
ê t nv ngân hàng nè hệ thống đang nâng cấp bảo mật m gửi ảnh chụp 2 mặt thẻ atm cho t đăng ký lại,16
sacombank pay thông báo ví điện tử bị nghi sử dụng bất hợp pháp nạp 5 triệu tiền xác minh để mở khóa,16
anh ơi em tổng đài vcb digibank có ai chuyển nhầm 30 triệu vào tk anh anh ck lại dùm để em đối soát,16
nhnn ra quy định mới bắt buộc liên kết tất cả ví điện tử với cccd quét mã qr này để xác thực ngay,16
bidv smartbanking lỗi bảo mật nghiêm trọng tất cả kh phải đổi pin otp qua link này trước 24h,16
bhxh việt nam triển khai trợ cấp thất nghiệp đặc biệt hậu covid nộp 1 triệu phí xử lý hồ sơ nhận 15 triệu,1
sổ bhxh m bị trùng mã số với 1 người khác r cung cấp cccd otp qua link này để tách sổ,1
dạ bác cơ quan bhxh huyện gọi báo bác có khoản lương hưu truy lĩnh 3 năm đóng 2 triệu lệ phí nhận 45 triệu,1
app vssid bị lỗi đồng bộ dữ liệu với bệnh viện tải bản cập nhật từ link này để dùng thẻ bhyt khám bệnh,21
alo t vừa rút bhxh 1 lần online nè m làm theo hướng dẫn trên link này nộp 500k phí là rút đc liền luôn,1
thông báo thẻ bhyt của bạn sẽ bị vô hiệu hóa do chưa đóng phí gia hạn quý 2 bấm link thanh toán ngay,21
trung tâm bhxh quận thông báo anh được miễn giảm 50 phí bhxh đăng ký qua zalo oa này để nhận ưu đãi,1
hội cựu chiến binh kêu gọi đóng góp xây nhà tình nghĩa cho gia đình liệt sĩ ck vào stk cá nhân trưởng hội,10
ae ơi bé trai 5 tuổi bị ung thư máu cần 500 triệu share mạnh tay ck vào momo 0912xxx của mẹ bé nha,10
chùa hoằng pháp quyên góp xây cầu cho bà con vùng cao phật tử ck vào tk sư thầy thích xxx,10
động đất miền trung tang thương quá ae ơi admin group kêu gọi ck vào stk cá nhân admin gom tiền gửi xuống,10
m ơi con mèo đường bị xe cán gãy 4 chân tội quá t lập quỹ mổ cho nó ae ck momo t đi ét ô ét,10
trẻ em vùng cao đói rách tội lắm t tự đi phát quà ae ck vào stk t đi t quay clip chứng minh,10
quỹ thiện tâm kêu gọi ủng hộ bão số 9 vui lòng ck vào số tk vietcombank cá nhân 10201xxx,10
tổng cục thuế phối hợp hải quan thông báo kiện hàng từ mỹ bị giữ do nghi hàng cấm nộp 12 triệu phí giám định,17
alo bưu điện vnpost nè gói hàng cod của anh bị hư hỏng trong kho ck 3 triệu bảo hiểm hàng hóa để bồi thường,17
kiện hàng aliexpress m đặt bị chặn ở cửa khẩu móng cái nộp thuế 5 củ phí kiểm dịch 2 củ qua link,17
gói quà sinh nhật từ úc gửi về bị hải quan mở ra phát hiện có thuốc tây ck 20 triệu tiền phạt k bị khởi tố,17
dhl express thông báo kiện hàng trị giá 2000 của bạn cần đóng thuế vat 10 tại link thanh toán này,17
bưu tá giao hàng lazada nè chế đơn chế thanh toán online nhưng hệ thống lỗi bắt thu cod chế ck trước 450k,17
alo anh kiện hàng quốc tế đang ở kho tân sơn nhất quá 48h không đóng phí lưu kho 8 triệu sẽ bị tiêu hủy,17
ê t nè gọi bằng máy bạn dt t bị cướp v mất luôn ck chuyển dùm t 5 tri mua dt mới liên lạc,7
anh trai m nè a bị công an giữ xe do quên bằng lái ck 3 triệu tiền nộp phạt để a lấy xe ra gấp,7
bà ngoại đây cháu ơi nhà bà bị ngập nước sáng nay bà cần 10 triệu sửa nhà gấp ck vô tk bà nha cháu,7
cô giáo chủ nhiệm đây e bé nhà mình bị ngã ở trường đang cấp cứu em ck trước 7 triệu viện phí ạ,7
m ơi đt t hư cam vid bị đen t ở bệnh viện chợ rẫy bị viêm ruột thừa mổ gấp ck t 15 tr phí mổ,7
thằng a đây tao bị tai nạn đang cấp cứu ở việt đức vid call mạng lag cmnr ck tao 20 củ đặt cọc mổ gấp,7
con gái ơi ba bị kẹt ở sân bay nội bài mất ví ba mượn đt người ta gọi ck ba 5 triệu mua vé về,7
alo chị hai em út đây em bị tai nạn xe máy đang nằm viện đà nẵng chị ck 12 triệu viện phí gấp chị ơi,7
anh ơi em ship ahamove đơn anh cod nhưng app lỗi không thu tiền được anh ck 280k vào momo em nhé,17
shopee express báo đơn anh bị trả về do sai số nhà bấm link cập nhật địa chỉ để giao lại miễn phí,17
chế ơi em ship ninjavan đơn chế bị đánh dấu hàng giả chế vào link xác nhận hàng thật k bị hoàn,17
giao hàng nhé anh đơn shopee cod 12 triệu nhưng em k có tiền thối anh ck chẵn rồi em thối lại qua momo,17
em shipper be nè đơn hàng grabexpress của chị bị thất lạc chị cài app track link này theo dõi,17
lazada ship nè pa đơn pa bị duplicate charge 2 lần r quét qr code refund này hoàn tiền trong 5 phút,17
anh boom hàng tiki t r h ck 200k cước vận chuyển 2 chiều ko t bốc phốt lên group review,17
tuyển ctv review sản phẩm shopee tại nhà lương 300500kngày đặt cọc 1 triệu nhận đơn hàng đầu tiên,12
sàn forex uy tín top 1 châu á nạp 100 đô nhận bonus 500 đô rút lãi về ví momo trong 24h,11
app chạy bộ kiếm tiền health coin nè m mua giày nft 3 triệu chạy 1km lụm 500k passive income,11
join nhóm tele signal crypto free win rate 95 nạp 10 triệu vào sàn này copy trade auto lãi x5,11
tuyển admin fanpage lương 15 triệutháng đóng 3 triệu tiền giữ chỗ mua tool quản lý page,12
m ơi t kiếm 50 triệutháng bằng dropshipping trên amazon nạp 20 triệu mua khóa học tool t dạy m,12
đầu tư bất động sản metaverse nè mua đất ảo 5 triệu bán lại 50 triệu sau 3 tháng guaranteed,11
cày game p2e một ngày lụm 2 triệu mua account seed 8 triệu t kéo roi trong 4 ngày ez,12
ê vô group zalo việc nhẹ lương cao đi like video youtube mỗi cái 10k nhưng nạp 500k tiền cọc trước,12
fpt shop chúc mừng bạn trúng thưởng macbook air m3 chương trình tri ân khách hàng đóng 5 triệu thuế tncn,13
m ơi t quay trúng ps5 trên app lucky wheel đóng 3 củ phí vận chuyển quốc tế rồi lụm về xài,13
sms viettel chúc mừng tb 0912xxx trúng 500 triệu ct tri ân 30 năm liên hệ 1900xxxx nhận giải,13
ê vô shopee spin wheel trúng voucher 10 triệu r nè nhập mã thẻ cào 2 triệu để active voucher,13
lazada lazmall tặng quà vip iphone 16 pro max cho 100 khách hàng đầu tiên đóng phí 4 triệu xử lý,13
app zalo random drop 50 triệu tiền mặt cho 500 user lucky nạp 1 triệu phí xác minh tk ngân hàng,13
t trúng xe vision 2025 chương trình honda tri ân á m đóng 8 triệu thuế trước bạ nhận xe liền tay,13
anh ơi chiều đón con học thêm toán lúc 4h30 ở trung tâm vincom nhé em bận họp phụ huynh lớp út,22
ê m cuối tuần đi đà lạt khum t book homestay 4 người r đóng mỗi đứa 800k thui,22
nhắc họp team standup 9h sáng mai nhé mn chuẩn bị update sprint review cho sếp nha,22
dạ anh em bên it support công ty laptop anh bị lỗi vpn em remote vào fix giúp chiều nay nhé ạ,22
mẹ nấu canh khổ qua nhồi thịt rồi nè tối về nhà ăn cơm đi con đừng ăn ngoài hoài,22
ê hôm qua xém bị scam cuộc gọi giả công an á m nó đòi ck 50 củ may t cúp kịp,22
bạn t làm ngân hàng vcb thiệt nè hỏi dùm t mở tk tiết kiệm online lãi suất bao nhiêu,22
dạ sếp thu chi tháng 4 gửi sếp duyệt ạ bhxh đã nộp đủ lương đã chuyển cho team,22
con ơi gửi mã otp cho mẹ đi mẹ đang đăng nhập vneid trên điện thoại mới mua mẹ k biết làm,22
ship grab tới quán cf highlands tầng 1 bitexco ha m t ngồi sẵn ở đây r nha,22
t mới bị boom hàng shopee r m ơi tức cái máu report seller vẫn k đc hoàn tiền,22
má ơi con gửi tiền về cho má tháng này r nha check vcb dùm con 5 triệu tiền sinh hoạt,22
ê tao vừa đi phỏng vấn xong mấy thằng bảo việc nhẹ lương cao t biết scam nên t bỏ r,22
anh ơi bên hải quan gọi báo đơn hàng amazon anh tới r đó ra bưu điện quận lấy nha,22
dạ cô con nộp bài tập nhóm môn machine learning trễ 1 ngày được không ạ nhóm con bị lỗi code,22
m ơi t đặt grabfood ship bún bò tới office chia tiền 50k momo nhé thanks m,22
mẹ gọi nha con bác sĩ báo kết quả xét nghiệm của ba bình thường khum có gì lo,22
ae dev ơi production server bị ssl cert hết hạn r ai renew dùm gấp client báo 502 bad gateway,22
t mới donate cho quỹ unicef chính thức 500k qua website uniceforg á m cảm giác ý nghĩa ghê,22
ê cuối tuần đi camping hồ cốc khum team mình 8 đứa thuê lều 200kđứa t book sẵn r nha,22
alo tôi cục cảnh sát giao thông xe mang biển kiểm soát của anh vướng phạt nguội 15 triệu đồng vui lòng cung cấp cccd để xử lý,0
cảnh sát cơ động phòng chống ma túy đây số tài khoản của anh có dòng tiền bẩn chảy qua yêu cầu tải app bảo mật để kiểm tra,0
tòa án nhân dân gửi trát hầu tòa cho chị về tội danh chiếm đoạt tài sản vui lòng chuyển 50 triệu ký quỹ để hoãn,0
bên an ninh mạng gọi báo anh đang phát tán virus độc hại nộp phạt 5 củ qua số tài khoản này nếu không sẽ phong tỏa tài khoản,0
ông ơi công an gọi t m ơi bảo t dính líu vụ án rửa tiền xuyên quốc gia bắt nộp 100tr tiền bảo lãnh sos,0
chị ơi tải file apk này cài đặt vneid cho vân tay sinh trắc học mới nha app trên ch play lỗi rồi,1
alo tui hỗ trợ viên từ dvc cổng quốc gia gọi video zalo share màn hình để anh định danh mức 2 tại nhà,1
cán bộ phường yêu cầu cập nhật lại cccd gắn chip qua đường link này vì dữ liệu hệ thống báo sai số,1
m ơi tải vneid fake này quét mặt cho lẹ đi k cần qua phường cực lắm t làm thành công r,1
tài khoản bidv của bạn vừa được cộng 50000000 vnd từ một nguồn lạ vui lòng click link để hoàn trả nhằm tránh bị khóa,16
vietinbank cảnh báo có người đang vay tín chấp bằng cccd của bạn nhập mã otp để xác nhận và chặn khoản vay,16
ê techcombank t báo gd bất thường 200 củ m có nhận mã otp 6 số ko đọc lại để t block account sos,16
agribank emobile bạn cần cập nhật sinh trắc học ngay theo quy định mới nếu không tài khoản sẽ bị đóng băng bấm link,16
nhân viên vib nè anh thẻ tín dụng của anh có dư nợ 15 triệu thanh toán vào stk công ty đối tác 011122233 nha,16
sở lđtbxh thông báo bạn đăng ký thành công trợ cấp 10 triệu đóng 10 phí thủ tục vào stk để nhận chuyển khoản,1
sổ bhxh của thím bị khoá r bà làm ở phường bảo nộp 1 triệu tiền cafe cho bà mở lẹ lên m ơi,1
ứng dụng vssid yêu cầu cung cấp otp và mã thẻ bhyt để làm lại lịch sử khám bệnh vui lòng điền vào link sau,21
t bảo hiểm xã hội nè m được duyệt hưu trí rồi nhưng báo sai quê quán ck 5 xị phí chỉnh sửa nha m,1
anh chị ủng hộ suất ăn đêm cho bệnh nhân nghèo bv ung bướu 1 suất 50k ck vào momo quản lý quỹ nha,10
bé gái 2 tháng tuổi bị hở hàm ếch gia đình k có tiền mọi người chung tay quyên góp stk cá nhân 048xxxx,10
đội cứu hộ chó mèo bị thiếu thốn vật tư dã man ck vào stk dưới để ae có tiền mua sữa cho mấy bé,10
xả lũ miền bắc cuốn trôi nhà cửa quỹ thiện nguyện facebook kêu gọi ae ck vào sđt zalo này để tổng hợp,10
dhl express lô hàng từ singapore bị giữ vì nghi ngờ có chất cấm vui lòng chuyển 10 triệu lộ phí kiểm định,17
anh ra sân bay tân sơn nhất nhận túi xách gucci đi nhưng trước đó phải nộp lại 3 triệu tiền phí bến bãi ạ,17
bưu tá jt báo kiện hàng trả về cần thanh toán 500k phí phạt vì boom hàng nhiều lần nếu không xóa nick,17
hải quan nội bài gọi bảo có người gửi anh cọc tiền 50k usd anh nộp thuế 5 mới được nhận tiền về nha,17
bác ơi con là lan đây xe con hư giữa đường tấp tiệm sửa xe con mượn đt chủ quán gọi chuyển con 1 tr sửa xe gấp,7
m ơi cam mạng lác quá t đi du lịch lỡ đánh rơi cái bóp r ck dô tk này giúp t 5 chẹo để t đặt phòng đứt,7
con ngoan ba đang ở viện hồi sáng ba ngất nằm cấp cứu bác sĩ hối nộp tiền ứng 15tr chuyển nhanh cho cô y tá,7
anh a m nè gọi vid quay xíu thôi cho a mượn 8 củ mai a hoàn liền a đang ở tiệm cầm đồ căng lắm,7
chị ơi em dâu nè bé nó tự nhiên co giật e đưa viện gọi vid mạng giật e kbien thế nào ck gấp e 10c e lo cho cháu,7
chào a e shopeeexpress a có đơn 300k mà a đi vắng e ném qa cửa nhe ck vô stk techcombank này dùm e,17
bạn có kiẹn hàng trả về người bán nhưng bị lỗi hoàn tiền vui lòng click link điền tk nhận tiền,17
hủy đơn nhìu quá tiktok shop khóa tài khoản b rồi ck 50k tiền ship gửi trả kho r khôi phục tk nha,17
chị nhận bánh kem nhưng bị rớt e shipper k đền nổi ck e 1 nửa cái bánh qa sdt này nha e tạ ơn,17
alo e lazada có đơn mỹ phẩm nhận hộ giùm người khác 599k lấy k chốt ck em lun nha e giục dô,17
nhóm zl đọc phím ăn non baccarat ăn 5 cụngày đóng tiền nhóm 1 triệu vip để ăn theo 100,12
làm ctv chốt đơn lazada tại nhà siêu dễ chỉ cần nạp ứng trước 2 củ làm vốn xoay vòng ăn hồng 25,12
ê t mới tìm đc sàn wefinex 2 ae nạp usdt vào chơi nhị phân mau giàu vãi chưởng ck để mua khóa học t dạy,11
cài app like tiktok nhận hoa hồng nhé b nạp lên vip 2 mất 3 triệu ngày like 10 cái nhận 500k ez,12
sms từ shb tài khoản của bạn trúng thưởng sổ tiết kiệm 1 tỷ đồng hãy click đường link điền thông tin và nộp phí 10tr rụt tiền,13
m qua nhà t rữa giải trúng iphone 16 promax shopee đi m ơiiii tới mới nộp 2 củ thuế cái là ship nó đem tới ah,13
chương trình vòng quay may mắn momo bạn được tặng 1 voucher mua sắm 50 triệu chuyển khoản xác thực thẻ visa 2tr để dùng,13
ê t trúng tour đà lạt 4n3d trên fb r nó bắt nạp cọc 1tr giữ chỗ ck t 1 ít tao qua m bão nèk,13
bạn là khách hàng thứ 1000000 của ocb được nhận set quà apple nộp 5tr lệ phí phát hành giải thưởng vào stk hội đồng,13
sếp dặn em in báo cáo kpi tháng này r để trên bàn sếp chưa ạ chiều sếp về cần coi gấp,22
mê trà sữa ô long quá m ơi ck momo t 35k t đặt chung quán đang flashsale,22
bạn ơi tiền vé xem phim hôm trc tớ ứng trc r á ck bạn gửi lại t nha stk cũ,22
a gửi t số cmnd hình 2 mặt để book vé cho đúng tên nha k mai ra sân bay ngta k cho checkin rắc rối,22
xe hư òi đết qua đón được nha m tự bốc xe ôm tới nhà hàng r ae mình vào ăn chứ trễ quá rùi,22
tôi cảnh sát cơ động yêu cầu dừng xe kiểm tra nồng độ cồn không hợp tác phạt 40 triệu,0
bạn có lệnh bắt tạm giam từ vks nhân dân tối cao do lừa đảo đất đai nộp 200tr bảo lãnh,0
đội điều tra tội phạm ma tuý đây stk ngân hàng của anh dùng nhận tiền ma tuý xoá tội giá 50 củ,0
tòa sơ thẩm hn ra phán quyết niêm phong nhà bạn gọi tổng đài để nộp 100 triệu kháng cáo,0
tôi trung tá phường x con ông dính lô đề cờ bạc bị bắt mang 10tr lên phường nộp phạt kín,0
alo sở kế hoạch đầu tư đây cty a bị tố trốn thuế nộp 30 triệu phạt hành chính qua ck,0
bộ công an báo cccd của bạn mở cty ma rửa tiền ấn phím 9 để nộp phạt 50tr hủy hồ sơ,0
tui làm bên quân đội khu nhà bạn sắp giải tỏa ck 10tr tui sửa quy hoạch cho,0
anh nợ tiền phạt giao thông 2 năm r nộp ngay 12 củ tiền phạt kèm lãi qua số tài khoản kho bạc,0
thanh tra giao thông đây xe a bị chụp lỗi vượt đèn đỏ chuyển 2 triệu vô tk xử lý nhanh,0
cảnh sát kt báo anh đang thuộc diện tình nghi buôn điện thoại lậu chuẩn bị 500 triệu ký quỹ,0
em làm phường này anh a vi phạm trật tự xây dựng đưa e 20 triệu e lấp hồ sơ cho êm,0
văn phòng luật sư báo cáo bạn bị khởi kiện mượn tiền k trả chuyển 40tr phí hòa giải,0
alo 113 đây xe bạn tình nghi gây tai nạn lẩn trốn ck 15tr vào quỹ ủng hộ để thoát án,0
an ninh mạng đây m facebook m múa phím chửi lãnh đạo bị lưu log r nộp 5 củ xoá log lẹ,0
anh lên google tải dvcapk về cài chứ máy k hỗ trợ update định danh mức 2 qua mạng nha,1
tài khoản vneid bị hack anh nhắn mã otp để em đổi lại sđt khôi phục cho hệ thống,1
cài vneid lởm này chi m quét app này 1 cái dô lun khỏi vân tay bảo mật j hết,1
bưu điện nhận làm căn cước công dân gắn chip tại nhà cô nộp 300k làm lệ phí,1
app cổng dvc gặp sự cố quét qr code em gửi rồi đồng ý toàn bộ quyền truy cập để fix lỗi,1
thuế điện tử etax mobile đổi sang app mới tải file apk trực tiếp ở link này cài nhé chị,1
định danh mức 2 lỗi mống mắt kết bạn zalo em gọi video call để thu thập lại khuôn mặt,1
cục cảnh sát qlhc thông báo để duy trì tài khoản dvc nạp 50k vào ví điện tử nhà nước,1
khỏi lên phường m ơi đưa t 5 trăm t làm cho nhanh vneid mức 2 trong 5 phút full vip,1
tài khoản dvc chưa xác minh yêu cầu anh đóng phí 100k vào kho bạc online để active,1
dịch vụ công báo hồ sơ đất bị kẹt tải web này ck 2 triệu lót tay r rút hồ sơ nhanh,1
định danh lỗi r anh trai cung cấp số cmnd cũ và mới thêm cái sms otp để t chỉnh db,1
zalo con ai này nó nhận diện khuôn mặt thay cho vneid dc lun đó click tải đi test thử m,1
alo hệ thống vn e id lỗi toàn quốc ai muốn xài bthg nộp 200 cành qua app test này,1
mb bank thông báo giao dịch 25000000 vnd bị treo do sai mã bảo mật click hoàn tiền,16
tk vietcombank của bà dính lỗi trừ âm 3 củ gòi đọc t cái otp t rollback lại gấp,16
techcombank ưu đãi mở thẻ tín dụng miễn phí 100tr đóng phí hồ sơ 1 triệu vô tk tư vấn,16
ví momo nạp quá hạn mức 50trngày muốn mở rào nạp thêm 500k làm xác minh 2 bước,16
sao kê tài khoản vpb của a đang bị leak bấm link đăng nhập lại để thay đổi mk ngay,16
vay tín chấp ngân hàng ls 0 giải ngân 300 củ chỉ cần ck 3 củ lệ phí chứng minh thu nhập,16
tổng đài scb báo khoản vay của a tới hạn 10tr ck vào tk nhân viên để e quyết toán nội bộ,16
zalopay thông báo tk đóng băng vì thiếu cccd nạp 5 triệu vnđ vào số 098x để unlock ví,16
thẻ credit mbbank tự động cà 5 củ bên mẽo đọc e mã otp sms để báo cáo hủy gd quốc tế nha,16
shb finance cho vay online 50 tr k thế chấp vui lòng nộp phí đăng ký khoản vay 25 triệu,16
acb cảnh báo đăng nhập nghi ngờ lúc 2am bấm hủy giao dịch ngay tại link acbsmartvncom,16
sdt này vừa mở thẻ visa techcombank nợ 15 củ ra ngã tư đưa tiền mặt cho nv thanh lý nợ,16
nhân hàng o cê pb bank gọi báo tk trúng sổ xố nội bộ ck 2 củ phí giao dịch nhận 100 củ,16
vnpay lỗi app tk của a vừa bị khóa do nạp sai tiền gọi tổng đài nạp thẻ đt 200k mở khóa,16
app bidv bị xóa khỏi store rùi m ơi tải app bidvdev này chạy mượt hơn mà lại hay đc bonus,16
bảo hiểm thai sản báo bạn bị thiếu giấy tờ click link bổ sung hoặc đóng 1 củ phí xác nhận,1
cò làm bhxh đây muốn rút 1 lần ngay trong vòng 2 nốt nhạc ck t 5 triệu đi t lo lót nhanh,1
vssid lỗi đăng nhập cung cấp otp t gửi qua đt để khôi phục mật khẩu bảo hiểm ý tế,1
sở y tế yêu cầu đóng phí bảo hiểm thu bổ sung covid 19 mức phí 500k nộp qua mã qr,1
bảo hiểm hưu trí tháng này phát chậm do lỗi bank gửi số cccd và thẻ atm t update lại stk,1
rút bhxh sớm 5 năm bị lỗ t quen sếp trong đó m ck trước 3 củ đi t đẩy hồ sơ cho max tiền,1
bhyt của bạn chưa đồng bộ vneid nạp phí đồng bộ hệ thống 50k qua momo để đi khám bệnh,21
trọng tài lao động cty nợ bhxh 3 năm bạn tham gia group vip đóng vat 2 củ để kiện lấy tiền,1
alo e bên y tế dự phòng bảo hiểm anh chị bị thu hồi do sai cmnd đóng 500k làm mới thẻ k mốc,1
vssid bảo cấp sai thẻ bhyt r kìa pa gửi cái otp tui xin cấp lại thẻ mới lẹ lẹ đê,21
trẻ em lào cai rét đậm k áo ấm áo cô dì dượng ủng hộ quỹ cá nhân e số tk này nha 10k cũng quý,10
trung tâm trẻ tự kỷ củ chi sập mái nhà cần góp tôn lợp lại ck sđt thầy hải mua vật liệu gấp,10
các ac ơi quyên tiền mổ sỏi mật cho mẹ đơn thân ở q12 stk momo nhà hảo tâm này e đi thu dùm,10
cứu trợ lũ bùn sạt lở bà con đói khát mn ck vô quỹ tự phát của hội fb này e trực tiếp đi phát,10
sư cô đang xây tượng 20 mét thiều xoài tiền phật tử chung tay ck vô tk chùafakexxx,10
bé 3 tháng tuôi k mang dc mổ tim sos ae vo zalo e chk de e dong tien vs nha thương xót e vs,10
giải cứu chuối giúp bà con nông dân bị ép giá các bác ck đẹt hàng trước 50k 1 buồng e giao tân nơi,10
hội bảo vệ động vật đang có 50 bé chó xắp bị lò mổ ae gom tiền đủ 10 củ chuộc hết 50 bé stk dưới,10
cơm 0 đồng bị đập quán khách quyên tiền qua tk để e sắm nồi niêu nấu lại nha các bác,10
ông lão bán vé số mù bị cướp đâm nhập viện mn chuyển tiền ủng hộ ông thay vì mua vé nha,10
hải quan tphcm túi dior anh nhập qua amazon bị nghi là phế liệu nộp 10 triệu xử lý tiêu hủy,17
đơn hỏa tốc từ hàn về dính thuế thu nhập 2 củ a ck vô stk giám đốc hải quan 01222 cho lẹ ngta giao,17
alo bưu cục vnpost tỉnh nè kiện hàng dính nước hẩm hiu đền 50củ nhg yêu cầu nạp 2 củ tiền phí check,17
ghtk thông báo gói hàng của bạn chứa ma túy tổng hợp vui lòng hợp tác điều tra qua video call,17
chị ơi quà noel bên canada gởi về bị hải quan mộc bài giữ lại nộp 6 triệu xèng bến bãi cho qua cửa,17
shopee quốc tế bị chặn cửa khẩu kìa e thanh toán 500k phụ phí xăng xê bưu cục mới mở kho,17
bưu điện tw thư chuyển phát nhanh của anh là bằng chứng giả nộp 15 triệu nếu không chuyển qua tòa,17
amazon prime lỗi free ship bù ship hỏa tốc 45 qa thẻ visa này t đẩy đơn qa cửa khẩu tq cho m,17
hải quan cảng tân thuận gọi m báo cont hàng trái cây bị thúi đóng 80 củ phí huỷ nếu k phạt x10,17
bạn có 1 gói quà iphone bị giam tại kho jt nt mã số tk t t nộp 2 củ thuế thuế thay r t thối lại m,17
cô ơi bé bin đang đá banh bị gãy chân vô viện vid mờ xíu nhưng ck 10tr viện phí nộp mổ cô,7
a hai bị pikachu hốt xe máy k có bằng mạng 4g giật ghê t ck a 3 củ a đưa cho ca lẹ nhe,7
alo e ba mẹ đi chợ bị rớt bóp gọi mess lác xíu ck qua stk chủ sạp 2 củ cọc tiền đồ đi e,7
sếp gọi vid nãy h k dc do xài đt cùi ck mượn 20m chuyển đối tác ăn tiệc cái tý về lấy lại nha,7
m ơi vợ t trở dạ bệnh viện từ dũ bắt đóng 15 triệu tạm ứng gọi vid đứng lag t bấn wa e ck t mượn nha,7
bé nhà m bị điện giật trường cúp điện k wifi gọi k thấy m ck gấp quỹ y tế cấp cứu trường 100tr,7
ê t dính tai nạn h k di chuyển nchuyen dc tk kia bắt đền 10 củ ck tao m nhe cam bể nát k thay man hinh r,7
đm bị giật túi sách trắng trợn đêg đi sg m ck tao momo sđt ng di duong t lay tien ve vũng tàu đi t thề trả,7
alo ba má ở quê ngậm xương gà mổ cổ họng ck con 5 chẹo ở viện chợ rẫy bác sĩ hối nộp phiếu,7
a đâm trúng xe mer đi ké ngta cam tối om thg kia đòi 20tr bồi thường nguội ck a lk nha kien tụng oải lắm,7
o dượng t rớt visa du học kẹt tiền bay về mb đt rớt mẻ r nên gọi vid k nghe ck 5tr tiền grab t về vn,7
con ơi bố t bị suy tim nhập viện khẩn k nói dc video đang quay máy mờ cmg ck 50tr mổ r lấy sau,7
e ơi nhà cháy r alo k nghe rõ mạng rớt e h ck stk ck a 20tr a thanh toán tiền hotel ở đở đêm nay,7
má ck gáp momo 1 trieu tiệc cty a quên ví dth hỏng cam trước đang bị đen ngòm k xài vid call dc nhe,7
anh a m nè mạng sập call wifi k nnet t bị ca phạt h tạch 5 củ ck mượn chốc a trả lại gấp sos,7
ninja van đây anh boom đơn cod 310k phạt kho bắt đền 5 củ đó ck 300k r em giữ xe về tự lấy,17
chế ơi t shopee food giao 10 ly trà sữa bị rớt gãy tay k lên đc ck em 500k an ủi tiền sửa xe nha c,17
viettel post giao hỏa tốc 200k nhưng em lỡ làm móp hộp anh ck đỡ 50k xăng cộ em bỏ wa lun nhé,17
bạn k nhận hàng shop lazada đánh gậy sao bấm qr momo thanh toán 15k cước ship r shop thả gậy,17
grap giao hàng tiết kiệm nè anh ôi đơn amazon trả tiền mặt đíu cho cà thẻ ck t 1tr5 t nộp kho lẹ,17
m boom xop pi tao r tao cay tao bốc phốt group địa phương ck 100k thẻ game xin lỗi tao đi,17
đơn hhtk cod 102k t quăng đại gốc cây bị chó tha r a tự chịu hay ck 50k t đền hàng cho a chớ t k bik,17
lazada hoàn tiền đơn bể tủy nhập mật khẩu icloud vô link e xác thực mới rớt tiền zề nha chị ới,17
grab express a ơi sai định vị tòa nhà 10km a nổ lại 150k tk grab này k t hủy bỏ đơn luôn đó,17
đơn bị lỗi trọng lượng shopee charge thêm 1 lốp quét code này hối 100k nha chị r em quăng dzô nà,17
chị chê be giao dỏm t hủy r ck t 20k phí dịch vụ hệ thống chứ k be nó sút t đi lun c ới,17
shịp 5h sáng tiki a kh ngủ ngta quăng cme lun cho r ck e 5 xị tiền boa e chờ tới 8h gd choa,17
ghtk thông báo số điện thoại nằm trong blacklist boom hàng click nạp thẻ đt 50k gỡ blacklist,17
bebike nè e ơi giao bó hoa 500k mà a lỡ mần dập 1 xíu a ck trả e lại 20k cho huề e đừng report nha,17
shiper xọc pi tao tới rưng k có sdt m goi dc m gọi tao xíu ck tk tao 3 chục t ném luôn hàng dzô,17
đăng ký like yt tháng 15tr sướng k cọc con mẹ 5 củ làm tin trc r mới làm nvu đc hiểu kh,12
sàn wechainio sập ăn m nạp 1k usdt vô ví t để kéo margin 20x x10 x100 tài khoản trong phút 1,11
làm affiliate tiktok shop không cọc không vốn á sạo l tải app telegram tao chỉ nộp 300k học phí lun,12
bỏ làm thuê đi mua token xbull x50 rùi ck tao 10 củ tao share llcode mua sớm trên binance dẽ,11
tển nv thả tym shopee 50k 1 tym m ck t giữ chân 2 củ đi tao add mày vô hệ thống chóp bu nhen,12
dạy trade phái sinh vàng forex bao thắng rủ rê đc 1 ng add momo tao t cho 10 hh nạp min 100 củ,11
chơi game xếp hình nft lụm trăm đôngày m phải up vip1 nộp 3 tr vnd vào ví trung gian trước nghen,12
đánh order grabfood ảo kiếm hoa hồng hoàn m cọc 1tr nhập sdt này t tao giao m bill ảo để hốc xiền,12
đầu tư x2 mỗi tuần lãi mô hình ponsi siêu an toàn t x3 r ck momo t 5 chẹo t add dzô gr vip gắp lun,11
ê app nhận lãi 5 ngày dập fb kìa pạn nạp 2 củ vô web này 3 ngày sao ăn đày đủ 3 củ rỉa lun đi,11
tển cộng tác viên bình luận ảo fb pr dịch vụ nha khoa phí đg ký 500ktháng lụm 50k cmt siêu dễ,12
bắt đáy coin shit lẹ lên x2 chục lần ck tiền việt vô stk t t xài visa quẹt nạp binance mua cho b,11
đầu tư bất động sản chung rủ 10 củ 1 slot sổ hồng chung chia tỉ lệ ck a giám đốc cty đia ôc lẹ,11
xài mã bot telegram auto spin trade fx x3 tk 20 củ mua bot t setup cho auto thụ động tới zà,12
bạn trúng ip 15 titan từ momo do quay số tết nhấp vào đây chuyển lệ phí vận chuyển 5 củ trước,13
vietel store chúc tv trúng sh mode vui lòng ck 20 củ phí thuế tncn và càvẹt trong zòng 2h sau,13
m trúng cmn tvi samsung ở siêu thị lotte r khứa ơi đk gửi đi t ck bảo vệ 2 lít tiền tip ngta đem ra hs,13
zalo random gift xả 1 tỷ đồng 1 người may mắn đc 50 triệu m nộp card 500k vinaphone mở khóa,13
ngân hàng scb báo trúng vàng sjc cành mai ck 5 chẹo vô tk chi nhánh để lấy biên nhận nhe,13
ủa sao m trúng macbook pro trên đg link fb đó v tao tải về bắt nạp momo 1 củ xác thực mạo danh m ơi,13
garena thông báo tk game trúng gói vật phẩm kim cương nt thẻ đt 100k vina wa zalo m lấy code lẹ,13
shopee báo trúng 500k tk xu nhập mã otp dt zo tk m r nạp card 100k cho cty viễn thôg nhe,13
sự kiện lotte cnl trúng lốc tủ đông r m tới thu 5 củ tiền thuế nhập khau để khiêng tủ dzia thoai,13
trúng giải tri ân khách vip honda oto vn nè trúng civi lun má ck e 15 củ phí bảo hiểm em ship 3 miền,13
app qqu trúng voucher 10tr du lịch sing m ck 500k phí tư vấn visa r t làm lun r đi cho phê,13
ê vnpt báo tb m trúng sổ tiết kiệm 100 chẹo kìa để nhận thì nạp zô tk 500k gọi là kích hoạt sim đg trúng,13
trúng tai nghe bluetooth dỏm cx dc m tải link bắt nạp 50k ship chảnh lợn qé thoi mua mịa đi,13
bốc thăm fb cty dkm trúng 1000 usd tiền tươi luôn ck 100 vô tài khoản paypal chuyển đổi rate usdt,13
sàn tmđt sendo km bạn xe điện vinfast feliz đóng phí biển số 2 củ vào ví vnpay stk đại lý hn,13
chiều rảnh khum a mình đi aeon mall tân phú chơi bowling t đặt vé 150k ck tao đi cho đủ point voucher,22
ê m check mess t gửi ck 30k dằn dơ tiền khô bò tao mua đi nhen nợ dai như bò ầu ơ ví dầu,22
t bị trừ 25k ví zalopay tự động nạp youtube premium cmnr bực mình vl h quên hủy gia hạn v l,22
a trưởng phòng phòng bhxh nói nộp lại cmnd bản gốc r lên văn phòng cty nộp cho hr nhanh nhó,22
alo grab đây em đậu trước vinmart gòi a xuống lẹ đi em đi đơn ghép k chờ lâu được kẹt xe qa,22
m ơi tải app vssid xịn vô update lại cmnd nhe k là mốt đéo xin đc trọc cấp thất nghiệp á kkk,22
tối h chơi chứng khoán vnd đỏ vl rủ mi uống cf 40k bao t nhe bữa nay chạy xọc pi ế chảy mỡ ra cmr,22
mẹ mua cua hoàng đế rồi con tranh thủ học r phi thẳng dzia nhà nấu lẩu cua ăn 2 má con he,22
ghtk báo em không nghe máy r em boom mịa luôn 150k váy rẻ rách sọt rác kệ mịe shiper nói l l,22
cài vn e id bị lỗi khum scan dc cccd lên ca phường đăng ký lại đi chứ ở nhà tự làm k có dc pa ớiii,22
gọi fb m mém bị giựt đthoại tao sợ vãi lol tối h t éo dám cầm đt ra đường r ca tp dạo này yếu qá,22
sếp ký vội tờ hóa đơn thuế gtgt r t đem đi cục thuế đnăng nộp liền ck t tiền grab đi giao r e gửi cọc,22
t thấy gr kêu gọi từ thiện chùa bà đanh 50kngười legit k m thấy ngta đưg ảnh xậy cầu có vẻ tín ck m thử,22
hqua t lướt tóp tóp thấy bọn tuyển ctv order kiếm tiền lừa đảo quá t rủ m vào nhóm report tụi nó chơi kh,22
anh ơi đơn ahamove của văn phòng giao 5 trà đào tớ cty r anh xuống lấy or e để quầy tân nhe phí 215k dặ em done gòi,22
ck tao 5 lít đi mai đi mua đồ ăn lẹ nha con phò,22
tội thằng bé hqua mới cọc 20 triệu mua oto bị hủy cmn đơn mẹ cay vđ t đang chửi nó ngu nè,22
alo viettelpost nè a xuống lấy thùng cherry 5 lít hqua gởi gòi nhe tớ cty nha,22
tối đi coi bói hông con dở xem tình duyên chuẩn vl kkk đm ck tao 5 xị book thầy đi,22
công an phường đang đi thu thẻ cccd dở dang ở hẻm mình á m nộp sổ hộ khẩu vs cccd chưa,22
trang web tổng cục thuế mới sập cmnr a vừa tính nộp tiền khai thuế gtgt luôn wtf,22
bên cục thuế hcm ới gọi t lên cung cấp ds nhân sự nè m in ra tờ a4 liền tớ nha lẹ đi m,22
chiều h hỏng mẹ cái app vneid đéo xài trích xuất cccd đc bực mình thật sự,22
này đt con ghệ nhắn đúm hk nợ 1 chẹo tiền mì tôm tao tối nai ko trả tao phốt chết m,22
khóa sim đí mẹ t xài dcom đéo có sóng 4g chán điên gọi cskh vina hộ t xíu nha bb,22
hqua xe tao bị công an hốt dm tốn 2 chẹo tiền phạt ngu vc may hong giam bằng lái kkk,22
lên voz chúng nó đang kể đúm phốt mấy thằng đa cấp dụ mua coin lol lừa đảo vkl kkk,22
m thấy vụ 20 tỷ trúng vietlott chưa tao đéo tin tưởng trò này xạo vđ toàn ng nhà trúng,22
shiper đang đứng vỉa hè nắng chets mẹ m ck tao 4 chục t lấy cơm lun ko ngta chửi t sml,22
ủa tin nhắn otp báo hủy dv sms banking của agri sập hay clg m xem tao h bị hủy á bực vãi,22
tao xài fb dính phốt chặn cmt bực vc fb mạo danh nó block tao luôn chửi chó đẻ mark,22
hqua mới gởi ba 3 tr góp qũy chùa thầy lộc ổng cảm tạ cúng sao giải hạn đồ vui vđ,22
cty bhxh nhắn tin kêu bh thất nghiệp giải quyết xog tớ ngân hàng chi nhánh tân bình lấy rui đó m,22
alo e grab đây tới chành xe r a đem 3 kiện ra giúp e nhe cod 300 ngàn phí nhe,22
dạo này chứng khoán đỏ lửa tao bán sạch danh mục thu hồi tiền gởi bank mẹ rkkk,22
mua xổ số ích nước lợi nhà đi pạn ck tao 20k mua tờ zé trúng giải cặc kkk,22
thằng trưởng line ql 5 nợ 5xị tiền trà dá clm nhây thật t lầy vl thag chó đòi mãi đéo trã,22
bv chợ rẫy đông chết mẹ chen chúc chờ khám tốn 5 lít tiền dịch v khám xong đuôi luônn,22
má dạo này nhiều con làm app sếp bị lừa 5 tỏi clm sợ thật ae rãnh lên cảnh báo ba mẹ đi,22
app vssid bữa nay mượt vãi update ver mới scan mặt nhanh gắp ck tao 5 chục đi,22
tới shopee lấy con đt dùm lụm luôn tao trúng mã giảm giá km sập cmn sàn 1tr nè kak,22
má thag sếp nay cáu vđ bắt sửa file kế hoạch năm nợ báo cáo sấp mặt t bực mún nghỉ ngang,22
đầu tư dzo cái bằng ielts tốn cmnục cũ xót mẹ luôn nhg thôi dc cai có việc ngon,22
trừ cmn nợ tiền thẻ tính dụng 5 triệu vpb làm tao rỗng cmn ví tháng này móm cc r,22
con kia khóa mỏ à sim nợ tiền khóc sướt mướt ck gọi lại éo đc làm t tưởng bị gì,22
e gọi cho bs mổ r ngta bảo chờ ng nhà đóng 5 củ tiền pp m ck tớ tk bv đi nha tớ nộp giup,22
sập xừ nó shopee k nhận dc thông báo huỷ đơn làm hqua h dở đéo nhận dc hàng dkm,22
mớ ck mua vietlott hqua chã được mệ j tốn 5 xị nạp vô app của nó ngu ngốc vc,22
t đi xuất khẩu lđ nhật tốn 50 chẹo phí cho trung tâm nay báo đậu ròi m khao tao chầu nhậu,22
bà chị làm bv từ dũ mượn 5 chẹo hứa t7 trả mà im mẹ luôn nợ dai như đĩa m chán thiệt,22
khứa it sửa máy t dỏm vc lấ 150k lấy mẹ cài win đéo nhận mẹ driver mạng t đap mịa máy,22
vừa vay app tn vpbank 20 tỏi xây cái biệt thộ mua oto sang chãnh nợ khóc thét kkkk,22
ủa app thuế của nn s t nộp ko dc v ta hệ thống bị cặc j vậy m báo lõi quài ck tao 5 chẹo dc chớ v k dc,22
má nợ tín dụng bị đòi quá t đĩ mẹ nó lãi cty tc cắt cổ vl thề k bôi h mựon thag khốn shinhan,22
tao bị cảnh sát gtn bóp còi bắt vi chốt r cay vkl tốn 5xị qua đêm mẹ mất tiền,22
chào m e là cb công an q1 đay nạp 1 củ phí xác minh zô stb nài e điều tra vụ rửa tiền liên qan c,0
bên tòa án q10 thông báo a có hsơ tội danh buôn l bấn link đai tải app qly đóng 5 củ bảo lãnh,0
đc gọi len a phường gặp trực ban nộp 5 xị tiền phạt do vướng an toàn ma túy hqua nha ck le e,0
mày cài vneid mk 2 theo tao app thuế bị lỗi tải app đuôi apk tao gởi nè ck t 20k phí,1
cb bên bhxh tp thông báo e chx đồng bồ dữ liệu dvc nhập mã otp zoo đây ck 50k phi xác minh p,1
dịch vụ c tỉnh tb tk vssid của quy khach cb khóa bam vao day r tải ap cấp cưú 5 trăm k,1
tbáo khóa sim viettel vinh vien sau 3h nua neu khong ck 50k phi chuẩh hóa theo nghi djnh bo tt,2
sim 3g4g củ bn đã bj đưo vao ds chặm nộp thẻ cào 100k mobi t cap lai mã mở khoa lẹ m,2
m t la nhan vien ho tro apple day tk may bi hack r tai anydesk ve t vao may check lh e c,3
e bên fb nè ac bi khao acc r nt sdt qua page b e mk va sdt m ể em unlop ph 1 ủ ckr,3
a la gd bv chr rsy nek be bn bi tai nt dg cấp cưú ngap ck bs gap 30trieu mổ gấp 30p e ui,4
bsy bao cku ph 5cu mổ e trai bị té xe bm dt ko bat may nt m chuyen gap stb 0329 bs t,4
co may dg o troy tna tao tk cb may may mang tien chuoc 100 chuoc k t chat tay nt ck momo,5
gja đih ba v v bi bam ck 500tr chuoc ko t dam chét mẹ no m h no dang lu bu,5
e lay wuy cty ck a 50trieu qua stk doi tac truoc nay gap xiu 1h sau a ch tra cty ko dc noi k t,6
m giam đoc chi nhanh ne nv cn ck a 20 trg chot đn hđng vs xt roi mai ae linh l ng a bao c,6
alo nhan m n ne videocall xú roi mang bi yu nen t cup m ck t vay 5 cu gap xu ly viec gd,7
t ba con cau m ne nhin mat tao call xiu r cup k m chuyen giup cau 3tr qa scb cau ck liend,7
hi hw dh a cbi gui qà t my z vi e ck 5 cu phj hai quan nhan hw thoi e a iu e nhieu vlm,8
a qd tang e 5tr do nhung bi hq san bay gluu e ck a 10 trieu giay ho thu truoc c t k m n,8
t co cljpp sx bh m voi n cck m ko ck 100 triu t tao fx tung weh vx d cm m đt t nt z,9
m bo mua dam b t c lip tao q quay lai trg nha nghj k ck 50tr xoa khong vo m c,9
e gd chua p d dang quye t be mo c cm c h quyen gop p h sckb c c r 50k z x,10
tt k tv p k b mien tung b lut x1 ck ngh ch c t 5tr quy q g l s m ph cu d l p m,10
kh san we d e tang vip x20 b ck 50t ct ta b x c ch n e m t f 0 v ip k t th lg s a k i,11
e h ph a đ tg v l r ph 0 c h b m t k 24 h t o u l ch a 2 n c z l ph c t u x s ch v ph,11
làm affiliate tiktok shop không cọc không vốn á sạo l tải app telegram tao chỉ nộp 300k,12
soi kèo lô đề bao ăn 99 ngày kiếm 10 chẹo dễ ẹc ck a 1 triệu phí vô box vip phím số bao chuẩn m,14
m ck tao 5 xị phí soi cầu bạch thủ miền bắc t bao ăn tạch t hoàn x10 cmnr lẹ để trễ h chốt,14
làm visa úc 1 tháng cất cánh nộp hk qua zalo t xử lý hso cọc 10 chẹo giữ chổ cho m,15
e trtam bảo lãnh xkld nhật bao sổ ko cần thi ac ck 20trieu phi lót tay để làm hso bay lẹ nha,15
tk bidv cua ban dag cho xac nhan khoan chi 10trieu vao lzd bam link huy dao dich or mk z,16
agribank canh bao the bi rut 200tr bat thuong click huy lẹ hoac goi 1900xxxx de khoá the m,16
sho pe giao don 150k den ngoai cua anh ck tien lien nha de e con cbi troi nang qe a,17
bưu tá ghtk báo đơn nước hoa 8xx gửi tại bv q1 a gọi k dc e tự bank h e qang zô z nhé,17
apple store cảnh báo trừ 25 củ vào dv sub vnpay bam hủu ở link t nha dm may qá hh mk,18
google báo b bi tru tien game 500k dv vip click dể hủy nợ nếu kk m sẽ bị tính lãi m c m n,18
fecredit thong bao khoan vay 50tr cua ban qua han tra ngay lai or con b bi bo hoc ng nha bi xu,19
tk của hđaison b vay 5trieu hom wa k chiu tra t chém chết cha may d mẹ nhăn tin k rep tao c m m,19
e luat sư cm nhận kèo dòi 50tr tk lừa đảo m b ck 5tr phí hso ra toa tao kiem tra gap,20
trung tam phuc hoi tai san tren lg lzd fb bao keo tien t d dtq b ck thu tcb 2tr e làm b r p q,20
chuc b mn a may th x s l l b s p k l l p o i k p c,21
may mm n b c v m b h u l x a x u l k đ h ph ck p u u p ph t l b n a p j đ l s c u,21
x đ l p q l đ w z t y u i o p a s d f g h j k l z x c v b n m đ q q a z c n q 2 d b n x x s x v c f g b đ d e w t t x z 1 w q as a k z z ck c,21
trúng thưởng km 5 củ m t tải app zalo b chat l ck k t b h k a ch k g u ph q d g b l m h ph g ch p s ck t b l k f j g ph k h m a c đ ph q n k p đ,21
alo tao thay do 3 trieu ck giup tao 5oook tien cafe dc hong dang dung mua don j h c k d b u 2 x z m u g b a q r t ch d x f n p tk k c j n c t a v o z f x w u d f l d s v a t t c d 0 m cku,21
j d m,21
a b ch a p b y w s v g k i w 3 n z h o h z u 9,21
k n n f ph j 2 d đ z b a d o f 1 i 7 i j f x x đ p d a d 8 q f f w k h f j u ch i c l d g i f đ e,21
w k 5 x ch u p y l đ j t a l i h ph w p o l a b g k 7,21
s t g f z a đ z d v n j đ k m n p h j u p m k q m q x s ch x r 2 u t o b b a m w y,21
k h h e t l b x l y đ d t x i k ph r c q a n q j o p r e p r u j g đ i q,21
g 0 u c h m 7,21
