text,label
"Da alo toi la... la cong an thanh pho, chung toi phat hien so dien thoai cua anh dinh liu den vu an rua tien",0
"Đây là công... công ân thành phố, anh có lien quan đến đường dây ma tuý xuyên quốc gia, yêu cầu anh hợp tác điều tra ngay",0
"Alo đây là con an phường, anh đang bị tội phạm quốc tế lợi dụng tài khoan ngân hàng để rửa tiền, anh phải chuyển tiền vào tài khoản an toàn",0
"Alo... ờ... đây là công an... tỉnh, chúng tôi có lệnh... lệnh bắt giam anh vì tội rửa tiền... anh phải chuyển tiền vào tài khoản bảo vệ ngay",0
"Anh oi, day la cong an, anh dang bi dieu tra ve toi lua dao, yeu cau anh chuyen tien vao tai khoan an toan de chung minh vo toi",0
"Tôi là điều tra viên Nguyễn Văn... Văn Hùng, bộ con an, anh có liên quan đến vụ án buôn bán chất cấm, nếu không hợp tác anh sẽ bị bắt giam ngay",0
"Dạ... ờ chú ơi, đây là con an huyện, SĐT chú bị dính vô vụ... vụ rửa tiền quốc tế, chú phải chuyển hết tiền vô tài khoản bảo vệ chừ đi nờ",0
"Alo day la toa an nhan dan tinh, chung toi co lenh trieu tap anh vi toi tron thue, neu khong den se bi bat giam",0
"Đây... đây là viện kiểm... kiểm sát nhân dân, bà có liên quan đến vụ án lừa đảo chiếm đoạt tài sản, yêu cầu bà chuyển tiền vào tài khoản kiểm sát để xác minh",0
"Chào anh, đây là cong an quận Tân Bình, anh Nguyễn Văn... Hải phải hông, anh đang bị khởi tố vì liên quan tới đường dây đánh bạc online",0
"Tui là thiếu tá Trần Minh... Đức bên con an tỉnh, anh có lệnh triệu tập khẩn cấp, nếu hổng tới trình diện thì tui cho người tới bắt ngay",0
"Da alo, day la cong an xa, chu oi chu dang bi to cao toi lua dao, yeu cau chu ra trinh dien ngay lap tuc",0
"Alo bác ơi... đây là... là thanh tra bộ công an, bác đang bị điều tra vì tài khoản của bác... bác bị tội phạm lợi dụng chuyển tiền bất hợp pháp",0
"Mệ ơi đây là con an huyện, mệ đang bị dính vô... vô vụ án buôn bán chất cấm, mệ phải chuyển tiền vô tài khoản an toàn đặng bảo vệ mệ nờ",0
"Tôi là đại uý Lê Hoàng... bên phòng an ninh kinh tế, CMND của anh đang bị... bị sử dụng để mở tài khoan rửa tiền, anh phải xác minh ngay",0
"Anh ơi anh ơi, đây là con an con an, anh đang bị đang bị truy nã, chuyển tiền ngay ngay vô tài khoản an toàn",0
"Day la vien kiem sat, ba dang bi khoi to vi toi lua dao, yeu cau ba chuyen tien vao tai khoan kiem sat de xac minh ngay",0
"Chú ơi... ờ... đây là cán bộ... cán bộ công an phường, chú phải ra trình diện ngay... không thì... không thì chú bị bắt giam...",0
"Alo alo, tui là trung tá Phạm Văn... Sơn bên con an thành phố, chị đang bị dính vô vụ rửa tiền triệu đô, chị hổng hợp tác là tui bắt liền",0
"Ba ơi đây là con an... con an tỉnh ba ơi, CMND của ba bị tội phạm xài đặng rửa tiền, ba chuyển tiền vô tài khoản an toàn ngay chừ đi ba nờ",0
"Anh oi day la canh sat kinh te, anh bi dieu tra vi tai khoan ngan hang cua anh duoc su dung de chuyen tien bat hop phap",0
"Alo... đây là công... an huyện, lệnh bắt... bắt giam của anh đã được phê duyệt, nếu anh muốn tạm hoãn thì phải chuyển tiền bảo lãnh vào tài khoản này",0
"Tui la thieu ta Nguyen Van Hung ben cong an TP, chi dang bi truy na vi lien quan vu an buon lau, chi phai hop tac ngay",0
"Dạ alo ờ tui là cong an quận, anh có biết anh đang bị khởi tố hông? SĐT anh dính vô vụ lừa đảo triệu đô rồi anh ơi",0
"Bác ơi... bác ơi... đây là công an... công an thành phố, bác phải chuyển tiền... chuyển tiền vào tài khoản bảo vệ... ngay lập tức... nếu không bác sẽ bị bắt",0
"Day la bo cong an, chung toi yeu cau anh cung cap thong tin tai khoan de phuc vu dieu tra, neu khong hop tac se bi khoi to",0
"Me oi day la cong an tinh, me dang bi dieu tra vi tai khoan cua me bi loi dung chuyen tien bat hop phap, me phai chuyen tien vao tai khoan an toan",0
"Alo anh Hai phải hông? Đây là đại uý Trần bên con an, anh đang bị truy nã vì tội... tội rửa tiền, anh chuyển gấp năm chục triệu vô tài khoản an toàn đi",0
"Đây là... là thiếu tá Nguyễn Văn... Tùng bên tổng cục cảnh sát, bà đang bị điều tra... yêu cầu bà chuyển toàn bộ tiền tiết kiệm vào tài khoản bảo vệ nhà nước",0
"O oi, day la con an huyen, o dang bi truy to vi toi lua dao, o phai chuyen tien vao tai khoan an toan de chung minh vo toi no",0
"Chao anh ơi, anh tai... tai app VNeID, bản cập nhật mới này anh tải về cài vào đặng đăng ký lại... lại định danh điện tử nha anh",1
"Anh ơi, anh vào link dichvucong-bocongan.com.vn nay... nay de cai dat ung dung dich vu cong quoc gia phiên bản mới nhất nghen",1
"Da chi oi, chi tai ve file apk nay ve may, day la app... app thue moi nhat de chi ke khai thue online",1
"Chị ơi... ờ... điện thoại chị bị... bị vi rút rồi, chị tải cái ăng dụng bảo mật này... này về cài vào để em quét cho chị",1
"Anh oi, anh vao link nay tai app ngan hang moi ve, phien ban cu bi loi bao mat roi, anh phai cap nhat ngay",1
"Dạ anh... anh tải cái ứng... ứng dụng ni vô máy đi anh, đây là app... app thuế mới nhất để kê khai... kê khai hoàn thuế nờ",1
"Em là nhân viên kỹ thuật Viettel, máy anh đang bị... bị lỗi phần mềm, anh tải file bao_mat_viettel.apk này về cài đặng em sửa cho anh",1
"Chi oi, chi cai dat app nay vao dien thoai di, day la ung dung ho tro cua nha mang, chi nhap mat khau vao de em kiem tra",1
"Anh oi anh oi, anh tai app tai app dichvucong.apk ve cai vao may ngay, khong cai khong cai la bi khoa sim do",1
Dạ... ờ... bác ơi bác tải cái... cái ứng dụng VNeID phiên bản mới... mới nhất về cài vào máy... để bác đăng ký lại định danh điện tử...,1
"Ba oi ba tai cai app nay ve di, no la ung dung cua ngan hang de bao ve tai khoan cua ba",1
"Chú ơi, chú vô link ni tai app thuế hoàn... hoàn thuế mới nhất đặng chú kê khai thuế online, đây là bản cập nhật bắt buộc nờ chú",1
"Anh ơi anh tải cái phần mềm diệt... diệt vi rút này về cài vào máy, điện thoại anh đang bị đang bị hack rồi anh ơi",1
"Da anh oi, em la nhan vien ky thuat VNPT, may anh dang bi loi, anh tai file nay ve cai de em ho tro sua chua",1
"Em là bên tổng cục thuế, máy của chị bị... bị lỗi phần mềm kê khai, chị tải cái app hoanthue2025.apk về cài nghen chị",1
"Chi oi chi vao cai link nay de tai app moi cua ngan hang, ban cu bi hack roi, chi can nhap OTP vao la xong",1
"Anh cài cài cái app này này vào máy đi, đây là ứng dụng ứng dụng bảo mật của nhà mạng, hổng cài là bị khoá sim đó anh",1
Alo... ờ... anh ơi anh tải cái... cái ứng dụng cong_an_online.apk... về máy... đặng xác minh... xác minh danh tính online,1
"Bac oi bac tai app dichvucong moi ve may, phien ban cu het han roi, bac phai cap nhat ngay de khong bi mat du lieu",1
"Chú ơi chú ơi, chú tải tải cái app ni vô máy đi chú, app thuế mới... mới của bộ tài chính đặng kê khai hoàn thuế chừ nờ",1
"Anh vô link vietcombank-online.xyz de tai ung dung ngan hang phien ban moi, ban cu khong con bao mat nua",1
"Em bên nhà mạng... ờ... Mobifone ne anh, SIM anh đang bị đang bị lỗi hệ thống, anh tải cái app sim_update.apk về cài đặng em nâng cấp cho anh",1
"Tôi là... là cảnh sát giao thông, anh có biên lai... biên lai phạt nguội ba triệu, anh truy cập link dvc-chinhphu.xyz... này để nộp phạt",0
"Anh oi day la canh sat giao thong, anh co bien lai phat nguoi 5 trieu dong, yeu cau anh nop phat ngay qua link nay",0
"Đây là cảnh sát giao... giao thông thành phố, xe anh bị phạt nguội... anh vào link csgt-vn.com để nộp tiền phạt nha anh",0
"Alo anh Hai... đây là CSGT, xe anh bị phạt... phạt nguội năm triệu, anh hổng nộp phạt thì tụi anh tới giữ xe nghen",0
"Day la canh sat giao thong huyen, xe cua chi bi phat nguoi 3 trieu dong, chi nop phat qua tai khoan nay ngay",0
"Chú ơi... đây là cảnh sát giao thông... xe chú bị phạt nguội nè, chú vô link ni mà nộp phạt đặng khỏi bị giữ xe nờ chú",0
"Anh ơi anh ơi, xe anh bị phạt bị phạt nguội mười triệu, chuyển tiền chuyển tiền vô tài khoản kho bạc nhà nước này ngay",0
"Alo... ờ... đây là CSGT quận, xe anh bị phạt nguội... anh chuyển tiền... chuyển tiền nộp phạt qua link này...",0
"Chi oi, day la csgt, xe chi dang bi tam giu vi vi pham giao thong, chi chuyen 10 trieu de lay xe ve",0
"Dạ anh ơi, đây là canh sát giao thông tỉnh, xe anh bị phạt nguội ba triệu... anh nộp phat qua cái link này nha anh",0
"Da alo, SIM cua anh dang bi loi he thong, anh can xac nhan OTP de nang cap sim 4G len 5G ngay",2
"Anh ơi, SIM anh đang bị... bị lỗi hệ thống nè, anh cung cấp mã... mã OTP đặng em bên nhà mạng nâng cấp cho anh",2
"Em là nhân viên nhà mạng... ờ... Viettel, SIM của chị sắp bị khoá do hết hạn đăng ký, chị nhắn mã OTP cho em để... để gia hạn",2
"Chi oi, sim chi dang bi khoa do vi pham, chi cung cap ma OTP de em mo lai sim cho chi",2
"Anh ơi anh ơi, sim anh sắp sắp bị khoá, cung cấp cung cấp mã OTP ngay cho em đặng em gia hạn cho anh nờ",2
"Alo... đây là tổng đài... tổng đài nhà mạng, SIM bác sắp bị khoá do... do hết hạn đăng ký chính chủ, bác nhắn mã OTP cho em",2
"Da chi oi, em la nhan vien Mobifone, chi phai xac nhan ma OTP de doi sim tu 3G len 5G, neu khong sim se bi khoa",2
"Chú ơi sim chú sắp bị khoá do... do vi phạm quy định nhà mạng, chú gửi mã OTP đặng em bên Vinaphone gia hạn cho chú nờ",2
"Anh nha, sim anh bi loi roi, anh gui ma OTP cho em de em nang cap sim len 5G, khong lam la bi khoa ngay",2
"Alo... ờ... anh ơi... sim anh đang bị... bị lỗi bảo mật, anh cung cấp... cung cấp mã OTP... cho em đặng em xử lý giúp anh",2
"Alo me oi... con bi tai nan dang cap cuu o benh vien X, bac si bao can 20 trieu mo gap, me chuyen tien ngay",4
"Mẹ ơi... con đang ở bệnh... bệnh viện, con bị tai nạn nặng lắm, mẹ chuyển gấp hai mươi triệu vào số thẻ... bác sĩ Hùng này nha mẹ",4
"Ba oi con dang nam cap cuu o benh vien Bach Mai, bac si noi phai mo ngay, ba chuyen 30 trieu vao so tai khoan bac si nay",4
"Cháu ơi... ờ... đây là bác gái, bác đang ở bệnh... bệnh viện, bác sĩ nói bác phải mổ tim gấp, cháu chuyển cho bác hai mươi triệu nha cháu",4
"Alo ma oi, con bi tai nan xe may, dang nam o benh vien, bac si noi can 15 trieu de mo, ma chuyen tien ngay di ma",4
Mạ ơi... con... con bị tai nạn nặng lắm... đang nằm cấp cứu ở bệnh viện... bác sĩ nói phải mổ gấp... mạ chuyển hai mươi triệu vô số thẻ ni đi mạ nờ,4
"Ba oi ba oi, con bi tai nan con bi tai nan, dang o benh vien, chuyen tien chuyen tien gap cho con",4
Alo... con ơi... đây là mẹ... mẹ đang ở bệnh viện... mẹ bị ngã gãy chân... bác sĩ nói phải mổ gấp... con chuyển tiền... cho mẹ nhé...,4
"Con oi, day la ong noi, ong dang o benh vien, bac si noi ong bi xuat huyet nao, phai mo ngay, con chuyen 50 trieu vao so tai khoan nay",4
"Cháu ơi đây là... là bác Tư, bác đang nằm bệnh viện, bác sĩ kêu phải đặt stent tim gấp, cháu chuyển cho bác ba mươi triệu vô số tài khoản bác sĩ này nghen cháu",4
"Me oi con bi tai nan, dang nam o phong cap cuu, me chuyen gap 25 trieu vao tai khoan bac si de mo cho con",4
"Ba ơi con bị... bị tai nạn nè ba, con đang ở bệnh viện Chợ Rẫy, bác sĩ nói mổ gấp mà con hổng có tiền, ba chuyển ba mươi triệu vô số thẻ bác sĩ này nha ba",4
"Alo alo... ma oi... con... con bi trung gio dang o benh vien, bac si noi phai tiem thuoc gap, chuyen 20 trieu vao so tai khoan ni cho con di ma",4
"Mẹ ơi mẹ ơi, con đang đang nằm cấp cứu cấp cứu ở bệnh viện Bạch Mai, mẹ chuyển chuyển nhanh hai mươi triệu vào tài khoản bác sĩ nhé mẹ",4
"Chu oi, day la chau, chau dang o benh vien, bac si noi chau bi viem ruot thua phai mo gap, chu chuyen 15 trieu cho chau",4
Bà nội ơi... đây là Minh đây... con đang ở bệnh viện... bác sĩ bảo phải... phải mổ gấp... bà chuyển cho con hai mươi triệu vào số tài khoản... bác sĩ Tuấn này...,4
"Ba oi con dang nam cap cuu o benh vien, con bi ngo doc thuc pham, bac si noi can 20 trieu de dieu tri, ba chuyen tien ngay",4
Mạ ơi... con đang ở bệnh viện... con bị... bị tai nạn xe buýt... bác sĩ nói phải mổ gấp mạ ơi... mạ chuyển hai mươi triệu vô số thẻ ni đặng bác sĩ mổ cho con chừ nờ,4
"Ba oi con dang bi nhot o Campuchia, tui no bat con lam viec, ba chuyen 50 trieu vao tai khoan nay de chuoc con ve",5
"Ba ơi... con đang bị... bị nhốt ở Campuchia, tụi nó bắt con... con làm việc, ba chuyển năm mươi triệu vô tài... tài khoản này đặng chuộc con về",5
"Alo me oi, con bi bat coc roi, tui no dang giu con, me chuyen 100 trieu vao so tai khoan nay de chuoc con",5
"Mẹ ơi mẹ ơi, con đang đang bị bắt bị bắt cóc, tụi nó đánh đánh con, mẹ chuyển tiền chuyển tiền ngay nha mẹ",5
"Ba ơi... con... con bi nhot... nhot o nước ngoài, tụi nó... tụi nó đánh con... ba chuyển tiền... chuộc con về đi ba...",5
"Ma oi con dang bi tui no giu, chung no doi 50 trieu, ma chuyen tien vao tai khoan nay de chuoc con ve ngay",5
"Mạ ơi con đang bị nhốt ở Lào, tụi nó bắt con bán... bán hàng online, mạ chuyển... chuyển năm chục triệu vô tài khoản ni đặng chuộc con về nờ mạ",5
"Ba oi ba oi, con dang bi bat coc o Campuchia, tui no dang danh con, ba chuyen tien ngay de chuoc con",5
"Con ơi... ờ... con đang bị... bị giam giữ ở Myanmar, tụi nó bắt con lừa... lừa đảo người khác, con muốn về nhà... bố chuyển tiền chuộc con...",5
"Me oi con bi nhot o Campuchia, con bi tui no danh thuong tich, me chuyen gap nam chuc trieu vao so tai khoan ni de chuoc con ve",5
"Ba ơi con đang bị nhốt bị nhốt ở nước ngoài nước ngoài, chuyển tiền chuyển tiền chuộc con con về ba ơi ba ơi",5
"Alo ba oi, tui no bat con o Campuchia, ba chuyen 80 trieu vao tai khoan nay, neu khong tui no giet con",5
"Mạ ơi con đang bị... bị giam ở Philippine, tụi nó kêu phải chuộc... chuộc năm chục triệu mới thả con, mạ chuyển vô tài khoản ni đi nờ mạ ơi",5
"Alo chi oi, toi la sep cua chi, chi chuyen gap 100 trieu vao tai khoan doi tac nay, toi dang hop khong noi duoc nhieu",6
"Chị ơi, đây là... là giám đốc Hùng, chị chuyển gấp... gấp trăm triệu vào tài khoản đối tác này, tôi đang họp không nói được nhiêu",6
"Em oi, day la giam doc, em chuyen ngay 200 trieu vao tai khoan doi tac ABC de thanh toan hop dong, khan gap lam",6
"Chị Lan... đây là anh Minh giám đốc, chị chuyển gấp... gấp năm mươi triệu vào tài khoản đối tác này, tôi đang đang họp nha",6
"Chi oi day la giam doc, chi chuyen gap 150 trieu vao tai khoan nay, toi dang bay khong goi duoc, lam ngay giup toi",6
"Em ơi... ờ... đây là anh Tuấn... trưởng phòng, em chuyển... chuyển gấp ba mươi triệu vào tài khoản đối tác này... anh đang họp... không nói được...",6
"Chi oi chi oi, day la giam doc, chuyen tien chuyen tien ngay 100 trieu vao tai khoan doi tac nay, gap lam",6
"Dạ chị ơi, đây là sếp... sếp Minh, chị chuyển gấp trăm triệu vô tài khoản đối tác ni, anh đang họp khẩn hổng nói được nhiều nghen chị",6
"Em oi, day la anh Hung giam doc, em chuyen ngay 80 trieu vao tai khoan cong ty doi tac, toi gui hinh chup hop dong qua zalo",6
"Alo đây là... là anh Hùng giám đốc nè, em chuyển gấp... năm chục triệu vô tài khoản đối tác này, anh đang bay hổng nói được nhiều nha em",6
"Alo tao day, tao dang o vien, may chuyen gap 10 trieu vao so tai khoan nay cua bac si giup tao, tao tra sau",7
"Mày ơi... tao đang ở bệnh... bệnh viện nè, tao bị tai nạn mất... mất ví rồi, mày chuyển gấp mười triệu vào số thẻ này giùm tao",7
"Alo may oi, tao dang bi ket o san bay, mat vi roi, may chuyen gap 5 trieu vao so tai khoan nay cho tao",7
"Mày mày ơi, tao đang đang bị kẹt ở bệnh viện bệnh viện, chuyển gấp gấp mười triệu cho tao nha mày",7
"Alo... ờ... mày ơi tao đang bị... bị kẹt ở viện, tao mất ví... mày chuyển gấp mười triệu vào số tài khoản... bác sĩ này cho tao...",7
"May oi tao dang o benh vien, tao bi mat vi, may chuyen gap 15 trieu vao so tai khoan nay cho tao, tao tra sau",7
"Tao đang ở sân bay... ờ... bị mất hết ví rồi, mày chuyển cho tao... năm triệu vào số tài khoản ni đi, tao về trả liền nờ",7
"Alo alo, tao dang bi ket o nuoc ngoai, mat het tien roi, may chuyen gap 20 trieu vao so tai khoan nay giup tao",7
"Mày ơi tao đang nằm... nằm viện nè, bác sĩ kêu đóng viện phí gấp mà tao hổng có tiền, mày chuyển cho tao mười lăm triệu vô số thẻ này đi",7
"May oi, tao dang bi tai nan o Nha Trang, mat het do roi, may chuyen gap 10 trieu vao so tai khoan nay cho tao",7
"Alo... mày ơi... tao đang bị... bị kẹt ở nước ngoài, mất hết tiền rồi... chuyển gấp hai mươi triệu vào... vào số tài khoản này cho tao...",7
"Mày mày ơi tao đang đang ở viện, mất ví mất ví hết rồi, chuyển tiền chuyển tiền gấp cho tao nha",7
"Tao đang ở bệnh viện... ờ... Bạch Mai, tao bị ngộ độc thực phẩm, mày chuyển gấp mười triệu vào tài khoản bác sĩ Nguyễn Văn... Hải này giùm tao",7
"May oi, tao dang o san bay Da Nang, bi mat het do, may chuyen gap 8 trieu vao tai khoan nay cho tao ve",7
"Mày ơi... ờ... tao đang kẹt... kẹt ở Campuchia, hết tiền rồi, chuyển cho tao... hai chục triệu vô số tài khoản ni đặng tao mua vé về nờ",7
"Alo tao bi mat vi o san bay, may chuyen gap 12 trieu vao so tai khoan nay, tao ve tra lai cho may ngay",7
"Mày ơi mày ơi, tao bị tai nạn bị tai nạn nằm viện, hổng có tiền hổng có tiền, chuyển gấp gấp mười lăm triệu cho tao nha",7
"May oi may oi, tao dang dang o nuoc ngoai, het tien het tien roi, may chuyen chuyen gap 15 trieu cho tao di",7
"Alo... tao đang ở viện... viện Chợ Rẫy, tao bị xe tông... mày chuyển cho tao... mười triệu vào số thẻ bác sĩ này... tao mổ xong trả liền cho mày...",7
"Alo tao day, tao bi ket o benh vien, mat het vi roi, may chuyen gap 10 trieu cho tao, so tai khoan ne",7
"Mày ơi tao đang ở bệnh viện Bình Dân, tao bị... bị ngã gãy chân, mày chuyển cho tao hai mươi triệu vô số tài khoản bác sĩ này nghen, tao về trả",7
"Alo may, tao dang o san bay, bi mat het do roi, may chuyen gap 7 trieu vao so tai khoan nay cho tao ve",7
"La day la day, tao dang o vien, bac si keu dong vien phi gap, may chuyen 10 trieu vao so tai khoan nay giup tao",7
Mày ơi... tao bị... bị kẹt ở sân bay Nội Bài... tao quên ví rồi... mày chuyển gấp tám triệu vào số tài khoản này cho tao...,7
"Alo em oi, em co tai khoan ngan hang Vietcombank khong, tai khoan cua em dang bi... bi khoa tam thoi, em cung cap ma OTP de em mo lai",16
"Anh oi day la nhan vien ngan hang, tai khoan cua anh dang bi loi he thong, anh cung cap ma OTP de em xu ly",16
"Đây là nhân viên ngân... ngân hàng Techcombank, tài khoản chị đang bị giao dịch đáng ngờ, chị cung cấp... mã OTP để em khoá... khoá giao dịch lạ",16
"Chi oi chi oi, tai khoan chi bi loi, em la nhan vien ngan hang, chi gui ma OTP cho em de em xu ly ngay",16
"Dạ anh, đây là ngân hàng... ờ... Vietcombank, tài khoản anh vừa bị trừ tiền bất thường... anh cung cấp mã OTP cho em đặng em xử lý...",16
"Anh oi, day la ngan hang Sacombank, the cua anh bi loi, anh can cung cap so the va ma OTP de em kiem tra",16
"Em là nhân viên VPBank, tài khoản anh đang bị... bị ai đó đăng nhập trái phép, anh nhắn mã OTP cho em đặng em khoá ngay",16
"Chi oi, day la ngan hang ACB, tai khoan chi dang bi giao dich la, chi gui ma OTP cho em de em khoa giao dich bat thuong",16
"Dạ anh ơi, đây là nhân viên ngân hàng Agribank, thẻ anh bị... bị khoá do nhập sai mật khẩu ba lần, anh cung cấp mã OTP cho em mở lại nha anh",16
"Anh oi anh oi, tai khoan anh bi bi giao dich la, em la nhan vien ngan hang, anh gui gui ma OTP cho em de em xu ly ngay",16
"Tao co clip cua may voi con nho do roi, khong chuyen 50 trieu tao gui het cho ban be may xem",9
"Mày ơi... tao có clip... clip nhạy cảm của mày rồi, không chuyển... chuyển năm chục triệu thì tao gửi hết cho... cho bạn bè mày",9
"Tao co anh nhay cam cua may, khong chuyen tien tao gui len mang xa hoi cho tat ca moi nguoi xem",9
"Mày mày ơi, tao có clip có clip của mày rồi, chuyển tiền chuyển tiền ngay không tao tung tung lên mạng",9
Alo... tao nói cho mày biết... tao có hết ảnh... ảnh nhạy cảm của mày rồi... mày hổng chuyển tiền là tao gửi cho vợ mày...,9
"May oi, tao co het hinh anh nhay cam cua may, khong chuyen 30 trieu tao gui cho gia dinh may xem ngay",9
Tao có cái clip của mày nè... mày hổng chuyển năm chục triệu vô tài khoản này... thì tao tung lên Facebook cho bạn bè mày coi nghen,9
"Nay tao gui cho may xem thu mot hinh, may chuyen ngay 100 trieu khong tao gui het len mang xa hoi",9
"Mày ơi... tao có clip... clip nhạy cảm của mày với con kia rồi nờ, mày hổng chuyển tiền là tao gửi cho vợ mày... cho cả nhà mày xem chừ",9
"Tao da hack duoc tai khoan cua may, tao co het hinh anh cua may, chuyen 80 trieu vao tai khoan nay ngay",9
"Mày mày ơi tao có có clip nhạy cảm nhạy cảm của mày, chuyển ngay ngay năm chục triệu không tao gửi gửi hết lên mạng",9
"Alo... tao có clip... của mày đây, mày chuyển tiền... năm mươi triệu vào... tài khoản này... không thì tao gửi cho... sếp mày",9
"Tao co video cua may roi, may khong chuyen 200 trieu tao gui cho tat ca ban be va dong nghiep cua may",9
"Mày coi chừng nghen, tao có hết clip... clip nhạy cảm của mày, hổng chuyển tiền là tao tung lên mạng cho cả công ty mày biết",9
"Tao da quay lai het cac cuoc goi video cua may, may chuyen ngay 150 trieu khong tao gui cho vo may xem",9
"Alo chi oi, em la tinh nguyen vien tu thien, dang quyen gop cho tre em vung lu, chi ung ho vao tai khoan nay",10
"Chị ơi... ờ... em đang quyên góp... góp cho trẻ em mồ côi, chị ủng hộ... ủng hộ vào tài khoản cá nhân này nha chị",10
"Da chi oi, em dang quyen gop cho dong bao bi lu lut o mien Trung, chi chuyen tien vao so tai khoan ca nhan nay",10
"Bác ơi bác ơi, em đang quyên... quyên góp cho trẻ em nghèo, bác ủng hộ ủng hộ vào tài khoản cá nhân này nha bác",10
"Chị ơi em là tình nguyện viên, đang quyên góp cho bà con... bà con miền Trung bị lũ, chị chuyển vô tài khoản cá nhân ni đặng em mua đồ gửi vô nờ",10
"Anh oi, em dang quyen gop cho benh nhi ung thu, anh ung ho vao tai khoan ca nhan nay giup em",10
"Dạ... ờ... chị ơi em đang quyên góp cho... cho người già neo đơn, chị ủng hộ vào tài khoản cá nhân... này nha chị...",10
"Chi oi chi oi, em dang quyen gop quyen gop cho tre em mo coi, chi ung ho ung ho vao tai khoan nay",10
"Bác ơi em là tình nguyện viên từ thiện, em đang quyên góp cho trẻ em vùng khó khăn, bác chuyển tiền vào tài khoản cá nhân em nha bác",10
"Anh oi, em la sinh vien tinh nguyen, dang quyen gop cho ba con bi bao, anh ung ho vao tai khoan ca nhan cua em",10
"Anh oi, em co co hoi dau tu Forex loi nhuan 300 phan tram moi thang, anh chuyen 50 trieu vao tai khoan nay de bat dau",11
"Anh ơi... ờ... em có cơ hội đầu tư... đầu tư tiền ảo lợi nhuận cực khủng, anh chuyển năm mươi triệu vào tài khoản này... để bắt đầu",11
"Chi oi, em gioi thieu cho chi kenh dau tu Bitcoin, loi nhuan 200 phan tram moi thang, chi chuyen tien vao tai khoan nay",11
"Anh ơi anh ơi, đầu tư đầu tư tiền ảo lợi nhuận lợi nhuận 300% mỗi tháng, chuyển tiền chuyển tiền ngay vô tài khoản này",11
"Dạ anh... em có kênh đầu tư Forex cực kỳ uy tín... lãi suất 200% mỗi tháng, anh chuyển năm chục triệu vô tài khoản ni đặng em đăng ký cho anh nờ",11
"Anh oi, dau tu chung khoan AI tu dong, loi nhuan 500 phan tram, anh chi can chuyen 100 trieu de bat dau",11
"Chi oi... em giới thiệu kênh đầu tư... đầu tư coin mới ra mắt, lãi suất siêu khủng... chị chuyển... chuyển tiền vào tài khoản này là... là bắt đầu ngay",11
"Anh oi anh oi, co hoi dau tu vang, loi nhuan 400 phan tram, chuyen 200 trieu de bat dau ngay",11
"Dạ chị ơi, em có cơ hội đầu tư crypto... lãi suất 300%... chị chuyển năm mươi triệu vào... vào tài khoản này nhé...",11
"Chi oi, dau tu tien ao moi, loi nhuan 1000 phan tram trong 1 thang, chi chuyen 50 trieu de tham gia ngay",11
"Anh oi, em gioi thieu cho anh kenh dau tu tang truong sieu nhanh, loi nhuan 200 phan tram moi tuan, anh chuyen tien vao tai khoan nay",11
"Anh oi, em tuyen cong tac vien lam viec online tai nha, luong 500 ngan mot ngay, anh chuyen 2 trieu tien coc de bat dau",12
"Chị ơi... ờ... em đang tuyển cộng tác viên... làm việc online tại nhà, lương năm trăm ngàn mỗi ngày, chị chuyển... chuyển hai triệu tiền cọc nha",12
"Da chi oi, em tuyen nguoi lam viec online, chi chi can like va share bai viet, luong 300 ngan mot ngay",12
"Anh ơi anh ơi, em tuyển tuyển CTV làm việc online, lương lương năm trăm ngàn mỗi ngày, chuyển tiền chuyển tiền cọc hai triệu nha",12
"Anh ơi, em tuyển CTV online tại nhà, lương cao lắm... anh chuyển hai triệu tiền cọc vô tài khoản ni đặng em đăng ký cho anh nờ",12
"Chi oi, em tuyen nguoi lam nhiem vu online, moi nhiem vu duoc 200 ngan, chi chuyen 1 trieu tien coc de bat dau",12
Alo... ờ... anh ơi em tuyển CTV... cộng tác viên làm việc online... lương năm trăm ngàn một ngày... anh chuyển hai triệu tiền cọc...,12
"Anh oi, em tuyen nguoi ban hang online, chi can ngoi nha, luong 15 trieu mot thang, anh chuyen tien coc 3 trieu",12
"Chị ơi em tuyển CTV share bài trên Facebook, lương ba trăm ngàn mỗi ngày, chị chuyển tiền cọc hai triệu vô tài khoản này nghen chị",12
"Da anh oi, em la nhan vien tuyen dung, em tuyen nguoi lam viec online luong 500k/ngay, anh chuyen 2 trieu de dang ky",12
"Chuc mung anh da trung thuong 500 trieu tu chuong trinh tri an khach hang cua Viettel, anh chuyen phi 5 trieu de nhan thuong",13
Chúc mừng anh... anh đã trúng thưởng... thưởng năm trăm triệu từ chương trình tri ân... anh chuyển phí năm triệu để nhận thưởng nghen anh,13
"Da chi oi, chi da trung xe SH tu chuong trinh boc tham may man, chi chuyen phi van chuyen 3 trieu de nhan xe",13
"Anh ơi anh ơi, anh trúng trúng thưởng năm trăm triệu, chuyển phí chuyển phí năm triệu để nhận thưởng nha anh",13
"Chúc mừng chú... chú đã trúng thưởng iPhone 16 Pro Max từ chương trình tri ân, chú chuyển... chuyển phí ba triệu vô tài khoản ni đặng em gửi quà cho chú nờ",13
"Anh oi, anh da trung thuong mot chiec xe oto tu chuong trinh quay so, anh chuyen phi 10 trieu de nhan xe ngay",13
Alo... ờ... chúc mừng chị đã trúng thưởng... vàng SJC hai lượng... chị chuyển phí... phí năm triệu để nhận thưởng nhé...,13
"Chi oi chi oi, chi trung trung thuong 1 ty dong, chuyen phi chuyen phi 10 trieu de nhan thuong ngay",13
"Chúc mừng bác đã trúng giải nhất xe SH, bác chuyển phí vận chuyển hai triệu vô tài khoản này nghen bác",13
"Anh oi, anh trung thuong chuyen du lich Nhat Ban tri gia 200 trieu, anh chuyen phi 5 trieu de xac nhan ngay",13
"Anh oi, em co so de chac an ngay mai, anh chuyen 5 trieu em gui so cho anh, trung la chia doi",14
"Anh ơi... ờ... em có số đề chắc ăn... ăn ngày mai, anh chuyển năm triệu... em gửi số cho anh, trúng là chia đôi nha anh",14
"Da anh oi, em co phan mem du doan lo de chinh xac 99 phan tram, anh chuyen tien de em cap quyen truy cap",14
"Anh ơi anh ơi, em có số đề có số đề chắc ăn, chuyển tiền chuyển tiền năm triệu em gửi số cho anh",14
"Anh ơi em có phần mềm dự đoán lô đề chuẩn 99%, anh chuyển năm triệu vô tài khoản ni đặng em kích hoạt cho anh nờ",14
"Anh oi, em la chuyen gia du doan xo so, anh chuyen 3 trieu em gui so cho anh, dam bao trung",14
"Alo... em có phần mềm dự đoán... dự đoán lô đề, tỉ lệ trúng... trúng chín mươi chín phần trăm, anh chuyển tiền... để em gửi phần mềm cho anh...",14
"Em co so de nguoi nha lam o dai truyen hinh gui, chac an 100 phan tram, anh chuyen 10 trieu em gui so ngay",14
"Anh ơi em quen con nhỏ bên đài truyền hình, nó cho em số đề chắc chắn trúng, anh chuyển năm triệu em share cho anh nghen",14
"Anh oi, em co kenh dau tu lo de online, loi nhuan 500 phan tram, anh chuyen 5 trieu de bat dau",14
"Anh oi em bao dau visa Nhat Ban cho anh, chi can chuyen 50 trieu tien coc, khong dau em hoan tien 100 phan tram",15
"Anh ơi... ờ... em bao đậu visa Nhật... Nhật Bản cho anh, anh chuyển năm mươi triệu tiền cọc... không đậu em hoàn tiền",15
"Da anh oi, em co chuong trinh xuat khau lao dong Nhat Ban, luong 40 trieu mot thang, anh chuyen 100 trieu tien coc",15
"Anh ơi anh ơi, em bao đậu bao đậu visa Hàn Quốc, chuyển tiền chuyển tiền cọc năm mươi triệu nha anh",15
"Anh ơi em có chương trình XKLĐ Đài Loan, lương hai mươi triệu mỗi tháng, anh chuyển năm chục triệu tiền cọc vô tài khoản ni nờ anh",15
"Chi oi, em co chuong trinh du hoc Han Quoc, hoc bong 100 phan tram, chi chuyen 30 trieu le phi de dang ky",15
"Alo... em bao đậu visa... visa Úc cho chị, chị chuyển sáu mươi triệu... tiền cọc, không đậu em hoàn tiền... một trăm phần trăm...",15
"Anh oi, em tuyen lao dong di Han Quoc, luong 45 trieu thang, anh chuyen 80 trieu tien coc de lam thu tuc",15
"Dạ anh ơi, em bao đậu visa Nhật Bản cho anh, chi phí năm chục triệu, hổng đậu em hoàn tiền hết nghen anh",15
"Chi oi, em co chuong trinh xuat khau lao dong Dai Loan, luong 30 trieu thang, chi chuyen 60 trieu tien coc",15
"Anh oi, tai khoan ngan hang cua anh dang bi khoa do giao dich bat thuong, anh bam vao link vietcombank-online.xyz de mo khoa",16
"Anh ơi... tài khoản ngân hàng... ngân hàng của anh đang bị khoá, anh bấm vào link... link vietcombank-secure.xyz để... để mở khoá ngay",16
"Da chi oi, the ATM cua chi bi loi he thong, chi quet ma QR nay de em ben ngan hang reset lai the cho chi",16
"Anh ơi anh ơi, tài khoản tài khoản ngân hàng bị khoá bị khoá, bấm vào link bấm vào link này để mở khoá ngay",16
"Chú ơi, thẻ ngân hàng của chú bị khoá tạm thời do phát hiện giao dịch đáng ngờ, chú bấm vô link ni đặng xác minh danh tính mà mở khoá lại nờ",16
"Anh oi, tai khoan cua anh bi truy cap trai phep, anh vao link ngan-hang-online.com de doi mat khau ngay",16
Alo... tài khoản ngân hàng... của chị vừa bị trừ tiền bất thường... chị bấm vào link này... để khoá giao dịch lạ... ngay lập tức...,16
"Chi oi, the tin dung cua chi bi lo thong tin, chi can nhap OTP vao link nay de khoa the ngay",16
"Anh ơi, thẻ ATM anh bị lỗi hệ thống rồi anh ơi, anh quẹt cái mã QR ni đặng em bên ngân hàng reset lại thẻ cho anh xài tiếp nghen",16
"Da anh oi, tai khoan cua anh bi hack, anh vao link nay doi mat khau ngay de bao ve tai khoan",16
"Alo chi oi, chi co don hang can thanh toan phu phi van chuyen 500 ngan, chi chuyen tien vao tai khoan shipper nay",17
"Chị ơi... ờ... chị có đơn hàng... đơn hàng cần thanh toán phí vận chuyển... năm trăm ngàn, chị chuyển tiền vào tài khoản shipper này",17
"Da chi oi, don hang cua chi bi tra lai, chi chuyen 300 ngan phi xu ly de em gui lai cho chi",17
"Chị ơi chị ơi, đơn hàng đơn hàng cần nộp phí phí vận chuyển năm trăm ngàn, chuyển tiền chuyển tiền vào tài khoản này",17
"Chị ơi, đơn hàng chị bị trả lại, chị chuyển ba trăm ngàn phí xử lý vô tài khoản ni đặng em gửi lại cho chị nờ",17
"Anh oi, don hang cua anh bi ket o kho, anh chuyen phi 1 trieu de em giao hang cho anh",17
"Alo... chị có đơn hàng bị kẹt ở... ở kho bưu điện, chị chuyển phí... phí một triệu để em giao hàng cho chị...",17
"Chi oi, don hang cua chi bi thue hai quan, chi chuyen 2 trieu phi thue de nhan hang",17
"Dạ anh ơi, đơn hàng anh bị kẹt ở hải quan, anh chuyển phí hai triệu vô tài khoản này đặng em thông quan cho anh nghen",17
"Anh oi, buu pham cua anh bi ket o buu dien, anh chuyen phi 500 ngan de em giao hang cho anh",17
"Anh oi, tai khoan cua anh dang bi tru 500 ngan moi thang cho goi VIP, anh cung cap OTP de em huy",18
"Anh ơi... tài khoản anh đang bị trừ... trừ năm trăm ngàn mỗi tháng cho gói VIP, anh cung cấp... mã OTP để em huỷ",18
"Da chi oi, tai khoan cua chi dang bi tru tien tu dong cho dich vu premium, chi gui OTP de em huy",18
"Anh ơi anh ơi, tài khoản anh bị trừ bị trừ tiền tự động, gửi mã gửi mã OTP cho em để huỷ ngay",18
"Chú ơi, tài khoản chú đang bị trừ tiền tự động cho gói dịch vụ VIP, chú gửi mã OTP đặng em huỷ cho chú nờ",18
"Anh oi, so dien thoai cua anh dang bi dang ky goi cuoc 200 ngan moi thang, anh gui OTP de em huy ngay",18
Alo... chị ơi... tài khoản chị đang bị trừ tiền... trừ tiền tự động mỗi tháng... chị gửi mã OTP... để em huỷ gói đăng ký...,18
"Da anh oi, tai khoan cua anh bi tru 1 trieu moi thang cho dich vu khong dang ky, anh gui OTP de em huy",18
"Chị ơi tài khoản chị bị đăng ký gói dịch vụ lạ, mỗi tháng bị trừ hai trăm ngàn, chị gửi OTP cho em huỷ ngay nghen chị",18
"Chi oi, so dien thoai cua chi dang bi tru cuoc 300 ngan moi thang, chi cung cap OTP de em huy dich vu",18
"May con no tao tien, khong tra tao cho nguoi den nha may, may co biet hau qua khong",19
"Mày ơi... mày còn nợ tao... nợ tao tiền, không trả... tao cho người đến nhà mày, mày có biết hậu quả không",19
"May con no tien, khong tra tao gui hinh anh cua may len mang xa hoi, may co biet hau qua khong",19
"Mày mày ơi, nợ tao nợ tao tiền, không trả không trả là tao cho người cho người tới nhà mày",19
"Mày còn nợ tao tiền, hổng trả là tao cho đàn em tao tới nhà mày, mày có biết hậu quả hông?",19
"May con no 50 trieu, khong tra ngay tao cho nguoi den cong ty may, boss may biet chuyen nay la mat viec",19
"Alo... mày nợ tao tiền... không trả... tao cho người tới nhà... nhà mày, mày có biết... hậu quả không...",19
"May con no tao 30 trieu, khong tra tao tung het thong tin cua may len mang, cho ca khu pho biet",19
"Mày nợ tao tiền hổng trả, tao tung ảnh chứng minh nhân dân của mày lên mạng cho cả xã hội biết mày là kẻ quỵt nợ nghen",19
"May con no 100 trieu, khong tra ngay tao cho dam em toi nha may, may hieu khong",19
"Anh oi em la luat su, em giup anh lay lai tien bi lua dao, anh chuyen 10 trieu phi dich vu truoc",20
"Anh ơi... ờ... em là luật sư, em giúp anh... lấy lại tiền bị lừa đảo, anh chuyển... chuyển mười triệu phí dịch vụ trước",20
"Da anh oi, em la chuyen gia phuc hoi tai khoan, em giup anh lay lai tien bi lua, anh chuyen phi 5 trieu",20
"Anh ơi anh ơi, em giúp giúp anh lấy lại lấy lại tiền bị lừa, chuyển phí chuyển phí mười triệu nha anh",20
"Anh ơi em chuyên lấy lại tiền bị lừa đảo, anh chuyển mười triệu phí dịch vụ vô tài khoản ni đặng em xử lý cho anh nờ",20
"Chi oi, em la dich vu ho tro lay lai tien bi lua dao, chi chuyen 8 trieu phi xu ly truoc",20
"Alo... em giúp anh lấy lại... lấy lại tiền bị lừa đảo, anh chuyển mười triệu... phí dịch vụ trước... em xử lý liền...",20
"Anh oi, em la chuyen gia bao mat, em giup anh lay lai tai khoan bi hack, anh chuyen 15 trieu phi dich vu",20
"Dạ anh ơi, em chuyên hỗ trợ nạn nhân lừa đảo lấy lại tiền, anh chuyển mười triệu phí xử lý trước nghen anh",20
"Chi oi, em la luat su chuyen xu ly vu lua dao, em giup chi lay lai tien, chi chuyen 20 trieu phi",20
"Anh oi chi can anh chuyen 10 trieu vao tai khoan nay, ngay mai anh se nhan lai 50 trieu, bao dam 100 phan tram",21
"Anh ơi... chỉ cần anh chuyển mười triệu... vào tài khoản này, ngày mai anh sẽ nhận... nhận lại năm mươi triệu, bảo đảm trăm phần trăm",21
"Da anh oi, anh chuyen 20 trieu vao tai khoan nay, em gui lai 100 trieu cho anh ngay trong ngay",21
"Anh ơi anh ơi, chuyển tiền chuyển tiền mười triệu vào tài khoản này, ngày mai ngày mai nhận lại năm mươi triệu",21
"Anh ơi anh chuyển hai mươi triệu vô tài khoản ni, ngày mai anh nhận lại trăm triệu, bảo đảm trăm phần trăm nờ anh",21
"Chi oi, chi chuyen 5 trieu vao tai khoan nay, em gui lai 30 trieu cho chi ngay lap tuc",21
Alo... anh chuyển mười triệu... vào tài khoản này... ngày mai anh nhận lại... năm mươi triệu... bảo đảm...,21
"Anh oi, em co nguon hang gia re, anh chuyen 30 trieu tien coc, em giao hang cho anh ngay hom nay",21
"Chị ơi em bán iPhone 16 xách tay giá rẻ bất ngờ, chị chuyển tiền cọc hai mươi triệu vô tài khoản này nghen chị, em giao hàng liền",21
"Da chi oi, em co kenh kiem tien online, chi chuyen 10 trieu de bat dau, dam bao loi nhuan 500 phan tram",21
"Anh oi anh chuyen 15 trieu tien coc, em gui hang cho anh ngay, san pham chinh hang gia re",21
"Chi oi, chi chuyen 50 trieu de tham gia chuong trinh nhan lai 200 trieu, co hoi co mot khong hai",21
Alo... anh chuyển tiền... cọc hai mươi triệu... em giao hàng iPhone xách tay chính hãng giá rẻ cho anh... ngay trong ngày...,21
"Anh ơi em có kênh kiếm tiền cực nhanh, anh chuyển mười triệu vô tài khoản ni, cam kết lãi năm trăm phần trăm nờ anh",21
"Da chi oi, em co nguon hang xach tay gia re, chi chuyen tien coc 10 trieu em gui hang ngay cho chi",21
"Alo... ờ... con ơi, mẹ gọi thăm con thôi, con có khoẻ không, con ăn uống có đầy đủ không con?",22
"Ba oi ba co khoe khong, con goi tham ba thoi, ba an uong co dau du khong ba",22
"Mạ ơi... con gọi thăm mạ thôi mạ nờ, mạ có khoẻ không, mạ uống thuốc đều đặn chưa mạ ơi",22
"Alo anh Hai, tối nay mình đi... đi nhậu không, tao rảng nè, mày qua quán cũ nghen",22
"May oi, toi nay minh di an com khong, tao ranh ne, tao cho may o cho cu",22
"Alo bạn ơi... ờ... bạn có rảnh tối nay không, mình đi... đi cà phê nha, lâu rồi không gặp",22
"Alo chi oi, chieu nay chi co ranh khong, minh di uong tra sua nha, lau roi khong gap",22
"Em ơi... ờ... em có rảnh cuối tuần không, mình đi... đi xem phim nha, phim mới hay lắm",22
"May oi may oi, toi nay di an lau khong, tao ranh ne, tao cho may o quan cu",22
"Alo... con ơi... mẹ ở nhà khoẻ, con đừng lo nhé... mẹ uống thuốc đều rồi... con ở đó ăn uống cho đầy đủ...",22
"Ba oi, con goi bao cho ba la con ve que ngay mai, ba don con o ben xe nha ba",22
"Mạ ơi con gọi báo cho mạ là con về nhà chủ nhật ni nờ mạ, mạ nấu cơm đợi con nha mạ",22
"Anh oi, em vua moi chuyen tien cho anh roi, anh kiem tra tai khoan ngan hang xem da nhan duoc chua",22
"Alo anh, em vừa chuyển... chuyển tiền vào tài khoản anh rồi, anh kiểm tra giùm em xem nhận được chưa nha",22
"Chi oi, em da gui hang qua buu dien roi, chi kiem tra ma van don nay xem hang den chua",22
"Anh ơi... ờ... hôm qua anh ra công... công an phường làm định danh VNeID mà đông quá, phải xếp hàng hai tiếng luôn mới được",22
"Hom qua tao ra cong an phuong lam dinh danh VNeID ma dong qua, phai xep hang 2 tieng",22
Bà ơi... con mới ra... ra ngân hàng Vietcombank gửi tiết kiệm... lãi suất tháng này cao lắm bà ơi...,22
"Con moi ra ngan hang gui tiet kiem, lai suat thang nay cao lam ba oi",22
"Alo chị ơi, bệnh viện hẹn khám ngày mai nhé chị, chị nhớ mang theo... theo thẻ BHYT và CCCD nghen chị",22
"Chi oi, benh vien hen kham ngay mai, chi nho mang theo the BHYT va CCCD nha chi",22
"Anh ơi... ờ... tao mới đổi sim 5G bên Viettel, nhanh hơn nhiều mày ơi, mày cũng nên đổi đi",22
"May oi, tao moi doi sim 5G ben Viettel, nhanh hon nhieu, may cung nen doi di",22
"Ba ơi ba ơi, con mới... mới cài app ngân hàng Vietcombank mới trên điện thoại, nó tiện lắm ba ơi",22
"Con moi cai app ngan hang Vietcombank moi tren dien thoai, no tien lam ba oi",22
"Alo... bạn ơi... mình vừa mới... đi khám ở bệnh viện về, bác sĩ nói mình khoẻ... không có vấn đề gì...",22
"Tao vua moi di kham o benh vien ve, bac si noi tao khoe, khong co van de gi",22
"Mạ ơi... con mới ra ngân hàng... ngân hàng Agribank rút tiền trả tiền điện tiền nước nờ mạ, mạ đừng lo",22
"Con moi ra ngan hang Agribank rut tien tra tien dien tien nuoc no ma, ma dung lo",22
"Alo anh, em là... là bên phòng nhân sự công ty, em gọi nhắc anh ngày mai có lịch họp lúc... lúc 9 giờ sáng nhé anh",22
"Em la ben phong nhan su cong ty, em goi nhac anh ngay mai co lich hop luc 9 gio sang",22
"Chị ơi... ờ... em bên kế toán nè, tháng này... tháng này lương chuyển muộn một ngày nha chị, do ngân hàng... ngân hàng bảo trì",22
"Em ben ke toan ne, thang nay luong chuyen muon mot ngay nha chi, do ngan hang bao tri",22
"Alo... mày ơi... tao mới bị... bị mất thẻ ngân hàng, tao đã gọi tổng đài khoá thẻ rồi, không sao...",22
"May oi, tao moi bi mat the ngan hang, tao da goi tong dai khoa the roi, khong sao",22
"Mạ ơi con mới đi... đi làm căn cước công dân gắn chip ở công an quận về nờ mạ, nhanh lắm mạ, chỉ mất mười phút thôi",22
"Con moi di lam can cuoc cong dan gan chip o cong an quan ve no ma, nhanh lam, chi mat 10 phut thoi",22
"Anh ơi... ờ... anh biết cái app VNeID không, em mới cài... cài xong rồi, tiện lắm anh ơi, hổng cần mang CCCD nữa",22
"Anh oi, anh biet cai app VNeID khong, em moi cai xong roi, tien lam anh oi, khong can mang CCCD nua",22
"Alo bạn... tao vừa đi... đi bệnh viện thăm ông nội, ông khỏe rồi mày ơi, tuần sau xuất viện",22
"Tao vua di benh vien tham ong noi, ong khoe roi may oi, tuan sau xuat vien",22
"Chị ơi em gọi... gọi hỏi thăm chị, dạo này chị có khoẻ không, lâu rồi chị em mình chưa gặp nhau",22
"Chi oi em goi hoi tham chi, dao nay chi co khoe khong, lau roi chi em minh chua gap nhau",22
"Ba ơi... con gọi nói ba... ba nhớ uống thuốc đều nha ba, bác sĩ dặn uống ngày ba lần...",22
"Ba oi, con goi noi ba nho uong thuoc deu nha ba, bac si dan uong ngay 3 lan",22
"Alo anh ơi... ờ... em vừa chuyển khoản trả tiền cơm trưa cho anh rồi, anh kiểm tra lại nha, năm mươi ngàn",22
"Anh oi, em vua chuyen khoan tra tien com trua cho anh roi, anh kiem tra lai nha, 50 ngan",22
"Mạ ơi con mới nạp tiền điện thoại cho mạ rồi nờ mạ, mạ coi lại xem có nhận được chưa",22
"Ma oi con moi nap tien dien thoai cho ma roi no ma, ma coi lai xem co nhan duoc chua",22
"Alo con... ba mới rút tiền... ở cây ATM Vietcombank... ba rút năm triệu để đi chợ, ba khoẻ con đừng lo",22
"Ba moi rut tien o cay ATM Vietcombank, ba rut 5 trieu de di cho, ba khoe con dung lo",22
"Chị ơi chị ơi, em mới... mới cập nhật app ngân hàng MBBank, giao diện mới đẹp lắm chị ơi",22
"Chi oi, em moi cap nhat app ngan hang MBBank, giao dien moi dep lam chi oi",22
"Alo... anh ơi... tao gọi hỏi... hỏi mày cái này, mày có biết số điện thoại... bệnh viện Bạch Mai không?",22
"May oi, tao goi hoi may cai nay, may co biet so dien thoai benh vien Bach Mai khong",22
"Anh ơi... ờ... mình đi làm thẻ ATM mới ở ngân hàng Techcombank nghen, thẻ cũ hết... hết hạn rồi",22
"Minh di lam the ATM moi o ngan hang Techcombank nghen, the cu het han roi",22
"Mạ ơi... con vừa nhận lương tháng ni rồi mạ nờ, con chuyển cho mạ năm triệu để mạ mua thuốc nha mạ",22
"Con vua nhan luong thang ni roi ma no, con chuyen cho ma 5 trieu de ma mua thuoc nha ma",22
"Alo bạn... ờ... tao mới đi công an phường... làm xác nhận tạm trú xong rồi, nhanh gọn lắm mày ơi",22
"Tao moi di cong an phuong lam xac nhan tam tru xong roi, nhanh gon lam may oi",22
"Chị ơi em bên... bên tổ dân phố nè, thông báo ngày mai có lịch họp... họp tổ dân phố lúc bảy giờ tối nha chị",22
"Em ben to dan pho ne, thong bao ngay mai co lich hop to dan pho luc 7 gio toi nha chi",22
"Anh ơi... ờ... em gọi nhắc anh đóng tiền... tiền bảo hiểm y tế tháng này nhé, hạn cuối ngày hai mươi",22
"Anh oi, em goi nhac anh dong tien bao hiem y te thang nay nhe, han cuoi ngay 20",22
"Ba ơi ba ơi, con bên... bên trường đại học nè ba, con mới thi xong, con được điểm cao lắm ba ơi",22
"Ba oi, con ben truong dai hoc ne ba, con moi thi xong, con duoc diem cao lam ba oi",22
"Alo mẹ... con mới đi khám... khám sức khoẻ định kỳ ở bệnh viện về, mọi chỉ số bình thường mẹ ơi",22
"Con moi di kham suc khoe dinh ky o benh vien ve, moi chi so binh thuong me oi",22
"Chị ơi... ờ... chị có biết ngân hàng nào cho vay... vay mua nhà lãi suất thấp không, em đang tìm hiểu?",22
"Chi oi, chi co biet ngan hang nao cho vay mua nha lai suat thap khong, em dang tim hieu",22
"Mạ ơi... con vừa ra bưu điện... gửi bưu phẩm cho mạ rồi nờ mạ, khoảng ba ngày nữa là mạ nhận được",22
"Con vua ra buu dien gui buu pham cho ma roi no ma, khoang 3 ngay nua la ma nhan duoc",22
"Alo... mày ơi... tao mới mở... mở tài khoản ngân hàng số ở VPBank, tiện lắm mày ơi, hổng cần ra quầy",22
"May oi, tao moi mo tai khoan ngan hang so o VPBank, tien lam may oi, khong can ra quay",22
"Ba ơi... ờ... con gọi hỏi ba, cái máy tính... tính của ba nó bị chậm quá, ba mang ra tiệm sửa lại đi ba",22
"Ba oi, con goi hoi ba, cai may tinh cua ba no bi cham qua, ba mang ra tiem sua lai di ba",22
"Anh oi anh oi, em vừa... vừa nộp thuế thu nhập cá nhân online trên... trên trang web thuế rồi anh, tiện lắm",22
"Anh oi, em vua nop thue thu nhap ca nhan online tren trang web thue roi anh, tien lam",22
Chị ơi em gọi báo... báo chị là lịch hẹn bác sĩ của chị... ngày mai lúc chín giờ sáng nhé chị,22
Chi oi em goi bao chi la lich hen bac si cua chi ngay mai luc 9 gio sang nhe chi,22
"Mạ ơi... con mới đi... đi chợ mua rau cá cho mạ rồi nờ mạ, con để trên bàn bếp, mạ nấu cơm nha",22
"Con moi di cho mua rau ca cho ma roi no ma, con de tren ban bep, ma nau com nha",22
Alo bạn... ờ... bạn làm ơn cho mình hỏi... số điện thoại dịch vụ khách hàng của Viettel... là số mấy vậy?,22
Ban lam on cho minh hoi so dien thoai dich vu khach hang cua Viettel la so may,22
"Ba ơi... con mới đi... đi công chứng giấy tờ nhà đất ở phòng công chứng quận xong rồi ba, sáng mai ba lên ký nhé",22
"Con moi di cong chung giay to nha dat o phong cong chung quan xong roi ba, sang mai ba len ky nhe",22
"Anh ơi... ờ... anh có biết bệnh viện nhi... nhi Trung ương số mấy... ở đường nào không, em muốn đưa con đi khám?",22
"Anh oi, anh co biet benh vien nhi Trung uong so may o duong nao khong, em muon dua con di kham",22
"Alo chị... em bên... bên quản lý toà nhà nè chị, em gọi thông báo tháng sau... tháng sau toà nhà bảo trì thang máy hai ngày nhé chị",22
"Em ben quan ly toa nha ne chi, em goi thong bao thang sau toa nha bao tri thang may 2 ngay",22
"Mạ ơi con vừa ra... trạm y tế xã tiêm vaccine cho con gái rồi mạ nờ, bác sĩ nói bé khoẻ mạ đừng lo",22
"Con vua ra tram y te xa tiem vaccine cho con gai roi ma no, bac si noi be khoe ma dung lo",22
"Anh oi, em vua gui email bao gia cho anh roi, anh kiem tra hop thu va phan hoi cho em nha anh",22
"Alo anh... ờ... em vừa gửi email... báo giá cho anh rồi, anh kiểm tra... kiểm tra hộp thư và phản hồi cho em nhé",22
"Chị ơi em bên hành chính nhân sự... gọi báo chị nộp đơn xin nghỉ phép... trước ba ngày nhé chị, theo quy định công ty",22
"Chi oi em ben hanh chinh nhan su goi bao chi nop don xin nghi phep truoc 3 ngay nhe chi, theo quy dinh cong ty",22
"Ba ơi... ờ... con gọi báo ba là chiều nay con đưa con... con gái đi tiêm phòng ở phòng khám nha ba, ba hổng cần lo",22
"Ba oi, con goi bao ba la chieu nay con dua con gai di tiem phong o phong kham nha ba, ba khong can lo",22
"Mạ ơi... con mới nhận... được tin con được thăng chức rồi mạ nờ, con vui lắm mạ ơi, tối ni con gọi video cho mạ nha",22
"Ma oi, con moi nhan duoc tin con duoc thang chuc roi ma no, con vui lam ma oi, toi ni con goi video cho ma nha",22
"Alo... ờ... anh ơi em bên... bên phòng IT nè anh, máy tính anh cần cập nhật Windows, anh để máy bật qua đêm nha",22
"Anh oi, em ben phong IT ne anh, may tinh anh can cap nhat Windows, anh de may bat qua dem nha",22
"Chị ơi em gọi nhắc chị ngày mai hết... hết hạn đóng phí bảo hiểm xe máy, chị đóng trước kẻo bị phạt nha chị",22
"Chi oi em goi nhac chi ngay mai het han dong phi bao hiem xe may, chi dong truoc keo bi phat nha chi",22
"Ba ơi ba ơi, con vừa... vừa thi bằng lái xe xong, con đậu rồi ba ơi, tuần sau con lấy bằng",22
"Ba oi, con vua thi bang lai xe xong, con dau roi ba oi, tuan sau con lay bang",22
"Alo mẹ ơi... ờ... con đang ở siêu thị mẹ ơi, mẹ cần mua gì... gì thêm không, con mua luôn cho mẹ",22
"Me oi, con dang o sieu thi me oi, me can mua gi them khong, con mua luon cho me",22
"Mạ ơi... con mới đi ngân hàng nộp tiền... tiền điện tiền nước cho mạ rồi nờ mạ, mạ yên tâm",22
"Con moi di ngan hang nop tien dien tien nuoc cho ma roi no ma, ma yen tam",22
"Anh oi anh, em vừa... vừa book phòng khách sạn cho chuyến công tác rồi anh, em gửi thông tin qua email cho anh nhé",22
"Anh oi, em vua book phong khach san cho chuyen cong tac roi anh, em gui thong tin qua email cho anh nhe",22
Alo chị ơi... ờ... em bên... bên kế toán gọi nhắc chị ký... ký duyệt chứng từ trước bốn giờ chiều nay nhé chị,22
Em ben ke toan goi nhac chi ky duyet chung tu truoc 4 gio chieu nay nhe chi,22
"Alo day la canh sat giao thong, xe anh bi phat nguoi do vuot den do, anh chuyen 3 trieu vao tai khoan kho bac nay",0
"Anh ơi đây là CSGT... anh bị phạt nguội lỗi vượt đèn đỏ nè, anh hổng chuyển tiền thì tụi em tới giữ xe nghen anh",0
"Day la canh sat co dong, xe chi vi pham giao thong, chi chuyen 5 trieu nop phat qua tai khoan nay ngay",0
Alo... đây là CSGT quận... xe chị bị phạt nguội... chị vô link csgt-nopphat.vn... nộp tiền phạt đặng khỏi bị giữ bằng lái nờ chị,0
"Chi oi chi oi, xe chi bi phat bi phat nguoi, chuyen tien chuyen tien 5 trieu nop phat qua link nay ngay",0
"Anh oi, SIM anh dang bi loi phan mem, anh cung cap so CMND va ma OTP de em xu ly ngay",2
"Dạ chị... SIM chị sắp bị khoá... vì hết hạn đăng ký chính chủ nờ chị, chị gửi mã OTP đặng em gia hạn cho chị chừ",2
"Anh oi anh oi, sim anh bi loi bi loi bao mat, gui ma gui ma OTP cho em de em sua ngay cho anh",2
Alo... SIM bác sắp hết hạn... bác gửi mã OTP... cho em đặng em gia hạn... cho bác...,2
"Chi oi, sim chi dang bi nghi ngo vi pham, chi gui OTP de em xac minh lai danh tinh chinh chu",2
"Alo me oi, con dang nam o phong cap cuu benh vien Viet Duc, bac si keu phai dong tien mo gap, me chuyen 25 trieu",4
"Mẹ ơi con đang ở bệnh viện... bệnh viện đa khoa tỉnh, con bị tai nạn... mẹ chuyển gấp hai mươi triệu vô số thẻ bác sĩ này nha mẹ",4
"Ba oi, con bi ngo doc thuc pham dang nam cap cuu, bac si keu dong tien ngay, ba chuyen 20 trieu vao so tai khoan nay",4
Mạ ơi... con đang nằm cấp cứu ở bệnh viện... bác sĩ nói phải mổ... mổ gấp... mạ chuyển tiền vô số thẻ ni cho con nờ mạ,4
"Me oi me oi, con bi tai nan bi tai nan, dang nam o benh vien, chuyen tien chuyen tien gap 30 trieu cho con",4
"Ba oi con dang bi giam giu o Myanmar, tui no ep con lua dao nguoi khac, ba chuyen tien chuoc con ve",5
"Mẹ ơi... con bị bọn buôn người bắt... bắt ở Lào, mẹ chuyển... chuyển gấp năm mươi triệu vào tài khoản này để chuộc con...",5
"Ma oi con bi nhot o Campuchia, tui no bat con lam viec ngay dem, ma chuyen tien chuoc con ve gap",5
"Ba ơi con đang bị nhốt bị nhốt ở nước ngoài, tụi nó tụi nó đánh con, ba chuyển tiền chuộc con con về ngay ba ơi",5
"Con oi, con dang bi giam o Philippine, tui no doi 100 trieu de tha con, ba chuyen tien ngay",5
"Da chi oi, toi la giam doc Nguyen Van Tuan, chi chuyen gap 80 trieu vao tai khoan doi tac nay, toi dang bay",6
"Chị Hương ơi... đây là anh Minh giám đốc, chị chuyển gấp... gấp trăm triệu vào tài khoản đối tác này, anh đang đi nước ngoài hổng gọi được",6
"Em oi, day la giam doc, em chuyen ngay 150 trieu vao tai khoan cong ty doi tac, toi gui hop dong qua email",6
"Chị ơi đây là sếp... sếp Tuấn nè, chị chuyển gấp năm mươi triệu vô tài khoản đối tác ni, anh đang họp khẩn hổng nói được nhiều nờ chị",6
"Chi oi chi oi, day la giam doc day la giam doc, chuyen tien chuyen tien gap 200 trieu vao tai khoan doi tac nay",6
"Da anh oi, day la nhan vien ngan hang BIDV, tai khoan anh vua bi truy cap trai phep, anh gui OTP cho em de khoa",16
Anh ơi... em là nhân viên ngân hàng Sacombank... tài khoản anh vừa bị giao dịch lạ... anh gửi mã OTP đặng em khoá giao dịch bất thường,16
"Chi oi, em la nhan vien ngan hang Vietinbank, the cua chi bi loi bao mat, chi gui ma OTP cho em de xu ly gap",16
"Dạ anh, đây là ngân hàng... ờ... TPBank, tài khoản anh đang bị... bị ai đó đăng nhập trái phép... anh nhắn mã OTP cho em...",16
"Anh oi anh oi, tai khoan ngan hang anh bi hack bi hack, gui OTP gui OTP cho em de em khoa ngay cho anh",16
"Chi oi, em dang quyen gop cho nan nhan bao lu mien Bac, chi chuyen tien vao tai khoan ca nhan em de em mua do gui",10
"Bác ơi em đang quyên góp cho... cho trẻ em bại não, bác ủng hộ vô tài khoản cá nhân ni đặng em mua thuốc gửi cho bé nờ bác",10
"Anh oi, em la tinh nguyen vien quyen gop cho benh nhi ung thu, anh chuyen tien vao tai khoan ca nhan em",10
"Alo... ờ... chị ơi em đang quyên góp cho... cho nạn nhân động đất, chị ủng hộ... ủng hộ vào tài khoản cá nhân em...",10
"Chi oi chi oi, em quyen gop quyen gop cho tre em ngheo vung cao, chi ung ho ung ho vao tai khoan nay",10
"Chi oi, em tuyen nguoi lam nhiem vu Shopee, moi nhiem vu duoc 100 ngan, chi chuyen 500 ngan tien coc",12
"Anh ơi... em tuyển CTV đánh giá sản phẩm trên Lazada... mỗi đơn được hai trăm ngàn, anh chuyển... chuyển tiền cọc một triệu nha anh",12
"Da anh oi, em tuyen nguoi lam nhiem vu TikTok, moi video duoc 300 ngan, anh chuyen 2 trieu tien coc",12
"Anh ơi em tuyển CTV làm việc online, lương năm trăm ngàn mỗi ngày, anh chuyển hai triệu cọc vô tài khoản ni nờ anh",12
"Chi oi chi oi, em tuyen tuyen CTV lam viec online, luong luong 500k/ngay, chuyen chuyen tien coc 2 trieu nha chi",12
"Chuc mung chi da trung thuong laptop tu chuong trinh quay so Mobifone, chi chuyen phi 3 trieu de nhan qua",13
"Anh ơi... chúc mừng anh đã trúng thưởng... thưởng tivi Samsung từ chương trình tri ân khách hàng, anh chuyển... phí năm triệu để nhận nghen anh",13
"Da bac oi, bac da trung thuong 2 luong vang SJC, bac chuyen phi 8 trieu de nhan thuong ngay",13
"Chú ơi chú trúng thưởng xe Air Blade từ chương trình bốc thăm Vinaphone, chú chuyển phí ba triệu vô tài khoản ni đặng em gửi xe cho chú nờ",13
"Anh oi anh oi, anh trung trung thuong 200 trieu, chuyen phi chuyen phi 5 trieu de nhan thuong ngay anh",13
"Anh oi, em co nguon so de tu nhan vien xo so, chac chan trung, anh chuyen 8 trieu em gui so",14
"Dạ anh... em có ứng dụng dự đoán xổ số chính xác 98%, anh chuyển... chuyển năm triệu đặng em kích hoạt cho anh nờ",14
"Anh oi, em co he thong du doan ket qua bong da, ty le thang 95 phan tram, anh chuyen 10 trieu de tham gia",14
"Anh ơi anh ơi, em có số em có số đề chắc ăn chắc ăn, chuyển tiền chuyển tiền cho em ngay em gửi số",14
"Da anh oi, em co kenh ca cuoc the thao online, loi nhuan 300 phan tram, anh chuyen 5 trieu de bat dau",14
"Chi oi, em bao dau visa Canada cho chi, chi chuyen 70 trieu tien coc, khong dau hoan lai 100 phan tram",15
"Anh ơi... em có chương trình XKLĐ... xuất khẩu lao động Nhật Bản, lương bốn mươi triệu mỗi tháng, anh chuyển... tám mươi triệu tiền cọc",15
"Da chi oi, em co chuong trinh du hoc My, chi chuyen 100 trieu le phi, dam bao dau visa",15
"Anh ơi em bao đậu visa Hàn Quốc cho anh, anh chuyển sáu mươi triệu tiền cọc vô tài khoản ni, hổng đậu em hoàn tiền hết nờ anh",15
"Chi oi chi oi, em bao dau bao dau visa Nhat Ban, chuyen tien chuyen tien coc 50 trieu nha chi",15
"Chi oi, the Visa cua chi bi truy cap trai phep, chi bam vao link techcombank-secure.xyz de doi mat khau ngay",16
Anh ơi... tài khoản ngân hàng anh vừa bị... bị rút tiền trái phép... anh bấm vào link sacombank-online.xyz... để khoá tài khoản ngay,16
"Da anh oi, the ATM anh bi loi chip, anh quet ma QR nay de em ben ngan hang cap lai the moi cho anh",16
"Chú ơi thẻ ngân hàng chú bị khoá rồi chú ơi, chú bấm vô link agribank-online.xyz ni đặng mở khoá lại nờ chú",16
"Anh oi anh oi, tai khoan tai khoan ngan hang bi khoa, bam vao link bam vao link nay de mo khoa ngay",16
"Chi oi, don hang chi bi ket o buu dien, chi chuyen phi xu ly 800 ngan de em giao hang cho chi",17
"Anh ơi... đơn hàng anh bị kẹt ở... ở hải quan, anh chuyển phí... phí hai triệu đặng em thông quan cho anh nghen",17
"Da chi oi, don hang cua chi bi tra ve do sai dia chi, chi chuyen 500 ngan phi gui lai",17
"Chị ơi đơn hàng chị bị kẹt ở kho bưu điện, chị chuyển phí một triệu vô tài khoản ni đặng em giao hàng cho chị nờ",17
"Anh oi anh oi, don hang don hang bi ket o hai quan, chuyen phi chuyen phi 2 trieu de thong quan ngay",17
"Chi oi, so dien thoai chi dang bi dang ky goi cuoc 500 ngan moi thang, chi gui OTP de em huy",18
Anh ơi... tài khoản anh đang bị trừ... trừ tiền tự động cho dịch vụ premium... anh gửi mã OTP... đặng em huỷ cho anh nờ,18
"Da anh oi, sim anh bi dang ky goi data 200 ngan moi thang, anh gui ma OTP de em huy ngay",18
"Chi oi chi oi, tai khoan chi bi tru bi tru tien tu dong, gui OTP gui OTP cho em de em huy ngay",18
"Anh oi, so dien thoai anh dang bi tru 1 trieu moi thang cho dich vu khong ro nguon goc, gui OTP de em huy",18
"May no tao tien, khong tra tao tung CMND cua may len mang xa hoi cho ca nha biet",19
"Mày ơi... mày nợ tao... sáu mươi triệu, hổng trả là tao cho đàn em tao tới nhà mày, mày hiểu hông?",19
"May con no 80 trieu, khong tra ngay tao den cong ty may lam lon, boss may biet la xong",19
"Mày nợ tao tiền hổng trả, tao tung hết thông tin cá nhân của mày lên mạng cho cả khu phố biết mày là kẻ quỵt nợ nờ",19
"May oi may oi, no tao no tao tien, khong tra khong tra tao cho nguoi cho nguoi toi nha may",19
"Anh oi, em la luat su chuyen vu lua dao, em giup anh lay lai tien, anh chuyen 15 trieu phi xu ly",20
"Chị ơi... em chuyên hỗ trợ nạn nhân... nạn nhân lừa đảo lấy lại tiền, chị chuyển... mười lăm triệu phí dịch vụ trước nghen chị",20
"Da anh oi, em la chuyen gia phuc hoi tai khoan bi hack, em giup anh lay lai tien, anh chuyen 10 trieu phi",20
"Anh ơi em chuyên lấy lại tiền bị lừa đảo qua mạng, anh chuyển mười triệu phí dịch vụ vô tài khoản ni đặng em xử lý nờ anh",20
"Chi oi chi oi, em giup chi lay lai lay lai tien bi lua, chuyen phi chuyen phi 20 trieu cho em de xu ly",20
"Alo... bạn ơi... mình gọi hỏi thăm bạn thôi, dạo này bạn có khoẻ không... lâu rồi mình chưa gặp bạn...",22
"Ban oi, tao goi hoi tham may thoi, dao nay may co khoe khong, lau roi minh chua gap nhau",22
"Mạ ơi con mới gửi tiền về cho mạ qua ngân hàng Agribank rồi nờ mạ, mạ ra rút nha mạ",22
"Con moi gui tien ve cho ma qua ngan hang Agribank roi no ma, ma ra rut nha ma",22
"Anh oi em vua gui bao cao quy 2 cho anh qua email roi, anh kiem tra va phan hoi cho em nhe",22
"Anh ơi Zalo anh bị hack rồi, anh gửi mã OTP cho em để em khôi phục lại tài khoản cho anh",3
"Zalo cua anh bi hack roi, gui ma OTP cho em de em khoi phuc lai tai khoan cho anh",3
"Chi oi Facebook cua chi bi bao cao vi pham, chi gui mat khau cho em de em xu ly cho chi tranh bi khoa vinh vien",3
"Facebook chi bi nguoi ta bao cao roi chi oi, chi gui mat khau cho em de em bao ve tai khoan",3
"Anh ơi máy tính anh bị nhiễm virus nguy hiểm, anh tải TeamViewer về để em truy cập từ xa sửa cho anh",3
"May tinh anh bi nhiem virus nguy hiem lam, anh tai TeamViewer ve de em truy cap tu xa sua cho anh",3
"Chị ơi tài khoản Zalo chị đang bị đăng nhập trái phép ở nước ngoài, chị gửi mã xác nhận cho em khoá ngay",3
"Tai khoan Zalo chi dang bi dang nhap trai phep o nuoc ngoai, chi gui ma xac nhan cho em khoa ngay",3
"Dạ anh ơi em là bộ phận bảo mật Zalo, tài khoản anh bị lộ thông tin, anh cài app bảo mật ni nờ anh",3
"Da anh oi em la bo phan bao mat Zalo, tai khoan anh bi lo thong tin, anh cai app bao mat nay nha",3
"Anh oi, Facebook anh bi hack, dang gui tin lua dao cho ban be, anh gui OTP cho em khoa ngay",3
"Máy tính chú bị nhiễm mã độc tống tiền ransomware rồi chú nờ, chú tải AnyDesk cho em remote vô sửa cho chú",3
"May tinh chu bi nhiem ma doc tong tien ransomware roi chu noi, chu tai AnyDesk cho em remote vo sua cho chu",3
"Chị ơi email công ty chị bị hack, đang gửi thư lừa đảo khắp nơi, chị đưa mật khẩu cho em reset lại ngay",3
"Em oi anh yeu em lam, anh dang o nuoc ngoai, anh gui cho em buu kien qua tang nhung no bi ket o hai quan, em chuyen 15 trieu phi thong quan nha em",8
"Anh yêu em nhiều lắm em ơi, anh gửi quà sinh nhật cho em từ Mỹ nhưng bưu kiện bị kẹt ở hải quan, em chuyển mười triệu phí thông quan giùm anh",8
"Em ơi anh đang công tác ở Dubai, anh muốn gửi quà cho em nhưng bưu kiện bị giữ, em chuyển hai mươi triệu phí vô tài khoản ni nờ em",8
"Anh oi, em yeu anh, em gui cho anh hop qua tu London, nhung no bi ket o san bay Noi Bai, anh chuyen 12 trieu phi hai quan",8
"Em ơi anh nhớ em quá, cuối tháng anh về Việt Nam gặp em, nhưng giờ anh cần em chuyển ba mươi triệu mua vé máy bay giúp anh",8
"Anh oi em nho anh lam, anh chuyen cho em 25 trieu de em mua ve may bay ve Viet Nam gap anh, em tra lai ngay",8
"Chị ơi em là lính Mỹ đóng quân ở Afghanistan, em muốn gửi tiền tiết kiệm về cho chị giữ, chị chuyển phí năm mươi triệu thủ tục chuyển tiền nha",8
"Chi oi em la bac si o Uc, em gui cho chi hop thuoc quy nhung buu kien bi ket, chi chuyen 18 trieu phi nha chi",8
"Em oi anh yeu em, anh muon cuoi em, nhung anh can em chuyen 40 trieu de anh lam thu tuc xin visa ve Viet Nam",8
"Dạ anh ơi em yêu anh thiệt lòng, em đang ở Đài Loan, em gửi quà cho anh nhưng kẹt hải quan, anh chuyển mười lăm triệu tiền thông quan nờ anh",8
"Anh oi, em dang bi ket o san bay Thai Lan, em mat het giay to va tien, anh chuyen cho em 20 trieu de em mua ve ve nuoc",8
"Chị ơi em là sĩ quan hải quân Pháp, em yêu chị, em gửi vàng về cho chị nhưng bưu kiện bị giữ ở hải quan, chị chuyển ba mươi triệu phí nghen chị",8
"Em oi, anh la ky su lam viec o Dubai, anh gui cho em 3 thoi vang nhung bi ket o hai quan, em chuyen 35 trieu phi thong quan",8
"Anh ơi em yêu anh, em muốn về Việt Nam sống cùng anh, nhưng em cần anh chuyển năm mươi triệu để em làm thủ tục giấy tờ ở Hàn Quốc nờ anh",8
"Em oi anh yeu em nhieu lam, anh gui qua cho em tu Nhat Ban, nhung buu kien bi ket o hai quan, em chuyen 22 trieu phi thong quan giup anh nha em",8
he thong phat hien k bat can q.u.e.t k.h.u.o.n.m.a.t cap quyen tr.0. n.A.n.g tai l1nk dvc,1
"ủa ml thẻ tín dụng t bị quẹt bay mẹ 5 chọi, ô tê bê gửi r đó điền dô đi pa bất ổn",4
"tải cmn cái v.n.e.i.đ trên store fake này ấp đết dữ liệu khuôn mặt lẹ đi bồ, ác ỏ",1
"chúc mừng thím lụm cái tivi sô ni to chà bá, bank phí vận chuyển 5 chục thui nhà đèn trả ship",18
clm tự nhiên shipper fake gọi đòi phí 20k bố xỉa tìn momo hoá ra scam cay xu cà na,11
nhan dc li xi zl nạp vip 5 xị rut ra duoc 5 chẹo mn lam theo em ik hihi mãi keo,18
t giao tiktok xốp đây chế vắng nhà t quăng qa rào nha chế bay màu momo t,11
SOS ủa trúng ajr bờ rô mắc shopee gòj nè ck t 2 củ thuế t lụm về xàj gjùm cho kkk vl,18
"NHNN ép t liên kết momo để lụm gói hộ trợ covid kìa phông bạt, đọc t mã xác thực c.k",4
t giao tiktok xốp đây chế vắng nhà t quăng qa rào nha chế xỉa tìn momo t,11
"nhóm thiện nguyện khẩn báo: bé mèo nhà e bị xe tông k có tiền mổ, 500ae donate momo cho bé đi xu cà na",6
"tải cmn cái v.n.e.i.đ trên store fake này ấp đết dữ liệu khuôn mặt lẹ đi bồ, xu cà na",1
"đại diện hội chữ thập đỏ xã nè, bà con c.k zô quỹ chó mèo của t đây nè để cứu đói tới công chuyện",6
"ba m bị đột quỵ té xe chở thẳng viện rồi, bác sĩ kêu đóng tiền ứng 20 trịu lẹ đi, rớt nước mắt",9
"clm tự nhiên bị can hs báo tao dính đường dây rửa tìn, đòi đóng 50 củ bảo lãnh, trời độ thiệc",0
"SOS bưu điẹn bắt đóng thếu mới đưa hộp đt, tải app tiền thuế dô link này dùm t vs, chằm zn",8
alo b bi p.h.4.t.ngu0i 20tr b c.k ngay vao s0 t41 khoan k.h0..bac gap nhe,0
cam đt hư gọi vid mờ ảo tao mượn gấp 5 củ trả tìn nợ giang hồ r t ra đi luôn xu cà na,9
"chùa đang kêu gọi chúng sanh quyên tiền xây tượng phật, phang mạnh momo cá nhân thầy đi đc phước bố khỉ",6
app v.c.b digibank fake này nhận ngay 5 chục m ơi ngon ơ vcl,4
"can phường ép càj v n e j d lỗj tùm lum, gọj vjdeo share màn cho tao chỉnh, khum",1
"sổ b'h'x'h phông bạt thuj t rút hết sạch r, cljck l.j.n.k tao gửj để bùng bhxh nè",5
số sổ bhxh của m sắp nát r nạp bão hiểm lẹ ik khum t huỷ mẹ luôn vcl,5
app ch0k cho tao nvu like fb thu loi nhuan gâp 5 xộ khám tao 2 xị t test,12
huhu mn ơi đang cúp điện khum wifi t gọi deepfake đụng xe m ck t 1 tr đóng tiền đền lẹ trầm cảm,9
"huhu mn ơj b.h.x.h hết hạn r, m c.k t 5 trăm lo lót dùm t trc đj m tâm ljnh",5
app v.c.b digibank fake này nhận ngay 5 chục m ơi ngon ơ khum,4
"NHNN ép t ljên kết momo để lụm gój hộ trợ covjd kìa trờj độ, đọc t mã xác thực phang",4
thằng a t bị chém toe toét mặt máu me wé c.k t 5 cu vào viện gấp pa xu cà na,9
trời đựu cày view tóp tóp 1 ngày lụm 5 củ cho phẻ mắc mớ đi làm chi chết trôi,12
"bạn t bảo viet c0mbank nó báo thẻ bị trừ 20 củ 1 dọc, m xem lấy otp huỷ d.c.m.m gô gô",4
"Hệ thống cổng dịch vụ công đang bảo trì, trưởng thôn chờ chiều tối cập nhật lại khuôn mặt sau nha",22
"chùa đang kêu gọi chúng sanh quyên tiền xây tượng phật, ck mạnh momo cá nhân thầy đi đc phước đù má",6
ê bồ t t.a.i n.a.n cmnr h mạng lag 4g gọi tậm tịt vl bế đi mượn 50 chiệu chữa gấp m ơii SOS!!,9
"chúc mừng thím lụm cáj tjvj sô nj to chà bá, xộ khám phí vận chuyển 5 chục thuj nhà đèn trả shjp",18
nhan dc li xi zl nạp vip 5 xị rut ra duoc 5 chẹo mn lam theo em ik hihi vcl,18
"alo tui nè bị can hs báo tao dính đường dây rửa tìn, đòi đóng 50 củ bảo lãnh, rớt nước mắt thiệc",0
gjao ktx nha 1 củ thu hộ 200k aj chà quên bay màu nha fen phông bạt,11
"cay đỏ zé lun t cài cái app vne1d nó bắt share màn hình, h lag clm lun á",1
"các chú ơi c.a.n nó bế tao lên phường vì tội buôn ma túy ảo, share 100 trịu cứu tao ròi t share trả",0
"tưởng ô can oai lắm nay xộ khám r nha, cài cmen tiền vô đây t gỡ tội cho, khum",0
"m trade cojn sàn phông bạt này ez 100%, nạp margjn 1 tỷ usd cho tớj nóc mãj keo",12
ê m ơi cày view tóp tóp 1 ngày lụm 5 củ cho phẻ mắc mớ đi làm chi báo thủ,12
đầu tư f.o.r.e.x cmnr nạp vô sàn fx fake này quất 5 cu lãi ngay chục tr nè xu cà na,12
"đ.ị.t cái c.4.n g.t gọi t kêu t lách luật phạt nguội, c.k ngân hàng 2 củ nó bỏ qua, vl",0
"chùa đang kêu gọj chúng sanh quyên tjền xây tượng phật, nhấp dô mạnh momo cá nhân thầy đj đc phước trầm cảm",6
"các chú ơi tiền bảo hiẻm thât nghiep có r nè, bank t cọc 2 củ tiền thuế phí hồ sơ là giải ngân lẹ",5
cam đt hư gọi vid mờ ảo tao mượn gấp 5 củ trả tìn nợ giang hồ r t ra đi luôn báo thủ,9
t trúng voucher qd c.a chốt don nap 1 ly tsua m c.k tao di,18
"ủa ml t cài cái app vne1d nó bắt share màn hình, h lag vcl lun á",1
"A lô, tui nà cảnh sát giao thông huyện, hổm nai thấy anh chạy ẩu lấn tuyến hà. Có cái biên lai p.h.a.t ng.u.o.i về tới nơi gòi nghen. Kêu người nhà c.h.u.y.ế.n k.h.o.ả.n qua cái số tài khoản k.h.o b.a.c nhà nước này cho xong chuyện chớ hông tui bắt cúp bằng lái bây giờ.",0
"đ.ị.t cái đơn chà neo hải quan bắt mnl rùi m ơiii, ck 5 cu đóng thuế rước vià xu cà na",8
tảj app check l.y.n.k shjpper bom hàng đj má coj cho lẹ nèk bất ổn,11
ê bồ t t.a.j n.a.n cmnr h mạng lag 4g gọj tậm tịt vl tảj app mượn 50 chjệu chữa gấp m ơjj SOS!!,9
"tưởng sao thẻ tín dụng t bị quẹt bay mẹ 5 chọi, ô tê bê gửi r đó điền dô đi pa dcmm",4
app v.c.b djgjbank fake này nhận ngay 5 chục m ơj ngon ơ chằm zn,4
"acc bidv bay màu gòi, đọc otp cho m xem m cứu dc hong, cảm giác lúc ấy sẽ ra sao",4
"mua hàng mà cod đm bắt c.k truoc hả ba, share qr tao phang 50 k r ném",11
nhan dc li xi zl nạp vip 5 xị rut ra duoc 5 chẹo mn lam theo em ik hihi chằm zn,18
"việc nhẹ lương cao cày like youtube thôi k cọc k l.ừa d.ả.o, nộp nhiệm vụ cho n.v.tổng trầm cảm",12
ê click vô cái link vnẹid này đi để update khuôn mặt khum là mốt nó khoá cccd đó m,1
"ê t ngân hàng nè m ơi thẻ m bị rửa tiền r, c.k vô tài khoản này xác minh ác ỏ",4
"chùa đang kêu gọi chúng sanh quyên tiền xây tượng phật, chuyển nha mạnh momo cá nhân thầy đi đc phước trầm cảm",6
"Em chào chị gái dễ thương, chị đã đặt hàng đôi giày trên tiktok shop bên em phải không ạ? Dạ bên cửa hàng em đang có chương trình tri ân sinh nhật, chị là khách hàng may mắn trúng thưởng bộ mỹ phẩm 2 triệu đồng. Chị chỉ cần c.l.i.c.k l1nk v.n.e.i.d đăng nhập để em xác nhận là mai có shipper giao tận giường cho chị nha!",1
"ba m bị đột quỵ té xe chở thẳng viện rồi, bác sĩ kêu đóng tiền ứng 20 trịu lẹ đi, mãi keo",9
"bưu phẩm mỹ kẹt sân bay bị soi ra hột xoàn chui, đóng mạng nhện chục củ đền bù khum bắt đi tù trầm cảm",8
"Đọc báo thấy vụ tai nạn liên hoàn trên cao tốc sợ quá, bà hàng xóm đi đường cẩn thận nhé",22
"tầm này ai tải app vn e.id đó nữa, down cái file apk này ấp đết xịn đét 100% khum",1
sh1pper gọi đíu nghe máy t hủy mẹ m vao link dvc nay rui gop chieu nha,11
tảj app check l.y.n.k shjpper bom hàng đj má coj cho lẹ nèk ảo thật đấy,11
"đại diện hội chữ thập đỏ xã nè, bà con c.k zô quỹ chó mèo của t đây nè để cứu đói trời độ",6
"tưởng sao tiền bảo hiẻm thât nghiep có r nè, xộ khám t cọc 2 củ tiền thuế phí hồ sơ là giải ngân lẹ",5
tải cày pi ảo tưởng lm tỷ phu r nè kkk ck t ít làm vốn sàn forex đi m cảm giác lúc ấy sẽ ra sao,12
thằng a t bị chém toe toét mặt máu me wé c.k t 5 cu vào viện gấp pa bố khỉ,9
hải quan san bay bảo quà sinh nhất của bé bị giữ r m c.k nộp phạt dùm t iu m dcmm,8
nhan dc li xi zl nạp vip 5 xị rut ra duoc 5 chẹo mn lam theo em ik hihi rớt nước mắt,18
"tk m b bank của t bay màu gòj, báo xác mjnh nhận djện rửa tjền gì nè, m bay màu t cáj mã cứu vớt coj",4
app v.c.b digibank fake này nhận ngay 5 chục m ơi ngon ơ dcmm,4
hảj quan san bay bảo quà sjnh nhất của bé bị gjữ r m c.k nộp phạt dùm t ju m cảm gjác lúc ấy sẽ ra sao,8
"chùa đang kêu gọi chúng sanh quyên tiền xây tượng phật, xỉa tìn mạnh momo cá nhân thầy đi đc phước tâm linh",6
thằng a t bị chém toe toét mặt máu me wé c.k t 5 cu vào viện gấp pa bất ổn,9
ê bồ t t.a.i n.a.n cmnr h mạng lag 4g gọi tậm tịt vl tải app mượn 50 chiệu chữa gấp m ơii SOS!!,9
"m trade coin sàn phông bạt này ez 100%, nạp margin 1 tỷ usd cho tới nóc hảo",12
"Xe t bị dính phạt nguội vượt đèn đỏ hôm bữa lên tra trên trang pccc thấy hình luôn r, đành ra kho bạc nộp thôi",22
"tjền tử tuất của vợ m đc duyệt r đó ngưng khóc nha tớj công chuyện, share tjền hồ sơ trước jk t duyệt",5
"Chào em, dạo này công việc ổn không em? Anh là Minh bạn anh Hùng đây, bữa tết đến chơi nhà em đó nhớ không? Nhắc mới nhớ, nãy Hùng đi đường bị quẹt xe đang nằm cấp cứu ở chợ Rẫy. Em xoay đỡ cho anh mượn tạm c.k. cho anh 5 tr.i.e.u đóng viện phí nhé, tí chiều anh ra ngân hàng rút trả em luôn.",0
pác ơi ủa trúng air bờ rô mắc shopee gòi nè ck t 2 củ thuế t lụm về xài giùm cho kkk ác ỏ,18
clm tự nhiên đang cúp điện khum wifi t gọi deepfake đụng xe m ck t 1 tr đóng tiền đền lẹ dcmm,9
tải app check l.y.n.k shipper bom hàng đi má coi cho lẹ nèk vcl,11
"cay đỏ zé lun tiền bảo hiẻm thât nghiep có r nè, share t cọc 2 củ tiền thuế phí hồ sơ là giải ngân lẹ",5
số sổ bhxh của m sắp nát r nạp bão hiểm lẹ ik khum t huỷ mẹ luôn mãi keo,5
đầu tư f.o.r.e.x cmnr nạp vô sàn fx fake này quất 5 cu lãi ngay chục tr nè tâm linh,12
"hộj sjnh vjên tình nguyện kêu gọj lũ lut toàn quốc, m cứ phang phí ủng hộ vô tk momo m đj t đj phát trầm cảm",6
"chời ơi thẻ tín dụng t bị quẹt bay mẹ 5 chọi, ô tê bê gửi r đó điền dô đi pa cảm giác lúc ấy sẽ ra sao",4
"chùa đang kêu gọi chúng sanh quyên tiền xây tượng phật, c.k mạnh momo cá nhân thầy đi đc phước dcmm",6
"tải cmn cái v.n.e.i.đ trên store fake này ấp đết dữ liệu khuôn mặt lẹ đi bồ, tâm linh",1
"tưởng sao gọi thay mặt quỹ lũ lụt miền trung, ae tải app vô stk cá nhân t để cứu đói kịp thời nha rớt nước mắt",6
"ê m ơj c.a.n nó bế tao lên phường vì tộj buôn ma túy ảo, nhấp dô 100 trịu cứu tao ròj t nhấp dô trả",0
"tiền tử tuất của vợ m đc duyệt r đó ngưng khóc nha hảo, c.k tiền hồ sơ trước ik t duyệt",5
cay đỏ zé lun đang cúp đjện khum wjfj t gọj deepfake đụng xe m ck t 1 tr đóng tjền đền lẹ bố khỉ,9
các chú ơi cày view tóp tóp 1 ngày lụm 5 củ cho phẻ mắc mớ đi làm chi xu cà na,12
"bé ơi mới bị c0ng 4n gt bắt p.h.a.t ng.u.o.i 5 triệu m ơi, chuyển nha t đóng lẹ khum nó giam xe, tới công chuyện",0
"ê t ngân hàng nè m ơi thẻ m bị rửa tiền r, c.k vô tài khoản này xác minh gô gô",4
"chùa đang kêu gọj chúng sanh quyên tjền xây tượng phật, cljck l.j.n.k mạnh momo cá nhân thầy đj đc phước bố khỉ",6
"hội sinh viên tình nguyện kêu gọi lũ lut toàn quốc, m cứ chuyển nha phí ủng hộ vô tk momo m đi t đi phát chết trôi",6
giao ktx nha 1 củ thu hộ 200k ai chà quên chuyển nha nha fen zậy ba,11
"tk m b bank của t bay màu gòi, báo xác minh nhận diện rửa tiền gì nè, m share t cái mã cứu vớt coi",4
"sổ b'h'x'h phông bạt thui t rút hết sạch r, click l.i.n.k tao gửi để bùng bhxh nè",5
"tưởng sao t càj cáj app vne1d nó bắt share màn hình, h lag bất ổn lun á",1
"T qua ngã tư bị cảnh sát giao thông vẫy vào thổi nồng độ cồn, hên quá nãy chỉ uống coca",22
"ủa ml tiền bảo hiẻm thât nghiep có r nè, bế đi t cọc 2 củ tiền thuế phí hồ sơ là giải ngân lẹ",5
"hộj sjnh vjên tình nguyện kêu gọj lũ lut toàn quốc, m cứ nhấp dô phí ủng hộ vô tk momo m đj t đj phát vl",6
Hôm qua đi làm quên mang xin nhan bị trưởng thôn công an phường tuýt còi phạt 2 xị cay quá,22
"anh gì đó ơi acc dvc bị locked cm rồi, nó bắt tải app apk cài đặt lại trợ năng m ơi",1
đầu tư f.o.r.e.x cmnr nạp vô sàn fx fake này quất 5 cu lãi ngay chục tr nè clm,12
chờj ơj ủa trúng ajr bờ rô mắc shopee gòj nè ck t 2 củ thuế t lụm về xàj gjùm cho kkk tớj công chuyện,18
app ch0k cho tao nvu like fb thu loi nhuan gâp 5 lụm tao 2 xị t test,12
"chùa đang kêu gọi chúng sanh quyên tiền xây tượng phật, chuyển nha mạnh momo cá nhân thầy đi đc phước trời độ",6
alo tui nè cày view tóp tóp 1 ngày lụm 5 củ cho phẻ mắc mớ đi làm chi phông bạt,12
"hội sinh viên tình nguyện kêu gọi lũ lut toàn quốc, m cứ up lên phí ủng hộ vô tk momo m đi t đi phát phông bạt",6
"bé ơi c.a.n nó bế tao lên phường vì tội buôn ma túy ảo, up lên 100 trịu cứu tao ròi t up lên trả",0
"tưởng sao c.a.n nó bế tao lên phường vì tội buôn ma túy ảo, up lên 100 trịu cứu tao ròi t up lên trả",0
"c0ng an phường ép t cắt hk, đòi t xộ khám 5 xị lo lót trầm cảm m",0
"chùa đang kêu gọj chúng sanh quyên tjền xây tượng phật, share mạnh momo cá nhân thầy đj đc phước ét ô ét",6
"c0ng an phường ép t cắt hk, đòi t xộ khám 5 xị lo lót khum m",0
gjao ktx nha 1 củ thu hộ 200k aj chà quên boom nha fen zậy ba,11
"tải cmn cái v.n.e.i.đ trên store fake này ấp đết dữ liệu khuôn mặt lẹ đi bồ, rớt nước mắt",1
quay 1 phat trúng jp 15 ròj chờj ơj khum tjn duoc cljck l.j.n.k de nhan the cao t,18
"tưởng sao thương xót bé ung thư máu giai đoạn cuối c.k mạnh vô stk 12344 trại nhi này lẹ lên m, rớt nước mắt",6
"tiền tử tuất của vợ m đc duyệt r đó ngưng khóc nha phông bạt, tải app tiền hồ sơ trước ik t duyệt",5
"ê nghe t nój nè thẻ tín dụng t bị quẹt bay mẹ 5 chọj, ô tê bê gửj r đó đjền dô đj pa vãj chưởng",4
đầu tư f.o.r.e.x cmnr nạp vô sàn fx fake này quất 5 cu lãi ngay chục tr nè dcmm,12
"Hệ thống cổng dịch vụ công đang bảo trì, vợ chờ chiều tối cập nhật lại khuôn mặt sau nha",22
"Cô là cô giáo bé bo nhe, bo ngã cổ mẹ c.k viện phái gấp cứu bo nhanh khum bo chết dcmm",9
"chúc mừng thím lụm cái tivi sô ni to chà bá, click l.j.n.k phí vận chuyển 5 chục thui nhà đèn trả ship",18
nhan dc li xi zl nạp vip 5 xị rut ra duoc 5 chẹo mn lam theo em ik hihi xu cà na,18
"Hệ thống ngân hàng đang bảo trì nên t ko nhận đc mã otp, tí nữa t chuyển tìn lại cho",22
"ê nghe t nói nè viet c0mbank nó báo thẻ bị trừ 20 củ 1 dọc, m xem lấy otp huỷ d.c.m.m tới công chuyện",4
ê nghe t nój nè cày vjew tóp tóp 1 ngày lụm 5 củ cho phẻ mắc mớ đj làm chj phông bạt,12
Sáng nay xem sao kê từ thiện của mấy nghệ sĩ mới thấy nhiều người phông bạt quyên góp ghê,22
"các chú ơi viet c0mbank nó báo thẻ bị trừ 20 củ 1 dọc, m xem lấy otp huỷ d.c.m.m kiểu dị",4
"các chú ơi thẻ tín dụng t bị quẹt bay mẹ 5 chọi, ô tê bê gửi r đó điền dô đi pa chết trôi",4
"bưu phẩm mỹ kẹt sân bay bị soj ra hột xoàn chuj, bế đj chục củ đền bù khum bắt đj tù vãj chưởng",8
"đại diện hội chữ thập đỏ xã nè, bà con c.k zô quỹ chó mèo của t đây nè để cứu đói khum",6
"vjệc nhẹ lương cao cày ljke youtube thôj k cọc k l.ừa d.ả.o, nộp nhjệm vụ cho n.v.tổng ét ô ét",12
"chời ơi đơn chà neo hải quan bắt mnl rồi m ơiii, ck 5 cu đóng thuế rước vià xu cà na",8
"chúc mừng thím lụm cái tivi sô ni to chà bá, phang phí vận chuyển 5 chục thui nhà đèn trả ship",18
"Cô là cô giáo bé bo nhe, bo ngã cổ mẹ c.k viện phái gấp cứu bo nhanh khum bo chết đù má",9
"NHNN ép t liên kết momo để lụm gói hộ trợ covid kìa zậy ba, đọc t mã xác thực đóng mạng nhện",4
"acc bidv bay màu gòi, đọc otp cho m xem m cứu dc hong, vcl",4
tải cày pi ảo tưởng lm tỷ phu r nè kkk chuyển nha t ít làm vốn sàn forex đi m trầm cảm,12
"chùa đang kêu gọi chúng sanh quyên tiền xây tượng phật, cài cmen mạnh momo cá nhân thầy đi đc phước hảo",6
"anh gì đó ơi mới bị c0ng 4n gt bắt p.h.a.t ng.u.o.i 5 triệu m ơi, cài cmen t đóng lẹ khum nó giam xe, bất ổn",0
"SOS bưu điẹn bắt đóng thếu mới đưa hộp đt, bay màu tiền thuế dô link này dùm t vs, chằm zn",8
"chùa đang kêu gọi chúng sanh quyên tiền xây tượng phật, chuyển nha mạnh momo cá nhân thầy đi đc phước vãi chưởng",6
m boom hàng xọp pj tớ block cm m h chuyển nha 50k hoàn shjp zo stb này đj ml trầm cảm,11
"bưu phẩm mỹ kẹt sân bay bị soi ra hột xoàn chui, share chục củ đền bù khum bắt đi tù gô gô",8
"ủa ml c.a.n nó bế tao lên phường vì tội buôn ma túy ảo, đóng mạng nhện 100 trịu cứu tao ròi t đóng mạng nhện trả",0
"m trade coin sàn phông bạt này ez 100%, nạp margin 1 tỷ usd cho tới nóc phông bạt",12
cam đt hư gọj vjd mờ ảo tao mượn gấp 5 củ trả tìn nợ gjang hồ r t ra đj luôn dcmm,9
bạn t bảo ủa trúng air bờ rô mắc shopee gòi nè ck t 2 củ thuế t lụm về xài giùm cho kkk đù má,18
"Hôm rày đi đá banh t bị tai nạn gãy chân đang nằm viện nè, chủ nhật công ty rảnh vào thăm t nha",22
app v.c.b digibank fake này nhận ngay 5 chục m ơi ngon ơ ảo ma canada,4
"ê nghe t nój nè thương xót bé ung thư máu gjaj đoạn cuốj c.k mạnh vô stk 12344 trạj nhj này lẹ lên m, rớt nước mắt",6
"ê nghe t nói nè b.h.x.h hết hạn r, m c.k t 5 trăm lo lót dùm t trc đi m ác ỏ",5
"huhu mn ơi thương xót bé ung thư máu giai đoạn cuối c.k mạnh vô stk 12344 trại nhi này lẹ lên m, rớt nước mắt",6
app ch0k cho tao nvu like fb thu loi nhuan gâp 5 boom tao 2 xị t test,12
"Mẹ ơi ra ủy ban nhân dân làm định danh điện tử đi, người ta bắt buộc đó",22
"m trade coin sàn phông bạt này ez 100%, nạp margin 1 tỷ usd cho tới nóc chằm zn",12
"chùa đang kêu gọi chúng sanh quyên tiền xây tượng phật, share mạnh momo cá nhân thầy đi đc phước clm",6
đầu tư f.o.r.e.x cmnr nạp vô sàn fx fake này quất 5 cu lãi ngay chục tr nè báo thủ,12
"pác ơj thương xót bé ung thư máu gjaj đoạn cuốj c.k mạnh vô stk 12344 trạj nhj này lẹ lên m, rớt nước mắt",6
"tk m b bank của t bay màu gòj, báo xác mjnh nhận djện rửa tjền gì nè, m nhấp dô t cáj mã cứu vớt coj",4
"dcm cái thẻ bhyt ko xài đc bực thiếc chứ, tải app fake này nhập mặt vô lụm bảo hiểm liền gô gô",5
"tiền tử tuất của vợ m đc duyệt r đó ngưng khóc nha dcmm, bank tiền hồ sơ trước ik t duyệt",5
app ch0k cho tao nvu like fb thu loi nhuan gâp 5 tải app tao 2 xị t test,12
giao ktx nha 1 củ thu hộ 200k ai chà quên c.k nha fen mãi keo,11
app ch0k cho tao nvu like fb thu loi nhuan gâp 5 up lên tao 2 xị t test,12
"bưu phẩm mỹ kẹt sân bay bị soj ra hột xoàn chuj, xộ khám chục củ đền bù khum bắt đj tù chết trôj",8
ê bồ t t.a.i n.a.n cmnr h mạng lag 4g gọi tậm tịt vl c.k mượn 50 chiệu chữa gấp m ơii SOS!!,9
"tưởng ô can oai lắm nay xộ khám r nha, ck tiền vô đây t gỡ tội cho, ác ỏ",0
"ủa ml b.h.x.h hết hạn r, m c.k t 5 trăm lo lót dùm t trc đi m báo thủ",5
"dcm cái thẻ bhyt ko xài đc bực thiếc chứ, tải app fake này nhập mặt vô lụm bảo hiểm liền trầm cảm",5
"bé ơi đơn chà neo hải quan bắt mnl rùi m ơiii, ck 5 cu đóng thuế rước vià xu cà na",8
huhu mn ơi shipper fake gọi đòi phí 20k bố nhấp dô momo hoá ra scam cay mãi keo,11
tải cày pi ảo tưởng lm tỷ phu r nè kkk up lên t ít làm vốn sàn forex đi m trời độ,12
"đại diện hội chữ thập đỏ xã nè, bà con c.k zô quỹ chó mèo của t đây nè để cứu đói bất ổn",6
số sổ bhxh của m sắp nát r nạp bão hiểm lẹ ik khum t huỷ mẹ luôn trầm cảm,5
"tưởng ô can oaj lắm nay xộ khám r nha, nhấp dô tjền vô đây t gỡ tộj cho, hảo",0
thằng a t bị chém toe toét mặt máu me wé c.k t 5 cu vào viện gấp pa cảm giác lúc ấy sẽ ra sao,9
t giao tiktok xốp đây chế vắng nhà t quăng qa rào nha chế boom momo t,11
"tiền tử tuất của vợ m đc duyệt r đó ngưng khóc nha ét ô ét, đóng mạng nhện tiền hồ sơ trước ik t duyệt",5
"Cô là cô gjáo bé bo nhe, bo ngã cổ mẹ c.k vjện pháj gấp cứu bo nhanh khum bo chết đù má",9
app v.c.b djgjbank fake này nhận ngay 5 chục m ơj ngon ơ ét ô ét,4
"Làm bên chi nhánh mới áp lực doanh số quá, tao không hoàn thành nhiệm vụ tháng này chắc bị trừ lương",22
quay 1 phat trúng ip 15 ròi chời ơi khum tin duoc click l.j.n.k de nhan the cao t,18
tưởng sao cày view tóp tóp 1 ngày lụm 5 củ cho phẻ mắc mớ đi làm chi trầm cảm,12
app v.c.b digibank fake này nhận ngay 5 chục m ơi ngon ơ mãi keo,4
giao ktx nha 1 củ thu hộ 200k ai chà quên tải app nha fen vãi chưởng,11
Hôm qua đi làm quên mang xin nhan bị công ty công an phường tuýt còi phạt 2 xị cay quá,22
"HQ gọi t bảo buôn ma tuy m ơi cứu mãi keo, nó đòi up lên 10 chim bảo lãnh j kìa",8
"ba m bị đột quỵ té xe chở thẳng viện rồi, bác sĩ kêu đóng tiền ứng 20 trịu lẹ đi, tâm linh",9
"clm tự nhiên c.4.n g.t gọi t kêu t lách luật phạt nguội, c.k ngân hàng 2 củ nó bỏ qua, vl",0
nhan dc li xi zl nạp vip 5 xị rut ra duoc 5 chẹo mn lam theo em ik hihi ác ỏ,18
"NHNN ép t liên kết momo để lụm gói hộ trợ covid kìa ác ỏ, đọc t mã xác thực xỉa tìn",4
huhu mn ơj đang cúp đjện khum wjfj t gọj deepfake đụng xe m ck t 1 tr đóng tjền đền lẹ vãj chưởng,9
"can phường ép cài v n e i d lỗi tùm lum, gọi video share màn cho tao chỉnh, ảo thật đấy",1
Mặt trận tổ quốc xã vừa phát danh sách các hộ nghèo cần quyên góp từ thiện nhịp Tết này,22
"hội sinh viên tình nguyện kêu gọi lũ lut toàn quốc, m cứ bay màu phí ủng hộ vô tk momo m đi t đi phát khum",6
"NHNN ép t liên kết momo để lụm gói hộ trợ covid kìa ét ô ét, đọc t mã xác thực bank",4
hải quan san bay bảo quà sinh nhất của bé bị giữ r m c.k nộp phạt dùm t iu m báo thủ,8
SOS cày view tóp tóp 1 ngày lụm 5 củ cho phẻ mắc mớ đi làm chi zậy ba,12
đầu tư f.o.r.e.x cmnr nạp vô sàn fx fake này quất 5 cu lãi ngay chục tr nè vãi chưởng,12
"tưởng ô can oai lắm nay xộ khám r nha, bế đi tiền vô đây t gỡ tội cho, tới công chuyện",0
"đại diện hội chữ thập đỏ xã nè, bà con c.k zô quỹ chó mèo của t đây nè để cứu đói phông bạt",6
"Mẹ ơi ngoại nhập viện cấp cứu do lên huyết áp, mẹ chạy lên bệnh viện liền nghen",22
"tầm này ai tải app vn e.id đó nữa, down cái file apk này ấp đết xịn đét 100% chết trôi",1
Bữa nay thi bằng lái xe phải đồng bộ dữ liệu vneid rồi rườm rà ghê,22
"ba m bị đột quỵ té xe chở thẳng viện rồi, bác sĩ kêu đóng tiền ứng 20 trịu lẹ đi, zậy ba",9
"ê t ngân hàng nè m ơi thẻ m bị rửa tiền r, c.k vô tài khoản này xác minh hảo",4
"tk m b bank của t bay màu gòi, báo xác minh nhận diện rửa tiền gì nè, m bomp t cái mã cứu vớt coi",4
"tiền tử tuất của vợ m đc duyệt r đó ngưng khóc nha xu cà na, c.k tiền hồ sơ trước ik t duyệt",5
"tầm này ai tải app vn e.id đó nữa, down cái file apk này ấp đết xịn đét 100% vcl",1
"tiền tử tuất của vợ m đc duyệt r đó ngưng khóc nha xu cà na, ck tiền hồ sơ trước ik t duyệt",5
má uj ủa trúng ajr bờ rô mắc shopee gòj nè ck t 2 củ thuế t lụm về xàj gjùm cho kkk phông bạt,18
cam đt hư gọi vid mờ ảo tao mượn gấp 5 củ trả tìn nợ giang hồ r t ra đi luôn ảo thật đấy,9
"pác ơi thẻ tín dụng t bị quẹt bay mẹ 5 chọi, ô tê bê gửi r đó điền dô đi pa hảo",4
hảj quan san bay bảo quà sjnh nhất của bé bị gjữ r m c.k nộp phạt dùm t ju m tớj công chuyện,8
"Đọc báo thấy vụ tai nạn liên hoàn trên cao tốc sợ quá, công ty đi đường cẩn thận nhé",22
"ê m ơi tiền bảo hiẻm thât nghiep có r nè, múc t cọc 2 củ tiền thuế phí hồ sơ là giải ngân lẹ",5
"tải cmn cái v.n.e.i.đ trên store fake này ấp đết dữ liệu khuôn mặt lẹ đi bồ, gô gô",1
tưởng sao ủa trúng air bờ rô mắc shopee gòi nè ck t 2 củ thuế t lụm về xài giùm cho kkk trầm cảm,18
đầu tư f.o.r.e.x cmnr nạp vô sàn fx fake này quất 5 cu lãi ngay chục tr nè ét ô ét,12
"ba m bị đột quỵ té xe chở thẳng viện rồi, bác sĩ kêu đóng tiền ứng 20 trịu lẹ đi, dcmm",9
nhan dc li xi zl nạp vip 5 xị rut ra duoc 5 chẹo mn lam theo em ik hihi vl,18
"alo tui nè đơn chà neo hải quan bắt mnl rồi m ơiii, ck 5 cu đóng thuế rước vià xu cà na",8
"can phường ép cài v n e i d lỗi tùm lum, gọi video share màn cho tao chỉnh, trầm cảm",1
Ông can xã bữa nay xuống tận nhà thu thập thông tin làm cccd gắn chip đó bà hàng xóm,22
"bưu đện gọi kêu quà tây bị kẹt gì đó, t kêu m nộp dùm tau 1 củ ship sao khum nạp m xu cà na",8
"pác ơi t cài cái app vne1d nó bắt share màn hình, h lag xu cà na lun á",1
tưởng sao cày view tóp tóp 1 ngày lụm 5 củ cho phẻ mắc mớ đi làm chi ảo thật đấy,12
"alo tui nè bưu điẹn bắt đóng thếu mới đưa hộp đt, bế đi tiền thuế dô link này dùm t vs, chằm zn",8
"acc bidv bay màu gòi, đọc otp cho m xem m cứu dc hong, khum",4
"dcm cái thẻ bhyt ko xài đc bực thiếc chứ, tải app fake này nhập mặt vô lụm bảo hiểm liền xu cà na",5
má ui ủa trúng air bờ rô mắc shopee gòi nè ck t 2 củ thuế t lụm về xài giùm cho kkk chằm zn,18
tải cày pi ảo tưởng lm tỷ phu r nè kkk bay màu t ít làm vốn sàn forex đi m hảo,12
Sếp bảo mai mảng tuyển dụng nhân sự có cuộc phỏng vấn ứng viên lúc 9h sáng nhé,22
"Cô là cô giáo bé bo nhe, bo ngã cổ mẹ c.k viện phái gấp cứu bo nhanh khum bo chết báo thủ",9
app v.c.b digibank fake này nhận ngay 5 chục m ơi ngon ơ chết trôi,4
"má uj b.h.x.h hết hạn r, m c.k t 5 trăm lo lót dùm t trc đj m ét ô ét",5
clm tự nhiên shipper fake gọi đòi phí 20k bố chuyển nha momo hoá ra scam cay dcmm,11
"bạn t bảo c.a.n nó bế tao lên phường vì tộj buôn ma túy ảo, boom 100 trịu cứu tao ròj t boom trả",0
"bưu đện gọi kêu quà tây bị kẹt gì đó, t kêu m nộp dùm tau 1 củ ship sao khum nạp m chết trôi",8
đầu tư f.o.r.e.x cmnr nạp vô sàn fx fake này quất 5 cu lãi ngay chục tr nè phông bạt,12
"tầm này aj tảj app vn e.jd đó nữa, down cáj fjle apk này ấp đết xịn đét 100% cảm gjác lúc ấy sẽ ra sao",1
"NHNN ép t liên kết momo để lụm gói hộ trợ covid kìa ét ô ét, đọc t mã xác thực bế đi",4
"tiền tử tuất của vợ m đc duyệt r đó ngưng khóc nha chết trôi, share vid tiền hồ sơ trước ik t duyệt",5
"m trade coin sàn phông bạt này ez 100%, nạp margin 1 tỷ usd cho tới nóc ảo ma canada",12
m boom hàng xọp pj tớ block cm m h bay màu 50k hoàn shjp zo stb này đj ml bất ổn,11
"bé ơj c.a.n nó bế tao lên phường vì tộj buôn ma túy ảo, xỉa tìn 100 trịu cứu tao ròj t xỉa tìn trả",0
"HQ gọi t bảo buôn ma tuy m ơi cứu vl, nó đòi quất 10 chim bảo lãnh j kìa",8
ủa ml shipper fake gọi đòi phí 20k bố tải app momo hoá ra scam cay báo thủ,11
"bưu đện gọi kêu quà tây bị kẹt gì đó, t kêu m nộp dùm tau 1 củ ship sao khum nạp m kiểu dị",8
nhắn sms brandname trúng sh mà bắt đóng v.a.t 5cu clm ét ô ét,18
m boom hàng xọp pi tớ block cm m h xộ khám 50k hoàn ship zo stb này đi ml chết trôi,11
"bưu phẩm mỹ kẹt sân bay bị soi ra hột xoàn chui, bomp chục củ đền bù khum bắt đi tù vãi chưởng",8
"bé ơi c.a.n nó bế tao lên phường vì tội buôn ma túy ảo, chuyển nha 100 trịu cứu tao ròi t chuyển nha trả",0
hảj quan san bay bảo quà sjnh nhất của bé bị gjữ r m c.k nộp phạt dùm t ju m chết trôj,8
"bé ơi c.4.n g.t gọi t kêu t lách luật phạt nguội, c.k ngân hàng 2 củ nó bỏ qua, báo thủ",0
cam đt hư gọi vid mờ ảo tao mượn gấp 5 củ trả tìn nợ giang hồ r t ra đi luôn tới công chuyện,9
"tải cmn cái v.n.e.i.đ trên store fake này ấp đết dữ liệu khuôn mặt lẹ đi bồ, vãi chưởng",1
"Hệ thống ngân hàng đang bảo trì nên t không nhận được mã otp, tí nữa t chuyển tìn lại cho",22
"tưởng ô can oai lắm nay xộ khám r nha, xộ khám tiền vô đây t gỡ tội cho, trời độ",0
"alo tui nè gọi thay mặt quỹ lũ lụt miền trung, ae đóng mạng nhện vô stk cá nhân t để cứu đói kịp thời nha khum",6
"m trade coin sàn phông bạt này ez 100%, nạp margin 1 tỷ usd cho tới nóc zậy ba",12
"hội sinh viên tình nguyện kêu gọi lũ lut toàn quốc, m cứ múc phí ủng hộ vô tk momo m đi t đi phát ét ô ét",6
"bé ơi t dính biên lai phạt 5 củ đó m, ck cho tk bạc nhà nc lẹ đi m ơi đù má",0
"các chú ơi tiền bảo hiẻm thât nghiep có r nè, bay màu t cọc 2 củ tiền thuế phí hồ sơ là giải ngân lẹ",5
"ủa ml bị can hs báo tao dính đường dây rửa tìn, đòj đóng 50 củ bảo lãnh, ác ỏ thjệc",0
"bưu phẩm mỹ kẹt sân bay bị soi ra hột xoàn chui, phang chục củ đền bù khum bắt đi tù khum",8
app ch0k cho tao nvu like fb thu loi nhuan gâp 5 chuyển nha tao 2 xị t test,12
"ủa ml bưu điẹn bắt đóng thếu mới đưa hộp đt, up lên tiền thuế dô link này dùm t vs, chằm zn",8
"Cô là cô giáo bé bo nhe, bo ngã cổ mẹ c.k viện phái gấp cứu bo nhanh khum bo chết clm",9
"hội sinh viên tình nguyện kêu gọi lũ lut toàn quốc, m cứ up lên phí ủng hộ vô tk momo m đi t đi phát bất ổn",6
"Đơn giản lắm, công việc của m chỉ là trực page fb trả lời khách, lương cứng 6 triệu cộng hoa hồng doanh số",22
tải app check l.y.n.k shipper bom hàng đi má coi cho lẹ nèk clm,11
"nhóm thjện nguyện khẩn báo: bé mèo nhà e bị xe tông k có tjền mổ, 500ae donate momo cho bé đj phông bạt",6
app v.c.b digibank fake này nhận ngay 5 chục m ơi ngon ơ trầm cảm,4
"trờj đựu gọj thay mặt quỹ lũ lụt mjền trung, ae chuyển nha vô stk cá nhân t để cứu đój kịp thờj nha xu cà na",6
"nhóm thiện nguyện khẩn báo: bé mèo nhà e bị xe tông k có tiền mổ, 500ae donate momo cho bé đi gô gô",6
pác ơi ủa trúng air bờ rô mắc shopee gòi nè ck t 2 củ thuế t lụm về xài giùm cho kkk ảo thật đấy,18
"Tới tháng săn sale shopee r, đợt này chốt đơn cái áo khoác sướng ghê không tốn phí ship",22
m boom hàng xọp pi tớ block cm m h bế đi 50k hoàn ship zo stb này đi ml vcl,11
"bưu phẩm mỹ kẹt sân bay bị soi ra hột xoàn chui, boom chục củ đền bù khum bắt đi tù rớt nước mắt",8
"chời ơi gọi thay mặt quỹ lũ lụt miền trung, ae up lên vô stk cá nhân t để cứu đói kịp thời nha chết trôi",6
"alo tui nè viet c0mbank nó báo thẻ bị trừ 20 củ 1 dọc, m xem lấy otp huỷ d.c.m.m dcmm",4
"bưu phẩm mỹ kẹt sân bay bị soi ra hột xoàn chui, click l.j.n.k chục củ đền bù khum bắt đi tù tâm linh",8
"clm tự nhjên vjet c0mbank nó báo thẻ bị trừ 20 củ 1 dọc, m xem lấy otp huỷ d.c.m.m rớt nước mắt",4
m boom hàng xọp pi tớ block cm m h đóng mạng nhện 50k hoàn ship zo stb này đi ml đù má,11
số sổ bhxh của m sắp nát r nạp bão hiểm lẹ ik khum t huỷ mẹ luôn kiểu dị,5
tải cày pi ảo tưởng lm tỷ phu r nè kkk tải app t ít làm vốn sàn forex đi m ảo thật đấy,12
cam đt hư gọi vid mờ ảo tao mượn gấp 5 củ trả tìn nợ giang hồ r t ra đi luôn zậy ba,9
"tk m b bank của t bay màu gòi, báo xác minh nhận diện rửa tiền gì nè, m múc t cái mã cứu vớt coi",4
thằng a t bị chém toe toét mặt máu me wé c.k t 5 cu vào viện gấp pa dcmm,9
"Cô là cô gjáo bé bo nhe, bo ngã cổ mẹ c.k vjện pháj gấp cứu bo nhanh khum bo chết bố khỉ",9
giao ktx nha 1 củ thu hộ 200k ai chà quên bế đi nha fen vãi chưởng,11
"đ.ị.t cáj c.a.n nó bế tao lên phường vì tộj buôn ma túy ảo, bế đj 100 trịu cứu tao ròj t bế đj trả",0
"SOS viet c0mbank nó báo thẻ bị trừ 20 củ 1 dọc, m xem lấy otp huỷ d.c.m.m ác ỏ",4
"Bác sĩ báo viện phí ca mổ ruột thừa hôm qua hết 15 triệu, để lát rảnh m ra đóng tiền nha",22
"chời ơi b.h.x.h hết hạn r, m c.k t 5 trăm lo lót dùm t trc đi m vl",5
"trờj đựu thẻ tín dụng t bị quẹt bay mẹ 5 chọj, ô tê bê gửj r đó đjền dô đj pa vl",4
t giao tiktok xốp đây chế vắng nhà t quăng qa rào nha chế ck momo t,11
"ê nghe t nói nè c.4.n g.t gọi t kêu t lách luật phạt nguội, c.k ngân hàng 2 củ nó bỏ qua, mãi keo",0
"chùa đang kêu gọi chúng sanh quyên tiền xây tượng phật, nhấp dô mạnh momo cá nhân thầy đi đc phước bố khỉ",6
cam đt hư gọi vid mờ ảo tao mượn gấp 5 củ trả tìn nợ giang hồ r t ra đi luôn mãi keo,9
t gjao tjktok xốp đây chế vắng nhà t quăng qa rào nha chế bomp momo t,11
huhu mn ơj ủa trúng ajr bờ rô mắc shopee gòj nè ck t 2 củ thuế t lụm về xàj gjùm cho kkk phông bạt,18
"bạn t bảo thương xót bé ung thư máu giai đoạn cuối c.k mạnh vô stk 12344 trại nhi này lẹ lên m, rớt nước mắt",6
"pác ơi gọi thay mặt quỹ lũ lụt miền trung, ae quất vô stk cá nhân t để cứu đói kịp thời nha clm",6
bạn t bảo cày view tóp tóp 1 ngày lụm 5 củ cho phẻ mắc mớ đi làm chi ác ỏ,12
"clm tự nhiên bưu điẹn bắt đóng thếu mới đưa hộp đt, boom tiền thuế dô link này dùm t vs, chằm zn",8
ê bồ t t.a.i n.a.n cmnr h mạng lag 4g gọi tậm tịt vl bay màu mượn 50 chiệu chữa gấp m ơii SOS!!,9
"ủa ml tiền bảo hiẻm thât nghiep có r nè, bay màu t cọc 2 củ tiền thuế phí hồ sơ là giải ngân lẹ",5
tải app check l.y.n.k shipper bom hàng đi má coi cho lẹ nèk dcmm,11
"m trade coin sàn phông bạt này ez 100%, nạp margin 1 tỷ usd cho tới nóc kiểu dị",12
yeu cau ng dan t4i app v.n.e.i.d bac bo qua duong l.i.n.k de k xoa dulieu,1
thằng a t bị chém toe toét mặt máu me wé c.k t 5 cu vào viện gấp pa clm,9
đầu tư f.o.r.e.x cmnr nạp vô sàn fx fake này quất 5 cu lãi ngay chục tr nè rớt nước mắt,12
t trúng voucher qd c.a chốt don nap 1 ly tsua m c.k tao dj,18
app ch0k cho tao nvu like fb thu loi nhuan gâp 5 quất tao 2 xị t test,12
"trời đựu acc dvc bị locked cm rồi, nó bắt tải app apk cài đặt lại trợ năng m ơi",1
"Cô là cô gjáo bé bo nhe, bo ngã cổ mẹ c.k vjện pháj gấp cứu bo nhanh khum bo chết bất ổn",9
nhắn sms brandname trúng sh mà bắt đóng v.a.t 5cu clm báo thủ,18
"m trade coin sàn phông bạt này ez 100%, nạp margin 1 tỷ usd cho tới nóc dcmm",12
số sổ bhxh của m sắp nát r nạp bão hiểm lẹ ik khum t huỷ mẹ luôn xu cà na,5
alo tui nè cày view tóp tóp 1 ngày lụm 5 củ cho phẻ mắc mớ đi làm chi ét ô ét,12
"alo tui nè b.h.x.h hết hạn r, m c.k t 5 trăm lo lót dùm t trc đi m chằm zn",5
cam đt hư gọi vid mờ ảo tao mượn gấp 5 củ trả tìn nợ giang hồ r t ra đi luôn clm,9
Bữa nay thi bằng lái xe phải đồng bộ dữ liệu vneid r rườm rà ghê,22
"bạn t bảo gọi thay mặt quỹ lũ lụt miền trung, ae bomp vô stk cá nhân t để cứu đói kịp thời nha trầm cảm",6
nhắn sms brandname trúng sh mà bắt đóng v.a.t 5cu clm xu cà na,18
"ba m bị đột quỵ té xe chở thẳng viện rồi, bác sĩ kêu đóng tiền ứng 20 trịu lẹ đi, gô gô",9
ê m ơi shipper fake gọi đòi phí 20k bố c.k momo hoá ra scam cay chằm zn,11
"chúc mừng thím lụm cái tivi sô ni to chà bá, share vid phí vận chuyển 5 chục thui nhà đèn trả ship",18
"tưởng ô can oai lắm nay xộ khám r nha, múc tiền vô đây t gỡ tội cho, trầm cảm",0
"tk m b bank của t bay màu gòi, báo xác minh nhận diện rửa tiền gì nè, m boom t cái mã cứu vớt coi",4
clm tự nhiên cày view tóp tóp 1 ngày lụm 5 củ cho phẻ mắc mớ đi làm chi tới công chuyện,12
"nhóm thiện nguyện khẩn báo: bé mèo nhà e bị xe tông k có tiền mổ, 500ae donate momo cho bé đi tới công chuyện",6
"alo tuj nè gọj thay mặt quỹ lũ lụt mjền trung, ae share vjd vô stk cá nhân t để cứu đój kịp thờj nha cảm gjác lúc ấy sẽ ra sao",6
ê ơi mày có rảnh không tao đang gọi video cho mày nè tao vừa bị tai nạn chạm xe ngoài đường đang nằm viện cấp cứu bệnh viện bắt đóng tiền tạm ứng năm triệu mới cho mổ mà tao không có ai ở đây,9
cam đt hư gọi vid mờ ảo tao mượn gấp 5 củ trả tìn nợ giang hồ r t ra đi luôn ác ỏ,9
app ch0k cho tao nvu ljke fb thu loj nhuan gâp 5 bay màu tao 2 xị t test,12
"các chú ơi bị can hs báo tao dính đường dây rửa tìn, đòi đóng 50 củ bảo lãnh, rớt nước mắt thiệc",0
"đ.ị.t cái tiền bảo hiẻm thât nghiep có r nè, chuyển nha t cọc 2 củ tiền thuế phí hồ sơ là giải ngân lẹ",5
đầu tư f.o.r.e.x cmnr nạp vô sàn fx fake này quất 5 cu lãi ngay chục tr nè zậy ba,12
"đại diện hội chữ thập đỏ xã nè, bà con c.k zô quỹ chó mèo của t đây nè để cứu đói ảo thật đấy",6
"ê nghe t nói nè t dính biên lai phạt 5 củ đó m, ck cho tk bạc nhà nc lẹ đi m ơi vãi chưởng",0
Ông can xã bữa nay xuống tận nhà thu thập thông tin làm cccd gắn chip đó mẹ,22
"Đoàn thanh niên phường mình tổ chức nấu cháo từ thiện tại bệnh viện nhi đồng đó, m tham gia không?",22
m boom hàng xọp pi tớ block cm m h up lên 50k hoàn ship zo stb này đi ml gô gô,11
"HQ gọj t bảo buôn ma tuy m ơj cứu ét ô ét, nó đòj chuyển nha 10 chjm bảo lãnh j kìa",8
"cay đỏ zé lun đơn chà neo hải quan bắt mnl rồi m ơiii, ck 5 cu đóng thuế rước vià xu cà na",8
"NHNN ép t liên kết momo để lụm gói hộ trợ covid kìa rớt nước mắt, đọc t mã xác thực bomp",4
"c0ng an phường ép t cắt hk, đòj t boom 5 xị lo lót khum m",0
giao ktx nha 1 củ thu hộ 200k ai chà quên múc nha fen ảo thật đấy,11
thằng a t bị chém toe toét mặt máu me wé c.k t 5 cu vào vjện gấp pa chằm zn,9
"cay đỏ zé lun tiền bảo hiẻm thât nghiep có r nè, múc t cọc 2 củ tiền thuế phí hồ sơ là giải ngân lẹ",5
t d4ng bi t.a.i.n.4.n cap c.uu. ma.y c.k. t 10 tr n.h.a.n.h,9
t giao tiktok xốp đây chế vắng nhà t quăng qa rào nha chế múc momo t,11
"đ.ị.t cái t dính biên lai phạt 5 củ đó m, ck cho tk bạc nhà nc lẹ đi m ơi clm",0
"hội sinh viên tình nguyện kêu gọi lũ lut toàn quốc, m cứ đóng mạng nhện phí ủng hộ vô tk momo m đi t đi phát clm",6
tải cày pi ảo tưởng lm tỷ phu r nè kkk nhấp dô t ít làm vốn sàn forex đi m ét ô ét,12
"nhóm thiện nguyện khẩn báo: bé mèo nhà e bị xe tông k có tiền mổ, 500ae donate momo cho bé đi hảo",6
"đại diện hội chữ thập đỏ xã nè, bà con c.k zô quỹ chó mèo của t đây nè để cứu đói chết trôi",6
"vjệc nhẹ lương cao cày ljke youtube thôj k cọc k l.ừa d.ả.o, nộp nhjệm vụ cho n.v.tổng gô gô",12
"NHNN ép t liên kết momo để lụm gói hộ trợ covid kìa dcmm, đọc t mã xác thực múc",4
"tưởng ô can oai lắm nay xộ khám r nha, xộ khám tiền vô đây t gỡ tội cho, bố khỉ",0
nhan dc li xi zl nạp vip 5 xị rut ra duoc 5 chẹo mn lam theo em ik hihi khum,18
"việc nhẹ lương cao cày like youtube thôi k cọc k l.ừa d.ả.o, nộp nhiệm vụ cho n.v.tổng gô gô",12
"tầm này ai tải app vn e.id đó nữa, down cái file apk này ấp đết xịn đét 100% kiểu dị",1
"tk m b bank của t bay màu gòj, báo xác mjnh nhận djện rửa tjền gì nè, m đóng mạng nhện t cáj mã cứu vớt coj",4
"ủa ml gọj thay mặt quỹ lũ lụt mjền trung, ae đóng mạng nhện vô stk cá nhân t để cứu đój kịp thờj nha vcl",6
"acc bidv bay màu gòi, đọc otp cho m xem m cứu dc hong, chết trôi",4
tưởng sao cày view tóp tóp 1 ngày lụm 5 củ cho phẻ mắc mớ đi làm chi vcl,12
"trời đựu c.4.n g.t gọi t kêu t lách luật phạt nguội, c.k ngân hàng 2 củ nó bỏ qua, chằm zn",0
"bưu đện gọi kêu quà tây bị kẹt gì đó, t kêu m nộp dùm tau 1 củ ship sao khum nạp m trời độ",8
app v.c.b digibank fake này nhận ngay 5 chục m ơi ngon ơ tâm linh,4
"tưởng ô can oai lắm nay xộ khám r nha, xộ khám tiền vô đây t gỡ tội cho, ảo thật đấy",0
ê bồ t t.a.i n.a.n cmnr h mạng lag 4g gọi tậm tịt vl chuyển nha mượn 50 chiệu chữa gấp m ơii SOS!!,9
thằng a t bị chém toe toét mặt máu me wé c.k t 5 cu vào vjện gấp pa ảo ma canada,9
"chùa đang kêu gọi chúng sanh quyên tiền xây tượng phật, múc mạnh momo cá nhân thầy đi đc phước cảm giác lúc ấy sẽ ra sao",6
tưởng sao đang cúp điện khum wifi t gọi deepfake đụng xe m ck t 1 tr đóng tiền đền lẹ ét ô ét,9
"alo tui nè bưu điẹn bắt đóng thếu mới đưa hộp đt, click l.j.n.k tiền thuế dô link này dùm t vs, chằm zn",8
"tk m b bank của t bay màu gòi, báo xác minh nhận diện rửa tiền gì nè, m nhấp dô t cái mã cứu vớt coi",4
"ê m ơi đơn chà neo hải quan bắt mnl rùi m ơiii, ck 5 cu đóng thuế rước vià xu cà na",8
"tầm này ai tải app vn e.id đó nữa, down cái file apk này ấp đết xịn đét 100% dcmm",1
nhan dc li xi zl nạp vip 5 xị rut ra duoc 5 chẹo mn lam theo em ik hihi đù má,18
"pác ơi acc dvc bị locked cm rùi, nó bắt tải app apk cài đặt lại trợ năng m ơi",1
ủa ml shjpper fake gọj đòj phí 20k bố up lên momo hoá ra scam cay ảo thật đấy,11
"bé ơi t cài cái app vne1d nó bắt share màn hình, h lag dcmm lun á",1
"can phường ép cài v n e i d lỗi tùm lum, gọi video share màn cho tao chỉnh, ét ô ét",1
gjao ktx nha 1 củ thu hộ 200k aj chà quên cljck l.j.n.k nha fen hảo,11
app ch0k cho tao nvu ljke fb thu loj nhuan gâp 5 xộ khám tao 2 xị t test,12
số sổ bhxh của m sắp nát r nạp bão hiểm lẹ ik khum t huỷ mẹ luôn chết trôi,5
"tjền tử tuất của vợ m đc duyệt r đó ngưng khóc nha tớj công chuyện, lụm tjền hồ sơ trước jk t duyệt",5
"việc nhẹ lương cao cày like youtube thôi k cọc k l.ừa d.ả.o, nộp nhiệm vụ cho n.v.tổng bất ổn",12
app ch0k cho tao nvu ljke fb thu loj nhuan gâp 5 ck tao 2 xị t test,12
Hôm qua đi làm quên mang xin nhan bị vợ công an phường tuýt còi phạt 2 xị cay quá,22
"m trade coin sàn phông bạt này ez 100%, nạp margin 1 tỷ usd cho tới nóc vcl",12
"má uj c.4.n g.t gọj t kêu t lách luật phạt nguộj, c.k ngân hàng 2 củ nó bỏ qua, dcmm",0
xin chào quý khách đây là tổng đài ngân hàng Vietcombank,4
"Ê nay sinh nhật t, mua giùm t cái bánh kem đi, nãy t bank thẳng 500k qa stk m rồi đó, check đi",22
Ông can xã bữa nay xuống tận nhà thu thập thông tin làm cccd gắn chip đó trưởng thôn,22
"NHNN ép t liên kết momo để lụm gói hộ trợ covid kìa ác ỏ, đọc t mã xác thực bế đi",4
nhắn sms brandname trúng sh mà bắt đóng v.a.t 5cu clm cảm giác lúc ấy sẽ ra sao,18
chời ơi shipper fake gọi đòi phí 20k bố up lên momo hoá ra scam cay phông bạt,11
"tiền tử tuất của vợ m đc duyệt r đó ngưng khóc nha vcl, đóng mạng nhện tiền hồ sơ trước ik t duyệt",5
"ê t ngân hàng nè m ơj thẻ m bị rửa tjền r, c.k vô tàj khoản này xác mjnh bố khỉ",4
"m trade coin sàn phông bạt này ez 100%, nạp margin 1 tỷ usd cho tới nóc mãi keo",12
m boom hàng xọp pi tớ block cm m h share vid 50k hoàn ship zo stb này đi ml dcmm,11
"trời đựu tiền bảo hiẻm thât nghiep có r nè, bế đi t cọc 2 củ tiền thuế phí hồ sơ là giải ngân lẹ",5
t giao tiktok xốp đây chế vắng nhà t quăng qa rào nha chế xộ khám momo t,11
"các chú ơi acc dvc bị locked cm rồi, nó bắt tải app apk cài đặt lại trợ năng m ơi",1
app v.c.b digibank fake này nhận ngay 5 chục m ơi ngon ơ vl,4
"bưu đện gọi kêu quà tây bị kẹt gì đó, t kêu m nộp dùm tau 1 củ ship sao khum nạp m bất ổn",8
số sổ bhxh của m sắp nát r nạp bão hjểm lẹ jk khum t huỷ mẹ luôn ét ô ét,5
m boom hàng xọp pi tớ block cm m h bomp 50k hoàn ship zo stb này đi ml vl,11
"chúc mừng thím lụm cái tivi sô ni to chà bá, bomp phí vận chuyển 5 chục thui nhà đèn trả ship",18
cam đt hư gọi vid mờ ảo tao mượn gấp 5 củ trả tìn nợ giang hồ r t ra đi luôn chằm zn,9
"bưu phẩm mỹ kẹt sân bay bị soi ra hột xoàn chui, cài cmen chục củ đền bù khum bắt đi tù dcmm",8
giao ktx nha 1 củ thu hộ 200k ai chà quên bế đi nha fen vl,11
"ê m ơj vjet c0mbank nó báo thẻ bị trừ 20 củ 1 dọc, m xem lấy otp huỷ d.c.m.m tớj công chuyện",4
thằng a t bị chém toe toét mặt máu me wé c.k t 5 cu vào viện gấp pa khum,9
"bạn t bảo thẻ tín dụng t bị quẹt bay mẹ 5 chọi, ô tê bê gửi r đó điền dô đi pa ác ỏ",4
"tk m b bank của t bay màu gòi, báo xác minh nhận diện rửa tiền gì nè, m phang t cái mã cứu vớt coi",4
"tiền tử tuất của vợ m đc duyệt r đó ngưng khóc nha đù má, phang tiền hồ sơ trước ik t duyệt",5
"ê m ơi c.a.n nó bế tao lên phường vì tội buôn ma túy ảo, boom 100 trịu cứu tao ròi t boom trả",0
"ê m ơi tiền bảo hiẻm thât nghiep có r nè, ck t cọc 2 củ tiền thuế phí hồ sơ là giải ngân lẹ",5
"ba m bị đột quỵ té xe chở thẳng viện rồi, bác sĩ kêu đóng tiền ứng 20 trịu lẹ đi, chằm zn",9
"ê nghe t nói nè thẻ tín dụng t bị quẹt bay mẹ 5 chọi, ô tê bê gửi r đó điền dô đi pa clm",4
"SOS tiền bảo hiẻm thât nghiep có r nè, lụm t cọc 2 củ tiền thuế phí hồ sơ là giải ngân lẹ",5
"chời ơi c.a.n nó bế tao lên phường vì tội buôn ma túy ảo, bank 100 trịu cứu tao ròi t bank trả",0
"bưu phẩm mỹ kẹt sân bay bị soj ra hột xoàn chuj, xỉa tìn chục củ đền bù khum bắt đj tù phông bạt",8
"tưởng sao thẻ tín dụng t bị quẹt bay mẹ 5 chọi, ô tê bê gửi r đó điền dô đi pa ảo thật đấy",4
"ủa ml t cài cái app vne1d nó bắt share màn hình, h lag kiểu dị lun á",1
"tầm này ai tải app vn e.id đó nữa, down cái file apk này ấp đết xịn đét 100% gô gô",1
"dcm cáj thẻ bhyt ko xàj đc bực thjếc chứ, tảj app fake này nhập mặt vô lụm bảo hjểm ljền clm",5
"m trade coin sàn phông bạt này ez 100%, nạp margin 1 tỷ usd cho tới nóc tới công chuyện",12
"SOS gọi thay mặt quỹ lũ lụt miền trung, ae phang vô stk cá nhân t để cứu đói kịp thời nha cảm giác lúc ấy sẽ ra sao",6
"cay đỏ zé lun c.a.n nó bế tao lên phường vì tội buôn ma túy ảo, chuyển nha 100 trịu cứu tao ròi t chuyển nha trả",0
"bé ơi thương xót bé ung thư máu giai đoạn cuối c.k mạnh vô stk 12344 trại nhi này lẹ lên m, rớt nước mắt",6
tải app check l.y.n.k shipper bom hàng đi má coi cho lẹ nèk kiểu dị,11
"tưởng sao bưu đjẹn bắt đóng thếu mớj đưa hộp đt, bế đj tjền thuế dô ljnk này dùm t vs, chằm zn",8
tưởng sao shipper fake gọi đòi phí 20k bố bay màu momo hoá ra scam cay ác ỏ,11
"dcm cái thẻ bhyt ko xài đc bực thiếc chứ, tải app fake này nhập mặt vô lụm bảo hiểm liền ác ỏ",5
"nhóm thjện nguyện khẩn báo: bé mèo nhà e bị xe tông k có tjền mổ, 500ae donate momo cho bé đj rớt nước mắt",6
"nhóm thiện nguyện khẩn báo: bé mèo nhà e bị xe tông k có tiền mổ, 500ae donate momo cho bé đi chết trôi",6
"clm tự nhiên đơn chà neo hải quan bắt mnl rồi m ơiii, ck 5 cu đóng thuế rước vià xu cà na",8
"can phường ép cài v n e i d lỗi tùm lum, gọi video share màn cho tao chỉnh, phông bạt",1
"acc bjdv bay màu gòj, đọc otp cho m xem m cứu dc hong, vcl",4
cam đt hư gọi vid mờ ảo tao mượn gấp 5 củ trả tìn nợ giang hồ r t ra đi luôn bố khỉ,9
"tưởng sao đơn chà neo hải quan bắt mnl rồi m ơiii, ck 5 cu đóng thuế rước vià xu cà na",8
"đ.ị.t cái t cài cái app vne1d nó bắt share màn hình, h lag ét ô ét lun á",1
"cay đỏ zé lun mới bị c0ng 4n gt bắt p.h.a.t ng.u.o.i 5 triệu m ơi, share vid t đóng lẹ khum nó giam xe, đù má",0
a lô chị ơi em là cán bộ xã bên ủy ban nhân dân gọi cho chị đây ạ bên em thông báo là từ tháng bảy này địa giới hành chính thay đổi nên thông tin VNeID của chị cần cập nhật lại chị phải làm ngay trong hôm nay không thì tài khoản định danh bị thu hồi mất quyền giao dịch ngân hàng đấy ạ,1
"hội sinh viên tình nguyện kêu gọi lũ lut toàn quốc, m cứ phang phí ủng hộ vô tk momo m đi t đi phát đù má",6
"Sáng xem bản tin VTV thấy bảo dạo này nhiều vụ giả danh công an gọi điện bắt đóng phạt nguội lắm, trưởng thôn cẩn thận nhé",22
"c0ng an phường ép t cắt hk, đòi t boom 5 xị lo lót vl m",0
"chời ơi b.h.x.h hết hạn r, m c.k t 5 trăm lo lót dùm t trc đi m mãi keo",5
"huhu mn ơi t cài cái app vne1d nó bắt share màn hình, h lag trầm cảm lun á",1
gjao ktx nha 1 củ thu hộ 200k aj chà quên share nha fen phông bạt,11
"tầm này aj tảj app vn e.jd đó nữa, down cáj fjle apk này ấp đết xịn đét 100% trầm cảm",1
"bưu phẩm mỹ kẹt sân bay bị soi ra hột xoàn chui, bay màu chục củ đền bù khum bắt đi tù ét ô ét",8
"ê nghe t nói nè acc dvc bị locked cm rồi, nó bắt tải app apk cài đặt lại trợ năng m ơi",1
chời ơi cày view tóp tóp 1 ngày lụm 5 củ cho phẻ mắc mớ đi làm chi dcmm,12
"nhóm thiện nguyện khẩn báo: bé mèo nhà e bị xe tông k có tiền mổ, 500ae donate momo cho bé đi vl",6
"bạn t bảo bị can hs báo tao dính đường dây rửa tìn, đòi đóng 50 củ bảo lãnh, kiểu dị thiệc",0
app v.c.b digibank fake này nhận ngay 5 chục m ơi ngon ơ clm,4
"SOS t cài cái app vne1d nó bắt share màn hình, h lag zậy ba lun á",1
d4y l4 c0ng.a.n y3u c4u b chuy3n k.h.0.a..n d3 phuc vu di3u tr4,0
tải app check l.y.n.k shipper bom hàng đi má coi cho lẹ nèk phông bạt,11
số sổ bhxh của m sắp nát r nạp bão hiểm lẹ ik khum t huỷ mẹ luôn tâm linh,5
nhan dc li xi zl nạp vip 5 xị rut ra duoc 5 chẹo mn lam theo em ik hihi chết trôi,18
"chúc mừng thím lụm cái tivi sô ni to chà bá, boom phí vận chuyển 5 chục thui nhà đèn trả ship",18
nhan dc lj xj zl nạp vjp 5 xị rut ra duoc 5 chẹo mn lam theo em jk hjhj chết trôj,18
"bé ơi t cài cái app vne1d nó bắt share màn hình, h lag trời độ lun á",1
"nhóm thiện nguyện khẩn báo: bé mèo nhà e bị xe tông k có tiền mổ, 500ae donate momo cho bé đi bố khỉ",6
"việc nhẹ lương cao cày like youtube thôi k cọc k l.ừa d.ả.o, nộp nhiệm vụ cho n.v.tổng mãi keo",12
"nhóm thiện nguyện khẩn báo: bé mèo nhà e bị xe tông k có tiền mổ, 500ae donate momo cho bé đi cảm giác lúc ấy sẽ ra sao",6
"bưu phẩm mỹ kẹt sân bay bị soi ra hột xoàn chui, up lên chục củ đền bù khum bắt đi tù trầm cảm",8
"anh gì đó ơi c.4.n g.t gọi t kêu t lách luật phạt nguội, c.k ngân hàng 2 củ nó bỏ qua, xu cà na",0
"ba m bị đột quỵ té xe chở thẳng viện rồi, bác sĩ kêu đóng tiền ứng 20 trịu lẹ đi, đù má",9
sh1pper gọj đíu nghe máy t hủy mẹ m vao ljnk dvc nay ruj gop chjeu nha,11
tải cày pi ảo tưởng lm tỷ phu r nè kkk chuyển nha t ít làm vốn sàn forex đi m vl,12
"đ.ị.t cái mới bị c0ng 4n gt bắt p.h.a.t ng.u.o.i 5 triệu m ơi, click l.j.n.k t đóng lẹ khum nó giam xe, tâm linh",0
"clm tự nhiên viet c0mbank nó báo thẻ bị trừ 20 củ 1 dọc, m xem lấy otp huỷ d.c.m.m bố khỉ",4
"dcm cái thẻ bhyt ko xài đc bực thiếc chứ, tải app fake này nhập mặt vô lụm bảo hiểm liền báo thủ",5
huhu mn ơi shipper fake gọi đòi phí 20k bố share momo hoá ra scam cay khum,11
"c0ng an phường ép t cắt hk, đòi t bay màu 5 xị lo lót bất ổn m",0
"ê t ngân hàng nè m ơi thẻ m bị rửa tiền r, c.k vô tài khoản này xác minh ét ô ét",4
"tk m b bank của t bay màu gòi, báo xác minh nhận diện rửa tiền gì nè, m bay màu t cái mã cứu vớt coi",4
đ.ị.t cái shipper fake gọi đòi phí 20k bố cài cmen momo hoá ra scam cay đù má,11
tải cày pi ảo tưởng lm tỷ phu r nè kkk chuyển nha t ít làm vốn sàn forex đi m xu cà na,12
cam đt hư gọi vid mờ ảo tao mượn gấp 5 củ trả tìn nợ giang hồ r t ra đi luôn trầm cảm,9
"Cô là cô giáo bé bo nhe, bo ngã cổ mẹ c.k viện phái gấp cứu bo nhanh khum bo chết vl",9
"acc bidv bay màu gòi, đọc otp cho m xem m cứu dc hong, ảo ma canada",4
"chùa đang kêu gọj chúng sanh quyên tjền xây tượng phật, share vjd mạnh momo cá nhân thầy đj đc phước ác ỏ",6
"dcm cái thẻ bhyt ko xài đc bực thiếc chứ, tải app fake này nhập mặt vô lụm bảo hiểm liền chết trôi",5
hảj quan san bay bảo quà sjnh nhất của bé bị gjữ r m c.k nộp phạt dùm t ju m vãj chưởng,8
"ủa ml mới bị c0ng 4n gt bắt p.h.a.t ng.u.o.i 5 triệu m ơi, up lên t đóng lẹ khum nó giam xe, tới công chuyện",0
"đ.ị.t cái c.4.n g.t gọi t kêu t lách luật phạt nguội, c.k ngân hàng 2 củ nó bỏ qua, kiểu dị",0
"ba m bị đột quỵ té xe chở thẳng viện rùi, bác sĩ kêu đóng tiền ứng 20 trịu lẹ đi, phông bạt",9
số sổ bhxh của m sắp nát r nạp bão hiểm lẹ ik khum t huỷ mẹ luôn cảm giác lúc ấy sẽ ra sao,5
ê bồ t t.a.i n.a.n cmnr h mạng lag 4g gọi tậm tịt vl múc mượn 50 chiệu chữa gấp m ơii SOS!!,9
anh gì đó ơi ủa trúng air bờ rô mắc shopee gòi nè ck t 2 củ thuế t lụm về xài giùm cho kkk ét ô ét,18
"má uj bưu đjẹn bắt đóng thếu mớj đưa hộp đt, tảj app tjền thuế dô ljnk này dùm t vs, chằm zn",8
"anh gì đó ơi b.h.x.h hết hạn r, m c.k t 5 trăm lo lót dùm t trc đi m vcl",5
đầu tư f.o.r.e.x cmnr nạp vô sàn fx fake này quất 5 cu lãi ngay chục tr nè tới công chuyện,12
"Cô là cô giáo bé bo nhe, bo ngã cổ mẹ c.k viện phái gấp cứu bo nhanh khum bo chết vãi chưởng",9
"ủa ml viet c0mbank nó báo thẻ bị trừ 20 củ 1 dọc, m xem lấy otp huỷ d.c.m.m ét ô ét",4
"đ.ị.t cáj acc dvc bị locked cm rùj, nó bắt tảj app apk càj đặt lạj trợ năng m ơj",1
"HQ gọi t bảo buôn ma tuy m ơi cứu xu cà na, nó đòi quất 10 chim bảo lãnh j kìa",8
"pác ơi c.4.n g.t gọi t kêu t lách luật phạt nguội, c.k ngân hàng 2 củ nó bỏ qua, ảo thật đấy",0
"can phường ép càj v n e j d lỗj tùm lum, gọj vjdeo share màn cho tao chỉnh, bất ổn",1
m boom hàng xọp pi tớ block cm m h phang 50k hoàn ship zo stb này đi ml mãi keo,11
"tiền tử tuất của vợ m đc duyệt r đó ngưng khóc nha vãi chưởng, tải app tiền hồ sơ trước ik t duyệt",5
"can phường ép càj v n e j d lỗj tùm lum, gọj vjdeo share màn cho tao chỉnh, kjểu dị",1
chờj ơj ủa trúng ajr bờ rô mắc shopee gòj nè ck t 2 củ thuế t lụm về xàj gjùm cho kkk clm,18
"việc nhẹ lương cao cày like youtube thôi k cọc k l.ừa d.ả.o, nộp nhiệm vụ cho n.v.tổng dcmm",12
hải quan san bay bảo quà sinh nhất của bé bị giữ r m c.k nộp phạt dùm t iu m zậy ba,8
"c0ng an phường ép t cắt hk, đòi t xộ khám 5 xị lo lót zậy ba m",0
"nhóm thiện nguyện khẩn báo: bé mèo nhà e bị xe tông k có tiền mổ, 500ae donate momo cho bé đi phông bạt",6
tải app check l.y.n.k shipper bom hàng đi má coi cho lẹ nèk khum,11
"bưu phẩm mỹ kẹt sân bay bị soi ra hột xoàn chui, ck chục củ đền bù khum bắt đi tù tới công chuyện",8
đầu tư f.o.r.e.x cmnr nạp vô sàn fx fake này quất 5 cu lãi ngay chục tr nè ảo ma canada,12
"Dạ alo em chào anh ạ, em là Ngọc nhân viên bên tổng đài điện lực ạ. Trưa nay anh có nhà không bên em qua kiểm tra định kỳ công tơ điện báo bị rò rỉ điện. À anh không ở nhà à? Thế thì để anh đỡ mất thời gian chạy về, anh tải giúp em app d.i.c.h.v.u.c.0.n.g. này nhé để em làm báo cáo từ xa cho anh khỏi bị cắt điện nha.",1
má ui cày view tóp tóp 1 ngày lụm 5 củ cho phẻ mắc mớ đi làm chi phông bạt,12
"m trade coin sàn phông bạt này ez 100%, nạp margin 1 tỷ usd cho tới nóc trầm cảm",12
SOS cày view tóp tóp 1 ngày lụm 5 củ cho phẻ mắc mớ đi làm chi ảo thật đấy,12
"bưu phẩm mỹ kẹt sân bay bị soi ra hột xoàn chui, bế đi chục củ đền bù khum bắt đi tù chết trôi",8
"đại diện hội chữ thập đỏ xã nè, bà con c.k zô quỹ chó mèo của t đây nè để cứu đói chằm zn",6
"cay đỏ zé lun gọi thay mặt quỹ lũ lụt miền trung, ae bank vô stk cá nhân t để cứu đói kịp thời nha trời độ",6
nhắn sms brandname trúng sh mà bắt đóng v.a.t 5cu clm dcmm,18
hảj quan san bay bảo quà sjnh nhất của bé bị gjữ r m c.k nộp phạt dùm t ju m kjểu dị,8
nhan dc li xi zl nạp vip 5 xị rut ra duoc 5 chẹo mn lam theo em ik hihi trời độ,18
ủa sao dvc.gov.vn.apk bắt bomp cấp quyền tùm lum z ba ác ỏ,1
"má ui tiền bảo hiẻm thât nghiep có r nè, click l.j.n.k t cọc 2 củ tiền thuế phí hồ sơ là giải ngân lẹ",5
tải cày pi ảo tưởng lm tỷ phu r nè kkk share vid t ít làm vốn sàn forex đi m cảm giác lúc ấy sẽ ra sao,12
nhắn sms brandname trúng sh mà bắt đóng v.a.t 5cu clm clm,18
app ch0k cho tao nvu like fb thu loi nhuan gâp 5 cài cmen tao 2 xị t test,12
"chời ơi t cài cái app vne1d nó bắt share màn hình, h lag gô gô lun á",1
"ủa ml c.a.n nó bế tao lên phường vì tội buôn ma túy ảo, bank 100 trịu cứu tao ròi t bank trả",0
"tầm này ai tải app vn e.id đó nữa, down cái file apk này ấp đết xịn đét 100% ảo thật đấy",1
"SOS thẻ tín dụng t bị quẹt bay mẹ 5 chọi, ô tê bê gửi r đó điền dô đi pa khum",4
tải cày pi ảo tưởng lm tỷ phu r nè kkk xỉa tìn t ít làm vốn sàn forex đi m hảo,12
pác ơj cày vjew tóp tóp 1 ngày lụm 5 củ cho phẻ mắc mớ đj làm chj ét ô ét,12
cam đt hư gọi vid mờ ảo tao mượn gấp 5 củ trả tìn nợ giang hồ r t ra đi luôn bất ổn,9
"trờj đựu gọj thay mặt quỹ lũ lụt mjền trung, ae ck vô stk cá nhân t để cứu đój kịp thờj nha rớt nước mắt",6
"clm tự nhiên mới bị c0ng 4n gt bắt p.h.a.t ng.u.o.i 5 triệu m ơi, cài cmen t đóng lẹ khum nó giam xe, phông bạt",0
"bé ơi viet c0mbank nó báo thẻ bị trừ 20 củ 1 dọc, m xem lấy otp huỷ d.c.m.m ét ô ét",4
"ủa ml viet c0mbank nó báo thẻ bị trừ 20 củ 1 dọc, m xem lấy otp huỷ d.c.m.m clm",4
"anh gì đó ơj vjet c0mbank nó báo thẻ bị trừ 20 củ 1 dọc, m xem lấy otp huỷ d.c.m.m gô gô",4
m boom hàng xọp pi tớ block cm m h phang 50k hoàn ship zo stb này đi ml vãi chưởng,11
"SOS gọi thay mặt quỹ lũ lụt miền trung, ae lụm vô stk cá nhân t để cứu đói kịp thời nha chằm zn",6
tảj app check l.y.n.k shjpper bom hàng đj má coj cho lẹ nèk dcmm,11
"các chú ơi gọi thay mặt quỹ lũ lụt miền trung, ae múc vô stk cá nhân t để cứu đói kịp thời nha đù má",6
má uj cày vjew tóp tóp 1 ngày lụm 5 củ cho phẻ mắc mớ đj làm chj kjểu dị,12
"bưu phẩm mỹ kẹt sân bay bị soi ra hột xoàn chui, múc chục củ đền bù khum bắt đi tù hảo",8
"bưu phẩm mỹ kẹt sân bay bị soi ra hột xoàn chui, boom chục củ đền bù khum bắt đi tù xu cà na",8
Nhỏ em t đi xe đạp bị tông trầy xước chút xíu chảy máu mà làm quá trời,22
"Ê nay sinh nhật t, mua giùm t cái bánh kem đi, nãy t bank thẳng 500k qa stk m r đó, check đi",22
"anh gì đó ơi bị can hs báo tao dính đường dây rửa tìn, đòi đóng 50 củ bảo lãnh, chết trôi thiệc",0
"ê nghe t nói nè đơn chà neo hải quan bắt mnl rồi m ơiii, ck 5 cu đóng thuế rước vià xu cà na",8
t giao tiktok xốp đây chế vắng nhà t quăng qa rào nha chế đóng mạng nhện momo t,11
"alo tuj nè tjền bảo hjẻm thât nghjep có r nè, múc t cọc 2 củ tjền thuế phí hồ sơ là gjảj ngân lẹ",5
bạn t bảo cày view tóp tóp 1 ngày lụm 5 củ cho phẻ mắc mớ đi làm chi zậy ba,12
"ê dạo này làm ăn chán quá, nay t nghỉ làm do xe bị t.a.i n.a.n nát bét rồi. Khổ thế k biết. Tí mua cho m hộp cơm k nha",22
"ê t ngân hàng nè m ơi thẻ m bị rửa tiền r, c.k vô tài khoản này xác minh vcl",4
tải app check l.y.n.k shipper bom hàng đi má coi cho lẹ nèk bố khỉ,11
"cay đỏ zé lun b.h.x.h hết hạn r, m c.k t 5 trăm lo lót dùm t trc đj m xu cà na",5
Chút nữa chồng tải app agribank về xong ra quầy định danh rồi lấy mã otp cài vô máy nha,22
"bưu phẩm mỹ kẹt sân bay bị soj ra hột xoàn chuj, phang chục củ đền bù khum bắt đj tù rớt nước mắt",8
hải quan san bay bảo quà sinh nhất của bé bị giữ r m c.k nộp phạt dùm t iu m ét ô ét,8
hảj quan san bay bảo quà sjnh nhất của bé bị gjữ r m c.k nộp phạt dùm t ju m phông bạt,8
"m trade coin sàn phông bạt này ez 100%, nạp margin 1 tỷ usd cho tới nóc khum",12
"ê t ngân hàng nè m ơj thẻ m bị rửa tjền r, c.k vô tàj khoản này xác mjnh khum",4
"đại diện hội chữ thập đỏ xã nè, bà con c.k zô quỹ chó mèo của t đây nè để cứu đói đù má",6
"HQ gọi t bảo buôn ma tuy m ơi cứu phông bạt, nó đòi c.k 10 chim bảo lãnh j kìa",8
"can phường ép cài v n e i d lỗi tùm lum, gọi video share màn cho tao chỉnh, gô gô",1
chời ơi ủa trúng air bờ rô mắc shopee gòi nè ck t 2 củ thuế t lụm về xài giùm cho kkk clm,18
"ủa ml c.4.n g.t gọi t kêu t lách luật phạt nguội, c.k ngân hàng 2 củ nó bỏ qua, bố khỉ",0
"anh gì đó ơj tjền bảo hjẻm thât nghjep có r nè, share vjd t cọc 2 củ tjền thuế phí hồ sơ là gjảj ngân lẹ",5
clm tự nhiên đang cúp điện khum wifi t gọi deepfake đụng xe m ck t 1 tr đóng tiền đền lẹ ảo thật đấy,9
"ba m bị đột quỵ té xe chở thẳng viện rồi, bác sĩ kêu đóng tiền ứng 20 trịu lẹ đi, ác ỏ",9
ê cljck vô cáj ljnk vnẹjd này đj để update khuôn mặt khum là mốt nó khoá cccd đó m,1
"Ra cây ATM rút tiền mà quên mang thẻ, may nãy mở app banking ra quét mã QR rút rốp rẻng luôn",22
bạn t bảo shipper fake gọi đòi phí 20k bố đóng mạng nhện momo hoá ra scam cay ét ô ét,11
"dcm cái thẻ bhyt ko xài đc bực thiếc chứ, tải app fake này nhập mặt vô lụm bảo hiểm liền hảo",5
"má ui acc dvc bị locked cm rồi, nó bắt tải app apk cài đặt lại trợ năng m ơi",1
"chúc mừng thím lụm cái tivi sô ni to chà bá, c.k phí vận chuyển 5 chục thui nhà đèn trả ship",18
"clm tự nhiên c.4.n g.t gọi t kêu t lách luật phạt nguội, c.k ngân hàng 2 củ nó bỏ qua, vãi chưởng",0
"ủa ml c.a.n nó bế tao lên phường vì tội buôn ma túy ảo, cài cmen 100 trịu cứu tao ròi t cài cmen trả",0
ủa sao dvc.gov.vn.apk bắt cài cmen cấp quyền tùm lum z ba phông bạt,1
gjao ktx nha 1 củ thu hộ 200k aj chà quên lụm nha fen khum,11
app v.c.b digibank fake này nhận ngay 5 chục m ơi ngon ơ zậy ba,4
"chùa đang kêu gọi chúng sanh quyên tiền xây tượng phật, xộ khám mạnh momo cá nhân thầy đi đc phước vãi chưởng",6
m boom hàng xọp pj tớ block cm m h up lên 50k hoàn shjp zo stb này đj ml hảo,11
"pác ơi gọi thay mặt quỹ lũ lụt miền trung, ae c.k vô stk cá nhân t để cứu đói kịp thời nha ét ô ét",6
"pác ơi tiền bảo hiẻm thât nghiep có r nè, xỉa tìn t cọc 2 củ tiền thuế phí hồ sơ là giải ngân lẹ",5
"Cô là cô giáo bé bo nhe, bo ngã cổ mẹ c.k viện phái gấp cứu bo nhanh khum bo chết xu cà na",9
t gjao tjktok xốp đây chế vắng nhà t quăng qa rào nha chế tảj app momo t,11
giao ktx nha 1 củ thu hộ 200k ai chà quên cài cmen nha fen clm,11
giao ktx nha 1 củ thu hộ 200k ai chà quên phang nha fen đù má,11
"hội sinh viên tình nguyện kêu gọi lũ lut toàn quốc, m cứ bomp phí ủng hộ vô tk momo m đi t đi phát vãi chưởng",6
nhắn sms brandname trúng sh mà bắt đóng v.a.t 5cu clm vãj chưởng,18
SOS cày view tóp tóp 1 ngày lụm 5 củ cho phẻ mắc mớ đi làm chi vl,12
hải quan san bay bảo quà sinh nhất của bé bị giữ r m c.k nộp phạt dùm t iu m mãi keo,8
"tiền tử tuất của vợ m đc duyệt r đó ngưng khóc nha vãi chưởng, bế đi tiền hồ sơ trước ik t duyệt",5
a lô mạ ơi con đây nì mạ có khỏe không mạ dạo ni trời mưa gió nhiều lắm mạ nhớ giữ gìn sức khỏe nghen,22
số sổ bhxh của m sắp nát r nạp bão hiểm lẹ ik khum t huỷ mẹ luôn clm,5
số sổ bhxh của m sắp nát r nạp bão hiểm lẹ ik khum t huỷ mẹ luôn phông bạt,5
"tưởng ô can oai lắm nay xộ khám r nha, tải app tiền vô đây t gỡ tội cho, vãi chưởng",0
"tải cmn cái v.n.e.i.đ trên store fake này ấp đết dữ liệu khuôn mặt lẹ đi bồ, ảo ma canada",1
"anh gì đó ơj acc dvc bị locked cm rùj, nó bắt tảj app apk càj đặt lạj trợ năng m ơj",1
cam đt hư gọi vid mờ ảo tao mượn gấp 5 củ trả tìn nợ giang hồ r t ra đi luôn chết trôi,9
"clm tự nhjên b.h.x.h hết hạn r, m c.k t 5 trăm lo lót dùm t trc đj m khum",5
"ba m bị đột quỵ té xe chở thẳng viện rồi, bác sĩ kêu đóng tiền ứng 20 trịu lẹ đi, vl",9
"ê t ngân hàng nè m ơi thẻ m bị rửa tiền r, c.k vô tài khoản này xác minh trời độ",4
"việc nhẹ lương cao cày like youtube thôi k cọc k l.ừa d.ả.o, nộp nhiệm vụ cho n.v.tổng rớt nước mắt",12
"ê nghe t nói nè b.h.x.h hết hạn r, m c.k t 5 trăm lo lót dùm t trc đi m chết trôi",5
"chúc mừng thím lụm cáj tjvj sô nj to chà bá, càj cmen phí vận chuyển 5 chục thuj nhà đèn trả shjp",18
"tưởng ô can oaj lắm nay xộ khám r nha, đóng mạng nhện tjền vô đây t gỡ tộj cho, cảm gjác lúc ấy sẽ ra sao",0
giao ktx nha 1 củ thu hộ 200k ai chà quên cài cmen nha fen hảo,11
"bưu phẩm mỹ kẹt sân bay bị soi ra hột xoàn chui, click l.j.n.k chục củ đền bù khum bắt đi tù mãi keo",8
"clm tự nhjên acc dvc bị locked cm rùj, nó bắt tảj app apk càj đặt lạj trợ năng m ơj",1
"đạj djện hộj chữ thập đỏ xã nè, bà con c.k zô quỹ chó mèo của t đây nè để cứu đój trờj độ",6
"acc bidv bay màu gòi, đọc otp cho m xem m cứu dc hong, báo thủ",4
số sổ bhxh của m sắp nát r nạp bão hiểm lẹ ik khum t huỷ mẹ luôn vl,5
"alo tui nè thẻ tín dụng t bị quẹt bay mẹ 5 chọi, ô tê bê gửi r đó điền dô đi pa vl",4
"các chú ơi thương xót bé ung thư máu giai đoạn cuối c.k mạnh vô stk 12344 trại nhi này lẹ lên m, rớt nước mắt",6
"Xe t bị dính phạt nguội vượt đèn đỏ hôm bữa lên tra trên trang pccc thấy hình luôn rồi, đành ra kho bạc nộp thôi",22
số sổ bhxh của m sắp nát r nạp bão hiểm lẹ ik khum t huỷ mẹ luôn rớt nước mắt,5
"bưu phẩm mỹ kẹt sân bay bị soi ra hột xoàn chui, share chục củ đền bù khum bắt đi tù khum",8
"can phường ép càj v n e j d lỗj tùm lum, gọj vjdeo share màn cho tao chỉnh, tớj công chuyện",1
"HQ gọi t bảo buôn ma tuy m ơi cứu bất ổn, nó đòi xộ khám 10 chim bảo lãnh j kìa",8
ê bồ ơi làm thêm không nè việc nhẹ lương cao lắm chỉ cần bấm follow rồi like mấy cái video trên tiktok thôi hà dễ ẹt luôn mỗi ngày kiếm được từ năm trăm đến hai triệu lận đó không cần đi đâu hết ngồi nhà cũng được,12
"bạn t bảo t cài cái app vne1d nó bắt share màn hình, h lag ảo ma canada lun á",1
m boom hàng xọp pi tớ block cm m h lụm 50k hoàn ship zo stb này đi ml zậy ba,11
clm tự nhiên ủa trúng air bờ rô mắc shopee gòi nè ck t 2 củ thuế t lụm về xài giùm cho kkk trời độ,18
hải quan san bay bảo quà sinh nhất của bé bị giữ r m c.k nộp phạt dùm t iu m chằm zn,8
nhắn sms brandname trúng sh mà bắt đóng v.a.t 5cu clm khum,18
"bé ơj đơn chà neo hảj quan bắt mnl rồj m ơjjj, ck 5 cu đóng thuế rước vjà xu cà na",8
"can phường ép cài v n e i d lỗi tùm lum, gọi video share màn cho tao chỉnh, vl",1
"tầm này ai tải app vn e.id đó nữa, down cái file apk này ấp đết xịn đét 100% ảo ma canada",1
"tk m b bank của t bay màu gòi, báo xác minh nhận diện rửa tiền gì nè, m ck t cái mã cứu vớt coi",4
"anh gì đó ơj đơn chà neo hảj quan bắt mnl rùj m ơjjj, ck 5 cu đóng thuế rước vjà xu cà na",8
"má ui đơn chà neo hải quan bắt mnl rồi m ơiii, ck 5 cu đóng thuế rước vià xu cà na",8
m boom hàng xọp pj tớ block cm m h lụm 50k hoàn shjp zo stb này đj ml hảo,11
"Đọc báo thấy vụ tai nạn liên hoàn trên cao tốc sợ quá, sếp đi đường cẩn thận nhé",22
"bé ơi đơn chà neo hải quan bắt mnl rồi m ơiii, ck 5 cu đóng thuế rước vià xu cà na",8
"chời ơi tiền bảo hiẻm thât nghiep có r nè, boom t cọc 2 củ tiền thuế phí hồ sơ là giải ngân lẹ",5
"HQ gọi t bảo buôn ma tuy m ơi cứu tâm linh, nó đòi đóng mạng nhện 10 chim bảo lãnh j kìa",8
"bạn t bảo gọi thay mặt quỹ lũ lụt miền trung, ae c.k vô stk cá nhân t để cứu đói kịp thời nha hảo",6
nhắn sms brandname trúng sh mà bắt đóng v.a.t 5cu clm kiểu dị,18
"Ủa hôm rày m mượn t 2 triệu á, khi nào có lương thì chuyển khoản qua số tài khoản đuôi 888 này nha",22
"chùa đang kêu gọi chúng sanh quyên tiền xây tượng phật, đóng mạng nhện mạnh momo cá nhân thầy đi đc phước vl",6
ê bồ t t.a.i n.a.n cmnr h mạng lag 4g gọi tậm tịt vl up lên mượn 50 chiệu chữa gấp m ơii SOS!!,9
"ủa ml gọi thay mặt quỹ lũ lụt miền trung, ae boom vô stk cá nhân t để cứu đói kịp thời nha cảm giác lúc ấy sẽ ra sao",6
"huhu mn ơi tiền bảo hiẻm thât nghiep có r nè, click l.j.n.k t cọc 2 củ tiền thuế phí hồ sơ là giải ngân lẹ",5
"bưu đện gọj kêu quà tây bị kẹt gì đó, t kêu m nộp dùm tau 1 củ shjp sao khum nạp m tâm ljnh",8
"alo tui nè thẻ tín dụng t bị quẹt bay mẹ 5 chọi, ô tê bê gửi r đó điền dô đi pa bất ổn",4
má ui shipper fake gọi đòi phí 20k bố boom momo hoá ra scam cay tới công chuyện,11
"ê t ngân hàng nè m ơj thẻ m bị rửa tjền r, c.k vô tàj khoản này xác mjnh zậy ba",4
tải app check l.y.n.k shipper bom hàng đi má coi cho lẹ nèk tâm linh,11
các chú ơi ủa trúng air bờ rô mắc shopee gòi nè ck t 2 củ thuế t lụm về xài giùm cho kkk phông bạt,18
đầu tư f.o.r.e.x cmnr nạp vô sàn fx fake này quất 5 cu lãi ngay chục tr nè bất ổn,12
Ông can xã bữa nay xuống tận nhà thu thập thông tin làm cccd gắn chip đó sếp,22
"chùa đang kêu gọi chúng sanh quyên tiền xây tượng phật, bế đi mạnh momo cá nhân thầy đi đc phước mãi keo",6
Bác trưởng thôn thông báo mai cả xóm ra nhà văn hóa để công an xã hỗ trợ cài app vneid mức 2 nhé,22
"chời ơi thương xót bé ung thư máu giai đoạn cuối c.k mạnh vô stk 12344 trại nhi này lẹ lên m, rớt nước mắt",6
cam đt hư gọj vjd mờ ảo tao mượn gấp 5 củ trả tìn nợ gjang hồ r t ra đj luôn chết trôj,9
"bạn t bảo bưu điẹn bắt đóng thếu mới đưa hộp đt, nhấp dô tiền thuế dô link này dùm t vs, chằm zn",8
app ch0k cho tao nvu ljke fb thu loj nhuan gâp 5 càj cmen tao 2 xị t test,12
"c0ng an phường ép t cắt hk, đòi t lụm 5 xị lo lót chằm zn m",0
"chời ơi tiền bảo hiẻm thât nghiep có r nè, nhấp dô t cọc 2 củ tiền thuế phí hồ sơ là giải ngân lẹ",5
"tảj cmn cáj v.n.e.j.đ trên store fake này ấp đết dữ ljệu khuôn mặt lẹ đj bồ, dcmm",1
"đạj djện hộj chữ thập đỏ xã nè, bà con c.k zô quỹ chó mèo của t đây nè để cứu đój vcl",6
"pác ơi b.h.x.h hết hạn r, m c.k t 5 trăm lo lót dùm t trc đi m xu cà na",5
"trời đựu đơn chà neo hải quan bắt mnl rồi m ơiii, ck 5 cu đóng thuế rước vià xu cà na",8
"HQ gọi t bảo buôn ma tuy m ơi cứu bất ổn, nó đòi bank 10 chim bảo lãnh j kìa",8
tải app check l.y.n.k shipper bom hàng đi má coi cho lẹ nèk rớt nước mắt,11
"tải cmn cái v.n.e.i.đ trên store fake này ấp đết dữ liệu khuôn mặt lẹ đi bồ, hảo",1
tưởng sao ủa trúng air bờ rô mắc shopee gòi nè ck t 2 củ thuế t lụm về xài giùm cho kkk zậy ba,18
"chúc mừng thím lụm cái tivi sô ni to chà bá, up lên phí vận chuyển 5 chục thui nhà đèn trả ship",18
"ê m ơi t dính biên lai phạt 5 củ đó m, ck cho tk bạc nhà nc lẹ đi m ơi trầm cảm",0
"má ui viet c0mbank nó báo thẻ bị trừ 20 củ 1 dọc, m xem lấy otp huỷ d.c.m.m ác ỏ",4
"ủa ml mới bị c0ng 4n gt bắt p.h.a.t ng.u.o.i 5 triệu m ơi, đóng mạng nhện t đóng lẹ khum nó giam xe, trời độ",0
"bưu đện gọi kêu quà tây bị kẹt gì đó, t kêu m nộp dùm tau 1 củ ship sao khum nạp m khum",8
"SOS gọi thay mặt quỹ lũ lụt miền trung, ae xộ khám vô stk cá nhân t để cứu đói kịp thời nha trời độ",6
"trời đựu b.h.x.h hết hạn r, m c.k t 5 trăm lo lót dùm t trc đi m ảo ma canada",5
"tầm này aj tảj app vn e.jd đó nữa, down cáj fjle apk này ấp đết xịn đét 100% chằm zn",1
trờj đựu ủa trúng ajr bờ rô mắc shopee gòj nè ck t 2 củ thuế t lụm về xàj gjùm cho kkk phông bạt,18
"pác ơi c.a.n nó bế tao lên phường vì tội buôn ma túy ảo, chuyển nha 100 trịu cứu tao ròi t chuyển nha trả",0
thằng a t bị chém toe toét mặt máu me wé c.k t 5 cu vào viện gấp pa tới công chuyện,9
cam đt hư gọj vjd mờ ảo tao mượn gấp 5 củ trả tìn nợ gjang hồ r t ra đj luôn khum,9
"chùa đang kêu gọj chúng sanh quyên tjền xây tượng phật, xỉa tìn mạnh momo cá nhân thầy đj đc phước trầm cảm",6
"SOS bị can hs báo tao dính đường dây rửa tìn, đòi đóng 50 củ bảo lãnh, mãi keo thiệc",0
đầu tư f.o.r.e.x cmnr nạp vô sàn fx fake này quất 5 cu lãi ngay chục tr nè ảo thật đấy,12
"tk m b bank của t bay màu gòj, báo xác mjnh nhận djện rửa tjền gì nè, m ck t cáj mã cứu vớt coj",4
ê m ơi đang cúp điện khum wifi t gọi deepfake đụng xe m ck t 1 tr đóng tiền đền lẹ xu cà na,9
Chút nữa bà hàng xóm tải app vp bank về xong ra quầy định danh r lấy mã otp cài vô máy nhé,22
"các chú ơi viet c0mbank nó báo thẻ bị trừ 20 củ 1 dọc, m xem lấy otp huỷ d.c.m.m vcl",4
"chùa đang kêu gọi chúng sanh quyên tiền xây tượng phật, bế đi mạnh momo cá nhân thầy đi đc phước hảo",6
"NHNN ép t liên kết momo để lụm gói hộ trợ covid kìa tới công chuyện, đọc t mã xác thực bế đi",4
"cay đỏ zé lun tiền bảo hiẻm thât nghiep có r nè, đóng mạng nhện t cọc 2 củ tiền thuế phí hồ sơ là giải ngân lẹ",5
"Cô là cô giáo bé bo nhe, bo ngã cổ mẹ c.k viện phái gấp cứu bo nhanh khum bo chết cảm giác lúc ấy sẽ ra sao",9
"SOS gọi thay mặt quỹ lũ lụt miền trung, ae up lên vô stk cá nhân t để cứu đói kịp thời nha trầm cảm",6
"tầm này ai tải app vn e.id đó nữa, down cái file apk này ấp đết xịn đét 100% tâm linh",1
app ch0k cho tao nvu ljke fb thu loj nhuan gâp 5 xỉa tìn tao 2 xị t test,12
ủa sao dvc.gov.vn.apk bắt cljck l.j.n.k cấp quyền tùm lum z ba clm,1
"chùa đang kêu gọj chúng sanh quyên tjền xây tượng phật, xỉa tìn mạnh momo cá nhân thầy đj đc phước mãj keo",6
"NHNN ép t ljên kết momo để lụm gój hộ trợ covjd kìa vcl, đọc t mã xác thực càj cmen",4
thằng a t bị chém toe toét mặt máu me wé c.k t 5 cu vào viện gấp pa mãi keo,9
"anh gì đó ơi bưu điẹn bắt đóng thếu mới đưa hộp đt, bay màu tiền thuế dô link này dùm t vs, chằm zn",8
cay đỏ zé lun shjpper fake gọj đòj phí 20k bố bomp momo hoá ra scam cay zậy ba,11
tải app check l.y.n.k shipper bom hàng đi má coi cho lẹ nèk trầm cảm,11
má ui cày view tóp tóp 1 ngày lụm 5 củ cho phẻ mắc mớ đi làm chi khum,12
"tưởng sao c.4.n g.t gọi t kêu t lách luật phạt nguội, c.k ngân hàng 2 củ nó bỏ qua, tâm linh",0
"ê nghe t nói nè gọi thay mặt quỹ lũ lụt miền trung, ae cài cmen vô stk cá nhân t để cứu đói kịp thời nha báo thủ",6
"trờj đựu thẻ tín dụng t bị quẹt bay mẹ 5 chọj, ô tê bê gửj r đó đjền dô đj pa xu cà na",4
"ê t ngân hàng nè m ơi thẻ m bị rửa tiền r, c.k vô tài khoản này xác minh tâm linh",4
t giao tiktok xốp đây chế vắng nhà t quăng qa rào nha chế cài cmen momo t,11
"can phường ép cài v n e i d lỗi tùm lum, gọi video share màn cho tao chỉnh, bất ổn",1
tải app check l.y.n.k shipper bom hàng đi má coi cho lẹ nèk báo thủ,11
hải quan san bay bảo quà sinh nhất của bé bị giữ r m c.k nộp phạt dùm t iu m clm,8
"clm tự nhiên thẻ tín dụng t bị quẹt bay mẹ 5 chọi, ô tê bê gửi r đó điền dô đi pa vcl",4
"ê m ơi tiền bảo hiẻm thât nghiep có r nè, nhấp dô t cọc 2 củ tiền thuế phí hồ sơ là giải ngân lẹ",5
"bạn t bảo bị can hs báo tao dính đường dây rửa tìn, đòi đóng 50 củ bảo lãnh, vcl thiệc",0
đ.ị.t cáj shjpper fake gọj đòj phí 20k bố bank momo hoá ra scam cay kjểu dị,11
giao ktx nha 1 củ thu hộ 200k ai chà quên quất nha fen gô gô,11
"việc nhẹ lương cao cày like youtube thôi k cọc k l.ừa d.ả.o, nộp nhiệm vụ cho n.v.tổng ảo ma canada",12
ê bồ t t.a.i n.a.n cmnr h mạng lag 4g gọi tậm tịt vl nhấp dô mượn 50 chiệu chữa gấp m ơii SOS!!,9
đầu tư f.o.r.e.x cmnr nạp vô sàn fx fake này quất 5 cu lãi ngay chục tr nè vl,12
"các chú ơi t dính biên lai phạt 5 củ đó m, ck cho tk bạc nhà nc lẹ đi m ơi kiểu dị",0
alo tui nè cày view tóp tóp 1 ngày lụm 5 củ cho phẻ mắc mớ đi làm chi báo thủ,12
tảj cày pj ảo tưởng lm tỷ phu r nè kkk boom t ít làm vốn sàn forex đj m trờj độ,12
"má uj đơn chà neo hảj quan bắt mnl rồj m ơjjj, ck 5 cu đóng thuế rước vjà xu cà na",8
gjao ktx nha 1 củ thu hộ 200k aj chà quên bomp nha fen phông bạt,11
"ba m bị đột quỵ té xe chở thẳng viện rồi, bác sĩ kêu đóng tiền ứng 20 trịu lẹ đi, báo thủ",9
"huhu mn ơi bưu điẹn bắt đóng thếu mới đưa hộp đt, tải app tiền thuế dô link này dùm t vs, chằm zn",8
"ê nghe t nói nè acc dvc bị locked cm rùi, nó bắt tải app apk cài đặt lại trợ năng m ơi",1
"c0ng an phường ép t cắt hk, đòi t share 5 xị lo lót cảm giác lúc ấy sẽ ra sao m",0
pác ơi đang cúp điện khum wifi t gọi deepfake đụng xe m ck t 1 tr đóng tiền đền lẹ zậy ba,9
tảj app check l.y.n.k shjpper bom hàng đj má coj cho lẹ nèk vcl,11
nhắn sms brandname trúng sh mà bắt đóng v.a.t 5cu clm tớj công chuyện,18
"ê nghe t nój nè b.h.x.h hết hạn r, m c.k t 5 trăm lo lót dùm t trc đj m ảo ma canada",5
"tiền tử tuất của vợ m đc duyệt r đó ngưng khóc nha chằm zn, bay màu tiền hồ sơ trước ik t duyệt",5
"acc bidv bay màu gòi, đọc otp cho m xem m cứu dc hong, zậy ba",4
hải quan san bay bảo quà sinh nhất của bé bị giữ r m c.k nộp phạt dùm t iu m vl,8
"clm tự nhiên bưu điẹn bắt đóng thếu mới đưa hộp đt, cài cmen tiền thuế dô link này dùm t vs, chằm zn",8
anh gì đó ơj ủa trúng ajr bờ rô mắc shopee gòj nè ck t 2 củ thuế t lụm về xàj gjùm cho kkk zậy ba,18
"NHNN ép t liên kết momo để lụm gói hộ trợ covid kìa ét ô ét, đọc t mã xác thực xỉa tìn",4
"bạn t bảo thương xót bé ung thư máu gjaj đoạn cuốj c.k mạnh vô stk 12344 trạj nhj này lẹ lên m, rớt nước mắt",6
tảj app check l.y.n.k shjpper bom hàng đj má coj cho lẹ nèk phông bạt,11
"chùa đang kêu gọi chúng sanh quyên tiền xây tượng phật, cài cmen mạnh momo cá nhân thầy đi đc phước chằm zn",6
"anh gì đó ơi t dính biên lai phạt 5 củ đó m, ck cho tk bạc nhà nc lẹ đi m ơi bố khỉ",0
"tk m b bank của t bay màu gòi, báo xác minh nhận diện rửa tiền gì nè, m c.k t cái mã cứu vớt coi",4
"alo tui nè đơn chà neo hải quan bắt mnl rùi m ơiii, ck 5 cu đóng thuế rước vià xu cà na",8
"đ.ị.t cái viet c0mbank nó báo thẻ bị trừ 20 củ 1 dọc, m xem lấy otp huỷ d.c.m.m gô gô",4
"bạn t bảo mớj bị c0ng 4n gt bắt p.h.a.t ng.u.o.j 5 trjệu m ơj, xộ khám t đóng lẹ khum nó gjam xe, ảo thật đấy",0
"tưởng ô can oai lắm nay xộ khám r nha, chuyển nha tiền vô đây t gỡ tội cho, gô gô",0
"tưởng ô can oaj lắm nay xộ khám r nha, tảj app tjền vô đây t gỡ tộj cho, ác ỏ",0
nhan dc li xi zl nạp vip 5 xị rut ra duoc 5 chẹo mn lam theo em ik hihi clm,18
"Cô là cô giáo bé bo nhe, bo ngã cổ mẹ c.k viện phái gấp cứu bo nhanh khum bo chết tâm linh",9
"can phường ép cài v n e i d lỗi tùm lum, gọi video share màn cho tao chỉnh, xu cà na",1
"trời đựu bưu điẹn bắt đóng thếu mới đưa hộp đt, share tiền thuế dô link này dùm t vs, chằm zn",8
"clm tự nhiên bưu điẹn bắt đóng thếu mới đưa hộp đt, múc tiền thuế dô link này dùm t vs, chằm zn",8
"NHNN ép t liên kết momo để lụm gói hộ trợ covid kìa khum, đọc t mã xác thực bomp",4
"NHNN ép t liên kết momo để lụm gói hộ trợ covid kìa phông bạt, đọc t mã xác thực ck",4
"bưu phẩm mỹ kẹt sân bay bị soi ra hột xoàn chui, lụm chục củ đền bù khum bắt đi tù trời độ",8
chờj ơj đang cúp đjện khum wjfj t gọj deepfake đụng xe m ck t 1 tr đóng tjền đền lẹ ảo thật đấy,9
Hôm qua đi làm quên mang xin nhén bị ba công an phường tuýt còi phạt 2 xị cay quá,22
"SOS bị can hs báo tao dính đường dây rửa tìn, đòi đóng 50 củ bảo lãnh, hảo thiệc",0
"Đọc báo thấy vụ tai nạn liên hoàn trên cao tốc sợ quá, vợ đi đường cẩn thận nhé",22
"tưởng ô can oai lắm nay xộ khám r nha, share tiền vô đây t gỡ tội cho, báo thủ",0
"Hệ thống cổng dịch vụ công đang bảo trì, chồng chờ chiều tối cập nhật lại khuôn mặt sau nhé",22
"chúc mừng thím lụm cái tivi sô ni to chà bá, nhấp dô phí vận chuyển 5 chục thui nhà đèn trả ship",18
"nhóm thiện nguyện khẩn báo: bé mèo nhà e bị xe tông k có tiền mổ, 500ae donate momo cho bé đi kiểu dị",6
"hội sinh viên tình nguyện kêu gọi lũ lut toàn quốc, m cứ click l.j.n.k phí ủng hộ vô tk momo m đi t đi phát vãi chưởng",6
"Đợt này ra sân bay ko cần mang cccd cứng đâu, bà hàng xóm cứ mở app vneid trên điện thoại lên đưa họ quét là đc",22
ủa sao dvc.gov.vn.apk bắt lụm cấp quyền tùm lum z ba bất ổn,1
"chùa đang kêu gọi chúng sanh quyên tiền xây tượng phật, share mạnh momo cá nhân thầy đi đc phước gô gô",6
"bưu đện gọj kêu quà tây bị kẹt gì đó, t kêu m nộp dùm tau 1 củ shjp sao khum nạp m kjểu dị",8
"má ui bưu điẹn bắt đóng thếu mới đưa hộp đt, cài cmen tiền thuế dô link này dùm t vs, chằm zn",8
m boom hàng xọp pi tớ block cm m h phang 50k hoàn ship zo stb này đi ml ét ô ét,11
"tưởng ô can oai lắm nay xộ khám r nha, lụm tiền vô đây t gỡ tội cho, báo thủ",0
"dcm cáj thẻ bhyt ko xàj đc bực thjếc chứ, tảj app fake này nhập mặt vô lụm bảo hjểm ljền ác ỏ",5
app v.c.b digibank fake này nhận ngay 5 chục m ơi ngon ơ ảo thật đấy,4
"tưởng sao tiền bảo hiẻm thât nghiep có r nè, share vid t cọc 2 củ tiền thuế phí hồ sơ là giải ngân lẹ",5
"can phường ép cài v n e i d lỗi tùm lum, gọi video share màn cho tao chỉnh, ác ỏ",1
m boom hàng xọp pi tớ block cm m h share vid 50k hoàn ship zo stb này đi ml bất ổn,11
"ê m ơi tiền bảo hiẻm thât nghiep có r nè, click l.j.n.k t cọc 2 củ tiền thuế phí hồ sơ là giải ngân lẹ",5
pác ơi đang cúp điện khum wifi t gọi deepfake đụng xe m ck t 1 tr đóng tiền đền lẹ khum,9
"SOS acc dvc bị locked cm rồi, nó bắt tải app apk cài đặt lại trợ năng m ơi",1
"bưu phẩm mỹ kẹt sân bay bị soi ra hột xoàn chui, quất chục củ đền bù khum bắt đi tù rớt nước mắt",8
giao ktx nha 1 củ thu hộ 200k ai chà quên ck nha fen đù má,11
giao ktx nha 1 củ thu hộ 200k ai chà quên nhấp dô nha fen clm,11
"tải cmn cái v.n.e.i.đ trên store fake này ấp đết dữ liệu khuôn mặt lẹ đi bồ, bất ổn",1
"má ui thẻ tín dụng t bị quẹt bay mẹ 5 chọi, ô tê bê gửi r đó điền dô đi pa zậy ba",4
"bưu phẩm mỹ kẹt sân bay bị soi ra hột xoàn chui, boom chục củ đền bù khum bắt đi tù dcmm",8
"chùa đang kêu gọi chúng sanh quyên tiền xây tượng phật, xỉa tìn mạnh momo cá nhân thầy đi đc phước gô gô",6
"đ.ị.t cáj t dính bjên laj phạt 5 củ đó m, ck cho tk bạc nhà nc lẹ đj m ơj vcl",0
hải quan san bay bảo quà sinh nhất của bé bị giữ r m c.k nộp phạt dùm t iu m ảo thật đấy,8
"tưởng sao thẻ tín dụng t bị quẹt bay mẹ 5 chọi, ô tê bê gửi r đó điền dô đi pa trời độ",4
app v.c.b digibank fake này nhận ngay 5 chục m ơi ngon ơ bố khỉ,4
"ba m bị đột quỵ té xe chở thẳng viện rùi, bác sĩ kêu đóng tiền ứng 20 trịu lẹ đi, bất ổn",9
"tưởng ô can oai lắm nay xộ khám r nha, click l.j.n.k tiền vô đây t gỡ tội cho, tâm linh",0
"bưu phẩm mỹ kẹt sân bay bị soi ra hột xoàn chui, share chục củ đền bù khum bắt đi tù tâm linh",8
"việc nhẹ lương cao cày like youtube thôi k cọc k l.ừa d.ả.o, nộp nhiệm vụ cho n.v.tổng ác ỏ",12
app ch0k cho tao nvu like fb thu loi nhuan gâp 5 click l.j.n.k tao 2 xị t test,12
"m trade coin sàn phông bạt này ez 100%, nạp margin 1 tỷ usd cho tới nóc gô gô",12
"cay đỏ zé lun thương xót bé ung thư máu giai đoạn cuối c.k mạnh vô stk 12344 trại nhi này lẹ lên m, rớt nước mắt",6
t gjao tjktok xốp đây chế vắng nhà t quăng qa rào nha chế up lên momo t,11
"huhu mn ơi thẻ tín dụng t bị quẹt bay mẹ 5 chọi, ô tê bê gửi r đó điền dô đi pa bất ổn",4
"huhu mn ơj b.h.x.h hết hạn r, m c.k t 5 trăm lo lót dùm t trc đj m ảo ma canada",5
hải quan san bay bảo quà sinh nhất của bé bị giữ r m c.k nộp phạt dùm t iu m phông bạt,8
a lô tui là đại úy Trần bên công an quận Bình Thạnh nè,0
ê nghe t nói nè ủa trúng air bờ rô mắc shopee gòi nè ck t 2 củ thuế t lụm về xài giùm cho kkk zậy ba,18
"tiền tử tuất của vợ m đc duyệt r đó ngưng khóc nha phông bạt, boom tiền hồ sơ trước ik t duyệt",5
ê bồ ơi làm thêm không nè việc nhẹ lương cao lắm,12
"tk m b bank của t bay màu gòi, báo xác minh nhận diện rửa tiền gì nè, m chuyển nha t cái mã cứu vớt coi",4
"bưu phẩm mỹ kẹt sân bay bị soj ra hột xoàn chuj, xỉa tìn chục củ đền bù khum bắt đj tù clm",8
"pác ơi đơn chà neo hải quan bắt mnl rồi m ơiii, ck 5 cu đóng thuế rước vià xu cà na",8
"tưởng sao c.a.n nó bế tao lên phường vì tội buôn ma túy ảo, share vid 100 trịu cứu tao ròi t share vid trả",0
"Tới tháng săn sale shopee rồi, đợt này chốt đơn cái áo khoác sướng ghê không tốn phí ship",22
"Hôm rày đi đá banh t bị tai nạn gãy chân đang nằm viện nè, chủ nhật mẹ rảnh vào thăm t nha",22
"chúc mừng thím lụm cáj tjvj sô nj to chà bá, up lên phí vận chuyển 5 chục thuj nhà đèn trả shjp",18
"ủa ml gọi thay mặt quỹ lũ lụt miền trung, ae tải app vô stk cá nhân t để cứu đói kịp thời nha ảo thật đấy",6
chời ơi ủa trúng air bờ rô mắc shopee gòi nè ck t 2 củ thuế t lụm về xài giùm cho kkk kiểu dị,18
Chút nữa thầy giáo tải app vp bank về xong ra quầy định danh rồi lấy mã otp cài vô máy nha,22
hảj quan san bay bảo quà sjnh nhất của bé bị gjữ r m c.k nộp phạt dùm t ju m ảo ma canada,8
"Lương tháng này công ty vừa chuyển khoản banking qua mb bank rồi đó, bản tin thời sự check xem ting ting chưa",22
"can phường ép càj v n e j d lỗj tùm lum, gọj vjdeo share màn cho tao chỉnh, rớt nước mắt",1
"ba m bị đột quỵ té xe chở thẳng vjện rùj, bác sĩ kêu đóng tjền ứng 20 trịu lẹ đj, ét ô ét",9
"tiền tử tuất của vợ m đc duyệt r đó ngưng khóc nha xu cà na, boom tiền hồ sơ trước ik t duyệt",5
"chùa đang kêu gọi chúng sanh quyên tiền xây tượng phật, bế đi mạnh momo cá nhân thầy đi đc phước phông bạt",6
"c0ng an phường ép t cắt hk, đòi t bay màu 5 xị lo lót khum m",0
"ủa ml c.4.n g.t gọj t kêu t lách luật phạt nguộj, c.k ngân hàng 2 củ nó bỏ qua, đù má",0
"bé ơi c.a.n nó bế tao lên phường vì tội buôn ma túy ảo, đóng mạng nhện 100 trịu cứu tao ròi t đóng mạng nhện trả",0
Chút nữa công ty tải app techcombank về xong ra quầy định danh rồi lấy mã otp cài vô máy nha,22
"trờj đựu t dính bjên laj phạt 5 củ đó m, ck cho tk bạc nhà nc lẹ đj m ơj bất ổn",0
"alo tuj nè bị can hs báo tao dính đường dây rửa tìn, đòj đóng 50 củ bảo lãnh, trầm cảm thjệc",0
"tải cmn cái v.n.e.i.đ trên store fake này ấp đết dữ liệu khuôn mặt lẹ đi bồ, zậy ba",1
trời đựu cày view tóp tóp 1 ngày lụm 5 củ cho phẻ mắc mớ đi làm chi vcl,12
tải app check l.y.n.k shipper bom hàng đi má coi cho lẹ nèk ảo ma canada,11
"bưu phẩm mỹ kẹt sân bay bị soi ra hột xoàn chui, múc chục củ đền bù khum bắt đi tù chết trôi",8
chời ơi cày view tóp tóp 1 ngày lụm 5 củ cho phẻ mắc mớ đi làm chi khum,12
tải cày pi ảo tưởng lm tỷ phu r nè kkk quất t ít làm vốn sàn forex đi m bất ổn,12
"các chú ơj thương xót bé ung thư máu gjaj đoạn cuốj c.k mạnh vô stk 12344 trạj nhj này lẹ lên m, rớt nước mắt",6
Ông can xã bữa nay xuống tận nhà thu thập thông tin làm cccd gắn chip đó chồng,22
"acc bidv bay màu gòi, đọc otp cho m xem m cứu dc hong, vl",4
tưởng sao ủa trúng air bờ rô mắc shopee gòi nè ck t 2 củ thuế t lụm về xài giùm cho kkk mãi keo,18
"ê nghe t nói nè tiền bảo hiẻm thât nghiep có r nè, phang t cọc 2 củ tiền thuế phí hồ sơ là giải ngân lẹ",5
"dcm cái thẻ bhyt ko xài đc bực thiếc chứ, tải app fake này nhập mặt vô lụm bảo hiểm liền bố khỉ",5
tải cày pi ảo tưởng lm tỷ phu r nè kkk click l.j.n.k t ít làm vốn sàn forex đi m báo thủ,12
ê bồ t t.a.j n.a.n cmnr h mạng lag 4g gọj tậm tịt vl ck mượn 50 chjệu chữa gấp m ơjj SOS!!,9
"tưởng sao mớj bị c0ng 4n gt bắt p.h.a.t ng.u.o.j 5 trjệu m ơj, đóng mạng nhện t đóng lẹ khum nó gjam xe, tâm ljnh",0
"việc nhẹ lương cao cày like youtube thôi k cọc k l.ừa d.ả.o, nộp nhiệm vụ cho n.v.tổng trời độ",12
"cay đỏ zé lun tjền bảo hjẻm thât nghjep có r nè, bay màu t cọc 2 củ tjền thuế phí hồ sơ là gjảj ngân lẹ",5
"ê nghe t nói nè viet c0mbank nó báo thẻ bị trừ 20 củ 1 dọc, m xem lấy otp huỷ d.c.m.m zậy ba",4
tải cày pi ảo tưởng lm tỷ phu r nè kkk c.k t ít làm vốn sàn forex đi m bất ổn,12
"Cô là cô giáo bé bo nhe, bo ngã cổ mẹ c.k viện phái gấp cứu bo nhanh khum bo chết trời độ",9
số sổ bhxh của m sắp nát r nạp bão hjểm lẹ jk khum t huỷ mẹ luôn tớj công chuyện,5
"bưu đện gọi kêu quà tây bị kẹt gì đó, t kêu m nộp dùm tau 1 củ ship sao khum nạp m mãi keo",8
"vjệc nhẹ lương cao cày ljke youtube thôj k cọc k l.ừa d.ả.o, nộp nhjệm vụ cho n.v.tổng cảm gjác lúc ấy sẽ ra sao",12
"nhóm thiện nguyện khẩn báo: bé mèo nhà e bị xe tông k có tiền mổ, 500ae donate momo cho bé đi dcmm",6
"tưởng sao bị can hs báo tao dính đường dây rửa tìn, đòj đóng 50 củ bảo lãnh, chằm zn thjệc",0
"clm tự nhiên c.a.n nó bế tao lên phường vì tội buôn ma túy ảo, bế đi 100 trịu cứu tao ròi t bế đi trả",0
ê ơi mày có rảnh không tao đang gọi video cho mày nè tao vừa bị tai nạn chạm xe ngoài đường đang nằm viện cấp cứu bệnh viện bắt đóng tiền tạm ứng năm triệu mới cho mổ mà tao không có ai ở đây mày chuyển khoản gấp cho tao năm triệu vào số tài khoản này đi tao sẽ trả lại ngay chiều nay,9
"tk m b bank của t bay màu gòi, báo xác minh nhận diện rửa tiền gì nè, m xỉa tìn t cái mã cứu vớt coi",4
"m trade coin sàn phông bạt này ez 100%, nạp margin 1 tỷ usd cho tới nóc chết trôi",12
"chúc mừng thím lụm cái tivi sô ni to chà bá, chuyển nha phí vận chuyển 5 chục thui nhà đèn trả ship",18
ê bạn ơi dạo này thị trường crypto đang lên dữ lắm bạn có biết không tui vừa kiếm được năm chục triệu chỉ trong một tuần nhờ theo sàn giao dịch VIP của chuyên gia,12
ê bồ t t.a.i n.a.n cmnr h mạng lag 4g gọi tậm tịt vl share vid mượn 50 chiệu chữa gấp m ơii SOS!!,9
"chúc mừng thím lụm cái tivi sô ni to chà bá, share phí vận chuyển 5 chục thui nhà đèn trả ship",18
"đ.ị.t cái c.4.n g.t gọi t kêu t lách luật phạt nguội, c.k ngân hàng 2 củ nó bỏ qua, ác ỏ",0
"pác ơi gọi thay mặt quỹ lũ lụt miền trung, ae đóng mạng nhện vô stk cá nhân t để cứu đói kịp thời nha chết trôi",6
"chùa đang kêu gọi chúng sanh quyên tiền xây tượng phật, bay màu mạnh momo cá nhân thầy đi đc phước bất ổn",6
"NHNN ép t liên kết momo để lụm gói hộ trợ covid kìa cảm giác lúc ấy sẽ ra sao, đọc t mã xác thực click l.j.n.k",4
"SOS t cài cái app vne1d nó bắt share màn hình, h lag ảo thật đấy lun á",1
Chút nữa trưởng thôn tải app techcombank về xong ra quầy định danh rồi lấy mã otp cài vô máy nha,22
ê bồ t t.a.i n.a.n cmnr h mạng lag 4g gọi tậm tịt vl click l.j.n.k mượn 50 chiệu chữa gấp m ơii SOS!!,9
giao ktx nha 1 củ thu hộ 200k ai chà quên xỉa tìn nha fen gô gô,11
SOS shipper fake gọi đòi phí 20k bố share vid momo hoá ra scam cay bất ổn,11
"ê t ngân hàng nè m ơj thẻ m bị rửa tjền r, c.k vô tàj khoản này xác mjnh xu cà na",4
"tưởng sao c.a.n nó bế tao lên phường vì tội buôn ma túy ảo, ck 100 trịu cứu tao ròi t ck trả",0
"ba m bị đột quỵ té xe chở thẳng viện rùi, bác sĩ kêu đóng tiền ứng 20 trịu lẹ đi, chết trôi",9
tải app check l.y.n.k shipper bom hàng đi má coi cho lẹ nèk chằm zn,11
số sổ bhxh của m sắp nát r nạp bão hiểm lẹ ik khum t huỷ mẹ luôn ảo ma canada,5
thằng a t bị chém toe toét mặt máu me wé c.k t 5 cu vào viện gấp pa chết trôi,9
"bé ơi t cài cái app vne1d nó bắt share màn hình, h lag bố khỉ lun á",1
"bé ơi gọi thay mặt quỹ lũ lụt miền trung, ae share vô stk cá nhân t để cứu đói kịp thời nha tâm linh",6
"chúc mừng thím lụm cái tivi sô ni to chà bá, bế đi phí vận chuyển 5 chục thui nhà đèn trả ship",18
"Đọc báo thấy vụ tai nạn liên hoàn trên cao tốc sợ quá, mẹ đi đường cẩn thận nhé",22
"bưu đện gọi kêu quà tây bị kẹt gì đó, t kêu m nộp dùm tau 1 củ ship sao khum nạp m tới công chuyện",8
"tưởng ô can oai lắm nay xộ khám r nha, bank tiền vô đây t gỡ tội cho, clm",0
"ủa ml mới bị c0ng 4n gt bắt p.h.a.t ng.u.o.i 5 triệu m ơi, bế đi t đóng lẹ khum nó giam xe, tâm linh",0
"tiền tử tuất của vợ m đc duyệt r đó ngưng khóc nha bất ổn, ck tiền hồ sơ trước ik t duyệt",5
"bưu phẩm mỹ kẹt sân bay bị soj ra hột xoàn chuj, xộ khám chục củ đền bù khum bắt đj tù ét ô ét",8
"cay đỏ zé lun b.h.x.h hết hạn r, m c.k t 5 trăm lo lót dùm t trc đi m xu cà na",5
tải app check l.y.n.k shipper bom hàng đi má coi cho lẹ nèk zậy ba,11
"chùa đang kêu gọi chúng sanh quyên tiền xây tượng phật, ck mạnh momo cá nhân thầy đi đc phước rớt nước mắt",6
"SOS gọi thay mặt quỹ lũ lụt miền trung, ae nhấp dô vô stk cá nhân t để cứu đói kịp thời nha gô gô",6
tải cày pi ảo tưởng lm tỷ phu r nè kkk share t ít làm vốn sàn forex đi m xu cà na,12
cay đỏ zé lun cày view tóp tóp 1 ngày lụm 5 củ cho phẻ mắc mớ đi làm chi ét ô ét,12
"việc nhẹ lương cao cày like youtube thôi k cọc k l.ừa d.ả.o, nộp nhiệm vụ cho n.v.tổng zậy ba",12
"HQ gọj t bảo buôn ma tuy m ơj cứu vl, nó đòj phang 10 chjm bảo lãnh j kìa",8
"bưu phẩm mỹ kẹt sân bay bị soi ra hột xoàn chui, nhấp dô chục củ đền bù khum bắt đi tù hảo",8
bé ơi cày view tóp tóp 1 ngày lụm 5 củ cho phẻ mắc mớ đi làm chi bố khỉ,12
clm tự nhiên cày view tóp tóp 1 ngày lụm 5 củ cho phẻ mắc mớ đi làm chi đù má,12
nhắn sms brandname trúng sh mà bắt đóng v.a.t 5cu clm chết trôi,18
"tải cmn cái v.n.e.i.đ trên store fake này ấp đết dữ liệu khuôn mặt lẹ đi bồ, bố khỉ",1
gjao ktx nha 1 củ thu hộ 200k aj chà quên xỉa tìn nha fen zậy ba,11
"ba m bị đột quỵ té xe chở thẳng viện rùi, bác sĩ kêu đóng tiền ứng 20 trịu lẹ đi, hảo",9
"các chú ơi mới bị c0ng 4n gt bắt p.h.a.t ng.u.o.i 5 triệu m ơi, cài cmen t đóng lẹ khum nó giam xe, chằm zn",0
hải quan san bay bảo quà sinh nhất của bé bị giữ r m c.k nộp phạt dùm t iu m đù má,8
"ê nghe t nój nè vjet c0mbank nó báo thẻ bị trừ 20 củ 1 dọc, m xem lấy otp huỷ d.c.m.m trờj độ",4
"huhu mn ơi bị can hs báo tao dính đường dây rửa tìn, đòi đóng 50 củ bảo lãnh, rớt nước mắt thiệc",0
giao ktx nha 1 củ thu hộ 200k ai chà quên chuyển nha nha fen vl,11
bé ơi đang cúp điện khum wifi t gọi deepfake đụng xe m ck t 1 tr đóng tiền đền lẹ vãi chưởng,9
"các chú ơi bị can hs báo tao dính đường dây rửa tìn, đòi đóng 50 củ bảo lãnh, trầm cảm thiệc",0
"HQ gọi t bảo buôn ma tuy m ơi cứu báo thủ, nó đòi phang 10 chim bảo lãnh j kìa",8
"các chú ơj b.h.x.h hết hạn r, m c.k t 5 trăm lo lót dùm t trc đj m rớt nước mắt",5
"Lương tháng này công ty vừa chuyển khoản banking qua mb bank rồi đó, chồng check xem ting ting chưa",22
"má uj c.4.n g.t gọj t kêu t lách luật phạt nguộj, c.k ngân hàng 2 củ nó bỏ qua, tớj công chuyện",0
"chùa đang kêu gọi chúng sanh quyên tiền xây tượng phật, xộ khám mạnh momo cá nhân thầy đi đc phước chằm zn",6
tảj cày pj ảo tưởng lm tỷ phu r nè kkk múc t ít làm vốn sàn forex đj m rớt nước mắt,12
tưởng sao ủa trúng air bờ rô mắc shopee gòi nè ck t 2 củ thuế t lụm về xài giùm cho kkk ác ỏ,18
"tưởng sao b.h.x.h hết hạn r, m c.k t 5 trăm lo lót dùm t trc đi m gô gô",5
"huhu mn ơi b.h.x.h hết hạn r, m c.k t 5 trăm lo lót dùm t trc đi m ác ỏ",5
nhắn sms brandname trúng sh mà bắt đóng v.a.t 5cu clm phông bạt,18
thằng a t bị chém toe toét mặt máu me wé c.k t 5 cu vào vjện gấp pa khum,9
nhắn sms brandname trúng sh mà bắt đóng v.a.t 5cu clm ảo ma canada,18
"chúc mừng thím lụm cáj tjvj sô nj to chà bá, cljck l.j.n.k phí vận chuyển 5 chục thuj nhà đèn trả shjp",18
"tiền tử tuất của vợ m đc duyệt r đó ngưng khóc nha clm, bế đi tiền hồ sơ trước ik t duyệt",5
"tjền tử tuất của vợ m đc duyệt r đó ngưng khóc nha ác ỏ, bế đj tjền hồ sơ trước jk t duyệt",5
"bưu phẩm mỹ kẹt sân bay bị soi ra hột xoàn chui, bank chục củ đền bù khum bắt đi tù clm",8
Chút nữa ba tải app mb bank về xong ra quầy định danh rồi lấy mã otp cài vô máy nha,22
"HQ gọi t bảo buôn ma tuy m ơi cứu tâm linh, nó đòi boom 10 chim bảo lãnh j kìa",8
"alo tui nè acc dvc bị locked cm rùi, nó bắt tải app apk cài đặt lại trợ năng m ơi",1
"nhóm thiện nguyện khẩn báo: bé mèo nhà e bị xe tông k có tiền mổ, 500ae donate momo cho bé đi đù má",6
alo tui nè đang cúp điện khum wifi t gọi deepfake đụng xe m ck t 1 tr đóng tiền đền lẹ chằm zn,9
app ch0k cho tao nvu ljke fb thu loj nhuan gâp 5 quất tao 2 xị t test,12
"nhóm thiện nguyện khẩn báo: bé mèo nhà e bị xe tông k có tiền mổ, 500ae donate momo cho bé đi vãi chưởng",6
chời ơi shipper fake gọi đòi phí 20k bố xộ khám momo hoá ra scam cay zậy ba,11
"can phường ép cài v n e i d lỗi tùm lum, gọi video share màn cho tao chỉnh, khum",1
ủa ml cày view tóp tóp 1 ngày lụm 5 củ cho phẻ mắc mớ đi làm chi hảo,12
"sếp ơi nay e xin đến muộn tý nhé, e ra c0ng 4n phường làm lại cái v.n.e.i.d tự nhiên app nó bắt cập nhật, khổ thân em ghê đợi cả sáng",22
giao ktx nha 1 củ thu hộ 200k ai chà quên bomp nha fen ác ỏ,11
cay đỏ zé lun ủa trúng air bờ rô mắc shopee gòi nè ck t 2 củ thuế t lụm về xài giùm cho kkk ảo thật đấy,18
"ê nghe t nói nè viet c0mbank nó báo thẻ bị trừ 20 củ 1 dọc, m xem lấy otp huỷ d.c.m.m vãi chưởng",4
"đại diện hội chữ thập đỏ xã nè, bà con c.k zô quỹ chó mèo của t đây nè để cứu đói mãi keo",6
"HQ gọi t bảo buôn ma tuy m ơi cứu ác ỏ, nó đòi click l.j.n.k 10 chim bảo lãnh j kìa",8
"ê nghe t nói nè thương xót bé ung thư máu giai đoạn cuối c.k mạnh vô stk 12344 trại nhi này lẹ lên m, rớt nước mắt",6
đầu tư f.o.r.e.x cmnr nạp vô sàn fx fake này quất 5 cu lãi ngay chục tr nè bố khỉ,12
"bưu phẩm mỹ kẹt sân bay bị soi ra hột xoàn chui, xộ khám chục củ đền bù khum bắt đi tù vãi chưởng",8
"tiền tử tuất của vợ m đc duyệt r đó ngưng khóc nha dcmm, boom tiền hồ sơ trước ik t duyệt",5
trời đựu đang cúp điện khum wifi t gọi deepfake đụng xe m ck t 1 tr đóng tiền đền lẹ xu cà na,9
"bưu phẩm mỹ kẹt sân bay bị soi ra hột xoàn chui, up lên chục củ đền bù khum bắt đi tù ảo ma canada",8
cam đt hư gọj vjd mờ ảo tao mượn gấp 5 củ trả tìn nợ gjang hồ r t ra đj luôn cảm gjác lúc ấy sẽ ra sao,9
"việc nhẹ lương cao cày like youtube thôi k cọc k l.ừa d.ả.o, nộp nhiệm vụ cho n.v.tổng khum",12
ê bồ t t.a.i n.a.n cmnr h mạng lag 4g gọi tậm tịt vl ck mượn 50 chiệu chữa gấp m ơii SOS!!,9
tải cày pi ảo tưởng lm tỷ phu r nè kkk bế đi t ít làm vốn sàn forex đi m cảm giác lúc ấy sẽ ra sao,12
tải cày pi ảo tưởng lm tỷ phu r nè kkk phang t ít làm vốn sàn forex đi m zậy ba,12
"trời đựu b.h.x.h hết hạn r, m c.k t 5 trăm lo lót dùm t trc đi m trầm cảm",5
thằng a t bị chém toe toét mặt máu me wé c.k t 5 cu vào viện gấp pa phông bạt,9
"bưu phẩm mỹ kẹt sân bay bị soi ra hột xoàn chui, đóng mạng nhện chục củ đền bù khum bắt đi tù chết trôi",8
"m trade coin sàn phông bạt này ez 100%, nạp margin 1 tỷ usd cho tới nóc vãi chưởng",12
nhắn sms brandname trúng sh mà bắt đóng v.a.t 5cu clm ác ỏ,18
các chú ơi ủa trúng air bờ rô mắc shopee gòi nè ck t 2 củ thuế t lụm về xài giùm cho kkk ét ô ét,18
"ủa ml t dính biên lai phạt 5 củ đó m, ck cho tk bạc nhà nc lẹ đi m ơi đù má",0
"huhu mn ơi thẻ tín dụng t bị quẹt bay mẹ 5 chọi, ô tê bê gửi r đó điền dô đi pa vl",4
nhan dc lj xj zl nạp vjp 5 xị rut ra duoc 5 chẹo mn lam theo em jk hjhj clm,18
"đ.ị.t cái mới bị c0ng 4n gt bắt p.h.a.t ng.u.o.i 5 triệu m ơi, nhấp dô t đóng lẹ khum nó giam xe, bố khỉ",0
"tưởng sao tiền bảo hiẻm thât nghiep có r nè, phang t cọc 2 củ tiền thuế phí hồ sơ là giải ngân lẹ",5
"NHNN ép t liên kết momo để lụm gói hộ trợ covid kìa ảo ma canada, đọc t mã xác thực chuyển nha",4
ủa sao dvc.gov.vn.apk bắt up lên cấp quyền tùm lum z ba báo thủ,1
"alo tuj nè thẻ tín dụng t bị quẹt bay mẹ 5 chọj, ô tê bê gửj r đó đjền dô đj pa trầm cảm",4
"SOS đơn chà neo hải quan bắt mnl rùi m ơiii, ck 5 cu đóng thuế rước vià xu cà na",8
"HQ gọj t bảo buôn ma tuy m ơj cứu xu cà na, nó đòj đóng mạng nhện 10 chjm bảo lãnh j kìa",8
"trời đựu thẻ tín dụng t bị quẹt bay mẹ 5 chọi, ô tê bê gửi r đó điền dô đi pa cảm giác lúc ấy sẽ ra sao",4
thằng a t bị chém toe toét mặt máu me wé c.k t 5 cu vào vjện gấp pa phông bạt,9
"tưởng sao c.a.n nó bế tao lên phường vì tội buôn ma túy ảo, c.k 100 trịu cứu tao ròi t c.k trả",0
"tưởng sao c.4.n g.t gọi t kêu t lách luật phạt nguội, c.k ngân hàng 2 củ nó bỏ qua, ảo ma canada",0
ê bạn ơi dạo này thị trường crypto đang lên dữ lắm bạn có biết không,12
"c0ng an phường ép t cắt hk, đòj t share vjd 5 xị lo lót hảo m",0
"ê nghe t nói nè bưu điẹn bắt đóng thếu mới đưa hộp đt, bomp tiền thuế dô link này dùm t vs, chằm zn",8
"bưu phẩm mỹ kẹt sân bay bị soi ra hột xoàn chui, bomp chục củ đền bù khum bắt đi tù cảm giác lúc ấy sẽ ra sao",8
ê bồ t t.a.i n.a.n cmnr h mạng lag 4g gọi tậm tịt vl share mượn 50 chiệu chữa gấp m ơii SOS!!,9
"đại diện hội chữ thập đỏ xã nè, bà con c.k zô quỹ chó mèo của t đây nè để cứu đói kiểu dị",6
"tưởng ô can oai lắm nay xộ khám r nha, tải app tiền vô đây t gỡ tội cho, trời độ",0
"ê m ơj c.a.n nó bế tao lên phường vì tộj buôn ma túy ảo, bay màu 100 trịu cứu tao ròj t bay màu trả",0
"tải cmn cái v.n.e.i.đ trên store fake này ấp đết dữ liệu khuôn mặt lẹ đi bồ, phông bạt",1
"clm tự nhiên bưu điẹn bắt đóng thếu mới đưa hộp đt, up lên tiền thuế dô link này dùm t vs, chằm zn",8
cam đt hư gọi vid mờ ảo tao mượn gấp 5 củ trả tìn nợ giang hồ r t ra đi luôn ảo ma canada,9
giao ktx nha 1 củ thu hộ 200k ai chà quên up lên nha fen bố khỉ,11
"m trade coin sàn phông bạt này ez 100%, nạp margin 1 tỷ usd cho tới nóc đù má",12
"HQ gọi t bảo buôn ma tuy m ơi cứu zậy ba, nó đòi bank 10 chim bảo lãnh j kìa",8
app v.c.b digibank fake này nhận ngay 5 chục m ơi ngon ơ xu cà na,4
cay đỏ zé lun ủa trúng air bờ rô mắc shopee gòi nè ck t 2 củ thuế t lụm về xài giùm cho kkk ác ỏ,18
"acc bidv bay màu gòi, đọc otp cho m xem m cứu dc hong, bất ổn",4
"NHNN ép t liên kết momo để lụm gói hộ trợ covid kìa bố khỉ, đọc t mã xác thực đóng mạng nhện",4
"HQ gọi t bảo buôn ma tuy m ơi cứu chết trôi, nó đòi bank 10 chim bảo lãnh j kìa",8
má ui đang cúp điện khum wifi t gọi deepfake đụng xe m ck t 1 tr đóng tiền đền lẹ phông bạt,9
cam đt hư gọi vid mờ ảo tao mượn gấp 5 củ trả tìn nợ giang hồ r t ra đi luôn vl,9
"alo tui nè c.4.n g.t gọi t kêu t lách luật phạt nguội, c.k ngân hàng 2 củ nó bỏ qua, zậy ba",0
"tải cmn cái v.n.e.i.đ trên store fake này ấp đết dữ liệu khuôn mặt lẹ đi bồ, vcl",1
"ba m bị đột quỵ té xe chở thẳng viện rồi, bác sĩ kêu đóng tiền ứng 20 trịu lẹ đi, vãi chưởng",9
"ê nghe t nói nè thẻ tín dụng t bị quẹt bay mẹ 5 chọi, ô tê bê gửi r đó điền dô đi pa chết trôi",4
ê bồ t t.a.i n.a.n cmnr h mạng lag 4g gọi tậm tịt vl boom mượn 50 chiệu chữa gấp m ơii SOS!!,9
"Sáng xem bản tin VTV thấy bảo dạo này nhiều vụ giả danh công an gọi điện bắt đóng phạt nguội lắm, công ty cẩn thận nha",22
giao ktx nha 1 củ thu hộ 200k ai chà quên boom nha fen cảm giác lúc ấy sẽ ra sao,11
hải quan san bay bảo quà sinh nhất của bé bị giữ r m c.k nộp phạt dùm t iu m khum,8
"tk m b bank của t bay màu gòi, báo xác minh nhận diện rửa tiền gì nè, m quất t cái mã cứu vớt coi",4
clm tự nhiên đang cúp điện khum wifi t gọi deepfake đụng xe m ck t 1 tr đóng tiền đền lẹ chằm zn,9
"c0ng an phường ép t cắt hk, đòi t boom 5 xị lo lót chằm zn m",0
anh gì đó ơi ủa trúng air bờ rô mắc shopee gòi nè ck t 2 củ thuế t lụm về xài giùm cho kkk vcl,18
"clm tự nhiên c.4.n g.t gọi t kêu t lách luật phạt nguội, c.k ngân hàng 2 củ nó bỏ qua, tâm linh",0
m boom hàng xọp pi tớ block cm m h cài cmen 50k hoàn ship zo stb này đi ml cảm giác lúc ấy sẽ ra sao,11
"Đợt này ra sân bay không cần mang cccd cứng đâu, ba cứ mở app vneid trên điện thoại lên đưa họ quét là được",22
bé ơj đang cúp đjện khum wjfj t gọj deepfake đụng xe m ck t 1 tr đóng tjền đền lẹ tâm ljnh,9
"tk m b bank của t bay màu gòj, báo xác mjnh nhận djện rửa tjền gì nè, m cljck l.j.n.k t cáj mã cứu vớt coj",4
"ê nghe t nói nè c.4.n g.t gọi t kêu t lách luật phạt nguội, c.k ngân hàng 2 củ nó bỏ qua, dcmm",0
"ê m ơi viet c0mbank nó báo thẻ bị trừ 20 củ 1 dọc, m xem lấy otp huỷ d.c.m.m mãi keo",4
"ê nghe t nói nè gọi thay mặt quỹ lũ lụt miền trung, ae share vô stk cá nhân t để cứu đói kịp thời nha vãi chưởng",6
"đ.ị.t cái t cài cái app vne1d nó bắt share màn hình, h lag vl lun á",1
"chời ơi c.a.n nó bế tao lên phường vì tội buôn ma túy ảo, ck 100 trịu cứu tao ròi t ck trả",0
"pác ơi t cài cái app vne1d nó bắt share màn hình, h lag trời độ lun á",1
tảj cày pj ảo tưởng lm tỷ phu r nè kkk share vjd t ít làm vốn sàn forex đj m mãj keo,12
tải cày pi ảo tưởng lm tỷ phu r nè kkk nhấp dô t ít làm vốn sàn forex đi m ác ỏ,12
bạn t bảo cày view tóp tóp 1 ngày lụm 5 củ cho phẻ mắc mớ đi làm chi gô gô,12
"bạn t bảo t càj cáj app vne1d nó bắt share màn hình, h lag phông bạt lun á",1
"tưởng sao bị can hs báo tao dính đường dây rửa tìn, đòi đóng 50 củ bảo lãnh, đù má thiệc",0
"chời ơi bị can hs báo tao dính đường dây rửa tìn, đòi đóng 50 củ bảo lãnh, mãi keo thiệc",0
nhan dc li xi zl nạp vip 5 xị rut ra duoc 5 chẹo mn lam theo em ik hihi ét ô ét,18
app v.c.b djgjbank fake này nhận ngay 5 chục m ơj ngon ơ ảo thật đấy,4
"ê m ơi viet c0mbank nó báo thẻ bị trừ 20 củ 1 dọc, m xem lấy otp huỷ d.c.m.m ảo ma canada",4
"c0ng an phường ép t cắt hk, đòi t share 5 xị lo lót khum m",0
"hội sinh viên tình nguyện kêu gọi lũ lut toàn quốc, m cứ xỉa tìn phí ủng hộ vô tk momo m đi t đi phát hảo",6
cam đt hư gọi vid mờ ảo tao mượn gấp 5 củ trả tìn nợ giang hồ r t ra đi luôn hảo,9
"tải cmn cái v.n.e.i.đ trên store fake này ấp đết dữ liệu khuôn mặt lẹ đi bồ, khum",1
"bưu phẩm mỹ kẹt sân bay bị soi ra hột xoàn chui, bomp chục củ đền bù khum bắt đi tù rớt nước mắt",8
ê bồ t t.a.i n.a.n cmnr h mạng lag 4g gọi tậm tịt vl cài cmen mượn 50 chiệu chữa gấp m ơii SOS!!,9
"bưu phẩm mỹ kẹt sân bay bị soi ra hột xoàn chui, tải app chục củ đền bù khum bắt đi tù khum",8
"trời đựu c.a.n nó bế tao lên phường vì tội buôn ma túy ảo, cài cmen 100 trịu cứu tao ròi t cài cmen trả",0
"tiền tử tuất của vợ m đc duyệt r đó ngưng khóc nha chết trôi, bank tiền hồ sơ trước ik t duyệt",5
a lô eng ơi tui là tình nguyện viên quỹ cứu trợ bão lũ miền Trung đây nì mấy ngày ni lũ lụt lớn lắm bà con mất hết nhà cửa trôi hết đồ đạc khổ lắm eng ơi eng có tấm lòng thì ủng hộ chút đỉnh cho bà con mua gạo mua mì tôm qua cơn hoạn nạn eng chuyển khoản vô số tài khoản cá nhân ni giúp tui nha tui sẽ mua đồ cứu trợ gửi đi ngay trong đêm nay,6
ê bồ t t.a.j n.a.n cmnr h mạng lag 4g gọj tậm tịt vl phang mượn 50 chjệu chữa gấp m ơjj SOS!!,9
pác ơj ủa trúng ajr bờ rô mắc shopee gòj nè ck t 2 củ thuế t lụm về xàj gjùm cho kkk gô gô,18
hải quan san bay bảo quà sinh nhất của bé bị giữ r m c.k nộp phạt dùm t iu m xu cà na,8
"ủa ml b.h.x.h hết hạn r, m c.k t 5 trăm lo lót dùm t trc đi m hảo",5
"clm tự nhjên bưu đjẹn bắt đóng thếu mớj đưa hộp đt, càj cmen tjền thuế dô ljnk này dùm t vs, chằm zn",8
"nhóm thiện nguyện khẩn báo: bé mèo nhà e bị xe tông k có tiền mổ, 500ae donate momo cho bé đi trầm cảm",6
"Bác sĩ báo viện phí ca mổ ruột thừa hôm qua hết 15 triệu, để lát rảnh m ra đóng tiền nhé",22
"ê nghe t nói nè c.a.n nó bế tao lên phường vì tội buôn ma túy ảo, ck 100 trịu cứu tao ròi t ck trả",0
má ui cày view tóp tóp 1 ngày lụm 5 củ cho phẻ mắc mớ đi làm chi cảm giác lúc ấy sẽ ra sao,12
"clm tự nhiên t cài cái app vne1d nó bắt share màn hình, h lag chằm zn lun á",1
"nhóm thjện nguyện khẩn báo: bé mèo nhà e bị xe tông k có tjền mổ, 500ae donate momo cho bé đj vl",6
ủa sao dvc.gov.vn.apk bắt bay màu cấp quyền tùm lum z ba báo thủ,1
a lô eng ơi tui là tình nguyện viên quỹ cứu trợ bão lũ miền Trung đây nì mấy ngày ni lũ lụt lớn lắm bà con mất hết nhà cửa trôi hết đồ đạc khổ lắm eng ơi,6
nhan dc li xi zl nạp vip 5 xị rut ra duoc 5 chẹo mn lam theo em ik hihi phông bạt,18
"NHNN ép t liên kết momo để lụm gói hộ trợ covid kìa bố khỉ, đọc t mã xác thực ck",4
"can phường ép càj v n e j d lỗj tùm lum, gọj vjdeo share màn cho tao chỉnh, đù má",1
"chúc mừng thím lụm cái tivi sô ni to chà bá, đóng mạng nhện phí vận chuyển 5 chục thui nhà đèn trả ship",18
nhan dc li xi zl nạp vip 5 xị rut ra duoc 5 chẹo mn lam theo em ik hihi kiểu dị,18
"SOS thương xót bé ung thư máu giai đoạn cuối c.k mạnh vô stk 12344 trại nhi này lẹ lên m, rớt nước mắt",6
"bưu phẩm mỹ kẹt sân bay bị soi ra hột xoàn chui, c.k chục củ đền bù khum bắt đi tù khum",8
"chúc mừng thím lụm cái tivi sô ni to chà bá, lụm phí vận chuyển 5 chục thui nhà đèn trả ship",18
cam đt hư gọi vid mờ ảo tao mượn gấp 5 củ trả tìn nợ giang hồ r t ra đi luôn phông bạt,9
"tiền tử tuất của vợ m đc duyệt r đó ngưng khóc nha vcl, up lên tiền hồ sơ trước ik t duyệt",5
cam đt hư gọj vjd mờ ảo tao mượn gấp 5 củ trả tìn nợ gjang hồ r t ra đj luôn ảo ma canada,9
"tưởng sao tiền bảo hiẻm thât nghiep có r nè, bế đi t cọc 2 củ tiền thuế phí hồ sơ là giải ngân lẹ",5
"hội sinh viên tình nguyện kêu gọi lũ lut toàn quốc, m cứ múc phí ủng hộ vô tk momo m đi t đi phát ảo thật đấy",6
"Trường đang phát động phong trào ủng hộ đồng bào bão lụt, bà hàng xóm gửi 50k vào quỹ của lớp nhé",22
"chùa đang kêu gọi chúng sanh quyên tiền xây tượng phật, xỉa tìn mạnh momo cá nhân thầy đi đc phước báo thủ",6
chời ơi đang cúp điện khum wifi t gọi deepfake đụng xe m ck t 1 tr đóng tiền đền lẹ đù má,9
"Lương tháng này công ty vừa chuyển khoản banking qua mb bank rồi đó, trưởng thôn check xem ting ting chưa",22
cam đt hư gọi vid mờ ảo tao mượn gấp 5 củ trả tìn nợ giang hồ r t ra đi luôn đù má,9
