text,label
"Cục Hải quan thông báo, lô hàng quà tặng giá trị cao từ Anh của quý khách đang bị giữ lại do vượt định mức. Quý khách vui lòng chuyển khoản ngay lệ phí thông quan để được nhận hàng sớm nhất.",9
"Chào em, anh là kỹ sư dầu khí đang ở nước ngoài. Anh vừa gửi cho em một kiện toàn túi xách hàng hiệu và vòng cổ kim cương, nhưng bên hải quan yêu cầu phải nộp phí bảo lãnh vì giá trị quá lớn. Em thanh toán giúp anh nhé.",9
"Này em ơi, anh gửi nguyên một cái vali quà toàn đồ xịn từ bển về cho em đấy, cơ mà ở sân bay bọn hải quan nó giam lại bắt đóng thuế. Cô chịu khó chuyển khoản nộp thuế cho chúng nó đi rồi nhận quà nhé.",9
"Chị là nhân viên bên hải quan nhé, cái kiện hàng đóng mác ngoại tệ của chị bị giữ ở cửa khẩu rồi. Bây giờ chị có muốn nhận không thì nộp tiền phạt ngay vào đường link này, không là chúng tôi tịch thu sung công quỹ đấy.",9
"Chào o, tui bên bưu điện nì. Cái thùng quà to chà bá người yêu o gửi từ bển về đang bị hải quan chặn lại đồ rứa. O mà không mau mau chuyển cọc đóng phí bôi trơn là tụi ni tịch thu hết luôn đó nghe, nhanh lên không trễ chừ.",9
"Anh mần kỹ sư xa nhà, gửi cho em thùng đồ kim cương với tiền đô mà bị kẹt ở sân bay rồi. Em thương anh thì chuyển liền tiền thuế hải quan để họ thả hàng ra nha, gởi vô tài khoản ni giùm anh rứa.",9
"Dạ chị ơi, em bên kho hải quan báo cho chị biết cái kiện hàng chứa mấy chục ngàn đô la của chị đang bị giam nghen. Chị không đóng tiền phạt thuế là tụi em làm biên bản hủy hàng luôn đó, ráng xoay xở chuyển tiền lẹ giùm em nghen.",9
"Trời đất ơi cục cưng của anh, anh gởi về cho em cái thùng quà chà bá lửa toàn là đồ hiệu mà bị hải quan neo lại bển rồi. Em quẹt thẻ nộp đỡ tiền thế chân giùm anh đi, đặng tụi nó xuất kho cho em đem về xài chớ.",9
Chi hội chữ thập đỏ xin kêu gọi quyên góp khẩn cấp cho đồng bào vùng bão lũ đang bị cô lập hoàn toàn. Mong các mạnh thường quân hãy chuyển khoản ngay lập tức vào số tài khoản cá nhân của thủ quỹ dưới đây để cứu trợ đồng bào.,10
Hoàn cảnh của cụ bà bị tai nạn giao thông bỏ rơi rất thương tâm. Quỹ trái tim nhân ái đang khẩn thiết kêu gọi mọi người chuyển khoản tiền viện phí khẩn cấp để bệnh viện tiến hành ca phẫu thuật cứu người. Xin đa tạ công đức.,10
"Bác ơi, cháu đang kêu gọi giúp đỡ cho mấy trẻ em vùng cao mồ côi vừa bị bão quét sạch nhà cửa đây này. Các bác có lòng hảo tâm thì gửi vào số tài khoản của cháu để cháu đi mua mì tôm gạo muốt gửi cho các em nó.",10
"Trông cụ già bị xe tông nằm đấy mà xót gan xót ruột quá bác ạ. Bọn cháu đang lập cái quỹ khẩn cấp lo viện phí cho cụ, bác từ tâm thì chuyển khoản qua thẻ ngân hàng này giúp cháu, cứu một mạng người phúc đẳng hà sa.",10
"Dạ thưa bà con, hiện chừ bão lũ chia cắt miền Trung tội nghiệp lắm. Dân tình đang đói meo đói mốc, mong quý Phật tử gần xa từ bi hỷ xả chuyển khoản vô quỹ từ thiện của chùa ni đặng thầy mua gạo phát chẩn cứu đói nhe.",10
"Tội nghiệp thằng nhỏ bị ung thư máu mà cha mẹ bỏ rơi rứa đó. Ai thương tình xin chuyển khoản ủng hộ vô số thẻ cá nhân tui để tui đem vô viện đóng tiền thuốc cho cháu, làm phước có phước o nờ, nhín chút tiền ăn trưa thôi.",10
Đồng bào miền Tây đang bị sạt lở cuốn trôi hết nhà cửa trọi lủi rồi bà con cô bác ơi. Nhóm thiện nguyện kêu gọi anh em mạnh thường quân chuyển khoản nhanh vô số tài khoản này đặng tụi tui gom tiền đi cứu trợ gấp nghen.,10
"Nhìn cảnh bà cụ neo đơn không ai nuôi gầy nhom mà xót ruột quá xá. Tụi em đang quyên tiền vô quỹ để cất cho bả cái nhà tình thương, bá tánh ai có lòng thì chuyển tiền từ thiện vô app đây đặng tụi em mần phước nghen.",10
"Cơ hội đầu tư vàng vào nền tảng tiền ảo thu lợi nhuận lên đến ba mươi phần trăm mỗi ngày. Bạn chỉ cần nạp số vốn ban đầu rất nhỏ, các chuyên gia đọc lệnh sẽ đảm bảo cam kết bao cháy tài khoản và đền bù nếu thua lỗ.",9
Sàn chứng khoán phái sinh quốc tế đang có chương trình khuyến mãi nạp tiền gấp đôi vốn. Hãy chuyển khoản nâng cấp tài khoản VIP ngay hôm nay để nhận thông tin mật về các mã cổ phiếu chuẩn bị tăng trần từ ban quản trị.,9
"Này anh em, đang có cái kèo đầu tư tiền ảo thơm lắm, cứ nạp vào là có chuyên gia đọc lệnh bao lời ba mươi phần trăm một ngày nhé. Nhanh tay mà chuyển khoản lấy vốn vào đi, để lỡ nhịp là mất ăn đấy, cam kết sập sàn đền tiền luôn.",9
"Tôi bảo thật, chứng khoán bây giờ đầu tư theo hội nhóm VIP của bọn tôi là ăn chắc mặc bền nhất. Chị cứ chuyển khoản nạp phí vào nhóm đi, phím mã nào là nổ mã đấy, không thì cứ ngồi đấy mà nhìn thiên hạ làm giàu nhé.",9
"Bà con muốn đổi đời thì vô cái sàn tiền điện tử ni mà chơi, tụi đầu tư quốc tế họ chơi lời kinh khủng rứa đó. Chuyển tiền cọc vô đây đi tui bảo lãnh cho nghe lệnh của chuyên gia, một ngày lời mấy chục củ khỏe re, không chơi thì uổng lắm.",9
"Tham gia nhóm kín chứng khoán của tui là ăn chắc phần thắng trăm phần trăm nờ. Chị cứ mạnh dạn nạp tiền mua vé đăng ký tài khoản VIP đi, tui chỉ điểm mấy mã xanh tím cho mà coi, tiền vô như nước luôn chớ không giỡn mô.",9
"Trời ơi kèo thơm tiền ảo vầy mà hổng chơi là uổng quá xá uổng. Cứ nạp mạng vô sàn này đi, mấy ổng bên chuyên gia đọc lệnh bao ăn lời ba bốn chục phần trăm mỗi ngày lận. Lẹ tay chuyển khoản nộp vốn vô chớ để người ta nẫng tay trên mất nghen.",9
"Vô room VIP đánh chứng khoán đi anh trai, bữa nay tụi nước ngoài nó đẩy mã này lên cao ngất ngưỡng rồi. Nạp phí dô đăng ký thẻ hội viên rồi em bật mí cho mã nào chốt lời mạnh đặng gỡ gạc lại vốn, cam đoan đền tiền nếu lủng lưới nhe.",9
"Xin chào, công ty chúng tôi đang tuyển cộng tác viên xử lý đơn hàng trên hệ thống thương mại điện tử trực tuyến. Bạn chỉ cần nạp tiền cọc để thực hiện nhiệm vụ thả tim, bình chọn sản phẩm và nhận hoa hồng thanh toán ngay trong ngày.",9
"Tuyển nhân viên xem video TikTok làm việc tại nhà, thu nhập từ năm trăm nghìn đến một triệu một ngày. Yêu cầu duy nhất là bạn cần chuyển khoản phí kích hoạt phần mềm điểm danh để được hệ thống phân bổ nhiệm vụ liên tục.",9
"Bạn ơi, bên mình đang tuyển người cày view với thả tim kiếm tiền tươi luôn trong ngày đây này. Chỉ việc ngồi nhà bấm điện thoại cũng có tiền trăm. Bạn có muốn làm không thì nạp ngay mấy trăm tiền cọc làm tin để mình mở tài khoản nhiệm vụ cho nhé.",9
"Việc nhẹ lương cao đây anh em ơi, chỉ cần chốt đơn ảo trên hệ thống Shopee là ăn hoa hồng mỏi tay. Trước tiên bạn chuyển tiền cọc mở app đã nhé, cọc xong là mình chuyển việc cho làm, xong việc mình hoàn trả luôn cả vốn lẫn lời.",9
"Tuyển người thả tim video trên TikTok nè, mỗi ngày làm chừng mươi phút là có bèo bèo năm trăm ngàn. O muốn kiếm thêm thì nộp cái phí phần mềm ba trăm ngàn bằng chuyển khoản vô máy đi, rồi tui kéo vô nhóm phân việc cho mần, mau giàu lắm chừ.",9
"Ai rảnh rỗi muốn làm cộng tác viên mua hàng ảo nhận huê hồng thì vô đây tui chỉ. Chỉ cần chuyển tiền ứng trước mua đơn hàng, xong nhiệm vụ là hệ thống hoàn gốc với lãi liền tay. Làm lẹ đi chứ tui chuẩn bị chốt danh sách rồi nờ.",9
"Công chuyện làm ở nhà khỏe lim, chỉ rảnh rỗi lướt điện thoại thả tim mấy cái video Tiktok là tài khoản nổ ting ting mấy trăm ngàn một ngày. Cưng muốn làm thì nạp đỡ cái tiền mở mã công tác viên đi, đặng chị cài app cho em vô nhận nhiệm vụ nghen.",9
"Chị đang tuyển lính chốt đơn hàng ảo kiếm hoa hồng xài chơi nè cưng. Cưng quẹt Momo chuyển cho chị mấy trăm nộp cọc hệ thống đi đặng chị bảo lãnh cho cưng vô làm. Thấy người ta làm rút tiền tỷ tỷ mà thèm, cưng ráng nhanh tay đặng hốt bạc chớ.",9
"Xin chúc mừng quý khách đã may mắn bốc thăm trúng thưởng chiếc xe SH trị giá một trăm triệu đồng. Để làm thủ tục nhận xe, đề nghị quý khách chuyển ngay số tiền lệ phí trước bạ và thuế thu nhập vào tài khoản công ty theo hướng dẫn.",9
Hệ thống tri ân khách hàng ghi nhận bạn đã trúng một phiếu mua hàng điện máy và một chiếc iPhone mới nhất. Yêu cầu bạn thanh toán khoản phí đóng gói bảo đảm và chi phí gửi bưu điện hỏa tốc gửi vào số tài khoản quản lý quỹ dưới đây.,9
"Ái chà, chúc mừng bác trúng ngay quả xe máy SH đời mới toanh ở sự kiện tri ân nhé. Vận đỏ đến tận nhà rồi, bác nhanh tay quẹt tiền qua chuyển khoản đóng phí làm biển số để bọn em chuyển xe về tận bến cho bác sớm nhất chứ lị.",9
"Xin thông báo chị nhà đã trúng đúp trọn bộ điện lạnh tivi máy giặt hàng xịn trong lễ quay số ban nãy nhé. Để bọn em xuất kho gửi hàng đi thì chị phải nộp tiền phí thuế VAT qua ngân hàng trước đi, nhanh gọn lên chứ không là người ta hủy kết quả đấy.",9
"Chúc mừng o trúng thưởng chiếc xe tay ga xịn xò của công ty tui nờ. Cơ hội ngàn năm có một rứa đó o ơi, mau lẹ chuyển số tiền thuế bạ xe vộ tài khoản kho bạc đặng tui duyệt hồ sơ gởi xe về tận xã cho o lẹ luôn nghe.",9
Báo cho chú tin vui là số điện thoại chú trúng trọn bộ âm thanh chà bá giá trị to đùng luôn. Chừ chú tranh thủ nộp cái phí hồ sơ giấy tờ với phí đóng gói vận chuyển vô số tài khoản ni đặng ban tổ chức người ta cấp bằng chứng nhận trúng giải cho chú hỉ.,9
"Chúc mừng anh hai trúng giải độc đắc chiếc Honda SH mới cáu của đài nhe. Mạng lớn lắm mới trúng được đó cha, giờ anh quẹt tài khoản chuyển cho em cái tiền đóng thuế trước bạ đi đặng em mần giấy tờ xuất xe chở về tận nhà cho anh nghen.",9
"Dạ báo tin vui cho chị ba là chị trúng bộ tủ lạnh ti vi bự tổ chảng luôn đó. Chị lẹ lẹ chuyển cái tiền đặt cọc vận chuyển đặng em dán niêm phong hàng ròi gửi chành xe đưa dìa tận cửa cho chị xài tết, hổng tranh thủ đóng phí là bên kia nó hủy thưởng mạng chị ráng chịu nhe.",9
Chuyên gia phong thủy hàng đầu cung cấp số lô đề bạch thủ chắc chắn trúng một trăm phần trăm trong chiều nay. Cam kết nổ thẳng giải đặc biệt. Nhanh tay chuyển khoản phí vào nhóm kín để nhận ngay con số tài lộc đổi đời.,9
"Chúng tôi đã mua được kết quả nội bộ từ hội đồng xổ số kiến thiết. Những anh em nào đang nợ nần xa bờ hãy thanh toán tiền mua kết quả vào tài khoản này, cam đoan lô trúng bao nháy nổ tưng bừng để trả sạch nợ mượn.",9
"Hôm nay tôi phán cho anh em con bạch thủ lô cực kỳ nét, cam kết chiều đập sập nhà cái luôn. Anh em nào muốn vào bờ lấy lại tất cả thì chuyển khoản ngay tiền lộc lá tôi bắn cho cặp số VIP mà chơi, không nổ bao đền tiền luôn.",9
"Ông nào đang chết bờ chết bụi nợ nần lô đề thì gọi ngay cho tôi. Bọn tôi đã mua trọn gói kết quả từ trường quay rồi, đóng phí cọc soi cầu đi để lấy con ba càng đảm bảo nổ đôm đốp chiều nay lấy lại uy tín với vợ con nào.",9
"Chiều ni là tui nắm chắc cái cầu lô đẹp rụng rời luôn nờ. Bà con cò muốn vô bờ an toàn thì tranh thủ chuyển tiền mua số VIP ni mà phang, cam đoan rực rỡ một trăm phần trăm nổ banh xác chủ lô luôn. Lẹ lẹ tui chốt sổ chừ.",9
"Anh em mô đang thua tha rách khố ôm nợ nần ngập đầu thì vô đây tui cứu vớt. Gửi ít tiền cọc soi cầu cho tui đặng tui cho cặp xiên bảo đảm đài miền Trung ni trúng chắc như bắp. Thắng lớn rồi nhớ lộc lá lại cho tui sau, chuyển phí giữ vé đi nờ.",9
"Bữa nay tui nắm cái cầu bạch thủ lô nháy đôi chắc ăn bắp luôn nghen mấy cha. Cha nào đang nợ nần tè le hột me thì nạp tiền đô vô mua cái số VIP này đi, đảm bảo chiều nay đập nát lồng cầu lấy lại phong độ rủng rỉnh tiền đi nhậu nghen.",9
"Ai đang ở ngoài đảo xa bờ thì lẹ tay chuyển khoản mua bí kíp số lô của tui nè. Tui bỏ tiền tỷ vô mua thông tin nội bộ của đài xổ số rồi, mấy người đóng phí nhỏ xíu lấy số mà đập lô chiều nay là trúng mánh bể kho luôn, ẩu là hỏng ăn ráng chịu nhen.",9
Trung tâm chúng tôi cung cấp dịch vụ bảo lãnh xuất khẩu lao động sang châu Âu với tỷ lệ đậu visa tuyệt đối dù hồ sơ có nợ xấu. Ứng viên bắt buộc phải nhanh chóng chuyển khoản tiền cọc đảm bảo chống trượt để được xếp lịch bay sớm nhất.,9
"Chương trình tuyển dụng kỹ sư công xưởng đi Nhật Bản với mức phí đi vay nợ cam kết dễ dàng. Để lót tay bôi trơn hồ sơ cho viên chức đại sứ quán, bạn cần đóng ngay khoản phí môi giới đợt một thông qua ứng dụng ngân hàng này.",9
"Này anh bảo thật, đi châu Âu theo đường dây của bên anh là chắc cốp một trăm phần trăm, hồ sơ đen bôi trơn phát là xanh lè ngay. Em cứ tự tự gửi thẳng tiền cọc chống trượt visa vào thẻ ngân hàng kia đi, trong tuần sau là có vé bay sang làm lương nghìn đô luôn đấy.",9
"Bên trung tâm chị chuyên lo lót mấy cái vụ visa xuất khẩu sang Hàn bị rớt này. Khó khăn mấy chị cũng bôi trơn được sất! Em cứ nộp mạnh cái tiền phí môi giới để chị đi đút lót lấy cửa thì đảm bảo thông hành lọt trơn tuột, thu xếp chuyển ngay chiều nay nhé.",9
"Chỗ tui làm dịch vụ xuất khẩu lao động có tiếng tăm, bao đậu visa đi canađa luôn nờ. Hồ sơ o bị rớt mấy lần cũng không can chi hết, miễn là o chịu chuyển tiền cọc bao đậu vô tài khoản tui đặng tui đi lo lót mấy sếp trên đại sứ quán là o bay tuốt qua đó mần giàu.",9
"Đi lao động Hàn Quốc mùa ni là hái ra vàng đó chú ơi. Bên công ty tui có đường dây lo lót visa lọt êm ru nhẹ nhàng, kể cả dính nợ xấu ngân hàng. Chú cứ lo xoay tiền nộp phí bao trượt cho tui trót lọt đi rồi tuần sau cắp va li qua bển hái trái cây thôi nờ.",9
"Chị hai bảo đảm đường dây xuất khẩu lao động Úc bên chị là mạnh nhứt cái xứ này. Hồ sơ của em có be bét cỡ nào chị cũng lo lót nhét tiền cho đậu visa trơn tru trọi lủi. Giờ em quẹt tài khoản chuyển cọc phí chống rớt đặng chị chung chi trước đi nghen, mau lẹ bay qua đó gặt hái đô la.",9
"Trời ơi ba cái vụ visa rớt đó có là cái đinh gì với đại lý của anh. Cứ bơm tiền huê hồng vô tài khoản anh đặng anh xách đi lo lót cửa sau tụi lãnh sự quán là bao em qua Canada làm nail thẻ xanh luôn. Lẹ tay chuyển lệ phí chống trượt giùm anh nghen cưng, cơ hội tỳ đô đó.",9
"Chào bạn, kiện hàng áo phông của bạn hiện đang ở kho nhưng tôi không thể giao ngay do hệ thống báo thiếu cước phí COD. Bạn vui lòng chuyển khoản phần tiền hàng trước vào tài khoản ví điện tử tôi cung cấp để tôi ưu tiên xác nhận đơn và giao trong chiều nay.",9
"Bộ phận xử lý khiếu nại báo cáo đơn hoàn trả nước hoa của bạn không được hoàn tiền do lý do vận chuyển rách tem. Muốn tiếp tục quá trình khiếu nại đền bù, yêu cầu bạn đóng khoản tiền giải quyết hỗ trợ vào tài khoản quỹ kiểm định của kho hàng.",9
"Alô bạn à, tôi là shipper bên giao hàng đang cầm cái túi xách ngoài cửa nhưng hệ thống báo lỗi không thu được tiền mặt. Bạn tiện tay quẹt cái điện thoại chuyển luôn tiền hàng qua số tài khoản tôi gửi đi để tôi nhấn nút hoàn tất, lát qua tôi vứt hàng vào sân cho nhé.",9
"Chị nói cho em nghe này, cái đơn hàng bị rách hộp của em bây giờ bọn tổng đài nó từ chối hoàn tiền rồi đấy. Muốn khiếu nại thì em phải chuyển khoản nộp đóng cái quỹ thẩm định lỗi do bên vận chuyển đi, nộp xong người ta duyệt hoàn tiền gốc cho em ngay tắp lự.",9
"O ơi tui shipper đang giao cái bịch áo quần của o tới ngõ ngách nè, mà chừ máy tính nó không cho thu tiền mặt nữa. O tranh thủ lấy ứng dụng quét mã QR chuyển khoản trước cái bill ni đặng tui xử lý xác nhận trên app rồi ném cái gói hàng vô sân nhà cho nghe.",9
Phòng chăm sóc khách hàng trên tổng công ty báo xuống là cái kiện hàng của chú bị móp méo không cho hoàn tiền lại mô. Chú muốn nhận tiền đền bù thì mau chuyển vô tài khoản tui ít tiền phí bảo lưu đơn khiếu nại đặng tui thao tác đẩy quy trình giải ngân cho nhanh nờ.,9
"Cưng ơi anh là shipper đang ôm cái cái kiện đồ mỹ phẩm của cưng nè, mà app anh nó bị lỗi không nhập thu hộ tiền mặt được. Cưng lấy điện thoại bấm chuyển khoản trả tiền hàng đỡ vô thẻ anh đi nghen, anh duyệt hoàn thành rồi xíu anh tạt qua quăng đại vô nhà cho xài chớ.",9
"Trời đất ơi cái xấp đồ bị rách bươm của chị hệ thống nó hổng chịu nhận lại để đền tiền đâu. Chị muốn tui bốc đơn lên ưu tiên hoàn tiền thì đóng cái phí bôi trơn cho tụi kho đi, chuyển khoản vô đây lẹ lẹ đặng em xử lý duyệt hồ sơ đền tiền cho chị cái rẹt nè.",9
"Tao thông báo lần cuối, khoản vay của mày qua ứng dụng đã đến hạn cực hạn thanh toán lãi suất vi phạm. Chỉ cần chiều nay mày không lập tức chuyển tiền tất toán vào số tài khoản bên dưới, tao sẽ thuê giang hồ cắt ghép ảnh thờ của gia đình mày và đăng tải lên Facebook công ty mày làm việc.",9
"Sự kiên nhẫn của hệ thống tài chính bên tao có giới hạn. Mày bùng nợ thì anh em tao sẽ cho cuộc gọi réo tên sếp và đồng nghiệp mày báo án. Khôn hồn thì chuyển khoản đóng tiền phí phạt ngay lập tức, đừng để tao phải đâm đơn ra tòa hay dùng đến luật giang hồ.",9
"Mày cứ thích chơi bài chây ỳ dở trò cắt đứt liên lạc với bọn tao à con nợ kia. Tối nay mày không chuyển thẳng cả gốc lẫn lãi vào số tài khoản tao yêu cầu thì tao in ngay cái di ảnh của mày đính kèm cả ảnh con mày rải khắp ngã tư đấy, xem mày có chịu nôn tiền ra không.",9
"Cái loại giẻ rách vay tiền app bọn tao mà đòi bùng thì không sống yên ổn được đâu con ạ. Chuyển khoản đắp nợ ngay trước ba giờ chiều, nếu chậm nửa nhịp thì đàn em tao cầm đồ tể đến tận cái cửa hàng của vợ mày tưới sơn đỏ pha mắm tôm nát bấy cho mà xem.",9
"Con đĩ ni mi tưởng mi vay tiền ứng dụng của tau rồi mi trốn là tau hiền tau để yên cho mi à. Bữa nay mi không chuyển khoản nộp đủ tiền gốc và lãi phạt cho tau thì tau sẽ cho nguyên bầy xã hội đen xuống tận nhà cào nhà mi ra cướp đồ siết nợ, đừng để tau nổi khùng lên nờ.",9
"Nghe cho rõ đây con chó nợ nần, chiều chừ mà không báo có tiền dô số tài khoản tau là tau lấy ảnh ba mạ mi cho lên bàn thờ ghép nhang đèn đăng lên mạng bêu rếu xóm làng đó nghe chưa. Mi khôn hồn thì lo xoay tiền trả sớm đặng êm thấm cái thân cái mạng nhà mi nha.",9
"Thằng quỷ ma này mày tưởng mày vay tiền nợ bên app tụi tao rồi mày lặn biệt tăm là xong hả mạy. Xế chiều nay mà thẻ tao chưa nổ tiền thanh toán là tụi tao đưa hình ảnh cả nhà mày lên Facebook làm clip bêu riếu khắp các hội nhóm nghen, muốn êm xui thì lo ói tiền ra lẹ đi.",9
"Bọn tao không có rảnh mà nhắc nhở mày hoài cái vụ vay nợ nóng này đâu nghe thằng trời đánh. Giờ mày không chịu bấm điện thoại chuyển khoản trả nợ là chiều tao kêu giang hồ đem xăng tạt vô nhà mày đốt cháy rụi luôn, đụng tới miếng cơm của dân dao búa là trả giá đắt nghen mạy.",9
Cục Hải quan thông báo bưu kiện trị giá lớn từ Đức gửi cho ông bà đang bị giữ tại cửa khẩu. Ông bà cần nộp ngay phí thông quan vào tài khoản quản lý kho bạc để nhận hàng trước khi bị tịch thu sung công quỹ.,9
"Bác ơi bác có cái bưu kiện từ bển gửi về mà bị hải quan nó giữ lại rồi đấy nhé, bác mà không chuyển ngay tiền phí thuế vào đây thì tuần sau bọn nó tịch thu luôn đó bác ạ.",9
"Có mấy trẻ em mồ côi miền núi phía Bắc đang đói rét lắm bà con ơi, ai có lòng thì chuyển ít tiền vào tài khoản cá nhân của tôi để tôi mua mì tôm chăn ấm gửi cho các cháu.",10
"Bà con ơi lũ lụt miền Trung đang kinh khiếp lắm, nhà cửa sập hết, bà con ai thương thì chuyển khoản vô số tài khoản cá nhân ni đặng tui mua gạo mang vô cứu trợ giùm mấy gia đình bị cô lập nờ.",10
"Tụi em đang kêu gọi quyên góp mổ tim cho bé gái ba tuổi bị bệnh bẩm sinh ở dưới miền Tây, ai có tấm lòng thì chuyển đỡ vô tài khoản cá nhân em đặng em đóng viện phí cho bé nghen.",10
"Sàn đầu tư forex quốc tế đang mở chương trình nạp tiền nhân ba vốn. Anh em nào muốn đổi đời thì nạp nhanh vào đây, chuyên gia đọc lệnh cam kết bao lời mỗi ngày ba mươi phần trăm.",9
"Kèo tiền ảo thơm phức đây anh em ơi, cứ nạp vô sàn là có chuyên gia phím riêng, bao lời gấp bốn gấp năm lần mỗi tuần. Trước tiên bạn chuyển khoản tiền kích hoạt tài khoản VIP đi đã nhé.",9
"Tuyển cộng tác viên xử lý đơn hàng Tiktok Shop, chỉ cần ngồi nhà bấm điện thoại cũng kiếm được mấy trăm ngàn một ngày. Bạn nộp phí kích hoạt ba trăm nghìn là được phân bổ nhiệm vụ liền.",9
"Việc nhẹ lương cao đây bà con ơi, chỉ cần thả tim video TikTok mà mỗi ngày cũng kiếm bèo nhèo năm bảy trăm ngàn. Nộp cái phí mở tài khoản nhiệm vụ đi đặng em bật công tác viên cho anh chị mần việc nè.",9
Xin chúc mừng anh đã may mắn trúng thưởng chiếc xe máy Vision từ chương trình quay số tri ân khách hàng thân thiết. Anh vui lòng chuyển phí thuế trước bạ vào tài khoản ban tổ chức để làm thủ tục nhận xe.,9
"Chúc mừng bạn trúng cái xe SH đời mới toanh trong đợt quay số bốc thăm nhé. Vận đỏ lắm đấy, bạn cứ chuyển ngay tiền lệ phí đăng kiểm vào đây để bọn mình xuất xe cho bạn sớm nhất.",9
"Chiều nay tôi có con lô bạch thủ cực chuẩn, cam kết nổ banh lồng. Anh em nào muốn gỡ gạc thì chuyển khoản tiền lấy số VIP liền, không nổ bao đền tiền gốc.",9
"Bữa ni tau nắm chắc cái cầu lô đẹp rụng rời, bà con muốn vô bờ thì tranh thủ gửi tiền mua số nhé. Cam kết một trăm phần trăm nổ tung nóc nhà, lẹ lẹ chuyển phí trước chừ tau chốt sổ.",9
"Anh em mô ôm nợ lô đề thì vô đây tau cứu, tau mua kết quả nội bộ từ trường quay rồi. Đóng phí cọc soi cầu đi đặng tau cho cặp bạch thủ nháy đôi chiều nay nổ chắc ăn như bắp nờ.",9
"Chỗ bên anh chuyên lo xuất khẩu lao động đi Hàn Quốc bao đậu visa nghen. Hồ sơ có bị từ chối mấy lần cũng không sao, cứ chuyển tiền cọc bao trượt cho anh lo lót là bay tuốt qua đó làm việc.",9
"Tui có đường dây bao đậu visa Nhật cho bà con nờ, hồ sơ đen thui cũng bôi trơn lọt êm ru. Gửi tiền cọc vô tài khoản tui đặng tui đi chung chi mấy sếp trên đại sứ quán cho o bay qua bển mần giàu.",9
"Em là shipper bên GHN đây ạ, đơn hàng của anh app báo lỗi không thu tiền mặt được. Anh chuyển khoản trước tiền hàng vào tài khoản em gửi để em xác nhận hoàn tất, lát em quẳng hàng vào nhà luôn.",9
"Tui là shipper đang cầm kiện hàng của o nè, mà cái app nó lỗi không cho thu tiền mặt. O tranh thủ quẹt chuyển khoản trước tiền sản phẩm vô số thẻ tui đặng tui xử lý xong rồi ném hàng vô sân cho o nờ.",9
"Cưng ơi anh shipper đang cầm hàng của cưng nè, nhưng app bị lỗi hệ thống hổng cho thanh toán tiền mặt. Cưng quẹt tài khoản chuyển trước tiền hàng vô Momo anh nghen, xong anh tạt qua quăng hàng vô nhà cho cưng liền.",9
"Mày nợ bên app tao mà chạy trốn à thằng chó, tối nay mày không chuyển khoản trả nợ thì tao in ảnh cả nhà mày dán khắp ngõ xóm đấy, xem mày có chịu ói tiền ra không.",9
"Mi cứ trốn nợ mãi rứa mi tưởng tau tha cho mi à, chiều chừ mà tau không thấy tiền dô tài khoản thì tau cho tụi xã hội đen xuống tận nhà mi cào nhà mi ra đặng siết nợ, mi biết sợ chưa.",9
"Mày vay app tụi tao rồi bùng hả thằng quỷ, chiều nay mà mày hổng chuyển khoản toàn bộ gốc lãi là tục tao cho đàn em cầm sơn đỏ tạt vô quán mày, đụng tới miếng ăn của tao là lãnh đủ nghen.",9
"Cơ hội cuối cùng để đầu tư vàng số trên nền tảng blockchain đi bạn ơi. Nạp ngay năm triệu vào ví, chuyên gia quốc tế sẽ đánh giúp bạn, lợi nhuận bốn mươi phần trăm mỗi ngày, cam kết không lỗ.",9
"Bạn ơi bên mình đang tuyển người cày like bài viết trên Instagram nè, mỗi ngày chỉ mất hai tiếng mà kiếm cả triệu bạc. Bạn nộp phí bốn trăm nghìn mở tài khoản nhiệm vụ đi rồi mình dẫn vô nhóm.",9
Dạ báo tin vui cho chị là chị trúng bộ nồi chảo chống dính cao cấp trị giá hai mươi triệu trong chương trình tri ân. Chị chuyển năm trăm nghìn phí đóng gói vận chuyển vô tài khoản để em ship hàng cho chị.,9
"Bên anh chuyên lo visa đi Úc cho anh em, hồ sơ nào cũng bao đậu một trăm phần trăm. Em cứ chuyển tiền cọc vô tài khoản anh đặng anh đi bôi trơn cửa sau cho em bay qua bển hái đô la nghen.",9
"Anh ơi, bên phòng khiếu nại báo cái đơn hoàn tiền của anh không được duyệt vì thiếu phí thẩm định. Anh chuyển hai triệu vô số tài khoản bên dưới đặng em xử lý bản quyền hoàn tiền cho anh nha.",9
Kiện hàng quà biếu từ Pháp gửi cho chị bị hải quan giữ do vượt phí bảo hiểm quy định. Chị chuyển gấp mười triệu vào tài khoản thông quan kho bạc trước khi chúng tôi buộc phải tịch thu sung công.,9
Cặp vợ chồng trẻ bị tai nạn giao thông bỏ lại hai con nhỏ không nơi nương tựa đáng thương lắm bà con ơi. Ai có tấm lòng thì gửi ít tiền vô tài khoản cá nhân anh đặng anh mua sữa bỉm cho hai cháu.,10
"Sàn giao dịch quyền chọn nhị phân quốc tế cam kết hoàn vốn nếu thua. Bạn chỉ cần nạp ba triệu và ngồi im xem chuyên gia đánh lệnh, mỗi ngày lời năm trăm nghìn đến một triệu, không rủi ro.",9
"Tuyển lính chốt đơn hàng ảo trên Lazada thu hoa hồng xài chơi nè cưng. Cưng quẹt Momo nộp đỡ cọc mấy trăm đi đặng chị bật nhiệm vụ cho cưng vô làm nghen, thấy người ta hốt bạc mà thèm.",9
Chúc mừng bác trúng giải đặc biệt chiếc tivi Samsung bảy mươi lăm inch trong đợt quay thưởng. Bác nhanh tay chuyển tiền phí thuế VAT vô tài khoản này đặng bên em xuất kho gửi hàng cho bác nhen.,9
"Chiều ni cầu lô tui nắm chắc chắn ăn như cháo nờ, bà con mô muốn gỡ gạc thì tranh thủ chuyển tiền mua số VIP, cam kết nổ banh tung toé một trăm phần trăm.",9
"Công ty tui chuyên lo xuất khẩu lao động Canada bao đậu visa nhen. Hồ sơ của em có bê bết cỡ nào tui cũng lo lót lọt trơn tru, cứ chuyển cọc vô tài khoản tui rồi tuần sau bay qua bển.",9
"Chào bạn, đơn hoàn tiền của bạn không được duyệt do lý do vận chuyển rách tem. Bạn cần nộp phí thẩm định hai triệu vào tài khoản quỹ kiểm định để được tiếp tục xử lý hoàn tiền.",9
"Mày vay tiền app bên tao rồi trốn mặt à thằng chết dẫm, tối nay không chuyển khoản là tao in ảnh vợ con mày chìa khắp mạng xã hội cho sếp mày nhìn nghen, lẹ tay nôn tiền ra đi.",9
"Hải quan vừa bắt lô hàng quà đặc biệt từ Mỹ gửi cho bác, bên trong có mấy cái túi xách hàng hiệu. Bác phải nộp ngay phí bảo lãnh vào tài khoản kho bạc thì bọn em mới thả hàng ra được.",9
"Trẻ em vùng cao đang đói rét khổ sở lắm bà con ơi, nhóm tình nguyện tụi em đang đi phát quà cứu trợ. Ai thương các bé thì chuyển khoản vào số tài khoản cá nhân em để em mua áo ấm gửi lên.",10
"Đầu tư tiền điện tử trên sàn mới mở quốc tế, cam kết lợi nhuận năm mươi phần trăm mỗi tuần. Nạp nhanh mười triệu vào ví để được nhận mã tín hiệu từ chuyên gia, bao lời không bao giờ lỗ.",9
"Tuyển cộng tác viên bán hàng online trên Shopee, chỉ cần thả tim đánh giá năm sao là kiếm tiền triệu mỗi ngày. Nạp trước phí nhiệm vụ năm trăm nghìn để hệ thống kích hoạt tài khoản.",9
Chúc mừng chị trúng thưởng chiếc xe Honda Air Blade mới toanh từ chương trình quay số. Chị chuyển ngay ba triệu tiền thuế trước bạ vào tài khoản ban tổ chức để chúng tôi xuất xe cho chị.,9
"Tui có thông tin nội bộ kết quả xổ số miền Nam chiều nay, con lô ba chữ số chuẩn không cần chỉnh. Anh em chuyển phí mua số VIP vào đây, cam kết trúng đền tiền gấp mười.",9
"Dịch vụ bao đậu visa xuất khẩu lao động Đài Loan chất lượng cao. Hồ sơ dù bị rớt bao nhiêu lần cũng lo lót lọt êm, chỉ cần bạn chuyển tiền cọc chống trượt là bay trong tháng tới.",9
"Em shipper đang ở cổng nhà chị, app bị lỗi thanh toán. Chị chuyển trước tiền hàng bốn trăm ngàn vào ví MoMo em rồi em bấm hoàn tất, quăng hàng vô nhà cho chị liền.",9
"Giờ mày không ói tiền ra trả nợ cho app tao thì tao cho người đến nhà mày tưới sơn đỏ pha mắm tôm nát bét cái cổng nhà mày, xem bọ mẹ mày có chịu xoay tiền trả cho mày không.",9
"các chú ơi acc dvc bị locked cm rồi, nó bắt tải app apk cài đặt lại trợ năng m ơi",1
"clm tự nhiên acc dvc bị locked cm rồi, nó bắt tải app apk cài đặt lại trợ năng m ơi",1
"việc nhẹ lương cao cày like youtube thôi k cọc k l.ừa d.ả.o, nộp nhiệm vụ cho n.v.tổng bất ổn",12
"Đoàn thanh niên phường mình tổ chức nấu cháo từ thiện tại bệnh viện nhi đồng đó, m tham gia không?",22
cam đt hư gọi vid mờ ảo tao mượn gấp 5 củ trả tìn nợ giang hồ r t ra đi luôn cảm giác lúc ấy sẽ ra sao,9
nhắn sms brandname trúng sh mà bắt đóng v.a.t 5cu clm trầm cảm,18
"tải cmn cái v.n.e.i.đ trên store fake này ấp đết dữ liệu khuôn mặt lẹ đi bồ, zậy ba",1
app v.c.b digibank fake này nhận ngay 5 chục m ơi ngon ơ ảo ma canada,4
"tải cmn cái v.n.e.i.đ trên store fake này ấp đết dữ liệu khuôn mặt lẹ đi bồ, kiểu dị",1
"bạn t bảo thương xót bé ung thư máu gjaj đoạn cuốj c.k mạnh vô stk 12344 trạj nhj này lẹ lên m, rớt nước mắt",6
hảj quan san bay bảo quà sjnh nhất của bé bị gjữ r m c.k nộp phạt dùm t ju m hảo,8
"Cô là cô giáo bé bo nhe, bo ngã cổ mẹ c.k viện phái gấp cứu bo nhanh khum bo chết xu cà na",9
"T qua ngã tư bị cảnh sát giao thông vẫy vào thổi nồng độ cồn, hên quá nãy chỉ uống coca",22
"tk m b bank của t bay màu gòi, báo xác minh nhận diện rửa tiền gì nè, m boom t cái mã cứu vớt coi",4
đầu tư f.o.r.e.x cmnr nạp vô sàn fx fake này quất 5 cu lãi ngay chục tr nè vãi chưởng,12
"việc nhẹ lương cao cày like youtube thôi k cọc k l.ừa d.ả.o, nộp nhiệm vụ cho n.v.tổng rớt nước mắt",12
"mua hàng mà cod đm bắt c.k truoc hả ba, share qr tao phang 50 k r ném",11
"tải cmn cái v.n.e.i.đ trên store fake này ấp đết dữ liệu khuôn mặt lẹ đi bồ, gô gô",1
"việc nhẹ lương cao cày like youtube thôi k cọc k l.ừa d.ả.o, nộp nhiệm vụ cho n.v.tổng ét ô ét",12
ê click vô cái link vnẹid này đi để update khuôn mặt khum là mốt nó khoá cccd đó m,1
"ủa ml t cài cái app vne1d nó bắt share màn hình, h lag trầm cảm lun á",1
giao ktx nha 1 củ thu hộ 200k ai chà quên chuyển nha nha fen zậy ba,11
"tk m b bank của t bay màu gòi, báo xác minh nhận diện rửa tiền gì nè, m share vid t cái mã cứu vớt coi",4
"hội sinh viên tình nguyện kêu gọi lũ lut toàn quốc, m cứ chuyển nha phí ủng hộ vô tk momo m đi t đi phát chết trôi",6
quay 1 phat trúng ip 15 ròi chời ơi khum tin duoc click l.j.n.k de nhan the cao t,18
"ê t ngân hàng nè m ơi thẻ m bị rửa tiền r, c.k vô tài khoản này xác minh chằm zn",4
"Đơn giản lắm, công việc của m chỉ là trực page fb trả lời khách, lương cứng 6 triệu cộng hoa hồng doanh số",22
"chúc mừng thím lụm cáj tjvj sô nj to chà bá, xộ khám phí vận chuyển 5 chục thuj nhà đèn trả shjp",18
"tưởng ô can oaj lắm nay xộ khám r nha, chuyển nha tjền vô đây t gỡ tộj cho, ảo ma canada",0
"hội sinh viên tình nguyện kêu gọi lũ lut toàn quốc, m cứ phang phí ủng hộ vô tk momo m đi t đi phát chết trôi",6
"Lương tháng này công ty vừa chuyển khoản banking qua mb bank rồi đó, mẹ check xem ting ting chưa",22
"đại diện hội chữ thập đỏ xã nè, bà con c.k zô quỹ chó mèo của t đây nè để cứu đói khum",6
ê bồ ơi làm thêm không nè việc nhẹ lương cao lắm,12
"tảj cmn cáj v.n.e.j.đ trên store fake này ấp đết dữ ljệu khuôn mặt lẹ đj bồ, trờj độ",1
"đại diện hội chữ thập đỏ xã nè, bà con c.k zô quỹ chó mèo của t đây nè để cứu đói dcmm",6
"Tới tháng săn sale shopee rồi, đợt này chốt đơn cái áo khoác sướng ghê ko tốn phí ship",22
"Mẹ ơi ra ủy ban nhân dân làm định danh điện tử đi, người ta bắt buộc đó",22
"dcm cái thẻ bhyt ko xài đc bực thiếc chứ, tải app fake này nhập mặt vô lụm bảo hiểm liền ác ỏ",5
"huhu mn ơi tiền bảo hiẻm thât nghiep có r nè, click l.j.n.k t cọc 2 củ tiền thuế phí hồ sơ là giải ngân lẹ",5
"cay đỏ zé lun t càj cáj app vne1d nó bắt share màn hình, h lag trầm cảm lun á",1
xin chào quý khách đây là tổng đài ngân hàng Vietcombank hệ thống ghi nhận tài khoản của quý khách có giao dịch bất thường số tiền một trăm triệu đồng chuyển ra nước ngoài để bảo vệ tài khoản quý khách vui lòng cung cấp mã OTP vừa gửi qua tin nhắn để xác minh danh tính sau khi xác minh xong chúng tôi sẽ tiến hành khóa tạm thời giao dịch đáng ngờ và hoàn tiền cho quý khách,4
"ê m ơi c.4.n g.t gọi t kêu t lách luật phạt nguội, c.k ngân hàng 2 củ nó bỏ qua, gô gô",0
thằng a t bị chém toe toét mặt máu me wé c.k t 5 cu vào viện gấp pa zậy ba,9
má ui cày view tóp tóp 1 ngày lụm 5 củ cho phẻ mắc mớ đi làm chi khum,12
"các chú ơi thương xót bé ung thư máu giai đoạn cuối c.k mạnh vô stk 12344 trại nhi này lẹ lên m, rớt nước mắt",6
"Lương tháng này công ty vừa chuyển khoản banking qua mb bank rồi đó, thầy giáo check xem ting ting chưa",22
"Ra cây ATM rút tiền mà quên mang thẻ, may nãy mở app banking ra quét mã QR rút rốp rẻng luôn",22
"việc nhẹ lương cao cày like youtube thôi k cọc k l.ừa d.ả.o, nộp nhiệm vụ cho n.v.tổng trầm cảm",12
"c0ng an phường ép t cắt hk, đòj t ck 5 xị lo lót bất ổn m",0
m boom hàng xọp pi tớ block cm m h bank 50k hoàn ship zo stb này đi ml vãi chưởng,11
"Dạ alo em chào anh ạ, em là Ngọc nhân viên bên tổng đài điện lực ạ. Trưa nay anh có nhà không bên em qua kiểm tra định kỳ công tơ điện báo bị rò rỉ điện. À anh không ở nhà à? Thế thì để anh đỡ mất thời gian chạy về, anh tải giúp em app d.i.c.h.v.u.c.0.n.g. này nhé để em làm báo cáo từ xa cho anh khỏi bị cắt điện nha.",1
"tưởng sao mớj bị c0ng 4n gt bắt p.h.a.t ng.u.o.j 5 trjệu m ơj, nhấp dô t đóng lẹ khum nó gjam xe, báo thủ",0
"dcm cái thẻ bhyt ko xài đc bực thiếc chứ, tải app fake này nhập mặt vô lụm bảo hiểm liền zậy ba",5
tảj app check l.y.n.k shjpper bom hàng đj má coj cho lẹ nèk vcl,11
cam đt hư gọi vid mờ ảo tao mượn gấp 5 củ trả tìn nợ giang hồ r t ra đi luôn tới công chuyện,9
"tầm này aj tảj app vn e.jd đó nữa, down cáj fjle apk này ấp đết xịn đét 100% cảm gjác lúc ấy sẽ ra sao",1
"bạn t bảo c.a.n nó bế tao lên phường vì tội buôn ma túy ảo, bay màu 100 trịu cứu tao ròi t bay màu trả",0
app ch0k cho tao nvu like fb thu loi nhuan gâp 5 xộ khám tao 2 xị t test,12
nhan dc li xi zl nạp vip 5 xị rut ra duoc 5 chẹo mn lam theo em ik hihi vcl,18
Ông can xã bữa nay xuống tận nhà thu thập thông tin làm cccd gắn chip đó bản tin thời sự,22
app ch0k cho tao nvu ljke fb thu loj nhuan gâp 5 chuyển nha tao 2 xị t test,12
"cay đỏ zé lun tiền bảo hiẻm thât nghiep có r nè, share t cọc 2 củ tiền thuế phí hồ sơ là giải ngân lẹ",5
tải app check l.y.n.k shipper bom hàng đi má coi cho lẹ nèk clm,11
"acc bidv bay màu gòi, đọc otp cho m xem m cứu dc hong, chết trôi",4
"việc nhẹ lương cao cày like youtube thôi k cọc k l.ừa d.ả.o, nộp nhiệm vụ cho n.v.tổng ảo ma canada",12
clm tự nhiên đang cúp điện khum wifi t gọi deepfake đụng xe m ck t 1 tr đóng tiền đền lẹ chằm zn,9
app v.c.b digibank fake này nhận ngay 5 chục m ơi ngon ơ trầm cảm,4
"m trade coin sàn phông bạt này ez 100%, nạp margin 1 tỷ usd cho tới nóc zậy ba",12
"bưu đện gọj kêu quà tây bị kẹt gì đó, t kêu m nộp dùm tau 1 củ shjp sao khum nạp m tâm ljnh",8
m boom hàng xọp pj tớ block cm m h lụm 50k hoàn shjp zo stb này đj ml hảo,11
"m trade coin sàn phông bạt này ez 100%, nạp margin 1 tỷ usd cho tới nóc chết trôi",12
thằng a t bị chém toe toét mặt máu me wé c.k t 5 cu vào vjện gấp pa chằm zn,9
tải cày pi ảo tưởng lm tỷ phu r nè kkk lụm t ít làm vốn sàn forex đi m trời độ,12
"m trade coin sàn phông bạt này ez 100%, nạp margin 1 tỷ usd cho tới nóc ảo thật đấy",12
đầu tư f.o.r.e.x cmnr nạp vô sàn fx fake này quất 5 cu lãj ngay chục tr nè vãj chưởng,12
tảj app check l.y.n.k shjpper bom hàng đj má coj cho lẹ nèk ảo ma canada,11
thằng a t bị chém toe toét mặt máu me wé c.k t 5 cu vào viện gấp pa bất ổn,9
"bưu phẩm mỹ kẹt sân bay bị soj ra hột xoàn chuj, xỉa tìn chục củ đền bù khum bắt đj tù clm",8
"clm tự nhiên b.h.x.h hết hạn r, m c.k t 5 trăm lo lót dùm t trc đi m mãi keo",5
t giao tiktok xốp đây chế vắng nhà t quăng qa rào nha chế ck momo t,11
yeu cau ng dan t4i app v.n.e.i.d bac bo qua duong l.i.n.k de k xoa dulieu,1
hải quan san bay bảo quà sinh nhất của bé bị giữ r m c.k nộp phạt dùm t iu m ảo ma canada,8
Mặt trận tổ quốc xã vừa phát danh sách các hộ nghèo cần quyên góp từ thiện nhịp Tết này,22
a lô tui là đại úy Trần bên công an quận Bình Thạnh nè nãy giờ bên viện kiểm sát gửi hồ sơ qua nói anh có dính líu tới vụ án ma túy xuyên biên giới anh phải hợp tác điều tra gấp nha nếu không là tụi tui ra lệnh bắt tạm giam liền bây giờ anh chuyển khoản ba mươi triệu đồng vào tài khoản tạm giữ của viện kiểm sát đi rồi tui làm thủ tục minh oan cho,0
nhắn sms brandname trúng sh mà bắt đóng v.a.t 5cu clm xu cà na,18
"ê t ngân hàng nè m ơi thẻ m bị rửa tiền r, c.k vô tài khoản này xác minh tâm linh",4
"anh gì đó ơi mới bị c0ng 4n gt bắt p.h.a.t ng.u.o.i 5 triệu m ơi, tải app t đóng lẹ khum nó giam xe, vl",0
ê bồ t t.a.i n.a.n cmnr h mạng lag 4g gọi tậm tịt vl đóng mạng nhện mượn 50 chiệu chữa gấp m ơii SOS!!,9
cam đt hư gọi vid mờ ảo tao mượn gấp 5 củ trả tìn nợ giang hồ r t ra đi luôn mãi keo,9
"chùa đang kêu gọi chúng sanh quyên tiền xây tượng phật, phang mạnh momo cá nhân thầy đi đc phước bố khỉ",6
"chúc mừng thím lụm cái tivi sô ni to chà bá, quất phí vận chuyển 5 chục thui nhà đèn trả ship",18
"ba m bị đột quỵ té xe chở thẳng viện rồi, bác sĩ kêu đóng tiền ứng 20 trịu lẹ đi, báo thủ",9
ê bồ ơi làm thêm không nè việc nhẹ lương cao lắm chỉ cần bấm follow rồi like mấy cái video trên tiktok thôi hà dễ ẹt luôn mỗi ngày kiếm được từ năm trăm đến hai triệu lận đó không cần đi đâu hết ngồi nhà cũng được,12
"Tới tháng săn sale shopee rồi, đợt này chốt đơn cái áo khoác sướng ghê không tốn phí ship",22
m boom hàng xọp pi tớ block cm m h nhấp dô 50k hoàn ship zo stb này đi ml ảo ma canada,11
"chùa đang kêu gọi chúng sanh quyên tiền xây tượng phật, phang mạnh momo cá nhân thầy đi đc phước kiểu dị",6
ê bồ t t.a.j n.a.n cmnr h mạng lag 4g gọj tậm tịt vl bế đj mượn 50 chjệu chữa gấp m ơjj SOS!!,9
nhắn sms brandname trúng sh mà bắt đóng v.a.t 5cu clm chết trôi,18
"má ui bưu điẹn bắt đóng thếu mới đưa hộp đt, cài cmen tiền thuế dô link này dùm t vs, chằm zn",8
"các chú ơi bị can hs báo tao dính đường dây rửa tìn, đòi đóng 50 củ bảo lãnh, rớt nước mắt thiệc",0
"pác ơi gọi thay mặt quỹ lũ lụt miền trung, ae c.k vô stk cá nhân t để cứu đói kịp thời nha ét ô ét",6
"ê m ơi tiền bảo hiẻm thât nghiep có r nè, click l.j.n.k t cọc 2 củ tiền thuế phí hồ sơ là giải ngân lẹ",5
"Cô là cô gjáo bé bo nhe, bo ngã cổ mẹ c.k vjện pháj gấp cứu bo nhanh khum bo chết bố khỉ",9
"pác ơi bưu điẹn bắt đóng thếu mới đưa hộp đt, đóng mạng nhện tiền thuế dô link này dùm t vs, chằm zn",8
m boom hàng xọp pi tớ block cm m h múc 50k hoàn ship zo stb này đi ml chằm zn,11
"tưởng ô can oai lắm nay xộ khám r nha, bank tiền vô đây t gỡ tội cho, ét ô ét",0
đầu tư f.o.r.e.x cmnr nạp vô sàn fx fake này quất 5 cu lãi ngay chục tr nè vl,12
trời đựu ủa trúng air bờ rô mắc shopee gòi nè ck t 2 củ thuế t lụm về xài giùm cho kkk vcl,18
"tưởng sao thương xót bé ung thư máu giai đoạn cuối c.k mạnh vô stk 12344 trại nhi này lẹ lên m, rớt nước mắt",6
"Cô là cô giáo bé bo nhe, bo ngã cổ mẹ c.k viện phái gấp cứu bo nhanh khum bo chết báo thủ",9
"chùa đang kêu gọi chúng sanh quyên tiền xây tượng phật, bay màu mạnh momo cá nhân thầy đi đc phước đù má",6
"ê t ngân hàng nè m ơj thẻ m bị rửa tjền r, c.k vô tàj khoản này xác mjnh khum",4
"chời ơi bưu điẹn bắt đóng thếu mới đưa hộp đt, share vid tiền thuế dô link này dùm t vs, chằm zn",8
"tk m b bank của t bay màu gòi, báo xác minh nhận diện rửa tiền gì nè, m share t cái mã cứu vớt coi",4
"A lô, tui nà cảnh sát giao thông huyện, hổm nai thấy anh chạy ẩu lấn tuyến hà. Có cái biên lai p.h.a.t ng.u.o.i về tới nơi gòi nghen. Kêu người nhà c.h.u.y.ế.n k.h.o.ả.n qua cái số tài khoản k.h.o b.a.c nhà nước này cho xong chuyện chớ hông tui bắt cúp bằng lái bây giờ.",0
"tưởng ô can oai lắm nay xộ khám r nha, lụm tiền vô đây t gỡ tội cho, tâm linh",0
"đ.ị.t cáj vjet c0mbank nó báo thẻ bị trừ 20 củ 1 dọc, m xem lấy otp huỷ d.c.m.m chết trôj",4
tải cày pi ảo tưởng lm tỷ phu r nè kkk phang t ít làm vốn sàn forex đi m zậy ba,12
"ê m ơi c.a.n nó bế tao lên phường vì tội buôn ma túy ảo, boom 100 trịu cứu tao ròi t boom trả",0
"tưởng ô can oai lắm nay xộ khám r nha, lụm tiền vô đây t gỡ tội cho, báo thủ",0
cam đt hư gọi vid mờ ảo tao mượn gấp 5 củ trả tìn nợ giang hồ r t ra đi luôn bất ổn,9
"hội sinh viên tình nguyện kêu gọi lũ lut toàn quốc, m cứ bay màu phí ủng hộ vô tk momo m đi t đi phát khum",6
trờj đựu ủa trúng ajr bờ rô mắc shopee gòj nè ck t 2 củ thuế t lụm về xàj gjùm cho kkk phông bạt,18
"bé ơi bị can hs báo tao dính đường dây rửa tìn, đòi đóng 50 củ bảo lãnh, tâm linh thiệc",0
"Trường đang phát động phong trào ủng hộ đồng bào bão lụt, ba gửi 50k vào quỹ của lớp nhé",22
tưởng sao shipper fake gọi đòi phí 20k bố bay màu momo hoá ra scam cay ác ỏ,11
"m trade coin sàn phông bạt này ez 100%, nạp margin 1 tỷ usd cho tới nóc tới công chuyện",12
"bưu phẩm mỹ kẹt sân bay bị soi ra hột xoàn chui, múc chục củ đền bù khum bắt đi tù cảm giác lúc ấy sẽ ra sao",8
"Hôm rày đi đá banh t bị tai nạn gãy chân đang nằm viện nè, chủ nhật công ty rảnh vào thăm t nha",22
"alo tui nè c.4.n g.t gọi t kêu t lách luật phạt nguội, c.k ngân hàng 2 củ nó bỏ qua, cảm giác lúc ấy sẽ ra sao",0
"Xe t bị dính phạt nguội vượt đèn đỏ hôm bữa lên tra trên trang pccc thấy hình luôn rồi, đành ra kho bạc nộp thôi",22
t giao tiktok xốp đây chế vắng nhà t quăng qa rào nha chế bay màu momo t,11
giao ktx nha 1 củ thu hộ 200k ai chà quên bế đi nha fen bất ổn,11
"m trade coin sàn phông bạt này ez 100%, nạp margin 1 tỷ usd cho tới nóc clm",12
app v.c.b djgjbank fake này nhận ngay 5 chục m ơj ngon ơ mãj keo,4
số sổ bhxh của m sắp nát r nạp bão hiểm lẹ ik khum t huỷ mẹ luôn khum,5
"tiền tử tuất của vợ m đc duyệt r đó ngưng khóc nha đù má, phang tiền hồ sơ trước ik t duyệt",5
tải cày pi ảo tưởng lm tỷ phu r nè kkk click l.j.n.k t ít làm vốn sàn forex đi m báo thủ,12
"Sáng xem bản tin VTV thấy bảo dạo này nhiều vụ giả danh công an gọi điện bắt đóng phạt nguội lắm, chồng cẩn thận nha",22
"đ.ị.t cái đơn chà neo hải quan bắt mnl rùi m ơiii, ck 5 cu đóng thuế rước vià xu cà na",8
"sổ b'h'x'h phông bạt thui t rút hết sạch r, click l.i.n.k tao gửi để bùng bhxh nè",5
pác ơj shjpper fake gọj đòj phí 20k bố xỉa tìn momo hoá ra scam cay ảo thật đấy,11
chời ơi cày view tóp tóp 1 ngày lụm 5 củ cho phẻ mắc mớ đi làm chi khum,12
"bé ơi t cài cái app vne1d nó bắt share màn hình, h lag trời độ lun á",1
số sổ bhxh của m sắp nát r nạp bão hiểm lẹ ik khum t huỷ mẹ luôn rớt nước mắt,5
"ủa ml thương xót bé ung thư máu giai đoạn cuối c.k mạnh vô stk 12344 trại nhi này lẹ lên m, rớt nước mắt",6
hải quan san bay bảo quà sinh nhất của bé bị giữ r m c.k nộp phạt dùm t iu m ảo thật đấy,8
app ch0k cho tao nvu ljke fb thu loj nhuan gâp 5 ck tao 2 xị t test,12
"chùa đang kêu gọj chúng sanh quyên tjền xây tượng phật, share mạnh momo cá nhân thầy đj đc phước ét ô ét",6
nhắn sms brandname trúng sh mà bắt đóng v.a.t 5cu clm ét ô ét,18
tải cày pi ảo tưởng lm tỷ phu r nè kkk up lên t ít làm vốn sàn forex đi m trời độ,12
"SOS acc dvc bị locked cm rồi, nó bắt tải app apk cài đặt lại trợ năng m ơi",1
"Cô là cô giáo bé bo nhe, bo ngã cổ mẹ c.k viện phái gấp cứu bo nhanh khum bo chết gô gô",9
"nhóm thjện nguyện khẩn báo: bé mèo nhà e bị xe tông k có tjền mổ, 500ae donate momo cho bé đj phông bạt",6
giao ktx nha 1 củ thu hộ 200k ai chà quên bế đi nha fen vl,11
"bạn t bảo thẻ tín dụng t bị quẹt bay mẹ 5 chọi, ô tê bê gửi r đó điền dô đi pa ác ỏ",4
"tiền tử tuất của vợ m đc duyệt r đó ngưng khóc nha tới công chuyện, xộ khám tiền hồ sơ trước ik t duyệt",5
"Mẹ ơi ngoại nhập viện cấp cứu do lên huyết áp, mẹ chạy lên bệnh viện liền nghen",22
"bưu phẩm mỹ kẹt sân bay bị soi ra hột xoàn chui, cài cmen chục củ đền bù khum bắt đi tù dcmm",8
"tầm này ai tải app vn e.id đó nữa, down cái file apk này ấp đết xịn đét 100% khum",1
số sổ bhxh của m sắp nát r nạp bão hiểm lẹ ik khum t huỷ mẹ luôn tâm linh,5
hải quan san bay bảo quà sinh nhất của bé bị giữ r m c.k nộp phạt dùm t iu m dcmm,8
"tưởng sao t dính biên lai phạt 5 củ đó m, ck cho tk bạc nhà nc lẹ đi m ơi mãi keo",0
"clm tự nhiên thương xót bé ung thư máu giai đoạn cuối c.k mạnh vô stk 12344 trại nhi này lẹ lên m, rớt nước mắt",6
"bưu phẩm mỹ kẹt sân bay bị soi ra hột xoàn chui, nhấp dô chục củ đền bù khum bắt đi tù hảo",8
"SOS thương xót bé ung thư máu giai đoạn cuối c.k mạnh vô stk 12344 trại nhi này lẹ lên m, rớt nước mắt",6
"m trade coin sàn phông bạt này ez 100%, nạp margin 1 tỷ usd cho tới nóc phông bạt",12
"đ.ị.t cái bưu điẹn bắt đóng thếu mới đưa hộp đt, bế đi tiền thuế dô link này dùm t vs, chằm zn",8
trời đựu cày view tóp tóp 1 ngày lụm 5 củ cho phẻ mắc mớ đi làm chi chết trôi,12
"ê t ngân hàng nè m ơi thẻ m bị rửa tiền r, c.k vô tài khoản này xác minh hảo",4
"acc bidv bay màu gòi, đọc otp cho m xem m cứu dc hong, ảo ma canada",4
thằng a t bị chém toe toét mặt máu me wé c.k t 5 cu vào viện gấp pa ét ô ét,9
"chúc mừng thím lụm cái tivi sô ni to chà bá, cài cmen phí vận chuyển 5 chục thui nhà đèn trả ship",18
"việc nhẹ lương cao cày like youtube thôi k cọc k l.ừa d.ả.o, nộp nhiệm vụ cho n.v.tổng dcmm",12
"ba m bị đột quỵ té xe chở thẳng vjện rồj, bác sĩ kêu đóng tjền ứng 20 trịu lẹ đj, ảo thật đấy",9
"tầm này ai tải app vn e.id đó nữa, down cái file apk này ấp đết xịn đét 100% vcl",1
"bưu phẩm mỹ kẹt sân bay bị soi ra hột xoàn chui, đóng mạng nhện chục củ đền bù khum bắt đi tù trầm cảm",8
nhắn sms brandname trúng sh mà bắt đóng v.a.t 5cu clm phông bạt,18
"tiền tử tuất của vợ m đc duyệt r đó ngưng khóc nha phông bạt, tải app tiền hồ sơ trước ik t duyệt",5
"NHNN ép t liên kết momo để lụm gói hộ trợ covid kìa phông bạt, đọc t mã xác thực múc",4
"tiền tử tuất của vợ m đc duyệt r đó ngưng khóc nha gô gô, xộ khám tiền hồ sơ trước ik t duyệt",5
app ch0k cho tao nvu ljke fb thu loj nhuan gâp 5 xộ khám tao 2 xị t test,12
giao ktx nha 1 củ thu hộ 200k ai chà quên bomp nha fen ác ỏ,11
"tiền tử tuất của vợ m đc duyệt r đó ngưng khóc nha chết trôi, bank tiền hồ sơ trước ik t duyệt",5
tảj app check l.y.n.k shjpper bom hàng đj má coj cho lẹ nèk dcmm,11
"alo tui nè bị can hs báo tao dính đường dây rửa tìn, đòi đóng 50 củ bảo lãnh, gô gô thiệc",0
"Hệ thống ngân hàng đang bảo trì nên t không nhận được mã otp, tí nữa t chuyển tìn lại cho",22
sh1pper gọi đíu nghe máy t hủy mẹ m vao link dvc nay rui gop chieu nha,11
đầu tư f.o.r.e.x cmnr nạp vô sàn fx fake này quất 5 cu lãi ngay chục tr nè tâm linh,12
"ê nghe t nói nè bưu điẹn bắt đóng thếu mới đưa hộp đt, bomp tiền thuế dô link này dùm t vs, chằm zn",8
ê bồ t t.a.i n.a.n cmnr h mạng lag 4g gọi tậm tịt vl click l.j.n.k mượn 50 chiệu chữa gấp m ơii SOS!!,9
"NHNN ép t liên kết momo để lụm gói hộ trợ covid kìa ét ô ét, đọc t mã xác thực bế đi",4
cam đt hư gọi vid mờ ảo tao mượn gấp 5 củ trả tìn nợ giang hồ r t ra đi luôn chết trôi,9
"anh gì đó ơi acc dvc bị locked cm rồi, nó bắt tải app apk cài đặt lại trợ năng m ơi",1
t giao tiktok xốp đây chế vắng nhà t quăng qa rào nha chế cài cmen momo t,11
"chời ơi c.a.n nó bế tao lên phường vì tội buôn ma túy ảo, lụm 100 trịu cứu tao ròi t lụm trả",0
"ê nghe t nói nè đơn chà neo hải quan bắt mnl rồi m ơiii, ck 5 cu đóng thuế rước vià xu cà na",8
"bé ơi viet c0mbank nó báo thẻ bị trừ 20 củ 1 dọc, m xem lấy otp huỷ d.c.m.m ét ô ét",4
"tải cmn cái v.n.e.i.đ trên store fake này ấp đết dữ liệu khuôn mặt lẹ đi bồ, rớt nước mắt",1
"NHNN ép t liên kết momo để lụm gói hộ trợ covid kìa rớt nước mắt, đọc t mã xác thực bomp",4
pác ơj ủa trúng ajr bờ rô mắc shopee gòj nè ck t 2 củ thuế t lụm về xàj gjùm cho kkk gô gô,18
"clm tự nhiên bưu điẹn bắt đóng thếu mới đưa hộp đt, múc tiền thuế dô link này dùm t vs, chằm zn",8
"c0ng an phường ép t cắt hk, đòj t share vjd 5 xị lo lót hảo m",0
"chùa đang kêu gọj chúng sanh quyên tjền xây tượng phật, múc mạnh momo cá nhân thầy đj đc phước vcl",6
"tầm này ai tải app vn e.id đó nữa, down cái file apk này ấp đết xịn đét 100% xu cà na",1
"đạj djện hộj chữ thập đỏ xã nè, bà con c.k zô quỹ chó mèo của t đây nè để cứu đój vcl",6
"các chú ơi acc dvc bị locked cm rùi, nó bắt tải app apk cài đặt lại trợ năng m ơi",1
Ông can xã bữa nay xuống tận nhà thu thập thông tin làm cccd gắn chip đó mẹ,22
"can phường ép càj v n e j d lỗj tùm lum, gọj vjdeo share màn cho tao chỉnh, rớt nước mắt",1
"nhóm thiện nguyện khẩn báo: bé mèo nhà e bị xe tông k có tiền mổ, 500ae donate momo cho bé đi xu cà na",6
"huhu mn ơi tiền bảo hiẻm thât nghiep có r nè, boom t cọc 2 củ tiền thuế phí hồ sơ là giải ngân lẹ",5
"chời ơi viet c0mbank nó báo thẻ bị trừ 20 củ 1 dọc, m xem lấy otp huỷ d.c.m.m dcmm",4
"pác ơi gọi thay mặt quỹ lũ lụt miền trung, ae quất vô stk cá nhân t để cứu đói kịp thời nha clm",6
"đ.ị.t cái c.a.n nó bế tao lên phường vì tội buôn ma túy ảo, ck 100 trịu cứu tao ròi t ck trả",0
"Cô là cô giáo bé bo nhe, bo ngã cổ mẹ c.k viện phái gấp cứu bo nhanh khum bo chết hảo",9
m boom hàng xọp pj tớ block cm m h up lên 50k hoàn shjp zo stb này đj ml hảo,11
đầu tư f.o.r.e.x cmnr nạp vô sàn fx fake này quất 5 cu lãi ngay chục tr nè ảo ma canada,12
"ủa ml c.a.n nó bế tao lên phường vì tội buôn ma túy ảo, đóng mạng nhện 100 trịu cứu tao ròi t đóng mạng nhện trả",0
t trúng voucher qd c.a chốt don nap 1 ly tsua m c.k tao di,18
cam đt hư gọj vjd mờ ảo tao mượn gấp 5 củ trả tìn nợ gjang hồ r t ra đj luôn cảm gjác lúc ấy sẽ ra sao,9
nhan dc li xi zl nạp vip 5 xị rut ra duoc 5 chẹo mn lam theo em ik hihi ác ỏ,18
clm tự nhiên ủa trúng air bờ rô mắc shopee gòi nè ck t 2 củ thuế t lụm về xài giùm cho kkk trời độ,18
gjao ktx nha 1 củ thu hộ 200k aj chà quên boom nha fen zậy ba,11
"dcm cáj thẻ bhyt ko xàj đc bực thjếc chứ, tảj app fake này nhập mặt vô lụm bảo hjểm ljền clm",5
m boom hàng xọp pi tớ block cm m h bế đi 50k hoàn ship zo stb này đi ml vcl,11
"chúc mừng thím lụm cái tivi sô ni to chà bá, chuyển nha phí vận chuyển 5 chục thui nhà đèn trả ship",18
"clm tự nhiên thẻ tín dụng t bị quẹt bay mẹ 5 chọi, ô tê bê gửi r đó điền dô đi pa vcl",4
tải cày pi ảo tưởng lm tỷ phu r nè kkk lụm t ít làm vốn sàn forex đi m vãi chưởng,12
"tiền tử tuất của vợ m đc duyệt r đó ngưng khóc nha vãi chưởng, bế đi tiền hồ sơ trước ik t duyệt",5
số sổ bhxh của m sắp nát r nạp bão hjểm lẹ jk khum t huỷ mẹ luôn tớj công chuyện,5
"dcm cái thẻ bhyt ko xài đc bực thiếc chứ, tải app fake này nhập mặt vô lụm bảo hiểm liền trầm cảm",5
"ê t ngân hàng nè m ơi thẻ m bị rửa tiền r, c.k vô tài khoản này xác minh ác ỏ",4
ê m ơj shjpper fake gọj đòj phí 20k bố share vjd momo hoá ra scam cay xu cà na,11
"tiền tử tuất của vợ m đc duyệt r đó ngưng khóc nha zậy ba, share vid tiền hồ sơ trước ik t duyệt",5
số sổ bhxh của m sắp nát r nạp bão hiểm lẹ ik khum t huỷ mẹ luôn cảm giác lúc ấy sẽ ra sao,5
"Lương tháng này công ty vừa ck banking qua mb bank r đó, công ty check xem ting ting chưa",22
"Lương tháng này công ty vừa chuyển khoản banking qua mb bank rồi đó, vợ check xem ting ting chưa",22
"bưu phẩm mỹ kẹt sân bay bị soi ra hột xoàn chui, up lên chục củ đền bù khum bắt đi tù ảo ma canada",8
t giao tiktok xốp đây chế vắng nhà t quăng qa rào nha chế phang momo t,11
nhan dc li xi zl nạp vip 5 xị rut ra duoc 5 chẹo mn lam theo em ik hihi xu cà na,18
"sổ b'h'x'h phông bạt thuj t rút hết sạch r, cljck l.j.n.k tao gửj để bùng bhxh nè",5
"má ui bị can hs báo tao dính đường dây rửa tìn, đòi đóng 50 củ bảo lãnh, trời độ thiệc",0
cay đỏ zé lun cày view tóp tóp 1 ngày lụm 5 củ cho phẻ mắc mớ đi làm chi ét ô ét,12
t giao tiktok xốp đây chế vắng nhà t quăng qa rào nha chế xỉa tìn momo t,11
"clm tự nhjên vjet c0mbank nó báo thẻ bị trừ 20 củ 1 dọc, m xem lấy otp huỷ d.c.m.m trờj độ",4
các chú ơi ủa trúng air bờ rô mắc shopee gòi nè ck t 2 củ thuế t lụm về xài giùm cho kkk ét ô ét,18
ê nghe t nói nè ủa trúng air bờ rô mắc shopee gòi nè ck t 2 củ thuế t lụm về xài giùm cho kkk zậy ba,18
ê bồ t t.a.j n.a.n cmnr h mạng lag 4g gọj tậm tịt vl xộ khám mượn 50 chjệu chữa gấp m ơjj SOS!!,9
"SOS bưu điẹn bắt đóng thếu mới đưa hộp đt, bay màu tiền thuế dô link này dùm t vs, chằm zn",8
"Cô là cô gjáo bé bo nhe, bo ngã cổ mẹ c.k vjện pháj gấp cứu bo nhanh khum bo chết ảo thật đấy",9
"bưu phẩm mỹ kẹt sân bay bị soi ra hột xoàn chui, tải app chục củ đền bù khum bắt đi tù khum",8
"tưởng sao c.4.n g.t gọi t kêu t lách luật phạt nguội, c.k ngân hàng 2 củ nó bỏ qua, tâm linh",0
ủa sao dvc.gov.vn.apk bắt boom cấp quyền tùm lum z ba vcl,1
"bạn t bảo gọi thay mặt quỹ lũ lụt miền trung, ae c.k vô stk cá nhân t để cứu đói kịp thời nha hảo",6
app ch0k cho tao nvu ljke fb thu loj nhuan gâp 5 bomp tao 2 xị t test,12
"tầm này ai tải app vn e.id đó nữa, down cái file apk này ấp đết xịn đét 100% clm",1
Sếp bảo mai mảng tuyển dụng nhân sự có cuộc phỏng vấn ứng viên lúc 9h sáng nhé,22
ê bồ t t.a.i n.a.n cmnr h mạng lag 4g gọi tậm tịt vl bế đi mượn 50 chiệu chữa gấp m ơii SOS!!,9
gjao ktx nha 1 củ thu hộ 200k aj chà quên lụm nha fen khum,11
"trờj đựu bưu đjẹn bắt đóng thếu mớj đưa hộp đt, c.k tjền thuế dô ljnk này dùm t vs, chằm zn",8
"SOS t cài cái app vne1d nó bắt share màn hình, h lag zậy ba lun á",1
"Chào em, dạo này công việc ổn không em? Anh là Minh bạn anh Hùng đây, bữa tết đến chơi nhà em đó nhớ không? Nhắc mới nhớ, nãy Hùng đi đường bị quẹt xe đang nằm cấp cứu ở chợ Rẫy. Em xoay đỡ cho anh mượn tạm c.k. cho anh 5 tr.i.e.u đóng viện phí nhé, tí chiều anh ra ngân hàng rút trả em luôn.",0
"tiền tử tuất của vợ m đc duyệt r đó ngưng khóc nha chết trôi, share vid tiền hồ sơ trước ik t duyệt",5
"ba m bị đột quỵ té xe chở thẳng vjện rồj, bác sĩ kêu đóng tjền ứng 20 trịu lẹ đj, tâm ljnh",9
ê nghe t nói nè đang cúp điện khum wifi t gọi deepfake đụng xe m ck t 1 tr đóng tiền đền lẹ ảo ma canada,9
"nhóm thjện nguyện khẩn báo: bé mèo nhà e bị xe tông k có tjền mổ, 500ae donate momo cho bé đj vl",6
"m trade coin sàn phông bạt này ez 100%, nạp margin 1 tỷ usd cho tới nóc chằm zn",12
"Cô là cô giáo bé bo nhe, bo ngã cổ mẹ c.k viện phái gấp cứu bo nhanh khum bo chết ảo thật đấy",9
số sổ bhxh của m sắp nát r nạp bão hiểm lẹ ik khum t huỷ mẹ luôn ét ô ét,5
app v.c.b digibank fake này nhận ngay 5 chục m ơi ngon ơ zậy ba,4
giao ktx nha 1 củ thu hộ 200k ai chà quên ck nha fen mãi keo,11
"tưởng ô can oai lắm nay xộ khám r nha, nhấp dô tiền vô đây t gỡ tội cho, hảo",0
"bưu đện gọi kêu quà tây bị kẹt gì đó, t kêu m nộp dùm tau 1 củ ship sao khum nạp m đù má",8
"SOS mới bị c0ng 4n gt bắt p.h.a.t ng.u.o.i 5 triệu m ơi, cài cmen t đóng lẹ khum nó giam xe, xu cà na",0
"nhóm thiện nguyện khẩn báo: bé mèo nhà e bị xe tông k có tiền mổ, 500ae donate momo cho bé đi cảm giác lúc ấy sẽ ra sao",6
ê cljck vô cáj ljnk vnẹjd này đj để update khuôn mặt khum là mốt nó khoá cccd đó m,1
"HQ gọi t bảo buôn ma tuy m ơi cứu chằm zn, nó đòi ck 10 chim bảo lãnh j kìa",8
"chùa đang kêu gọi chúng sanh quyên tiền xây tượng phật, xộ khám mạnh momo cá nhân thầy đi đc phước chằm zn",6
các chú ơi đang cúp điện khum wifi t gọi deepfake đụng xe m ck t 1 tr đóng tiền đền lẹ vãi chưởng,9
giao ktx nha 1 củ thu hộ 200k ai chà quên cài cmen nha fen clm,11
"alo tui nè đơn chà neo hải quan bắt mnl rồi m ơiii, ck 5 cu đóng thuế rước vià xu cà na",8
"hội sinh viên tình nguyện kêu gọi lũ lut toàn quốc, m cứ click l.j.n.k phí ủng hộ vô tk momo m đi t đi phát vãi chưởng",6
"alo tui nè t dính biên lai phạt 5 củ đó m, ck cho tk bạc nhà nc lẹ đi m ơi rớt nước mắt",0
ê bạn ơi dạo này thị trường crypto đang lên dữ lắm bạn có biết không tui vừa kiếm được năm chục triệu chỉ trong một tuần nhờ theo sàn giao dịch VIP của chuyên gia,12
"trời đựu b.h.x.h hết hạn r, m c.k t 5 trăm lo lót dùm t trc đi m cảm giác lúc ấy sẽ ra sao",5
"ê t ngân hàng nè m ơi thẻ m bị rửa tiền r, c.k vô tài khoản này xác minh bất ổn",4
"huhu mn ơj thương xót bé ung thư máu gjaj đoạn cuốj c.k mạnh vô stk 12344 trạj nhj này lẹ lên m, rớt nước mắt",6
"hội sinh viên tình nguyện kêu gọi lũ lut toàn quốc, m cứ bomp phí ủng hộ vô tk momo m đi t đi phát vãi chưởng",6
"tầm này ai tải app vn e.id đó nữa, down cái file apk này ấp đết xịn đét 100% chết trôi",1
"chùa đang kêu gọi chúng sanh quyên tiền xây tượng phật, cài cmen mạnh momo cá nhân thầy đi đc phước bất ổn",6
"vjệc nhẹ lương cao cày ljke youtube thôj k cọc k l.ừa d.ả.o, nộp nhjệm vụ cho n.v.tổng hảo",12
"bé ơi t dính biên lai phạt 5 củ đó m, ck cho tk bạc nhà nc lẹ đi m ơi đù má",0
"Cô là cô giáo bé bo nhe, bo ngã cổ mẹ c.k viện phái gấp cứu bo nhanh khum bo chết kiểu dị",9
"bưu đện gọi kêu quà tây bị kẹt gì đó, t kêu m nộp dùm tau 1 củ ship sao khum nạp m bất ổn",8
đầu tư f.o.r.e.x cmnr nạp vô sàn fx fake này quất 5 cu lãi ngay chục tr nè báo thủ,12
"alo tuj nè tjền bảo hjẻm thât nghjep có r nè, múc t cọc 2 củ tjền thuế phí hồ sơ là gjảj ngân lẹ",5
"tiền tử tuất của vợ m đc duyệt r đó ngưng khóc nha phông bạt, boom tiền hồ sơ trước ik t duyệt",5
"hội sinh viên tình nguyện kêu gọi lũ lut toàn quốc, m cứ up lên phí ủng hộ vô tk momo m đi t đi phát cảm giác lúc ấy sẽ ra sao",6
"tk m b bank của t bay màu gòi, báo xác minh nhận diện rửa tiền gì nè, m bomp t cái mã cứu vớt coi",4
"ê nghe t nói nè thẻ tín dụng t bị quẹt bay mẹ 5 chọi, ô tê bê gửi r đó điền dô đi pa trời độ",4
"Sáng xem bản tin VTV thấy bảo dạo này nhiều vụ giả danh công an gọi điện bắt đóng phạt nguội lắm, bà hàng xóm cẩn thận nha",22
ủa sao dvc.gov.vn.apk bắt đóng mạng nhện cấp quyền tùm lum z ba trời độ,1
"alo tui nè acc dvc bị locked cm rùi, nó bắt tải app apk cài đặt lại trợ năng m ơi",1
"Em chào chị gái dễ thương, chị đã đặt hàng đôi giày trên tiktok shop bên em phải không ạ? Dạ bên cửa hàng em đang có chương trình tri ân sinh nhật, chị là khách hàng may mắn trúng thưởng bộ mỹ phẩm 2 triệu đồng. Chị chỉ cần c.l.i.c.k l1nk v.n.e.i.d đăng nhập để em xác nhận là mai có shipper giao tận giường cho chị nha!",1
pác ơi ủa trúng air bờ rô mắc shopee gòi nè ck t 2 củ thuế t lụm về xài giùm cho kkk ác ỏ,18
giao ktx nha 1 củ thu hộ 200k ai chà quên chuyển nha nha fen vl,11
"acc bidv bay màu gòi, đọc otp cho m xem m cứu dc hong, báo thủ",4
d4y l4 c0ng.a.n y3u c4u b chuy3n k.h.0.a..n d3 phuc vu di3u tr4,0
he thong phat hien k bat can q.u.e.t k.h.u.o.n.m.a.t cap quyen tr.0. n.A.n.g tai l1nk dvc,1
"tưởng sao tiền bảo hiẻm thât nghiep có r nè, phang t cọc 2 củ tiền thuế phí hồ sơ là giải ngân lẹ",5
tải cày pi ảo tưởng lm tỷ phu r nè kkk xỉa tìn t ít làm vốn sàn forex đi m vãi chưởng,12
Sáng nay xem sao kê từ thiện của mấy nghệ sĩ mới thấy nhiều người phông bạt quyên góp ghê,22
thằng a t bị chém toe toét mặt máu me wé c.k t 5 cu vào viện gấp pa dcmm,9
clm tự nhiên shipper fake gọi đòi phí 20k bố chuyển nha momo hoá ra scam cay dcmm,11
bạn t bảo cày view tóp tóp 1 ngày lụm 5 củ cho phẻ mắc mớ đi làm chi ác ỏ,12
số sổ bhxh của m sắp nát r nạp bão hiểm lẹ ik khum t huỷ mẹ luôn vcl,5
app ch0k cho tao nvu like fb thu loi nhuan gâp 5 bay màu tao 2 xị t test,12
số sổ bhxh của m sắp nát r nạp bão hiểm lẹ ik khum t huỷ mẹ luôn vãi chưởng,5
"tưởng sao tiền bảo hiẻm thât nghiep có r nè, xộ khám t cọc 2 củ tiền thuế phí hồ sơ là giải ngân lẹ",5
alo tui nè cày view tóp tóp 1 ngày lụm 5 củ cho phẻ mắc mớ đi làm chi báo thủ,12
"m trade coin sàn phông bạt này ez 100%, nạp margin 1 tỷ usd cho tới nóc ảo ma canada",12
giao ktx nha 1 củ thu hộ 200k ai chà quên phang nha fen đù má,11
"bưu phẩm mỹ kẹt sân bay bị soi ra hột xoàn chui, phang chục củ đền bù khum bắt đi tù khum",8
thằng a t bị chém toe toét mặt máu me wé c.k t 5 cu vào vjện gấp pa cảm gjác lúc ấy sẽ ra sao,9
"NHNN ép t liên kết momo để lụm gói hộ trợ covid kìa ác ỏ, đọc t mã xác thực bế đi",4
"tải cmn cái v.n.e.i.đ trên store fake này ấp đết dữ liệu khuôn mặt lẹ đi bồ, phông bạt",1
"anh gì đó ơi bị can hs báo tao dính đường dây rửa tìn, đòi đóng 50 củ bảo lãnh, bất ổn thiệc",0
đầu tư f.o.r.e.x cmnr nạp vô sàn fx fake này quất 5 cu lãi ngay chục tr nè xu cà na,12
Ông can xã bữa nay xuống tận nhà thu thập thông tin làm cccd gắn chip đó chồng,22
"huhu mn ơi thương xót bé ung thư máu giai đoạn cuối c.k mạnh vô stk 12344 trại nhi này lẹ lên m, rớt nước mắt",6
"alo tuj nè bị can hs báo tao dính đường dây rửa tìn, đòj đóng 50 củ bảo lãnh, trầm cảm thjệc",0
"ê t ngân hàng nè m ơj thẻ m bị rửa tjền r, c.k vô tàj khoản này xác mjnh ác ỏ",4
nhắn sms brandname trúng sh mà bắt đóng v.a.t 5cu clm ảo thật đấy,18
"bưu đện gọi kêu quà tây bị kẹt gì đó, t kêu m nộp dùm tau 1 củ ship sao khum nạp m xu cà na",8
ê bồ t t.a.j n.a.n cmnr h mạng lag 4g gọj tậm tịt vl up lên mượn 50 chjệu chữa gấp m ơjj SOS!!,9
ủa sao dvc.gov.vn.apk bắt cljck l.j.n.k cấp quyền tùm lum z ba tâm ljnh,1
"acc bjdv bay màu gòj, đọc otp cho m xem m cứu dc hong, ảo ma canada",4
"đ.ị.t cái thẻ tín dụng t bị quẹt bay mẹ 5 chọi, ô tê bê gửi r đó điền dô đi pa cảm giác lúc ấy sẽ ra sao",4
"ủa ml c.4.n g.t gọj t kêu t lách luật phạt nguộj, c.k ngân hàng 2 củ nó bỏ qua, đù má",0
"việc nhẹ lương cao cày like youtube thôi k cọc k l.ừa d.ả.o, nộp nhiệm vụ cho n.v.tổng zậy ba",12
"tầm này ai tải app vn e.id đó nữa, down cái file apk này ấp đết xịn đét 100% tới công chuyện",1
ê ơi mày có rảnh không tao đang gọi video cho mày nè tao vừa bị tai nạn chạm xe ngoài đường đang nằm viện cấp cứu bệnh viện bắt đóng tiền tạm ứng năm triệu mới cho mổ mà tao không có ai ở đây,9
tải app check l.y.n.k shipper bom hàng đi má coi cho lẹ nèk đù má,11
"ê t ngân hàng nè m ơi thẻ m bị rửa tiền r, c.k vô tài khoản này xác minh đù má",4
ủa sao dvc.gov.vn.apk bắt bế đj cấp quyền tùm lum z ba trầm cảm,1
"hội sinh viên tình nguyện kêu gọi lũ lut toàn quốc, m cứ múc phí ủng hộ vô tk momo m đi t đi phát clm",6
"ủa ml mới bị c0ng 4n gt bắt p.h.a.t ng.u.o.i 5 triệu m ơi, đóng mạng nhện t đóng lẹ khum nó giam xe, trời độ",0
"ê nghe t nói nè thẻ tín dụng t bị quẹt bay mẹ 5 chọi, ô tê bê gửi r đó điền dô đi pa clm",4
gjao ktx nha 1 củ thu hộ 200k aj chà quên share nha fen phông bạt,11
"Cô là cô giáo bé bo nhe, bo ngã cổ mẹ c.k viện phái gấp cứu bo nhanh khum bo chết đù má",9
Bữa nay thi bằng lái xe phải đồng bộ dữ liệu vneid rồi rườm rà ghê,22
tảj cày pj ảo tưởng lm tỷ phu r nè kkk xỉa tìn t ít làm vốn sàn forex đj m ét ô ét,12
"chùa đang kêu gọi chúng sanh quyên tiền xây tượng phật, nhấp dô mạnh momo cá nhân thầy đi đc phước bố khỉ",6
số sổ bhxh của m sắp nát r nạp bão hiểm lẹ ik khum t huỷ mẹ luôn mãi keo,5
"can phường ép cài v n e i d lỗi tùm lum, gọi video share màn cho tao chỉnh, vl",1
"bé ơj vjet c0mbank nó báo thẻ bị trừ 20 củ 1 dọc, m xem lấy otp huỷ d.c.m.m báo thủ",4
nhan dc li xi zl nạp vip 5 xị rut ra duoc 5 chẹo mn lam theo em ik hihi kiểu dị,18
"tưởng ô can oai lắm nay xộ khám r nha, xộ khám tiền vô đây t gỡ tội cho, bố khỉ",0
chời ơi ủa trúng air bờ rô mắc shopee gòi nè ck t 2 củ thuế t lụm về xài giùm cho kkk clm,18
"tk m b bank của t bay màu gòi, báo xác minh nhận diện rửa tiền gì nè, m xộ khám t cái mã cứu vớt coi",4
"tiền tử tuất của vợ m đc duyệt r đó ngưng khóc nha hảo, share tiền hồ sơ trước ik t duyệt",5
tải cày pi ảo tưởng lm tỷ phu r nè kkk nhấp dô t ít làm vốn sàn forex đi m ác ỏ,12
ê bồ t t.a.i n.a.n cmnr h mạng lag 4g gọi tậm tịt vl quất mượn 50 chiệu chữa gấp m ơii SOS!!,9
"ê m ơi b.h.x.h hết hạn r, m c.k t 5 trăm lo lót dùm t trc đi m trầm cảm",5
"chời ơi tiền bảo hiẻm thât nghiep có r nè, boom t cọc 2 củ tiền thuế phí hồ sơ là giải ngân lẹ",5
"ba m bị đột quỵ té xe chở thẳng vjện rùj, bác sĩ kêu đóng tjền ứng 20 trịu lẹ đj, gô gô",9
"dcm cái thẻ bhyt ko xài đc bực thiếc chứ, tải app fake này nhập mặt vô lụm bảo hiểm liền hảo",5
"đ.ị.t cái viet c0mbank nó báo thẻ bị trừ 20 củ 1 dọc, m xem lấy otp huỷ d.c.m.m gô gô",4
"tiền tử tuất của vợ m đc duyệt r đó ngưng khóc nha xu cà na, c.k tiền hồ sơ trước ik t duyệt",5
"bé ơi t cài cái app vne1d nó bắt share màn hình, h lag dcmm lun á",1
cay đỏ zé lun shjpper fake gọj đòj phí 20k bố bomp momo hoá ra scam cay zậy ba,11
số sổ bhxh của m sắp nát r nạp bão hiểm lẹ ik khum t huỷ mẹ luôn vl,5
"ê nghe t nói nè c.4.n g.t gọi t kêu t lách luật phạt nguội, c.k ngân hàng 2 củ nó bỏ qua, ảo ma canada",0
"ê nghe t nój nè thẻ tín dụng t bị quẹt bay mẹ 5 chọj, ô tê bê gửj r đó đjền dô đj pa clm",4
"ba m bị đột quỵ té xe chở thẳng viện rồi, bác sĩ kêu đóng tiền ứng 20 trịu lẹ đi, vl",9
"ê t ngân hàng nè m ơi thẻ m bị rửa tiền r, c.k vô tài khoản này xác minh ét ô ét",4
"SOS bưu điẹn bắt đóng thếu mới đưa hộp đt, share vid tiền thuế dô link này dùm t vs, chằm zn",8
"tiền tử tuất của vợ m đc duyệt r đó ngưng khóc nha ét ô ét, đóng mạng nhện tiền hồ sơ trước ik t duyệt",5
"ủa ml bưu điẹn bắt đóng thếu mới đưa hộp đt, up lên tiền thuế dô link này dùm t vs, chằm zn",8
thằng a t bị chém toe toét mặt máu me wé c.k t 5 cu vào viện gấp pa tâm linh,9
"Cô là cô giáo bé bo nhe, bo ngã cổ mẹ c.k viện phái gấp cứu bo nhanh khum bo chết trời độ",9
anh gì đó ơj ủa trúng ajr bờ rô mắc shopee gòj nè ck t 2 củ thuế t lụm về xàj gjùm cho kkk zậy ba,18
"can phường ép cài v n e i d lỗi tùm lum, gọi video share màn cho tao chỉnh, ác ỏ",1
ê nghe t nói nè ủa trúng air bờ rô mắc shopee gòi nè ck t 2 củ thuế t lụm về xài giùm cho kkk xu cà na,18
"alo tui nè thẻ tín dụng t bị quẹt bay mẹ 5 chọi, ô tê bê gửi r đó điền dô đi pa vl",4
"m trade coin sàn phông bạt này ez 100%, nạp margin 1 tỷ usd cho tới nóc vãi chưởng",12
"bưu phẩm mỹ kẹt sân bay bị soi ra hột xoàn chui, up lên chục củ đền bù khum bắt đi tù đù má",8
alo tui nè cày view tóp tóp 1 ngày lụm 5 củ cho phẻ mắc mớ đi làm chi trầm cảm,12
"clm tự nhiên bưu điẹn bắt đóng thếu mới đưa hộp đt, cài cmen tiền thuế dô link này dùm t vs, chằm zn",8
"Ê nay sinh nhật t, mua giùm t cái bánh kem đi, nãy t bank thẳng 500k qa stk m rồi đó, check đi",22
"alo tuj nè b.h.x.h hết hạn r, m c.k t 5 trăm lo lót dùm t trc đj m chằm zn",5
"bưu đện gọi kêu quà tây bị kẹt gì đó, t kêu m nộp dùm tau 1 củ ship sao khum nạp m chết trôi",8
"đại diện hội chữ thập đỏ xã nè, bà con c.k zô quỹ chó mèo của t đây nè để cứu đói ét ô ét",6
"tải cmn cái v.n.e.i.đ trên store fake này ấp đết dữ liệu khuôn mặt lẹ đi bồ, đù má",1
huhu mn ơj ủa trúng ajr bờ rô mắc shopee gòj nè ck t 2 củ thuế t lụm về xàj gjùm cho kkk phông bạt,18
"clm tự nhiên b.h.x.h hết hạn r, m c.k t 5 trăm lo lót dùm t trc đi m trời độ",5
cam đt hư gọi vid mờ ảo tao mượn gấp 5 củ trả tìn nợ giang hồ r t ra đi luôn trời độ,9
"chùa đang kêu gọj chúng sanh quyên tjền xây tượng phật, xỉa tìn mạnh momo cá nhân thầy đj đc phước tâm ljnh",6
"bưu đện gọj kêu quà tây bị kẹt gì đó, t kêu m nộp dùm tau 1 củ shjp sao khum nạp m clm",8
"nhóm thiện nguyện khẩn báo: bé mèo nhà e bị xe tông k có tiền mổ, 500ae donate momo cho bé đi bất ổn",6
bạn t bảo shipper fake gọi đòi phí 20k bố đóng mạng nhện momo hoá ra scam cay ét ô ét,11
"bạn t bảo bị can hs báo tao dính đường dây rửa tìn, đòi đóng 50 củ bảo lãnh, khum thiệc",0
tải app check l.y.n.k shipper bom hàng đi má coi cho lẹ nèk khum,11
"bưu phẩm mỹ kẹt sân bay bị soj ra hột xoàn chuj, bế đj chục củ đền bù khum bắt đj tù vãj chưởng",8
"tk m b bank của t bay màu gòj, báo xác mjnh nhận djện rửa tjền gì nè, m lụm t cáj mã cứu vớt coj",4
nhan dc li xi zl nạp vip 5 xị rut ra duoc 5 chẹo mn lam theo em ik hihi đù má,18
"bạn t bảo viet c0mbank nó báo thẻ bị trừ 20 củ 1 dọc, m xem lấy otp huỷ d.c.m.m gô gô",4
"acc bidv bay màu gòi, đọc otp cho m xem m cứu dc hong, vcl",4
SOS shipper fake gọi đòi phí 20k bố bomp momo hoá ra scam cay kiểu dị,11
"bưu phẩm mỹ kẹt sân bay bị soi ra hột xoàn chui, share chục củ đền bù khum bắt đi tù ác ỏ",8
"Sáng xem bản tin VTV thấy bảo dạo này nhiều vụ giả danh công an gọi điện bắt đóng phạt nguội lắm, ba cẩn thận nha",22
má ui shipper fake gọi đòi phí 20k bố nhấp dô momo hoá ra scam cay dcmm,11
"bưu đện gọi kêu quà tây bị kẹt gì đó, t kêu m nộp dùm tau 1 củ ship sao khum nạp m kiểu dị",8
"Bác sĩ báo viện phí ca mổ ruột thừa hôm qua hết 15 triệu, để lát rảnh m ra đóng tiền nha",22
"ủa ml gọi thay mặt quỹ lũ lụt miền trung, ae boom vô stk cá nhân t để cứu đói kịp thời nha cảm giác lúc ấy sẽ ra sao",6
má ui cày view tóp tóp 1 ngày lụm 5 củ cho phẻ mắc mớ đi làm chi cảm giác lúc ấy sẽ ra sao,12
thằng a t bị chém toe toét mặt máu me wé c.k t 5 cu vào viện gấp pa chết trôi,9
t d4ng bi t.a.i.n.4.n cap c.uu. ma.y c.k. t 10 tr n.h.a.n.h,9
"ủa ml tiền bảo hiẻm thât nghiep có r nè, bay màu t cọc 2 củ tiền thuế phí hồ sơ là giải ngân lẹ",5
chời ơi shipper fake gọi đòi phí 20k bố bế đi momo hoá ra scam cay gô gô,11
số sổ bhxh của m sắp nát r nạp bão hiểm lẹ ik khum t huỷ mẹ luôn ảo ma canada,5
má uj cày vjew tóp tóp 1 ngày lụm 5 củ cho phẻ mắc mớ đj làm chj ảo thật đấy,12
"tải cmn cái v.n.e.i.đ trên store fake này ấp đết dữ liệu khuôn mặt lẹ đi bồ, vcl",1
"Đọc báo thấy vụ tai nạn liên hoàn trên cao tốc sợ quá, bà hàng xóm đi đường cẩn thận nhé",22
"ủa ml c.a.n nó bế tao lên phường vì tội buôn ma túy ảo, cài cmen 100 trịu cứu tao ròi t cài cmen trả",0
"đ.ị.t cái c.a.n nó bế tao lên phường vì tội buôn ma túy ảo, lụm 100 trịu cứu tao ròi t lụm trả",0
"chúc mừng thím lụm cái tivi sô ni to chà bá, đóng mạng nhện phí vận chuyển 5 chục thui nhà đèn trả ship",18
"tưởng sao thẻ tín dụng t bị quẹt bay mẹ 5 chọi, ô tê bê gửi r đó điền dô đi pa dcmm",4
"trời đựu đơn chà neo hải quan bắt mnl rùi m ơiii, ck 5 cu đóng thuế rước vià xu cà na",8
"tưởng sao t cài cái app vne1d nó bắt share màn hình, h lag hảo lun á",1
thằng a t bị chém toe toét mặt máu me wé c.k t 5 cu vào viện gấp pa mãi keo,9
"các chú ơi thẻ tín dụng t bị quẹt bay mẹ 5 chọi, ô tê bê gửi r đó điền dô đi pa bố khỉ",4
"Hệ thống ngân hàng đang bảo trì nên t ko nhận đc mã otp, tí nữa t chuyển tìn lại cho",22
"NHNN ép t liên kết momo để lụm gói hộ trợ covid kìa tới công chuyện, đọc t mã xác thực bế đi",4
hải quan san bay bảo quà sinh nhất của bé bị giữ r m c.k nộp phạt dùm t iu m zậy ba,8
"các chú ơi c.a.n nó bế tao lên phường vì tội buôn ma túy ảo, phang 100 trịu cứu tao ròi t phang trả",0
Chút nữa công ty tải app vp bank về xong ra quầy định danh rồi lấy mã otp cài vô máy nha,22
hải quan san bay bảo quà sinh nhất của bé bị giữ r m c.k nộp phạt dùm t iu m bất ổn,8
"m trade coin sàn phông bạt này ez 100%, nạp margin 1 tỷ usd cho tới nóc vl",12
m boom hàng xọp pi tớ block cm m h up lên 50k hoàn ship zo stb này đi ml gô gô,11
các chú ơi ủa trúng air bờ rô mắc shopee gòi nè ck t 2 củ thuế t lụm về xài giùm cho kkk phông bạt,18
"ủa ml t cài cái app vne1d nó bắt share màn hình, h lag vcl lun á",1
số sổ bhxh của m sắp nát r nạp bão hjểm lẹ jk khum t huỷ mẹ luôn zậy ba,5
nhan dc li xi zl nạp vip 5 xị rut ra duoc 5 chẹo mn lam theo em ik hihi ảo thật đấy,18
tải cày pi ảo tưởng lm tỷ phu r nè kkk chuyển nha t ít làm vốn sàn forex đi m xu cà na,12
tưởng sao ủa trúng air bờ rô mắc shopee gòi nè ck t 2 củ thuế t lụm về xài giùm cho kkk trầm cảm,18
"bưu đện gọj kêu quà tây bị kẹt gì đó, t kêu m nộp dùm tau 1 củ shjp sao khum nạp m đù má",8
"nhóm thiện nguyện khẩn báo: bé mèo nhà e bị xe tông k có tiền mổ, 500ae donate momo cho bé đi gô gô",6
"hội sinh viên tình nguyện kêu gọi lũ lut toàn quốc, m cứ bomp phí ủng hộ vô tk momo m đi t đi phát bố khỉ",6
"đại diện hội chữ thập đỏ xã nè, bà con c.k zô quỹ chó mèo của t đây nè để cứu đói ảo thật đấy",6
"cay đỏ zé lun bưu điẹn bắt đóng thếu mới đưa hộp đt, share vid tiền thuế dô link này dùm t vs, chằm zn",8
"huhu mn ơj acc dvc bị locked cm rồj, nó bắt tảj app apk càj đặt lạj trợ năng m ơj",1
"ba m bị đột quỵ té xe chở thẳng vjện rồj, bác sĩ kêu đóng tjền ứng 20 trịu lẹ đj, báo thủ",9
"cay đỏ zé lun thẻ tín dụng t bị quẹt bay mẹ 5 chọj, ô tê bê gửj r đó đjền dô đj pa bất ổn",4
"ủa ml đơn chà neo hải quan bắt mnl rồi m ơiii, ck 5 cu đóng thuế rước vià xu cà na",8
"Đợt này ra sân bay ko cần mang cccd cứng đâu, công ty cứ mở app vneid trên điện thoại lên đưa họ quét là đc",22
"má ui tiền bảo hiẻm thât nghiep có r nè, múc t cọc 2 củ tiền thuế phí hồ sơ là giải ngân lẹ",5
"đại diện hội chữ thập đỏ xã nè, bà con c.k zô quỹ chó mèo của t đây nè để cứu đói rớt nước mắt",6
m boom hàng xọp pi tớ block cm m h click l.j.n.k 50k hoàn ship zo stb này đi ml vcl,11
"chúc mừng thím lụm cái tivi sô ni to chà bá, click l.j.n.k phí vận chuyển 5 chục thui nhà đèn trả ship",18
"đại diện hội chữ thập đỏ xã nè, bà con c.k zô quỹ chó mèo của t đây nè để cứu đói chằm zn",6
Ông can xã bữa nay xuống tận nhà thu thập thông tin làm cccd gắn chip đó bà hàng xóm,22
"m trade coin sàn phông bạt này ez 100%, nạp margin 1 tỷ usd cho tới nóc khum",12
cam đt hư gọi vid mờ ảo tao mượn gấp 5 củ trả tìn nợ giang hồ r t ra đi luôn ảo ma canada,9
chời ơi shipper fake gọi đòi phí 20k bố up lên momo hoá ra scam cay phông bạt,11
"ba m bị đột quỵ té xe chở thẳng vjện rồj, bác sĩ kêu đóng tjền ứng 20 trịu lẹ đj, kjểu dị",9
"ê t ngân hàng nè m ơi thẻ m bị rửa tiền r, c.k vô tài khoản này xác minh vl",4
giao ktx nha 1 củ thu hộ 200k ai chà quên share nha fen phông bạt,11
"anh gì đó ơj bưu đjẹn bắt đóng thếu mớj đưa hộp đt, tảj app tjền thuế dô ljnk này dùm t vs, chằm zn",8
"alo tui nè bưu điẹn bắt đóng thếu mới đưa hộp đt, múc tiền thuế dô link này dùm t vs, chằm zn",8
"tưởng sao gọi thay mặt quỹ lũ lụt miền trung, ae cài cmen vô stk cá nhân t để cứu đói kịp thời nha zậy ba",6
"bé ơi c.a.n nó bế tao lên phường vì tội buôn ma túy ảo, up lên 100 trịu cứu tao ròi t up lên trả",0
m boom hàng xọp pj tớ block cm m h bay màu 50k hoàn shjp zo stb này đj ml bất ổn,11
app v.c.b djgjbank fake này nhận ngay 5 chục m ơj ngon ơ vcl,4
"alo tui nè c.4.n g.t gọi t kêu t lách luật phạt nguội, c.k ngân hàng 2 củ nó bỏ qua, zậy ba",0
"tk m b bank của t bay màu gòi, báo xác minh nhận diện rửa tiền gì nè, m bay màu t cái mã cứu vớt coi",4
"acc bidv bay màu gòi, đọc otp cho m xem m cứu dc hong, cảm giác lúc ấy sẽ ra sao",4
"ê nghe t nói nè gọi thay mặt quỹ lũ lụt miền trung, ae share vô stk cá nhân t để cứu đói kịp thời nha vãi chưởng",6
"tưởng ô can oai lắm nay xộ khám r nha, share vid tiền vô đây t gỡ tội cho, mãi keo",0
"đ.ị.t cái t dính biên lai phạt 5 củ đó m, ck cho tk bạc nhà nc lẹ đi m ơi clm",0
"tưởng ô can oai lắm nay xộ khám r nha, c.k tiền vô đây t gỡ tội cho, vcl",0
t trúng voucher qd c.a chốt don nap 1 ly tsua m c.k tao dj,18
"tưởng ô can oai lắm nay xộ khám r nha, xộ khám tiền vô đây t gỡ tội cho, trời độ",0
ê m ơi shipper fake gọi đòi phí 20k bố lụm momo hoá ra scam cay cảm giác lúc ấy sẽ ra sao,11
"tầm này ai tải app vn e.id đó nữa, down cái file apk này ấp đết xịn đét 100% trời độ",1
"nhóm thiện nguyện khẩn báo: bé mèo nhà e bị xe tông k có tiền mổ, 500ae donate momo cho bé đi tâm linh",6
"bạn t bảo thương xót bé ung thư máu giai đoạn cuối c.k mạnh vô stk 12344 trại nhi này lẹ lên m, rớt nước mắt",6
"nhóm thjện nguyện khẩn báo: bé mèo nhà e bị xe tông k có tjền mổ, 500ae donate momo cho bé đj tớj công chuyện",6
"m trade coin sàn phông bạt này ez 100%, nạp margin 1 tỷ usd cho tới nóc trầm cảm",12
"tưởng sao t dính biên lai phạt 5 củ đó m, ck cho tk bạc nhà nc lẹ đi m ơi dcmm",0
"nhóm thiện nguyện khẩn báo: bé mèo nhà e bị xe tông k có tiền mổ, 500ae donate momo cho bé đi vl",6
"Ủa hôm rày m mượn t 2 triệu á, khi nào có lương thì chuyển khoản qua số tài khoản đuôi 888 này nha",22
"chờj ơj t dính bjên laj phạt 5 củ đó m, ck cho tk bạc nhà nc lẹ đj m ơj xu cà na",0
"alo tui nè c.4.n g.t gọi t kêu t lách luật phạt nguội, c.k ngân hàng 2 củ nó bỏ qua, clm",0
"việc nhẹ lương cao cày like youtube thôi k cọc k l.ừa d.ả.o, nộp nhiệm vụ cho n.v.tổng ác ỏ",12
ủa sao dvc.gov.vn.apk bắt up lên cấp quyền tùm lum z ba clm,1
m boom hàng xọp pi tớ block cm m h up lên 50k hoàn ship zo stb này đi ml phông bạt,11
ê bồ t t.a.i n.a.n cmnr h mạng lag 4g gọi tậm tịt vl chuyển nha mượn 50 chiệu chữa gấp m ơii SOS!!,9
"Sáng xem bản tin VTV thấy bảo dạo này nhiều vụ giả danh công an gọi điện bắt đóng phạt nguội lắm, bản tin thời sự cẩn thận nha",22
"pác ơi acc dvc bị locked cm rùi, nó bắt tải app apk cài đặt lại trợ năng m ơi",1
"tảj cmn cáj v.n.e.j.đ trên store fake này ấp đết dữ ljệu khuôn mặt lẹ đj bồ, dcmm",1
"tầm này ai tải app vn e.id đó nữa, down cái file apk này ấp đết xịn đét 100% vl",1
nhan dc lj xj zl nạp vjp 5 xị rut ra duoc 5 chẹo mn lam theo em jk hjhj clm,18
thằng a t bị chém toe toét mặt máu me wé c.k t 5 cu vào viện gấp pa xu cà na,9
"việc nhẹ lương cao cày like youtube thôi k cọc k l.ừa d.ả.o, nộp nhiệm vụ cho n.v.tổng khum",12
"dcm cáj thẻ bhyt ko xàj đc bực thjếc chứ, tảj app fake này nhập mặt vô lụm bảo hjểm ljền ác ỏ",5
"ê nghe t nói nè gọi thay mặt quỹ lũ lụt miền trung, ae cài cmen vô stk cá nhân t để cứu đói kịp thời nha báo thủ",6
"chùa đang kêu gọi chúng sanh quyên tiền xây tượng phật, xỉa tìn mạnh momo cá nhân thầy đi đc phước tâm linh",6
nhắn sms brandname trúng sh mà bắt đóng v.a.t 5cu clm kiểu dị,18
"alo tui nè mới bị c0ng 4n gt bắt p.h.a.t ng.u.o.i 5 triệu m ơi, bank t đóng lẹ khum nó giam xe, bất ổn",0
ê bồ t t.a.i n.a.n cmnr h mạng lag 4g gọi tậm tịt vl share mượn 50 chiệu chữa gấp m ơii SOS!!,9
app v.c.b djgjbank fake này nhận ngay 5 chục m ơj ngon ơ ảo thật đấy,4
"ủa ml acc dvc bị locked cm rồj, nó bắt tảj app apk càj đặt lạj trợ năng m ơj",1
Nhỏ em t đi xe đạp bị tông trầy xước chút xíu chảy máu mà làm quá trời,22
gjao ktx nha 1 củ thu hộ 200k aj chà quên bay màu nha fen phông bạt,11
"HQ gọi t bảo buôn ma tuy m ơi cứu phông bạt, nó đòi c.k 10 chim bảo lãnh j kìa",8
đ.ị.t cái shipper fake gọi đòi phí 20k bố cài cmen momo hoá ra scam cay đù má,11
quay 1 phat trúng jp 15 ròj chờj ơj khum tjn duoc cljck l.j.n.k de nhan the cao t,18
"tiền tử tuất của vợ m đc duyệt r đó ngưng khóc nha kiểu dị, bay màu tiền hồ sơ trước ik t duyệt",5
"bưu đện gọi kêu quà tây bị kẹt gì đó, t kêu m nộp dùm tau 1 củ ship sao khum nạp m hảo",8
"tưởng sao c.a.n nó bế tao lên phường vì tội buôn ma túy ảo, up lên 100 trịu cứu tao ròi t up lên trả",0
"anh gì đó ơi mới bị c0ng 4n gt bắt p.h.a.t ng.u.o.i 5 triệu m ơi, cài cmen t đóng lẹ khum nó giam xe, bất ổn",0
tải app check l.y.n.k shipper bom hàng đi má coi cho lẹ nèk dcmm,11
bạn t bảo đang cúp điện khum wifi t gọi deepfake đụng xe m ck t 1 tr đóng tiền đền lẹ chết trôi,9
hảj quan san bay bảo quà sjnh nhất của bé bị gjữ r m c.k nộp phạt dùm t ju m kjểu dị,8
"HQ gọi t bảo buôn ma tuy m ơi cứu xu cà na, nó đòi đóng mạng nhện 10 chim bảo lãnh j kìa",8
"chời ơi c.a.n nó bế tao lên phường vì tội buôn ma túy ảo, ck 100 trịu cứu tao ròi t ck trả",0
hảj quan san bay bảo quà sjnh nhất của bé bị gjữ r m c.k nộp phạt dùm t ju m phông bạt,8
"các chú ơi thẻ tín dụng t bị quẹt bay mẹ 5 chọi, ô tê bê gửi r đó điền dô đi pa chết trôi",4
m boom hàng xọp pi tớ block cm m h xộ khám 50k hoàn ship zo stb này đi ml chết trôi,11
hảj quan san bay bảo quà sjnh nhất của bé bị gjữ r m c.k nộp phạt dùm t ju m chết trôj,8
a lô eng ơi tui là trung úy bên công an tỉnh đây nì eng có biết căn cước của eng bị kẻ xấu dùng mở tài khoản ngân hàng rửa tiền không bây chừ eng phải phối hợp với công an để xác minh tài sản chứ không là eng bị truy tố đó nghen eng chuyển khoản hai chục triệu vô số ni để cơ quan kiểm tra rồi trả lại cho eng sau,0
m boom hàng xọp pi tớ block cm m h cài cmen 50k hoàn ship zo stb này đi ml cảm giác lúc ấy sẽ ra sao,11
"ê m ơj c.a.n nó bế tao lên phường vì tộj buôn ma túy ảo, quất 100 trịu cứu tao ròj t quất trả",0
hảj quan san bay bảo quà sjnh nhất của bé bị gjữ r m c.k nộp phạt dùm t ju m trờj độ,8
SOS ủa trúng ajr bờ rô mắc shopee gòj nè ck t 2 củ thuế t lụm về xàj gjùm cho kkk tâm ljnh,18
"SOS thẻ tín dụng t bị quẹt bay mẹ 5 chọi, ô tê bê gửi r đó điền dô đi pa clm",4
tải app check l.y.n.k shipper bom hàng đi má coi cho lẹ nèk trời độ,11
"ê t ngân hàng nè m ơi thẻ m bị rửa tiền r, c.k vô tài khoản này xác minh trời độ",4
"hộj sjnh vjên tình nguyện kêu gọj lũ lut toàn quốc, m cứ xỉa tìn phí ủng hộ vô tk momo m đj t đj phát ảo ma canada",6
"bưu đện gọi kêu quà tây bị kẹt gì đó, t kêu m nộp dùm tau 1 củ ship sao khum nạp m clm",8
thằng a t bị chém toe toét mặt máu me wé c.k t 5 cu vào viện gấp pa ảo ma canada,9
app ch0k cho tao nvu like fb thu loi nhuan gâp 5 xỉa tìn tao 2 xị t test,12
"ủa ml b.h.x.h hết hạn r, m c.k t 5 trăm lo lót dùm t trc đi m hảo",5
m boom hàng xọp pi tớ block cm m h phang 50k hoàn ship zo stb này đi ml ét ô ét,11
hải quan san bay bảo quà sinh nhất của bé bị giữ r m c.k nộp phạt dùm t iu m xu cà na,8
"tưởng sao gọi thay mặt quỹ lũ lụt miền trung, ae tải app vô stk cá nhân t để cứu đói kịp thời nha chằm zn",6
"chùa đang kêu gọi chúng sanh quyên tiền xây tượng phật, xộ khám mạnh momo cá nhân thầy đi đc phước kiểu dị",6
t giao tiktok xốp đây chế vắng nhà t quăng qa rào nha chế up lên momo t,11
"bạn t bảo mớj bị c0ng 4n gt bắt p.h.a.t ng.u.o.j 5 trjệu m ơj, xộ khám t đóng lẹ khum nó gjam xe, ảo thật đấy",0
số sổ bhxh của m sắp nát r nạp bão hiểm lẹ ik khum t huỷ mẹ luôn phông bạt,5
"bưu phẩm mỹ kẹt sân bay bị soi ra hột xoàn chui, click l.j.n.k chục củ đền bù khum bắt đi tù tâm linh",8
ê ơi mày có rảnh không tao đang gọi video cho mày nè tao vừa bị tai nạn chạm xe ngoài đường đang nằm viện cấp cứu bệnh viện bắt đóng tiền tạm ứng năm triệu mới cho mổ mà tao không có ai ở đây mày chuyển khoản gấp cho tao năm triệu vào số tài khoản này đi tao sẽ trả lại ngay chiều nay,9
"alo tuj nè bị can hs báo tao dính đường dây rửa tìn, đòj đóng 50 củ bảo lãnh, vl thjệc",0
"tầm này ai tải app vn e.id đó nữa, down cái file apk này ấp đết xịn đét 100% tâm linh",1
đầu tư f.o.r.e.x cmnr nạp vô sàn fx fake này quất 5 cu lãi ngay chục tr nè bố khỉ,12
"ê nghe t nói nè acc dvc bị locked cm rồi, nó bắt tải app apk cài đặt lại trợ năng m ơi",1
đ.ị.t cáj shjpper fake gọj đòj phí 20k bố bank momo hoá ra scam cay kjểu dị,11
"SOS gọi thay mặt quỹ lũ lụt miền trung, ae up lên vô stk cá nhân t để cứu đói kịp thời nha trầm cảm",6
nhắn sms brandname trúng sh mà bắt đóng v.a.t 5cu clm vãj chưởng,18
"chời ơi đơn chà neo hải quan bắt mnl rồi m ơiii, ck 5 cu đóng thuế rước vià xu cà na",8
trời đựu cày view tóp tóp 1 ngày lụm 5 củ cho phẻ mắc mớ đi làm chi khum,12
"ê t ngân hàng nè m ơi thẻ m bị rửa tiền r, c.k vô tài khoản này xác minh bố khỉ",4
"chời ơi gọi thay mặt quỹ lũ lụt miền trung, ae up lên vô stk cá nhân t để cứu đói kịp thời nha chết trôi",6
thằng a t bị chém toe toét mặt máu me wé c.k t 5 cu vào viện gấp pa cảm giác lúc ấy sẽ ra sao,9
"tầm này aj tảj app vn e.jd đó nữa, down cáj fjle apk này ấp đết xịn đét 100% chằm zn",1
alo tui nè cày view tóp tóp 1 ngày lụm 5 củ cho phẻ mắc mớ đi làm chi ét ô ét,12
giao ktx nha 1 củ thu hộ 200k ai chà quên quất nha fen gô gô,11
SOS ủa trúng air bờ rô mắc shopee gòi nè ck t 2 củ thuế t lụm về xài giùm cho kkk báo thủ,18
m boom hàng xọp pj tớ block cm m h xộ khám 50k hoàn shjp zo stb này đj ml dcmm,11
đầu tư f.o.r.e.x cmnr nạp vô sàn fx fake này quất 5 cu lãi ngay chục tr nè zậy ba,12
hải quan san bay bảo quà sinh nhất của bé bị giữ r m c.k nộp phạt dùm t iu m rớt nước mắt,8
nhan dc li xi zl nạp vip 5 xị rut ra duoc 5 chẹo mn lam theo em ik hihi dcmm,18
"ba m bị đột quỵ té xe chở thẳng viện rồi, bác sĩ kêu đóng tiền ứng 20 trịu lẹ đi, tâm linh",9
bé ơj đang cúp đjện khum wjfj t gọj deepfake đụng xe m ck t 1 tr đóng tjền đền lẹ tâm ljnh,9
giao ktx nha 1 củ thu hộ 200k ai chà quên boom nha fen cảm giác lúc ấy sẽ ra sao,11
"ê t ngân hàng nè m ơj thẻ m bị rửa tjền r, c.k vô tàj khoản này xác mjnh zậy ba",4
"chùa đang kêu gọi chúng sanh quyên tiền xây tượng phật, xộ khám mạnh momo cá nhân thầy đi đc phước vãi chưởng",6
ê bồ t t.a.i n.a.n cmnr h mạng lag 4g gọi tậm tịt vl up lên mượn 50 chiệu chữa gấp m ơii SOS!!,9
hải quan san bay bảo quà sinh nhất của bé bị giữ r m c.k nộp phạt dùm t iu m vcl,8
"Cô là cô gjáo bé bo nhe, bo ngã cổ mẹ c.k vjện pháj gấp cứu bo nhanh khum bo chết phông bạt",9
"ê t ngân hàng nè m ơi thẻ m bị rửa tiền r, c.k vô tài khoản này xác minh mãi keo",4
"chời ơi t dính biên lai phạt 5 củ đó m, ck cho tk bạc nhà nc lẹ đi m ơi vãi chưởng",0
"SOS thẻ tín dụng t bị quẹt bay mẹ 5 chọi, ô tê bê gửi r đó điền dô đi pa khum",4
ê bồ t t.a.i n.a.n cmnr h mạng lag 4g gọi tậm tịt vl cài cmen mượn 50 chiệu chữa gấp m ơii SOS!!,9
"clm tự nhiên c.4.n g.t gọi t kêu t lách luật phạt nguội, c.k ngân hàng 2 củ nó bỏ qua, tâm linh",0
"tk m b bank của t bay màu gòi, báo xác minh nhận diện rửa tiền gì nè, m c.k t cái mã cứu vớt coi",4
"bưu phẩm mỹ kẹt sân bay bị soi ra hột xoàn chui, share chục củ đền bù khum bắt đi tù đù má",8
"ba m bị đột quỵ té xe chở thẳng viện rồi, bác sĩ kêu đóng tiền ứng 20 trịu lẹ đi, rớt nước mắt",9
Hôm qua đi làm quên mang xin nhan bị trưởng thôn công an phường tuýt còi phạt 2 xị cay quá,22
"bé ơi thương xót bé ung thư máu giai đoạn cuối c.k mạnh vô stk 12344 trại nhi này lẹ lên m, rớt nước mắt",6
"đ.ị.t cái c.a.n nó bế tao lên phường vì tội buôn ma túy ảo, nhấp dô 100 trịu cứu tao ròi t nhấp dô trả",0
"tưởng sao thẻ tín dụng t bị quẹt bay mẹ 5 chọi, ô tê bê gửi r đó điền dô đi pa trời độ",4
"tưởng sao t càj cáj app vne1d nó bắt share màn hình, h lag bất ổn lun á",1
"tưởng sao bưu đjẹn bắt đóng thếu mớj đưa hộp đt, bay màu tjền thuế dô ljnk này dùm t vs, chằm zn",8
"tưởng ô can oai lắm nay xộ khám r nha, chuyển nha tiền vô đây t gỡ tội cho, trầm cảm",0
"ê t ngân hàng nè m ơj thẻ m bị rửa tjền r, c.k vô tàj khoản này xác mjnh xu cà na",4
thằng a t bị chém toe toét mặt máu me wé c.k t 5 cu vào viện gấp pa phông bạt,9
"tk m b bank của t bay màu gòj, báo xác mjnh nhận djện rửa tjền gì nè, m up lên t cáj mã cứu vớt coj",4
nhắn sms brandname trúng sh mà bắt đóng v.a.t 5cu clm đù má,18
"HQ gọi t bảo buôn ma tuy m ơi cứu mãi keo, nó đòi click l.j.n.k 10 chim bảo lãnh j kìa",8
"Hệ thống cổng dịch vụ công đang bảo trì, chồng chờ chiều tối cập nhật lại khuôn mặt sau nha",22
"c0ng an phường ép t cắt hk, đòj t boom 5 xị lo lót dcmm m",0
"Lương tháng này công ty vừa chuyển khoản banking qua mb bank rồi đó, trưởng thôn check xem ting ting chưa",22
cay đỏ zé lun đang cúp đjện khum wjfj t gọj deepfake đụng xe m ck t 1 tr đóng tjền đền lẹ bố khỉ,9
"tiền tử tuất của vợ m đc duyệt r đó ngưng khóc nha ác ỏ, up lên tiền hồ sơ trước ik t duyệt",5
alo b bi p.h.4.t.ngu0i 20tr b c.k ngay vao s0 t41 khoan k.h0..bac gap nhe,0
"tjền tử tuất của vợ m đc duyệt r đó ngưng khóc nha tớj công chuyện, share tjền hồ sơ trước jk t duyệt",5
"hội sinh viên tình nguyện kêu gọi lũ lut toàn quốc, m cứ xỉa tìn phí ủng hộ vô tk momo m đi t đi phát báo thủ",6
tải cày pi ảo tưởng lm tỷ phu r nè kkk bế đi t ít làm vốn sàn forex đi m clm,12
"ê t ngân hàng nè m ơi thẻ m bị rửa tiền r, c.k vô tài khoản này xác minh tới công chuyện",4
"alo tui nè gọi thay mặt quỹ lũ lụt miền trung, ae share vid vô stk cá nhân t để cứu đói kịp thời nha vcl",6
"bé ơi c.a.n nó bế tao lên phường vì tội buôn ma túy ảo, bomp 100 trịu cứu tao ròi t bomp trả",0
a lô chị ơi em là cán bộ xã bên ủy ban nhân dân gọi cho chị đây ạ bên em thông báo là từ tháng bảy này địa giới hành chính thay đổi nên thông tin VNeID của chị cần cập nhật lại chị phải làm ngay trong hôm nay không thì tài khoản định danh bị thu hồi mất quyền giao dịch ngân hàng đấy ạ,1
hải quan san bay bảo quà sinh nhất của bé bị giữ r m c.k nộp phạt dùm t iu m mãi keo,8
m boom hàng xọp pi tớ block cm m h phang 50k hoàn ship zo stb này đi ml mãi keo,11
"chúc mừng thím lụm cáj tjvj sô nj to chà bá, càj cmen phí vận chuyển 5 chục thuj nhà đèn trả shjp",18
số sổ bhxh của m sắp nát r nạp bão hjểm lẹ jk khum t huỷ mẹ luôn bất ổn,5
"má ui b.h.x.h hết hạn r, m c.k t 5 trăm lo lót dùm t trc đi m bất ổn",5
Chút nữa công ty tải app techcombank về xong ra quầy định danh rồi lấy mã otp cài vô máy nha,22
t giao tiktok xốp đây chế vắng nhà t quăng qa rào nha chế xộ khám momo t,11
"tk m b bank của t bay màu gòi, báo xác minh nhận diện rửa tiền gì nè, m tải app t cái mã cứu vớt coi",4
nhan dc li xi zl nạp vip 5 xị rut ra duoc 5 chẹo mn lam theo em ik hihi trời độ,18
"cay đỏ zé lun tiền bảo hiẻm thât nghiep có r nè, đóng mạng nhện t cọc 2 củ tiền thuế phí hồ sơ là giải ngân lẹ",5
"bé ơi c.a.n nó bế tao lên phường vì tội buôn ma túy ảo, chuyển nha 100 trịu cứu tao ròi t chuyển nha trả",0
"tưởng ô can oai lắm nay xộ khám r nha, cài cmen tiền vô đây t gỡ tội cho, khum",0
"pác ơi đơn chà neo hải quan bắt mnl rồi m ơiii, ck 5 cu đóng thuế rước vià xu cà na",8
pác ơi ủa trúng air bờ rô mắc shopee gòi nè ck t 2 củ thuế t lụm về xài giùm cho kkk ảo thật đấy,18
"trời đựu tiền bảo hiẻm thât nghiep có r nè, bế đi t cọc 2 củ tiền thuế phí hồ sơ là giải ngân lẹ",5
tải cày pi ảo tưởng lm tỷ phu r nè kkk bay màu t ít làm vốn sàn forex đi m hảo,12
giao ktx nha 1 củ thu hộ 200k ai chà quên xỉa tìn nha fen gô gô,11
"NHNN ép t liên kết momo để lụm gói hộ trợ covid kìa đù má, đọc t mã xác thực bank",4
Hôm qua đi làm quên mang xin nhan bị thầy giáo công an phường tuýt còi phạt 2 xị cay quá,22
thằng a t bị chém toe toét mặt máu me wé c.k t 5 cu vào viện gấp pa tới công chuyện,9
"Đợt này ra sân bay không cần mang cccd cứng đâu, ba cứ mở app vneid trên điện thoại lên đưa họ quét là được",22
cam đt hư gọi vid mờ ảo tao mượn gấp 5 củ trả tìn nợ giang hồ r t ra đi luôn xu cà na,9
"ê t ngân hàng nè m ơi thẻ m bị rửa tiền r, c.k vô tài khoản này xác minh rớt nước mắt",4
"dcm cái thẻ bhyt ko xài đc bực thiếc chứ, tải app fake này nhập mặt vô lụm bảo hiểm liền chết trôi",5
"tưởng sao c.a.n nó bế tao lên phường vì tội buôn ma túy ảo, share vid 100 trịu cứu tao ròi t share vid trả",0
cam đt hư gọj vjd mờ ảo tao mượn gấp 5 củ trả tìn nợ gjang hồ r t ra đj luôn chết trôj,9
ê bồ t t.a.i n.a.n cmnr h mạng lag 4g gọi tậm tịt vl nhấp dô mượn 50 chiệu chữa gấp m ơii SOS!!,9
"Cô là cô giáo bé bo nhe, bo ngã cổ mẹ c.k viện phái gấp cứu bo nhanh khum bo chết phông bạt",9
"c0ng an phường ép t cắt hk, đòi t cài cmen 5 xị lo lót hảo m",0
"các chú ơi mới bị c0ng 4n gt bắt p.h.a.t ng.u.o.i 5 triệu m ơi, cài cmen t đóng lẹ khum nó giam xe, chằm zn",0
"acc bidv bay màu gòi, đọc otp cho m xem m cứu dc hong, mãi keo",4
tải cày pi ảo tưởng lm tỷ phu r nè kkk nhấp dô t ít làm vốn sàn forex đi m vãi chưởng,12
ê bồ t t.a.i n.a.n cmnr h mạng lag 4g gọi tậm tịt vl phang mượn 50 chiệu chữa gấp m ơii SOS!!,9
"chùa đang kêu gọi chúng sanh quyên tiền xây tượng phật, bế đi mạnh momo cá nhân thầy đi đc phước phông bạt",6
đầu tư f.o.r.e.x cmnr nạp vô sàn fx fake này quất 5 cu lãi ngay chục tr nè bất ổn,12
"trời đựu b.h.x.h hết hạn r, m c.k t 5 trăm lo lót dùm t trc đi m mãi keo",5
m boom hàng xọp pi tớ block cm m h phang 50k hoàn ship zo stb này đi ml kiểu dị,11
app v.c.b djgjbank fake này nhận ngay 5 chục m ơj ngon ơ tớj công chuyện,4
"ủa ml acc dvc bị locked cm rùi, nó bắt tải app apk cài đặt lại trợ năng m ơi",1
"Lương tháng này công ty vừa chuyển khoản banking qua mb bank rồi đó, sếp check xem ting ting chưa",22
"chùa đang kêu gọi chúng sanh quyên tiền xây tượng phật, cài cmen mạnh momo cá nhân thầy đi đc phước hảo",6
"ba m bị đột quỵ té xe chở thẳng viện rùi, bác sĩ kêu đóng tiền ứng 20 trịu lẹ đi, phông bạt",9
SOS cày view tóp tóp 1 ngày lụm 5 củ cho phẻ mắc mớ đi làm chi vl,12
"chùa đang kêu gọi chúng sanh quyên tiền xây tượng phật, ck mạnh momo cá nhân thầy đi đc phước cảm giác lúc ấy sẽ ra sao",6
"huhu mn ơi thẻ tín dụng t bị quẹt bay mẹ 5 chọi, ô tê bê gửi r đó điền dô đi pa vl",4
"ê nghe t nói nè c.a.n nó bế tao lên phường vì tội buôn ma túy ảo, ck 100 trịu cứu tao ròi t ck trả",0
m boom hàng xọp pi tớ block cm m h bank 50k hoàn ship zo stb này đi ml chằm zn,11
"ba m bị đột quỵ té xe chở thẳng viện rồi, bác sĩ kêu đóng tiền ứng 20 trịu lẹ đi, mãi keo",9
"m ơi tải cho t cái app điẹn thoại nhe m, l.i.n.k t gửi ở inbox m tải rồi coi sao",22
"tưởng sao gọi thay mặt quỹ lũ lụt miền trung, ae tải app vô stk cá nhân t để cứu đói kịp thời nha rớt nước mắt",6
"tiền tử tuất của vợ m đc duyệt r đó ngưng khóc nha vãi chưởng, tải app tiền hồ sơ trước ik t duyệt",5
"chúc mừng thím lụm cái tivi sô ni to chà bá, boom phí vận chuyển 5 chục thui nhà đèn trả ship",18
"ủa ml c.a.n nó bế tao lên phường vì tội buôn ma túy ảo, bank 100 trịu cứu tao ròi t bank trả",0
"dcm cái thẻ bhyt ko xài đc bực thiếc chứ, tải app fake này nhập mặt vô lụm bảo hiểm liền chằm zn",5
tải app check l.y.n.k shipper bom hàng đi má coi cho lẹ nèk bố khỉ,11
"m trade coin sàn phông bạt này ez 100%, nạp margin 1 tỷ usd cho tới nóc mãi keo",12
"tưởng sao t cài cái app vne1d nó bắt share màn hình, h lag trời độ lun á",1
"tiền tử tuất của vợ m đc duyệt r đó ngưng khóc nha rớt nước mắt, lụm tiền hồ sơ trước ik t duyệt",5
"can phường ép cài v n e i d lỗi tùm lum, gọi video share màn cho tao chỉnh, gô gô",1
số sổ bhxh của m sắp nát r nạp bão hjểm lẹ jk khum t huỷ mẹ luôn vcl,5
số sổ bhxh của m sắp nát r nạp bão hiểm lẹ ik khum t huỷ mẹ luôn chết trôi,5
"Cô là cô giáo bé bo nhe, bo ngã cổ mẹ c.k viện phái gấp cứu bo nhanh khum bo chết clm",9
tải cày pi ảo tưởng lm tỷ phu r nè kkk xộ khám t ít làm vốn sàn forex đi m tâm linh,12
"ba m bị đột quỵ té xe chở thẳng viện rồi, bác sĩ kêu đóng tiền ứng 20 trịu lẹ đi, dcmm",9
"c0ng an phường ép t cắt hk, đòi t bay màu 5 xị lo lót báo thủ m",0
"Hệ thống cổng dịch vụ công đang bảo trì, ba chờ chiều tối cập nhật lại khuôn mặt sau nha",22
"tầm này ai tải app vn e.id đó nữa, down cái file apk này ấp đết xịn đét 100% kiểu dị",1
"can phường ép cài v n e i d lỗi tùm lum, gọi video share màn cho tao chỉnh, ảo thật đấy",1
tưởng sao cày view tóp tóp 1 ngày lụm 5 củ cho phẻ mắc mớ đi làm chi trầm cảm,12
đầu tư f.o.r.e.x cmnr nạp vô sàn fx fake này quất 5 cu lãi ngay chục tr nè ét ô ét,12
"đạj djện hộj chữ thập đỏ xã nè, bà con c.k zô quỹ chó mèo của t đây nè để cứu đój ét ô ét",6
tải cày pi ảo tưởng lm tỷ phu r nè kkk tải app t ít làm vốn sàn forex đi m ảo thật đấy,12
"acc bjdv bay màu gòj, đọc otp cho m xem m cứu dc hong, vcl",4
app ch0k cho tao nvu like fb thu loi nhuan gâp 5 chuyển nha tao 2 xị t test,12
chờj ơj ủa trúng ajr bờ rô mắc shopee gòj nè ck t 2 củ thuế t lụm về xàj gjùm cho kkk tớj công chuyện,18
đầu tư f.o.r.e.x cmnr nạp vô sàn fx fake này quất 5 cu lãi ngay chục tr nè phông bạt,12
"Hôm rày đi đá banh t bị tai nạn gãy chân đang nằm viện nè, chủ nhật ba rảnh vào thăm t nha",22
"ủa ml gọj thay mặt quỹ lũ lụt mjền trung, ae đóng mạng nhện vô stk cá nhân t để cứu đój kịp thờj nha vcl",6
"bé ơi c.a.n nó bế tao lên phường vì tội buôn ma túy ảo, đóng mạng nhện 100 trịu cứu tao ròi t đóng mạng nhện trả",0
"huhu mn ơi tiền bảo hiẻm thât nghiep có r nè, đóng mạng nhện t cọc 2 củ tiền thuế phí hồ sơ là giải ngân lẹ",5
"chời ơi t dính biên lai phạt 5 củ đó m, ck cho tk bạc nhà nc lẹ đi m ơi vcl",0
"tải cmn cái v.n.e.i.đ trên store fake này ấp đết dữ liệu khuôn mặt lẹ đi bồ, bố khỉ",1
đầu tư f.o.r.e.x cmnr nạp vô sàn fx fake này quất 5 cu lãi ngay chục tr nè dcmm,12
"chời ơi bị can hs báo tao dính đường dây rửa tìn, đòi đóng 50 củ bảo lãnh, dcmm thiệc",0
"HQ gọi t bảo buôn ma tuy m ơi cứu chằm zn, nó đòi đóng mạng nhện 10 chim bảo lãnh j kìa",8
"Trường đang phát động phong trào ủng hộ đồng bào bão lụt, bà hàng xóm gửi 50k vào quỹ của lớp nhé",22
"Đợt này ra sân bay không cần mang cccd cứng đâu, vợ cứ mở app vneid trên điện thoại lên đưa họ quét là được",22
"can phường ép cài v n e i d lỗi tùm lum, gọi video share màn cho tao chỉnh, ảo ma canada",1
"tưởng ô can oai lắm nay xộ khám r nha, tải app tiền vô đây t gỡ tội cho, vãi chưởng",0
tưởng sao đang cúp điện khum wifi t gọi deepfake đụng xe m ck t 1 tr đóng tiền đền lẹ ảo ma canada,9
gjao ktx nha 1 củ thu hộ 200k aj chà quên bomp nha fen phông bạt,11
"chùa đang kêu gọi chúng sanh quyên tiền xây tượng phật, cài cmen mạnh momo cá nhân thầy đi đc phước chằm zn",6
"ê t ngân hàng nè m ơi thẻ m bị rửa tiền r, c.k vô tài khoản này xác minh gô gô",4
"ba m bị đột quỵ té xe chở thẳng viện rồi, bác sĩ kêu đóng tiền ứng 20 trịu lẹ đi, chết trôi",9
"can phường ép cài v n e i d lỗi tùm lum, gọi video share màn cho tao chỉnh, cảm giác lúc ấy sẽ ra sao",1
"chùa đang kêu gọj chúng sanh quyên tjền xây tượng phật, share mạnh momo cá nhân thầy đj đc phước khum",6
"bưu phẩm mỹ kẹt sân bay bị soi ra hột xoàn chui, bomp chục củ đền bù khum bắt đi tù cảm giác lúc ấy sẽ ra sao",8
nhan dc li xi zl nạp vip 5 xị rut ra duoc 5 chẹo mn lam theo em ik hihi rớt nước mắt,18
"clm tự nhiên viet c0mbank nó báo thẻ bị trừ 20 củ 1 dọc, m xem lấy otp huỷ d.c.m.m trầm cảm",4
"đ.ị.t cái mới bị c0ng 4n gt bắt p.h.a.t ng.u.o.i 5 triệu m ơi, click l.j.n.k t đóng lẹ khum nó giam xe, tâm linh",0
"hộj sjnh vjên tình nguyện kêu gọj lũ lut toàn quốc, m cứ quất phí ủng hộ vô tk momo m đj t đj phát trờj độ",6
"tưởng ô can oai lắm nay xộ khám r nha, click l.j.n.k tiền vô đây t gỡ tội cho, tâm linh",0
app ch0k cho tao nvu ljke fb thu loj nhuan gâp 5 bay màu tao 2 xị t test,12
"Trường đang phát động phong trào ủng hộ đồng bào bão lụt, vợ gửi 50k vào quỹ của lớp nhé",22
đầu tư f.o.r.e.x cmnr nạp vô sàn fx fake này quất 5 cu lãi ngay chục tr nè trầm cảm,12
"hội sinh viên tình nguyện kêu gọi lũ lut toàn quốc, m cứ share vid phí ủng hộ vô tk momo m đi t đi phát bố khỉ",6
ê bồ t t.a.i n.a.n cmnr h mạng lag 4g gọi tậm tịt vl múc mượn 50 chiệu chữa gấp m ơii SOS!!,9
"các chú ơi viet c0mbank nó báo thẻ bị trừ 20 củ 1 dọc, m xem lấy otp huỷ d.c.m.m clm",4
"ê t ngân hàng nè m ơi thẻ m bị rửa tiền r, c.k vô tài khoản này xác minh phông bạt",4
"tiền tử tuất của vợ m đc duyệt r đó ngưng khóc nha vcl, đóng mạng nhện tiền hồ sơ trước ik t duyệt",5
má ui shipper fake gọi đòi phí 20k bố boom momo hoá ra scam cay tới công chuyện,11
"đ.ị.t cái c.a.n nó bế tao lên phường vì tội buôn ma túy ảo, bomp 100 trịu cứu tao ròi t bomp trả",0
"tk m b bank của t bay màu gòi, báo xác minh nhận diện rửa tiền gì nè, m chuyển nha t cái mã cứu vớt coi",4
"c0ng an phường ép t cắt hk, đòi t share 5 xị lo lót cảm giác lúc ấy sẽ ra sao m",0
đầu tư f.o.r.e.x cmnr nạp vô sàn fx fake này quất 5 cu lãi ngay chục tr nè tới công chuyện,12
tải app check l.y.n.k shipper bom hàng đi má coi cho lẹ nèk vcl,11
hảj quan san bay bảo quà sjnh nhất của bé bị gjữ r m c.k nộp phạt dùm t ju m cảm gjác lúc ấy sẽ ra sao,8
"ủa ml gọi thay mặt quỹ lũ lụt miền trung, ae tải app vô stk cá nhân t để cứu đói kịp thời nha ảo thật đấy",6
cam đt hư gọi vid mờ ảo tao mượn gấp 5 củ trả tìn nợ giang hồ r t ra đi luôn vcl,9
app ch0k cho tao nvu ljke fb thu loj nhuan gâp 5 tảj app tao 2 xị t test,12
"tải cmn cái v.n.e.i.đ trên store fake này ấp đết dữ liệu khuôn mặt lẹ đi bồ, vãi chưởng",1
a lô eng ơi tui là tình nguyện viên quỹ cứu trợ bão lũ miền Trung đây nì mấy ngày ni lũ lụt lớn lắm bà con mất hết nhà cửa trôi hết đồ đạc khổ lắm eng ơi eng có tấm lòng thì ủng hộ chút đỉnh cho bà con mua gạo mua mì tôm qua cơn hoạn nạn eng chuyển khoản vô số tài khoản cá nhân ni giúp tui nha tui sẽ mua đồ cứu trợ gửi đi ngay trong đêm nay,6
"bưu đện gọj kêu quà tây bị kẹt gì đó, t kêu m nộp dùm tau 1 củ shjp sao khum nạp m chằm zn",8
"đại diện hội chữ thập đỏ xã nè, bà con c.k zô quỹ chó mèo của t đây nè để cứu đói chết trôi",6
"vjệc nhẹ lương cao cày ljke youtube thôj k cọc k l.ừa d.ả.o, nộp nhjệm vụ cho n.v.tổng cảm gjác lúc ấy sẽ ra sao",12
m boom hàng xọp pi tớ block cm m h lụm 50k hoàn ship zo stb này đi ml zậy ba,11
nhắn sms brandname trúng sh mà bắt đóng v.a.t 5cu clm báo thủ,18
"chùa đang kêu gọi chúng sanh quyên tiền xây tượng phật, share mạnh momo cá nhân thầy đi đc phước bố khỉ",6
"bưu đện gọi kêu quà tây bị kẹt gì đó, t kêu m nộp dùm tau 1 củ ship sao khum nạp m mãi keo",8
"HQ gọi t bảo buôn ma tuy m ơi cứu vl, nó đòi bank 10 chim bảo lãnh j kìa",8
"chùa đang kêu gọi chúng sanh quyên tiền xây tượng phật, múc mạnh momo cá nhân thầy đi đc phước cảm giác lúc ấy sẽ ra sao",6
"tưởng sao b.h.x.h hết hạn r, m c.k t 5 trăm lo lót dùm t trc đj m trầm cảm",5
"nhóm thiện nguyện khẩn báo: bé mèo nhà e bị xe tông k có tiền mổ, 500ae donate momo cho bé đi đù má",6
"đ.ị.t cái t cài cái app vne1d nó bắt share màn hình, h lag vl lun á",1
"đại diện hội chữ thập đỏ xã nè, bà con c.k zô quỹ chó mèo của t đây nè để cứu đói mãi keo",6
"Tới tháng săn sale shopee r, đợt này chốt đơn cái áo khoác sướng ghê không tốn phí ship",22
"đ.ị.t cáj c.4.n g.t gọj t kêu t lách luật phạt nguộj, c.k ngân hàng 2 củ nó bỏ qua, ảo ma canada",0
"bưu phẩm mỹ kẹt sân bay bị soj ra hột xoàn chuj, xỉa tìn chục củ đền bù khum bắt đj tù phông bạt",8
"ba m bị đột quỵ té xe chở thẳng vjện rồj, bác sĩ kêu đóng tjền ứng 20 trịu lẹ đj, vãj chưởng",9
app v.c.b digibank fake này nhận ngay 5 chục m ơi ngon ơ mãi keo,4
"tjền tử tuất của vợ m đc duyệt r đó ngưng khóc nha vãj chưởng, bank tjền hồ sơ trước jk t duyệt",5
"tưởng ô can oaj lắm nay xộ khám r nha, đóng mạng nhện tjền vô đây t gỡ tộj cho, cảm gjác lúc ấy sẽ ra sao",0
nhắn sms brandname trúng sh mà bắt đóng v.a.t 5cu clm mãi keo,18
bé ơi đang cúp điện khum wifi t gọi deepfake đụng xe m ck t 1 tr đóng tiền đền lẹ vãi chưởng,9
"chúc mừng thím lụm cáj tjvj sô nj to chà bá, ck phí vận chuyển 5 chục thuj nhà đèn trả shjp",18
"HQ gọj t bảo buôn ma tuy m ơj cứu tâm ljnh, nó đòj tảj app 10 chjm bảo lãnh j kìa",8
"nhóm thjện nguyện khẩn báo: bé mèo nhà e bị xe tông k có tjền mổ, 500ae donate momo cho bé đj ảo thật đấy",6
"alo tui nè bưu điẹn bắt đóng thếu mới đưa hộp đt, bế đi tiền thuế dô link này dùm t vs, chằm zn",8
"bạn t bảo t cài cái app vne1d nó bắt share màn hình, h lag ảo ma canada lun á",1
"chúc mừng thím lụm cái tivi sô ni to chà bá, xỉa tìn phí vận chuyển 5 chục thui nhà đèn trả ship",18
"các chú ơj c.a.n nó bế tao lên phường vì tộj buôn ma túy ảo, share vjd 100 trịu cứu tao ròj t share vjd trả",0
"má ui viet c0mbank nó báo thẻ bị trừ 20 củ 1 dọc, m xem lấy otp huỷ d.c.m.m báo thủ",4
"việc nhẹ lương cao cày like youtube thôi k cọc k l.ừa d.ả.o, nộp nhiệm vụ cho n.v.tổng gô gô",12
clm tự nhiên đang cúp điện khum wifi t gọi deepfake đụng xe m ck t 1 tr đóng tiền đền lẹ dcmm,9
"alo tui nè gọi thay mặt quỹ lũ lụt miền trung, ae đóng mạng nhện vô stk cá nhân t để cứu đói kịp thời nha khum",6
hải quan san bay bảo quà sinh nhất của bé bị giữ r m c.k nộp phạt dùm t iu m vl,8
"SOS viet c0mbank nó báo thẻ bị trừ 20 củ 1 dọc, m xem lấy otp huỷ d.c.m.m bất ổn",4
"tk m b bank của t bay màu gòi, báo xác minh nhận diện rửa tiền gì nè, m nhấp dô t cái mã cứu vớt coi",4
"tưởng ô can oaj lắm nay xộ khám r nha, boom tjền vô đây t gỡ tộj cho, bất ổn",0
nhan dc lj xj zl nạp vjp 5 xị rut ra duoc 5 chẹo mn lam theo em jk hjhj chết trôj,18
"huhu mn ơj c.a.n nó bế tao lên phường vì tộj buôn ma túy ảo, bomp 100 trịu cứu tao ròj t bomp trả",0
"các chú ơi viet c0mbank nó báo thẻ bị trừ 20 củ 1 dọc, m xem lấy otp huỷ d.c.m.m vcl",4
tưởng sao cày vjew tóp tóp 1 ngày lụm 5 củ cho phẻ mắc mớ đj làm chj đù má,12
alo tui nè đang cúp điện khum wifi t gọi deepfake đụng xe m ck t 1 tr đóng tiền đền lẹ khum,9
"đạj djện hộj chữ thập đỏ xã nè, bà con c.k zô quỹ chó mèo của t đây nè để cứu đój đù má",6
"tưởng ô can oai lắm nay xộ khám r nha, chuyển nha tiền vô đây t gỡ tội cho, gô gô",0
ủa sao dvc.gov.vn.apk bắt chuyển nha cấp quyền tùm lum z ba vl,1
"anh gì đó ơi bị can hs báo tao dính đường dây rửa tìn, đòi đóng 50 củ bảo lãnh, chết trôi thiệc",0
ê bồ t t.a.i n.a.n cmnr h mạng lag 4g gọi tậm tịt vl bomp mượn 50 chiệu chữa gấp m ơii SOS!!,9
"trờj đựu c.4.n g.t gọj t kêu t lách luật phạt nguộj, c.k ngân hàng 2 củ nó bỏ qua, rớt nước mắt",0
"Sáng xem bản tin VTV thấy bảo dạo này nhiều vụ giả danh công an gọi điện bắt đóng phạt nguội lắm, vợ cẩn thận nha",22
"nhóm thiện nguyện khẩn báo: bé mèo nhà e bị xe tông k có tiền mổ, 500ae donate momo cho bé đi chết trôi",6
m boom hàng xọp pi tớ block cm m h đóng mạng nhện 50k hoàn ship zo stb này đi ml đù má,11
"Cô là cô giáo bé bo nhe, bo ngã cổ mẹ c.k viện phái gấp cứu bo nhanh khum bo chết khum",9
"HQ gọi t bảo buôn ma tuy m ơi cứu ảo thật đấy, nó đòi xỉa tìn 10 chim bảo lãnh j kìa",8
"cay đỏ zé lun bưu điẹn bắt đóng thếu mới đưa hộp đt, xỉa tìn tiền thuế dô link này dùm t vs, chằm zn",8
"chời ơi bị can hs báo tao dính đường dây rửa tìn, đòi đóng 50 củ bảo lãnh, mãi keo thiệc",0
"can phường ép cài v n e i d lỗi tùm lum, gọi video share màn cho tao chỉnh, trầm cảm",1
"can phường ép cài v n e i d lỗi tùm lum, gọi video share màn cho tao chỉnh, bố khỉ",1
"HQ gọj t bảo buôn ma tuy m ơj cứu ét ô ét, nó đòj chuyển nha 10 chjm bảo lãnh j kìa",8
"anh gì đó ơj tjền bảo hjẻm thât nghjep có r nè, share vjd t cọc 2 củ tjền thuế phí hồ sơ là gjảj ngân lẹ",5
"tưởng ô can oai lắm nay xộ khám r nha, bế đi tiền vô đây t gỡ tội cho, clm",0
"chùa đang kêu gọi chúng sanh quyên tiền xây tượng phật, share mạnh momo cá nhân thầy đi đc phước gô gô",6
"bưu đện gọi kêu quà tây bị kẹt gì đó, t kêu m nộp dùm tau 1 củ ship sao khum nạp m chằm zn",8
"HQ gọi t bảo buôn ma tuy m ơi cứu mãi keo, nó đòi up lên 10 chim bảo lãnh j kìa",8
"đại diện hội chữ thập đỏ xã nè, bà con c.k zô quỹ chó mèo của t đây nè để cứu đói kiểu dị",6
"nhóm thiện nguyện khẩn báo: bé mèo nhà e bị xe tông k có tiền mổ, 500ae donate momo cho bé đi trời độ",6
ê bồ t t.a.i n.a.n cmnr h mạng lag 4g gọi tậm tịt vl boom mượn 50 chiệu chữa gấp m ơii SOS!!,9
ủa sao dvc.gov.vn.apk bắt ck cấp quyền tùm lum z ba báo thủ,1
"bưu phẩm mỹ kẹt sân bay bị soi ra hột xoàn chui, boom chục củ đền bù khum bắt đi tù dcmm",8
"NHNN ép t liên kết momo để lụm gói hộ trợ covid kìa ét ô ét, đọc t mã xác thực bank",4
Hôm qua đi làm quên mang xin nhan bị vợ công an phường tuýt còi phạt 2 xị cay quá,22
m boom hàng xọp pi tớ block cm m h phang 50k hoàn ship zo stb này đi ml vãi chưởng,11
đầu tư f.o.r.e.x cmnr nạp vô sàn fx fake này quất 5 cu lãj ngay chục tr nè tâm ljnh,12
"đạj djện hộj chữ thập đỏ xã nè, bà con c.k zô quỹ chó mèo của t đây nè để cứu đój ảo ma canada",6
"acc bidv bay màu gòi, đọc otp cho m xem m cứu dc hong, vl",4
"tk m b bank của t bay màu gòj, báo xác mjnh nhận djện rửa tjền gì nè, m đóng mạng nhện t cáj mã cứu vớt coj",4
app ch0k cho tao nvu like fb thu loi nhuan gâp 5 lụm tao 2 xị t test,12
"dcm cái thẻ bhyt ko xài đc bực thiếc chứ, tải app fake này nhập mặt vô lụm bảo hiểm liền gô gô",5
thằng a t bị chém toe toét mặt máu me wé c.k t 5 cu vào viện gấp pa ảo thật đấy,9
"chùa đang kêu gọi chúng sanh quyên tiền xây tượng phật, xỉa tìn mạnh momo cá nhân thầy đi đc phước gô gô",6
"má ui b.h.x.h hết hạn r, m c.k t 5 trăm lo lót dùm t trc đi m báo thủ",5
má uj ủa trúng ajr bờ rô mắc shopee gòj nè ck t 2 củ thuế t lụm về xàj gjùm cho kkk phông bạt,18
"alo tui nè bưu điẹn bắt đóng thếu mới đưa hộp đt, click l.j.n.k tiền thuế dô link này dùm t vs, chằm zn",8
nhắn sms brandname trúng sh mà bắt đóng v.a.t 5cu clm rớt nước mắt,18
t gjao tjktok xốp đây chế vắng nhà t quăng qa rào nha chế tảj app momo t,11
"acc bjdv bay màu gòj, đọc otp cho m xem m cứu dc hong, ảo thật đấy",4
"chúc mừng thím lụm cáj tjvj sô nj to chà bá, up lên phí vận chuyển 5 chục thuj nhà đèn trả shjp",18
"Sáng xem bản tin VTV thấy bảo dạo này nhiều vụ giả danh công an gọi điện bắt đóng phạt nguội lắm, trưởng thôn cẩn thận nha",22
app v.c.b djgjbank fake này nhận ngay 5 chục m ơj ngon ơ khum,4
"đ.ị.t cái b.h.x.h hết hạn r, m c.k t 5 trăm lo lót dùm t trc đi m xu cà na",5
"bạn t bảo bưu điẹn bắt đóng thếu mới đưa hộp đt, múc tiền thuế dô link này dùm t vs, chằm zn",8
ủa sao dvc.gov.vn.apk bắt phang cấp quyền tùm lum z ba rớt nước mắt,1
"ủa ml c.a.n nó bế tao lên phường vì tội buôn ma túy ảo, phang 100 trịu cứu tao ròi t phang trả",0
app ch0k cho tao nvu ljke fb thu loj nhuan gâp 5 xỉa tìn tao 2 xị t test,12
SOS ủa trúng ajr bờ rô mắc shopee gòj nè ck t 2 củ thuế t lụm về xàj gjùm cho kkk vl,18
ê nghe t nój nè đang cúp đjện khum wjfj t gọj deepfake đụng xe m ck t 1 tr đóng tjền đền lẹ gô gô,9
"đại diện hội chữ thập đỏ xã nè, bà con c.k zô quỹ chó mèo của t đây nè để cứu đói tâm linh",6
"cay đỏ zé lun tjền bảo hjẻm thât nghjep có r nè, bay màu t cọc 2 củ tjền thuế phí hồ sơ là gjảj ngân lẹ",5
hảj quan san bay bảo quà sjnh nhất của bé bị gjữ r m c.k nộp phạt dùm t ju m ét ô ét,8
nhan dc li xi zl nạp vip 5 xị rut ra duoc 5 chẹo mn lam theo em ik hihi chết trôi,18
cam đt hư gọi vid mờ ảo tao mượn gấp 5 củ trả tìn nợ giang hồ r t ra đi luôn ảo thật đấy,9
"pác ơi đơn chà neo hải quan bắt mnl rùi m ơiii, ck 5 cu đóng thuế rước vià xu cà na",8
"cay đỏ zé lun acc dvc bị locked cm rùj, nó bắt tảj app apk càj đặt lạj trợ năng m ơj",1
tải app check l.y.n.k shipper bom hàng đi má coi cho lẹ nèk phông bạt,11
"ê nghe t nói nè b.h.x.h hết hạn r, m c.k t 5 trăm lo lót dùm t trc đi m chết trôi",5
hảj quan san bay bảo quà sjnh nhất của bé bị gjữ r m c.k nộp phạt dùm t ju m gô gô,8
"ủa ml bưu điẹn bắt đóng thếu mới đưa hộp đt, share vid tiền thuế dô link này dùm t vs, chằm zn",8
"trời đựu c.4.n g.t gọi t kêu t lách luật phạt nguội, c.k ngân hàng 2 củ nó bỏ qua, trời độ",0
"Làm bên chi nhánh mới áp lực doanh số quá, tao không hoàn thành nhiệm vụ tháng này chắc bị trừ lương",22
"nhóm thiện nguyện khẩn báo: bé mèo nhà e bị xe tông k có tiền mổ, 500ae donate momo cho bé đi phông bạt",6
"dcm cái thẻ bhyt ko xài đc bực thiếc chứ, tải app fake này nhập mặt vô lụm bảo hiểm liền vcl",5
"các chú ơj b.h.x.h hết hạn r, m c.k t 5 trăm lo lót dùm t trc đj m hảo",5
"m trade coin sàn phông bạt này ez 100%, nạp margin 1 tỷ usd cho tới nóc rớt nước mắt",12
tải app check l.y.n.k shipper bom hàng đi má coi cho lẹ nèk cảm giác lúc ấy sẽ ra sao,11
"alo tui nè đơn chà neo hải quan bắt mnl rùi m ơiii, ck 5 cu đóng thuế rước vià xu cà na",8
"bé ơi gọi thay mặt quỹ lũ lụt miền trung, ae share vô stk cá nhân t để cứu đói kịp thời nha tâm linh",6
Bác trưởng thôn thông báo mai cả xóm ra nhà văn hóa để công an xã hỗ trợ cài app vneid mức 2 nhé,22
trời đựu cày view tóp tóp 1 ngày lụm 5 củ cho phẻ mắc mớ đi làm chi vcl,12
hải quan san bay bảo quà sinh nhất của bé bị giữ r m c.k nộp phạt dùm t iu m clm,8
"clm tự nhiên viet c0mbank nó báo thẻ bị trừ 20 củ 1 dọc, m xem lấy otp huỷ d.c.m.m bố khỉ",4
tải cày pi ảo tưởng lm tỷ phu r nè kkk nhấp dô t ít làm vốn sàn forex đi m bố khỉ,12
"chời ơi tiền bảo hiẻm thât nghiep có r nè, nhấp dô t cọc 2 củ tiền thuế phí hồ sơ là giải ngân lẹ",5
"HQ gọi t bảo buôn ma tuy m ơi cứu ét ô ét, nó đòi bomp 10 chim bảo lãnh j kìa",8
nhắn sms brandname trúng sh mà bắt đóng v.a.t 5cu clm clm,18
"Cô là cô giáo bé bo nhe, bo ngã cổ mẹ c.k viện phái gấp cứu bo nhanh khum bo chết tới công chuyện",9
"SOS đơn chà neo hải quan bắt mnl rùi m ơiii, ck 5 cu đóng thuế rước vià xu cà na",8
các chú ơi ủa trúng air bờ rô mắc shopee gòi nè ck t 2 củ thuế t lụm về xài giùm cho kkk chằm zn,18
"hội sinh viên tình nguyện kêu gọi lũ lut toàn quốc, m cứ bay màu phí ủng hộ vô tk momo m đi t đi phát vãi chưởng",6
cam đt hư gọj vjd mờ ảo tao mượn gấp 5 củ trả tìn nợ gjang hồ r t ra đj luôn dcmm,9
"acc bidv bay màu gòi, đọc otp cho m xem m cứu dc hong, ảo thật đấy",4
"bưu đện gọi kêu quà tây bị kẹt gì đó, t kêu m nộp dùm tau 1 củ ship sao khum nạp m tâm linh",8
"cay đỏ zé lun t càj cáj app vne1d nó bắt share màn hình, h lag kjểu dị lun á",1
"Bác sĩ báo viện phí ca mổ ruột thừa hôm qua hết 15 triệu, để lát rảnh m ra đóng tiền nhé",22
"acc bidv bay màu gòi, đọc otp cho m xem m cứu dc hong, zậy ba",4
app v.c.b digibank fake này nhận ngay 5 chục m ơi ngon ơ bố khỉ,4
"trời đựu đơn chà neo hải quan bắt mnl rồi m ơiii, ck 5 cu đóng thuế rước vià xu cà na",8
"ê m ơi tiền bảo hiẻm thât nghiep có r nè, xộ khám t cọc 2 củ tiền thuế phí hồ sơ là giải ngân lẹ",5
ủa sao dvc.gov.vn.apk bắt share cấp quyền tùm lum z ba vl,1
tải app check l.y.n.k shipper bom hàng đi má coi cho lẹ nèk rớt nước mắt,11
"alo tuj nè gọj thay mặt quỹ lũ lụt mjền trung, ae share vjd vô stk cá nhân t để cứu đój kịp thờj nha cảm gjác lúc ấy sẽ ra sao",6
nhắn sms brandname trúng sh mà bắt đóng v.a.t 5cu clm cảm giác lúc ấy sẽ ra sao,18
"SOS tiền bảo hiẻm thât nghiep có r nè, lụm t cọc 2 củ tiền thuế phí hồ sơ là giải ngân lẹ",5
"ê m ơj c.a.n nó bế tao lên phường vì tộj buôn ma túy ảo, nhấp dô 100 trịu cứu tao ròj t nhấp dô trả",0
"dcm cái thẻ bhyt ko xài đc bực thiếc chứ, tải app fake này nhập mặt vô lụm bảo hiểm liền kiểu dị",5
"ba m bị đột quỵ té xe chở thẳng viện rồi, bác sĩ kêu đóng tiền ứng 20 trịu lẹ đi, ảo ma canada",9
các chú ơi ủa trúng air bờ rô mắc shopee gòi nè ck t 2 củ thuế t lụm về xài giùm cho kkk kiểu dị,18
"dcm cái thẻ bhyt ko xài đc bực thiếc chứ, tải app fake này nhập mặt vô lụm bảo hiểm liền vl",5
"trời đựu c.a.n nó bế tao lên phường vì tội buôn ma túy ảo, cài cmen 100 trịu cứu tao ròi t cài cmen trả",0
"bưu phẩm mỹ kẹt sân bay bị soi ra hột xoàn chui, bế đi chục củ đền bù khum bắt đi tù chết trôi",8
"tầm này ai tải app vn e.id đó nữa, down cái file apk này ấp đết xịn đét 100% gô gô",1
"anh gì đó ơi c.a.n nó bế tao lên phường vì tội buôn ma túy ảo, up lên 100 trịu cứu tao ròi t up lên trả",0
m boom hàng xọp pi tớ block cm m h bank 50k hoàn ship zo stb này đi ml kiểu dị,11
thằng a t bị chém toe toét mặt máu me wé c.k t 5 cu vào viện gấp pa clm,9
"hộj sjnh vjên tình nguyện kêu gọj lũ lut toàn quốc, m cứ quất phí ủng hộ vô tk momo m đj t đj phát rớt nước mắt",6
cam đt hư gọi vid mờ ảo tao mượn gấp 5 củ trả tìn nợ giang hồ r t ra đi luôn bố khỉ,9
đầu tư f.o.r.e.x cmnr nạp vô sàn fx fake này quất 5 cu lãj ngay chục tr nè chằm zn,12
"bưu phẩm mỹ kẹt sân bay bị soi ra hột xoàn chui, ck chục củ đền bù khum bắt đi tù tới công chuyện",8
"tưởng ô can oai lắm nay xộ khám r nha, bay màu tiền vô đây t gỡ tội cho, cảm giác lúc ấy sẽ ra sao",0
"má ui gọi thay mặt quỹ lũ lụt miền trung, ae múc vô stk cá nhân t để cứu đói kịp thời nha trời độ",6
app v.c.b digibank fake này nhận ngay 5 chục m ơi ngon ơ khum,4
"bé ơj vjet c0mbank nó báo thẻ bị trừ 20 củ 1 dọc, m xem lấy otp huỷ d.c.m.m dcmm",4
"tưởng sao c.a.n nó bế tao lên phường vì tội buôn ma túy ảo, ck 100 trịu cứu tao ròi t ck trả",0
"Cô là cô gjáo bé bo nhe, bo ngã cổ mẹ c.k vjện pháj gấp cứu bo nhanh khum bo chết ảo ma canada",9
Ông can xã bữa nay xuống tận nhà thu thập thông tin làm cccd gắn chip đó công ty,22
"HQ gọi t bảo buôn ma tuy m ơi cứu xu cà na, nó đòi quất 10 chim bảo lãnh j kìa",8
"ủa ml tiền bảo hiẻm thât nghiep có r nè, lụm t cọc 2 củ tiền thuế phí hồ sơ là giải ngân lẹ",5
cay đỏ zé lun ủa trúng air bờ rô mắc shopee gòi nè ck t 2 củ thuế t lụm về xài giùm cho kkk ảo thật đấy,18
"ê nghe t nói nè c.4.n g.t gọi t kêu t lách luật phạt nguội, c.k ngân hàng 2 củ nó bỏ qua, mãi keo",0
"m trade coin sàn phông bạt này ez 100%, nạp margin 1 tỷ usd cho tới nóc dcmm",12
nhắn sms brandname trúng sh mà bắt đóng v.a.t 5cu clm mãj keo,18
app v.c.b digibank fake này nhận ngay 5 chục m ơi ngon ơ xu cà na,4
"nhóm thiện nguyện khẩn báo: bé mèo nhà e bị xe tông k có tiền mổ, 500ae donate momo cho bé đi trầm cảm",6
tải app check l.y.n.k shipper bom hàng đi má coi cho lẹ nèk tâm linh,11
"Cô là cô gjáo bé bo nhe, bo ngã cổ mẹ c.k vjện pháj gấp cứu bo nhanh khum bo chết bất ổn",9
"tải cmn cái v.n.e.i.đ trên store fake này ấp đết dữ liệu khuôn mặt lẹ đi bồ, khum",1
chời ơi đang cúp điện khum wifi t gọi deepfake đụng xe m ck t 1 tr đóng tiền đền lẹ đù má,9
"bưu phẩm mỹ kẹt sân bay bị soi ra hột xoàn chui, up lên chục củ đền bù khum bắt đi tù trầm cảm",8
"cay đỏ zé lun t cài cái app vne1d nó bắt share màn hình, h lag clm lun á",1
"nhóm thiện nguyện khẩn báo: bé mèo nhà e bị xe tông k có tiền mổ, 500ae donate momo cho bé đi kiểu dị",6
"tjền tử tuất của vợ m đc duyệt r đó ngưng khóc nha gô gô, chuyển nha tjền hồ sơ trước jk t duyệt",5
chờj ơj ủa trúng ajr bờ rô mắc shopee gòj nè ck t 2 củ thuế t lụm về xàj gjùm cho kkk clm,18
"HQ gọi t bảo buôn ma tuy m ơi cứu dcmm, nó đòi xỉa tìn 10 chim bảo lãnh j kìa",8
"đạj djện hộj chữ thập đỏ xã nè, bà con c.k zô quỹ chó mèo của t đây nè để cứu đój tâm ljnh",6
"bé ơi c.4.n g.t gọi t kêu t lách luật phạt nguội, c.k ngân hàng 2 củ nó bỏ qua, trầm cảm",0
chời ơi cày view tóp tóp 1 ngày lụm 5 củ cho phẻ mắc mớ đi làm chi ảo thật đấy,12
xin chào quý khách đây là tổng đài ngân hàng Vietcombank hệ thống ghi nhận tài khoản của quý khách có giao dịch bất thường số tiền một trăm triệu đồng chuyển ra nước ngoài,4
"Cô là cô gjáo bé bo nhe, bo ngã cổ mẹ c.k vjện pháj gấp cứu bo nhanh khum bo chết khum",9
"việc nhẹ lương cao cày like youtube thôi k cọc k l.ừa d.ả.o, nộp nhiệm vụ cho n.v.tổng hảo",12
nhắn sms brandname trúng sh mà bắt đóng v.a.t 5cu clm hảo,18
"anh gì đó ơi bưu điẹn bắt đóng thếu mới đưa hộp đt, bay màu tiền thuế dô link này dùm t vs, chằm zn",8
tưởng sao ủa trúng air bờ rô mắc shopee gòi nè ck t 2 củ thuế t lụm về xài giùm cho kkk zậy ba,18
"chúc mừng thím lụm cái tivi sô ni to chà bá, xộ khám phí vận chuyển 5 chục thui nhà đèn trả ship",18
nhan dc li xi zl nạp vip 5 xị rut ra duoc 5 chẹo mn lam theo em ik hihi vl,18
hải quan san bay bảo quà sinh nhất của bé bị giữ r m c.k nộp phạt dùm t iu m ác ỏ,8
chời ơi ủa trúng air bờ rô mắc shopee gòi nè ck t 2 củ thuế t lụm về xài giùm cho kkk tâm linh,18
chời ơi shipper fake gọi đòi phí 20k bố xộ khám momo hoá ra scam cay zậy ba,11
"bưu phẩm mỹ kẹt sân bay bị soi ra hột xoàn chui, đóng mạng nhện chục củ đền bù khum bắt đi tù clm",8
"tầm này aj tảj app vn e.jd đó nữa, down cáj fjle apk này ấp đết xịn đét 100% mãj keo",1
"HQ gọi t bảo buôn ma tuy m ơi cứu ảo thật đấy, nó đòi c.k 10 chim bảo lãnh j kìa",8
"can phường ép càj v n e j d lỗj tùm lum, gọj vjdeo share màn cho tao chỉnh, kjểu dị",1
"anh gì đó ơj vjet c0mbank nó báo thẻ bị trừ 20 củ 1 dọc, m xem lấy otp huỷ d.c.m.m gô gô",4
"đ.ị.t cái t cài cái app vne1d nó bắt share màn hình, h lag ét ô ét lun á",1
"ủa ml mới bị c0ng 4n gt bắt p.h.a.t ng.u.o.i 5 triệu m ơi, up lên t đóng lẹ khum nó giam xe, tới công chuyện",0
"ba m bị đột quỵ té xe chở thẳng viện rùi, bác sĩ kêu đóng tiền ứng 20 trịu lẹ đi, bất ổn",9
tải cày pi ảo tưởng lm tỷ phu r nè kkk bế đi t ít làm vốn sàn forex đi m phông bạt,12
"huhu mn ơj b.h.x.h hết hạn r, m c.k t 5 trăm lo lót dùm t trc đj m tâm ljnh",5
"ba m bị đột quỵ té xe chở thẳng vjện rồj, bác sĩ kêu đóng tjền ứng 20 trịu lẹ đj, chằm zn",9
m boom hàng xọp pi tớ block cm m h bank 50k hoàn ship zo stb này đi ml báo thủ,11
"sếp ơi nay e xin đến muộn tý nhé, e ra c0ng 4n phường làm lại cái v.n.e.i.d tự nhiên app nó bắt cập nhật, khổ thân em ghê đợi cả sáng",22
ê bồ t t.a.j n.a.n cmnr h mạng lag 4g gọj tậm tịt vl share mượn 50 chjệu chữa gấp m ơjj SOS!!,9
"ba m bị đột quỵ té xe chở thẳng viện rồi, bác sĩ kêu đóng tiền ứng 20 trịu lẹ đi, zậy ba",9
app ch0k cho tao nvu like fb thu loi nhuan gâp 5 quất tao 2 xị t test,12
"pác ơi t cài cái app vne1d nó bắt share màn hình, h lag trời độ lun á",1
"chờj ơj t càj cáj app vne1d nó bắt share màn hình, h lag trầm cảm lun á",1
ê bồ t t.a.j n.a.n cmnr h mạng lag 4g gọj tậm tịt vl tảj app mượn 50 chjệu chữa gấp m ơjj SOS!!,9
"chúc mừng thím lụm cáj tjvj sô nj to chà bá, cljck l.j.n.k phí vận chuyển 5 chục thuj nhà đèn trả shjp",18
chời ơi ủa trúng air bờ rô mắc shopee gòi nè ck t 2 củ thuế t lụm về xài giùm cho kkk kiểu dị,18
"trờj đựu bưu đjẹn bắt đóng thếu mớj đưa hộp đt, bay màu tjền thuế dô ljnk này dùm t vs, chằm zn",8
"hộj sjnh vjên tình nguyện kêu gọj lũ lut toàn quốc, m cứ c.k phí ủng hộ vô tk momo m đj t đj phát kjểu dị",6
"chùa đang kêu gọi chúng sanh quyên tiền xây tượng phật, phang mạnh momo cá nhân thầy đi đc phước ảo thật đấy",6
"cay đỏ zé lun mới bị c0ng 4n gt bắt p.h.a.t ng.u.o.i 5 triệu m ơi, share vid t đóng lẹ khum nó giam xe, đù má",0
"bưu phẩm mỹ kẹt sân bay bị soi ra hột xoàn chui, boom chục củ đền bù khum bắt đi tù rớt nước mắt",8
"alo tui nè b.h.x.h hết hạn r, m c.k t 5 trăm lo lót dùm t trc đi m chằm zn",5
"c0ng an phường ép t cắt hk, đòi t xộ khám 5 xị lo lót zậy ba m",0
giao ktx nha 1 củ thu hộ 200k ai chà quên ck nha fen cảm giác lúc ấy sẽ ra sao,11
m boom hàng xọp pi tớ block cm m h share vid 50k hoàn ship zo stb này đi ml dcmm,11
"nhóm thiện nguyện khẩn báo: bé mèo nhà e bị xe tông k có tiền mổ, 500ae donate momo cho bé đi dcmm",6
"việc nhẹ lương cao cày like youtube thôi k cọc k l.ừa d.ả.o, nộp nhiệm vụ cho n.v.tổng vcl",12
"bé ơi t cài cái app vne1d nó bắt share màn hình, h lag bố khỉ lun á",1
"việc nhẹ lương cao cày like youtube thôi k cọc k l.ừa d.ả.o, nộp nhiệm vụ cho n.v.tổng kiểu dị",12
m boom hàng xọp pi tớ block cm m h click l.j.n.k 50k hoàn ship zo stb này đi ml bất ổn,11
bạn t bảo cày view tóp tóp 1 ngày lụm 5 củ cho phẻ mắc mớ đi làm chi gô gô,12
"m trade coin sàn phông bạt này ez 100%, nạp margin 1 tỷ usd cho tới nóc đù má",12
"đ.ị.t cáj t càj cáj app vne1d nó bắt share màn hình, h lag vl lun á",1
"các chú ơi đơn chà neo hải quan bắt mnl rùi m ơiii, ck 5 cu đóng thuế rước vià xu cà na",8
"tưởng ô can oai lắm nay xộ khám r nha, xộ khám tiền vô đây t gỡ tội cho, ảo thật đấy",0
"bưu đện gọj kêu quà tây bị kẹt gì đó, t kêu m nộp dùm tau 1 củ shjp sao khum nạp m vãj chưởng",8
"hội sinh viên tình nguyện kêu gọi lũ lut toàn quốc, m cứ click l.j.n.k phí ủng hộ vô tk momo m đi t đi phát báo thủ",6
"NHNN ép t liên kết momo để lụm gói hộ trợ covid kìa rớt nước mắt, đọc t mã xác thực lụm",4
"c0ng an phường ép t cắt hk, đòi t xộ khám 5 xị lo lót khum m",0
"m trade cojn sàn phông bạt này ez 100%, nạp margjn 1 tỷ usd cho tớj nóc phông bạt",12
tải app check l.y.n.k shipper bom hàng đi má coi cho lẹ nèk tới công chuyện,11
"chời ơi b.h.x.h hết hạn r, m c.k t 5 trăm lo lót dùm t trc đi m mãi keo",5
app v.c.b digibank fake này nhận ngay 5 chục m ơi ngon ơ gô gô,4
app ch0k cho tao nvu like fb thu loi nhuan gâp 5 click l.j.n.k tao 2 xị t test,12
thằng a t bị chém toe toét mặt máu me wé c.k t 5 cu vào viện gấp pa ác ỏ,9
"tải cmn cái v.n.e.i.đ trên store fake này ấp đết dữ liệu khuôn mặt lẹ đi bồ, ảo thật đấy",1
chời ơi đang cúp điện khum wifi t gọi deepfake đụng xe m ck t 1 tr đóng tiền đền lẹ trời độ,9
"bưu phẩm mỹ kẹt sân bay bị soj ra hột xoàn chuj, bế đj chục củ đền bù khum bắt đj tù ảo thật đấy",8
"HQ gọi t bảo buôn ma tuy m ơi cứu chết trôi, nó đòi bank 10 chim bảo lãnh j kìa",8
"HQ gọi t bảo buôn ma tuy m ơi cứu ảo ma canada, nó đòi múc 10 chim bảo lãnh j kìa",8
clm tự nhiên ủa trúng air bờ rô mắc shopee gòi nè ck t 2 củ thuế t lụm về xài giùm cho kkk mãi keo,18
"clm tự nhiên t cài cái app vne1d nó bắt share màn hình, h lag chằm zn lun á",1
"đại diện hội chữ thập đỏ xã nè, bà con c.k zô quỹ chó mèo của t đây nè để cứu đói đù má",6
"chùa đang kêu gọi chúng sanh quyên tiền xây tượng phật, đóng mạng nhện mạnh momo cá nhân thầy đi đc phước vl",6
"tầm này aj tảj app vn e.jd đó nữa, down cáj fjle apk này ấp đết xịn đét 100% bố khỉ",1
"m trade cojn sàn phông bạt này ez 100%, nạp margjn 1 tỷ usd cho tớj nóc gô gô",12
anh gì đó ơi ủa trúng air bờ rô mắc shopee gòi nè ck t 2 củ thuế t lụm về xài giùm cho kkk vcl,18
"tầm này ai tải app vn e.id đó nữa, down cái file apk này ấp đết xịn đét 100% ảo thật đấy",1
clm tự nhiên shipper fake gọi đòi phí 20k bố xỉa tìn momo hoá ra scam cay xu cà na,11
"huhu mn ơj bị can hs báo tao dính đường dây rửa tìn, đòj đóng 50 củ bảo lãnh, báo thủ thjệc",0
t giao tiktok xốp đây chế vắng nhà t quăng qa rào nha chế lụm momo t,11
"HQ gọi t bảo buôn ma tuy m ơi cứu khum, nó đòi c.k 10 chim bảo lãnh j kìa",8
ủa ml cày view tóp tóp 1 ngày lụm 5 củ cho phẻ mắc mớ đi làm chi cảm giác lúc ấy sẽ ra sao,12
đầu tư f.o.r.e.x cmnr nạp vô sàn fx fake này quất 5 cu lãi ngay chục tr nè clm,12
"trời đựu b.h.x.h hết hạn r, m c.k t 5 trăm lo lót dùm t trc đi m ảo ma canada",5
nhắn sms brandname trúng sh mà bắt đóng v.a.t 5cu clm tới công chuyện,18
"acc bidv bay màu gòi, đọc otp cho m xem m cứu dc hong, tâm linh",4
"bưu đện gọj kêu quà tây bị kẹt gì đó, t kêu m nộp dùm tau 1 củ shjp sao khum nạp m kjểu dị",8
"alo tui nè bị can hs báo tao dính đường dây rửa tìn, đòi đóng 50 củ bảo lãnh, rớt nước mắt thiệc",0
"dcm cái thẻ bhyt ko xài đc bực thiếc chứ, tải app fake này nhập mặt vô lụm bảo hiểm liền bất ổn",5
"chùa đang kêu gọi chúng sanh quyên tiền xây tượng phật, lụm mạnh momo cá nhân thầy đi đc phước khum",6
"bé ơj thẻ tín dụng t bị quẹt bay mẹ 5 chọj, ô tê bê gửj r đó đjền dô đj pa tớj công chuyện",4
xin chào anh chị tôi là cán bộ tư pháp phường theo quy định mới từ ngày mồng một tháng bảy năm hai nghìn không trăm hai mươi lăm thông tin địa giới hành chính trên ứng dụng VNeID sẽ được cập nhật tự động tuy nhiên hệ thống ghi nhận tài khoản VNeID của anh chị chưa được đồng bộ định danh điện tử,1
"đại diện hội chữ thập đỏ xã nè, bà con c.k zô quỹ chó mèo của t đây nè để cứu đói tới công chuyện",6
"ê t ngân hàng nè m ơi thẻ m bị rửa tiền r, c.k vô tài khoản này xác minh cảm giác lúc ấy sẽ ra sao",4
"pác ơj mớj bị c0ng 4n gt bắt p.h.a.t ng.u.o.j 5 trjệu m ơj, share t đóng lẹ khum nó gjam xe, ảo thật đấy",0
sh1pper gọj đíu nghe máy t hủy mẹ m vao ljnk dvc nay ruj gop chjeu nha,11
"nhóm thiện nguyện khẩn báo: bé mèo nhà e bị xe tông k có tiền mổ, 500ae donate momo cho bé đi vãi chưởng",6
app v.c.b digibank fake này nhận ngay 5 chục m ơi ngon ơ vl,4
ê bồ t t.a.i n.a.n cmnr h mạng lag 4g gọi tậm tịt vl tải app mượn 50 chiệu chữa gấp m ơii SOS!!,9
"anh gì đó ơj đơn chà neo hảj quan bắt mnl rùj m ơjjj, ck 5 cu đóng thuế rước vjà xu cà na",8
"hội sinh viên tình nguyện kêu gọi lũ lut toàn quốc, m cứ bank phí ủng hộ vô tk momo m đi t đi phát kiểu dị",6
ủa ml cày vjew tóp tóp 1 ngày lụm 5 củ cho phẻ mắc mớ đj làm chj tâm ljnh,12
"cay đỏ zé lun b.h.x.h hết hạn r, m c.k t 5 trăm lo lót dùm t trc đi m xu cà na",5
ê m ơi đang cúp điện khum wifi t gọi deepfake đụng xe m ck t 1 tr đóng tiền đền lẹ bất ổn,9
"tưởng ô can oai lắm nay xộ khám r nha, ck tiền vô đây t gỡ tội cho, ác ỏ",0
thằng a t bị chém toe toét mặt máu me wé c.k t 5 cu vào viện gấp pa bố khỉ,9
gjao ktx nha 1 củ thu hộ 200k aj chà quên lụm nha fen đù má,11
"chúc mừng thím lụm cái tivi sô ni to chà bá, nhấp dô phí vận chuyển 5 chục thui nhà đèn trả ship",18
app v.c.b digibank fake này nhận ngay 5 chục m ơi ngon ơ dcmm,4
"bạn t bảo thẻ tín dụng t bị quẹt bay mẹ 5 chọi, ô tê bê gửi r đó điền dô đi pa bất ổn",4
"NHNN ép t ljên kết momo để lụm gój hộ trợ covjd kìa vcl, đọc t mã xác thực càj cmen",4
"clm tự nhiên đơn chà neo hải quan bắt mnl rồi m ơiii, ck 5 cu đóng thuế rước vià xu cà na",8
"ê m ơi tiền bảo hiẻm thât nghiep có r nè, lụm t cọc 2 củ tiền thuế phí hồ sơ là giải ngân lẹ",5
giao ktx nha 1 củ thu hộ 200k ai chà quên bế đi nha fen vãi chưởng,11
"Lương tháng này công ty vừa chuyển khoản banking qua mb bank rồi đó, ba check xem ting ting chưa",22
"việc nhẹ lương cao cày like youtube thôi k cọc k l.ừa d.ả.o, nộp nhiệm vụ cho n.v.tổng báo thủ",12
cam đt hư gọi vid mờ ảo tao mượn gấp 5 củ trả tìn nợ giang hồ r t ra đi luôn hảo,9
app ch0k cho tao nvu like fb thu loi nhuan gâp 5 up lên tao 2 xị t test,12
"đ.ị.t cái c.4.n g.t gọi t kêu t lách luật phạt nguội, c.k ngân hàng 2 củ nó bỏ qua, kiểu dị",0
"ê m ơj vjet c0mbank nó báo thẻ bị trừ 20 củ 1 dọc, m xem lấy otp huỷ d.c.m.m tớj công chuyện",4
"bưu phẩm mỹ kẹt sân bay bị soi ra hột xoàn chui, tải app chục củ đền bù khum bắt đi tù rớt nước mắt",8
"can phường ép cài v n e i d lỗi tùm lum, gọi video share màn cho tao chỉnh, clm",1
"bưu đện gọi kêu quà tây bị kẹt gì đó, t kêu m nộp dùm tau 1 củ ship sao khum nạp m khum",8
nhan dc li xi zl nạp vip 5 xị rut ra duoc 5 chẹo mn lam theo em ik hihi chằm zn,18
"nhóm thjện nguyện khẩn báo: bé mèo nhà e bị xe tông k có tjền mổ, 500ae donate momo cho bé đj rớt nước mắt",6
"vjệc nhẹ lương cao cày ljke youtube thôj k cọc k l.ừa d.ả.o, nộp nhjệm vụ cho n.v.tổng gô gô",12
"tưởng sao b.h.x.h hết hạn r, m c.k t 5 trăm lo lót dùm t trc đi m gô gô",5
Ông can xã bữa nay xuống tận nhà thu thập thông tin làm cccd gắn chip đó trưởng thôn,22
"nhóm thiện nguyện khẩn báo: bé mèo nhà e bị xe tông k có tiền mổ, 500ae donate momo cho bé đi tới công chuyện",6
"tầm này ai tải app vn e.id đó nữa, down cái file apk này ấp đết xịn đét 100% dcmm",1
ủa ml shjpper fake gọj đòj phí 20k bố up lên momo hoá ra scam cay ảo thật đấy,11
"chúc mừng thím lụm cái tivi sô ni to chà bá, lụm phí vận chuyển 5 chục thui nhà đèn trả ship",18
"ê t ngân hàng nè m ơi thẻ m bị rửa tiền r, c.k vô tài khoản này xác minh ảo thật đấy",4
t gjao tjktok xốp đây chế vắng nhà t quăng qa rào nha chế xộ khám momo t,11
nhắn sms brandname trúng sh mà bắt đóng v.a.t 5cu clm dcmm,18
đ.ị.t cái cày view tóp tóp 1 ngày lụm 5 củ cho phẻ mắc mớ đi làm chi trời độ,12
"bưu đện gọi kêu quà tây bị kẹt gì đó, t kêu m nộp dùm tau 1 củ ship sao khum nạp m vãi chưởng",8
tải cày pi ảo tưởng lm tỷ phu r nè kkk chuyển nha t ít làm vốn sàn forex đi m trầm cảm,12
"chùa đang kêu gọi chúng sanh quyên tiền xây tượng phật, click l.j.n.k mạnh momo cá nhân thầy đi đc phước bất ổn",6
alo tui nè cày view tóp tóp 1 ngày lụm 5 củ cho phẻ mắc mớ đi làm chi gô gô,12
"trờj đựu t dính bjên laj phạt 5 củ đó m, ck cho tk bạc nhà nc lẹ đj m ơj bất ổn",0
"ê m ơi viet c0mbank nó báo thẻ bị trừ 20 củ 1 dọc, m xem lấy otp huỷ d.c.m.m báo thủ",4
"tầm này ai tải app vn e.id đó nữa, down cái file apk này ấp đết xịn đét 100% rớt nước mắt",1
số sổ bhxh của m sắp nát r nạp bão hiểm lẹ ik khum t huỷ mẹ luôn đù má,5
má uj cày vjew tóp tóp 1 ngày lụm 5 củ cho phẻ mắc mớ đj làm chj vl,12
"chời ơi thương xót bé ung thư máu giai đoạn cuối c.k mạnh vô stk 12344 trại nhi này lẹ lên m, rớt nước mắt",6
"ba m bị đột quỵ té xe chở thẳng viện rồi, bác sĩ kêu đóng tiền ứng 20 trịu lẹ đi, chằm zn",9
app ch0k cho tao nvu like fb thu loi nhuan gâp 5 boom tao 2 xị t test,12
số sổ bhxh của m sắp nát r nạp bão hiểm lẹ ik khum t huỷ mẹ luôn clm,5
"tưởng sao c.4.n g.t gọi t kêu t lách luật phạt nguội, c.k ngân hàng 2 củ nó bỏ qua, ảo ma canada",0
"tk m b bank của t bay màu gòj, báo xác mjnh nhận djện rửa tjền gì nè, m bay màu t cáj mã cứu vớt coj",4
"clm tự nhiên mới bị c0ng 4n gt bắt p.h.a.t ng.u.o.i 5 triệu m ơi, cài cmen t đóng lẹ khum nó giam xe, phông bạt",0
"NHNN ép t liên kết momo để lụm gói hộ trợ covid kìa rớt nước mắt, đọc t mã xác thực nhấp dô",4
"bé ơj bị can hs báo tao dính đường dây rửa tìn, đòj đóng 50 củ bảo lãnh, zậy ba thjệc",0
app v.c.b digibank fake này nhận ngay 5 chục m ơi ngon ơ vcl,4
"HQ gọi t bảo buôn ma tuy m ơi cứu ác ỏ, nó đòi click l.j.n.k 10 chim bảo lãnh j kìa",8
"bưu phẩm mỹ kẹt sân bay bị soi ra hột xoàn chui, share chục củ đền bù khum bắt đi tù gô gô",8
thằng a t bị chém toe toét mặt máu me wé c.k t 5 cu vào vjện gấp pa đù má,9
"NHNN ép t liên kết momo để lụm gói hộ trợ covid kìa bố khỉ, đọc t mã xác thực đóng mạng nhện",4
"acc bidv bay màu gòi, đọc otp cho m xem m cứu dc hong, khum",4
"nhóm thiện nguyện khẩn báo: bé mèo nhà e bị xe tông k có tiền mổ, 500ae donate momo cho bé đi clm",6
hải quan san bay bảo quà sinh nhất của bé bị giữ r m c.k nộp phạt dùm t iu m tâm linh,8
ê m ơi cày view tóp tóp 1 ngày lụm 5 củ cho phẻ mắc mớ đi làm chi bất ổn,12
"chời ơi b.h.x.h hết hạn r, m c.k t 5 trăm lo lót dùm t trc đi m trầm cảm",5
"Cô là cô giáo bé bo nhe, bo ngã cổ mẹ c.k viện phái gấp cứu bo nhanh khum bo chết dcmm",9
"pác ơi gọi thay mặt quỹ lũ lụt miền trung, ae đóng mạng nhện vô stk cá nhân t để cứu đói kịp thời nha chết trôi",6
huhu mn ơi shipper fake gọi đòi phí 20k bố share momo hoá ra scam cay khum,11
"má uj b.h.x.h hết hạn r, m c.k t 5 trăm lo lót dùm t trc đj m ét ô ét",5
"tưởng ô can oai lắm nay xộ khám r nha, bế đi tiền vô đây t gỡ tội cho, tới công chuyện",0
"alo tuj nè t càj cáj app vne1d nó bắt share màn hình, h lag ét ô ét lun á",1
"tk m b bank của t bay màu gòj, báo xác mjnh nhận djện rửa tjền gì nè, m ck t cáj mã cứu vớt coj",4
tưởng sao ủa trúng air bờ rô mắc shopee gòi nè ck t 2 củ thuế t lụm về xài giùm cho kkk mãi keo,18
"m trade coin sàn phông bạt này ez 100%, nạp margin 1 tỷ usd cho tới nóc cảm giác lúc ấy sẽ ra sao",12
tảj cày pj ảo tưởng lm tỷ phu r nè kkk múc t ít làm vốn sàn forex đj m rớt nước mắt,12
"bé ơi viet c0mbank nó báo thẻ bị trừ 20 củ 1 dọc, m xem lấy otp huỷ d.c.m.m tâm linh",4
"tiền tử tuất của vợ m đc duyệt r đó ngưng khóc nha hảo, c.k tiền hồ sơ trước ik t duyệt",5
"NHNN ép t liên kết momo để lụm gói hộ trợ covid kìa vãi chưởng, đọc t mã xác thực up lên",4
"Đợt này ra sân bay không cần mang cccd cứng đâu, chồng cứ mở app vneid trên điện thoại lên đưa họ quét là được",22
"HQ gọi t bảo buôn ma tuy m ơi cứu khum, nó đòi bomp 10 chim bảo lãnh j kìa",8
"tjền tử tuất của vợ m đc duyệt r đó ngưng khóc nha vãj chưởng, chuyển nha tjền hồ sơ trước jk t duyệt",5
má ui đang cúp điện khum wifi t gọi deepfake đụng xe m ck t 1 tr đóng tiền đền lẹ cảm giác lúc ấy sẽ ra sao,9
"NHNN ép t liên kết momo để lụm gói hộ trợ covid kìa ét ô ét, đọc t mã xác thực xỉa tìn",4
ủa sao dvc.gov.vn.apk bắt xộ khám cấp quyền tùm lum z ba tâm linh,1
"c0ng an phường ép t cắt hk, đòi t boom 5 xị lo lót tới công chuyện m",0
